# form<TAB>count — Narkamaŭka word-form frequency, most frequent first.
# Built by scripts/build_frequency_list.py from bewiki-pages-articles.xml.bz2:
# 266050 main-namespace articles, 1321264 distinct forms over
# 44119525 tokens; top 20000 kept, covering 77.0% of tokens.
# Wikitext is stripped crudely, so the tail contains markup residue; the head,
# which is what the coverage figure and the mining rank depend on, does not.
# Text is CC BY-SA 4.0 (be.wikipedia.org).
на	748456
катэгорыя	608813
года	395308
да	303893
годзе	277930
па	234815
ад	194830
за	175878
быў	163600
не	153468
што	151068
для	140557
таксама	139142
беларусі	134555
яго	129318
як	126475
спасылкі	114711
вобласці	113509
пасля	110843
раёна	103040
які	94814
якія	93449
склад	88994
ён	88543
была	88168
вёска	85312
км	84753
раёне	83020
крыніцы	78779
год	78631
былі	77782
літаратура	73702
насельніцтва	72501
пры	71106
іх	69563
беларускай	68536
пад	67703
але	65555
файл	64262
пункты	64055
беларусь	63616
населеныя	63276
савета	59930
было	59225
аб	58052
каля	57916
якая	57678
яе	56116
сельсавета	55068
гісторыя	54924
пра	53028
час	52340
або	52167
гэта	51939
паводле	51650
вайны	51587
гадоў	51404
рэспублікі	50952
уваходзіць	50142
больш	46748
дзе	46587
сср	46297
імя	46157
беларускі	45254
толькі	45077
гадах	44510
чалавек	44060
калі	43216
тым	43180
складзе	43168
ссср	42447
са	42245
бсср	42096
зша	41022
ва	40254
яна	40160
з’яўляецца	40076
стагоддзя	38111
аднак	37902
стаў	37865
вуліца	37685
гады	37346
расіі	36773
ст	36465
гл	36432
горад	36258
праз	35482
паміж	34636
гэты	34531
біяграфія	34273
падчас	34250
студзеня	34065
ліпеня	33942
цэнтр	33859
сельсавет	33683
горада	33674
нар	33308
тэрыторыі	33028
яны	33003
украіны	32371
ці	32154
раён	31639
мінск	30533
месца	30366
мая	30082
сакавіка	29885
пачатку	29873
таго	29864
снежня	29779
гг	29481
навук	29294
адзін	29071
разам	29028
знаходзіцца	28686
кастрычніка	28486
жніўня	28281
чэрвеня	28143
сярод	27611
так	27603
верасня	27305
іншых	27111
гэтага	26583
жыхароў	26540
якіх	26521
атрымаў	26214
спіс	26021
іншыя	25904
працы	25813
мае	25577
лютага	25430
-х	25322
міні	25175
стала	25133
яшчэ	24925
ігракі	24770
красавіка	24465
пазней	24194
вялікай	24135
гісторыі	24126
супраць	23974
--	23767
інш	23742
гэтым	23623
якой	23590
лістапада	23565
каб	23517
культуры	23453
вярхоўнага	23357
ліку	23343
мовы	23011
працаваў	22871
складае	22809
-я	22753
над	22731
мн	22728
вобласць	22716
павета	22212
першы	22201
выніку	22183
некалькі	22159
частка	22003
ім	21765
назва	21641
той	21434
польшчы	21380
аб’ектаў	20955
вёскі	20902
размешчаны	20750
першай	20749
імперыі	20744
свету	20570
фк	20460
-га	20453
-й	19922
беларускага	19782
беларуская	19718
жа	19485
расійскай	19467
новы	19450
скончыў	19325
колькасць	19270
два	19256
базе	18989
дзеяч	18919
плошча	18916
ракі	18914
акадэміі	18804
можа	18629
царква	18629
якога	18542
дзяржаўны	18445
сусветнай	18442
краіны	18232
адным	18173
другой	18128
чал	18109
арміі	18108
права	18099
розных	17822
дэпутатаў	17797
саюза	17727
смерці	17719
міністраў	17661
айчыннай	17566
германіі	17462
вядомыя	17439
перыяд	17426
мінскай	17372
сваёй	17358
віцебскай	17294
якім	17109
рашэнне	16946
тыпу	16888
гэтай	16882
сваю	16845
прэзідыума	16820
вялікага	16817
таму	16800
мастацтва	16704
аляксандр	16692
якасці	16652
часу	16615
горадзе	16524
збор	16406
мінску	16396
ўніверсітэта	16300
нарадзіўся	16295
аб’екты	16279
маюць	16171
напрыклад	16171
канцы	16082
найбольш	16052
возера	16051
францыі	16039
абласнога	15939
якое	15794
сувязі	15775
мове	15739
вельмі	15716
без	15652
тут	15516
минск	15434
дзейнасць	15426
ткп	15406
от	15394
акрамя	15393
цяпер	15384
тыс	15363
дзень	15298
частцы	15263
прэміі	15261
інстытут	15246
з-за	15228
партыі	15153
быць	15152
чынам	15137
свайго	15088
тры	15015
совета	14956
затым	14921
род	14885
новага	14868
галактыка	14770
арганізацыі	14743
працягу	14708
яму	14431
законаў	14424
аб’ект	14412
жыцця	14315
сям’і	14298
чым	14214
сайт	14115
зямлі	14052
часам	14035
акругі	13990
сябе	13858
таварыства	13846
вуліцы	13838
лік	13722
першым	13631
рэдакцыі	13625
дзяржавы	13593
член	13540
дом	13461
некаторыя	13429
італіі	13402
назву	13368
асобы	13316
адміністрацыйны	13315
ёсць	13163
выява	13109
еўропы	13100
маці	13050
пастаноў	12997
новым	12971
указаў	12945
гарады	12938
адной	12921
княства	12916
сын	12904
можна	12865
будынак	12857
апісанне	12796
вядомы	12746
ўсход	12703
сузор’і	12696
аўтар	12688
дзяржаўнага	12655
нацыянальнага	12620
сваіх	12616
вялікі	12614
боку	12600
сямейства	12535
амаль	12489
злева	12485
царквы	12474
інстытута	12474
з’яўляюцца	12473
каталога	12463
арыгінальнай	12454
нацыянальнай	12440
пачаў	12424
лініі	12356
перад	12317
правінцыі	12301
факультэт	12293
стагоддзі	12288
двароў	12286
памёр	12260
школа	12244
звычайна	12231
месцы	12231
захад	12210
ўніверсітэт	12205
групы	12192
часта	12149
музей	12128
ваяводства	12104
сістэмы	12079
узнагароды	12006
перапісу	11978
двух	11974
жыхары	11956
пасёлак	11901
области	11869
энцыклапедыя	11812
літаратуры	11787
усе	11785
лічыцца	11777
часткі	11753
гонар	11751
паселішча	11734
школы	11720
клуб	11699
згодна	11682
паўночнай	11668
губерні	11595
меў	11561
такім	11557
мора	11531
мова	11508
станцыі	11472
уладзімір	11471
населеных	11468
размешчана	11429
нават	11409
гэтыя	11406
канца	11368
сталі	11356
см	11347
чалавека	11332
роду	11303
з’явіліся	11295
творы	11283
падзеі	11281
даўжыня	11205
сваім	11202
сайце	11143
ўсіх	11133
прафесар	11112
ступені	11100
працоўных	11086
атрымала	11078
тое	11071
будаўніцтва	11061
агульным	11046
заходняй	11002
руху	11002
члены	10996
сельсаветы	10925
від	10921
дадзеных	10907
нарадзіліся	10879
тэрыторыя	10864
ёй	10818
пераважна	10790
бо	10788
гміны	10787
галіне	10776
могуць	10763
свае	10754
ўваходзіла	10747
адукацыі	10734
шмат	10724
помнік	10677
фільмы	10673
аднаго	10672
об	10672
святога	10666
зноў	10664
гродзенскай	10646
ўжо	10639
польскай	10632
свой	10604
смаленскай	10598
галоўны	10548
жыццё	10521
завулак	10512
чэмпіянату	10507
выканкома	10470
каталог	10468
раней	10466
сабой	10449
ўсё	10439
беларускіх	10409
мастак	10392
займае	10373
распараджэнняў	10344
афіцыйны	10292
-ы	10270
чаго	10270
створаны	10207
прозвішча	10196
адна	10192
магілёўскай	10175
там	10167
прэзідэнта	10148
кнігі	10125
камітэта	10119
агульны	10117
літоўскага	10112
караля	10077
асабліва	10061
першыя	10053
першая	10040
гарадскога	10019
мінска	10006
пасаду	9992
народнай	9991
дзве	9973
вялікабрытаніі	9949
другі	9939
фільм	9924
мінскага	9905
відаў	9897
потым	9844
пунктаў	9825
ўсе	9814
вёсцы	9778
поўначы	9771
дэ	9757
паўночны	9751
мікалай	9721
складаецца	9709
касцёл	9673
людзей	9672
галоўным	9665
дзяржаўнай	9635
вялікая	9626
агульнага	9624
заснаваны	9616
абароны	9604
тысяч	9601
гомельскай	9564
некаторых	9562
рака	9559
войскі	9505
прызначаны	9487
мм	9486
гэтых	9485
геаграфія	9477
менш	9455
асноўным	9425
дзяцей	9423
кароль	9367
хоць	9337
зборнай	9316
захадзе	9315
пералічаных	9308
раслін	9291
каталогу	9274
-е	9253
кампаніі	9246
арыгінальным	9242
цалкам	9239
дзейнасці	9219
код	9216
кіравання	9208
трох	9147
дзякуючы	9143
частку	9127
якую	9120
ролю	9092
нараджэння	9089
савецкі	9071
паўднёвы	9039
ужо	9032
міністэрства	9031
вайна	9016
большасць	9011
цэнтры	9007
алімпійскіх	8995
удзел	8945
адкрытыя	8927
часткай	8926
млн	8916
іншымі	8823
каманды	8817
мастацтваў	8815
ордэна	8815
войскаў	8799
цэнтральнай	8763
справочник	8749
слова	8747
свеце	8720
шчыльнасць	8719
нацыянальны	8687
асноўныя	8667
рускай	8645
по	8615
ўдзел	8614
кафедры	8604
астранамічныя	8601
аснове	8598
гульні	8595
склікання	8592
група	8549
сустракаецца	8519
рэчы	8497
депутатов	8483
энциклопедия	8483
доктар	8460
савецкага	8445
песні	8433
то	8431
шэраг	8422
паўднёвай	8415
сіл	8403
першага	8396
нягледзячы	8389
тэатра	8370
літвы	8352
іван	8344
сельскай	8341
сілы	8338
краін	8332
развіцця	8326
решение	8302
пабудаваны	8294
зноскі	8275
неўзабаве	8269
пачатак	8258
колькасці	8227
жанчын	8223
будзе	8213
упершыню	8168
мела	8165
сельскага	8139
прэзідэнт	8097
цела	8085
творчасць	8083
аляксандра	8064
амерыканскі	8056
сузор’е	8040
воласці	7995
памерлі	7990
універсітэце	7983
сяло	7975
прыкладна	7974
адзінка	7959
сяргей	7954
працу	7952
месье	7933
поўдзень	7929
савецкай	7924
тады	7896
нямецкай	7891
ліпені	7884
цэнтра	7878
выглядзе	7856
многія	7850
архітэктуры	7839
выкарыстоўваецца	7835
верасні	7827
паспалітай	7818
рэгіёне	7810
войскамі	7806
прадстаўнікоў	7803
спачатку	7803
раз	7796
войска	7783
еўропе	7776
цэнтрам	7775
спраў	7769
вытворчасці	7768
пісьменнік	7760
брэсцкай	7745
справа	7735
культура	7734
даных	7709
ордэн	7704
назвай	7683
размяшчаецца	7683
плошчу	7626
станцыя	7618
розныя	7609
бацька	7608
адначасова	7607
сакавіку	7605
плошчы	7585
метраў	7574
такіх	7572
вільні	7557
такія	7537
інфармацыя	7533
наук	7516
некалькіх	7514
званне	7506
гаспадаркі	7482
новай	7473
памяць	7468
пункт	7465
тэрмін	7460
мелі	7442
святы	7440
вядома	7435
востраў	7427
сям’я	7419
вярнуўся	7398
старшыня	7395
камуны	7395
сістэма	7347
мову	7333
агульная	7325
кіраўнік	7302
статус	7300
сам	7292
назвы	7284
віды	7277
сцяг	7243
пачалі	7225
першапачаткова	7221
вучыўся	7209
мяжы	7198
республики	7196
азіі	7190
ред	7178
беразе	7171
студзені	7160
праект	7143
формы	7138
старшыні	7126
вайну	7124
поўдні	7124
менавіта	7122
паверхні	7107
чатыры	7089
стварэння	7083
значэнне	7083
замежных	7076
рэкі	7069
князя	7067
дапамогай	7040
прэмія	7037
вады	7034
вайне	7028
самых	6998
ян	6985
клуба	6978
хто	6971
швецыі	6950
выступаў	6939
бітвы	6935
інстытуце	6934
іспаніі	6932
чырвонай	6931
паэт	6912
складала	6908
адкрыты	6902
японіі	6901
кіраўніцтвам	6887
эстоніі	6880
твораў	6877
знаходзіўся	6876
варыянт	6871
пакінуў	6862
ўлады	6851
міхаіл	6827
значна	6806
адбылася	6791
удзельнікі	6782
герой	6780
сезон	6776
самым	6770
жніўні	6754
гульняў	6753
знаходзяцца	6750
віцебскага	6736
расія	6735
расійскі	6718
вучылішча	6714
расліны	6714
храм	6711
областного	6709
поўнач	6707
развіццё	6704
двары	6702
базы	6693
прыватнасці	6688
дата	6671
афіцыйная	6650
улады	6645
газеты	6639
рух	6638
дэпутаты	6634
дзён	6633
андрэй	6629
жонка	6626
музея	6613
другога	6605
-м	6597
астравы	6580
віленскага	6570
бок	6566
рсфср	6564
камуна	6562
пісьменнікі	6557
алфавіта	6550
вкл	6539
белорусской	6539
створана	6536
ваеннай	6529
школе	6520
працавала	6514
архітэктар	6493
жыў	6493
абазначэнні	6493
палове	6481
ан	6465
ваенны	6463
мэтай	6459
адбыўся	6452
медаль	6447
саюз	6428
паўночным	6407
вялікім	6405
кніга	6403
першых	6399
армія	6392
стылі	6381
выйшаў	6378
атрымалі	6377
паколькі	6373
членам	6370
іванавіч	6368
ля	6365
новыя	6361
беларускія	6351
снежні	6351
ні	6345
межах	6342
дня	6337
момант	6334
палац	6314
беларуси	6291
адбылося	6288
маскве	6286
футболе	6283
матчы	6282
бацькі	6273
пкс	6264
старонка	6258
вакол	6253
гэтая	6252
вялікую	6252
шырыня	6247
чале	6233
гродна	6231
архітэктары	6226
усіх	6223
цк	6218
магчыма	6202
галоўнага	6197
станам	6192
школу	6183
федэрацыі	6176
народных	6175
партыя	6170
кастрычніку	6167
газета	6153
чэмпіянат	6147
вул	6143
навуковых	6136
першую	6126
навукі	6124
музеі	6124
князь	6122
службы	6118
вялікія	6110
футбаліст	6099
абраны	6093
сходу	6091
пахаваны	6085
пункта	6083
спорту	6075
могілках	6054
фон	6049
загінулі	6025
новая	6021
стагоддзе	6017
сучаснай	6014
замак	6013
выпадку	5992
гарадоў	5983
альбо	5983
англіі	5975
беларускім	5968
стане	5954
знаходзілася	5947
паўстання	5936
бібліятэка	5930
история	5930
гомель	5928
заслужаны	5927
адміністрацыйна-тэрытарыяльная	5927
моў	5925
аперацыі	5919
гульнях	5915
удзельнік	5908
прыняў	5894
президиума	5892
лютым	5888
св	5876
ваенных	5875
рэвалюцыі	5870
аховы	5868
сезоне	5866
тэорыі	5862
славутасці	5861
новых	5839
другім	5835
усяго	5831
імі	5830
былая	5827
устройства	5816
былыя	5816
намеснік	5812
паўднёвым	5806
краіне	5801
правы	5799
сваё	5798
вышэйшай	5792
административно-территориального	5786
чэмпіён	5782
каралеўства	5778
існуе	5772
раман	5771
кубка	5768
апошні	5758
чэрвені	5748
часы	5747
альбом	5745
знак	5744
масква	5737
утвораны	5736
сярэдняй	5733
мужчын	5732
комплекс	5720
часоў	5716
гродзенскага	5706
многіх	5704
стст	5689
завод	5682
сына	5672
французскі	5664
тых	5663
даследаванняў	5663
выйшла	5662
выданне	5659
латвіі	5649
перайшоў	5648
храмы	5647
адпаведнасці	5643
аддзела	5631
павел	5624
кампанія	5599
указ	5586
вершы	5583
палітыкі	5578
сядзіба	5577
чалавекі	5574
паходжання	5566
кар’ера	5566
павеце	5565
герб	5557
прамысловасці	5546
сярэдняя	5536
грамадзянскай	5516
шэрагу	5500
жанчыны	5499
савет	5497
пам	5492
лаўрэаты	5492
побач	5488
польскага	5480
сярэдзіне	5477
пачала	5467
дзяржаўная	5455
англійскай	5454
хутка	5451
працуе	5449
амерыкі	5444
лаўрэат	5432
арганізацыя	5430
рацэ	5424
народа	5413
гісторык	5407
становішча	5404
прадстаўнікі	5402
прыток	5400
стварэнне	5399
галерэя	5395
збудаванні	5395
людзі	5384
адносіны	5380
бяспекі	5358
праца	5354
мастакі	5346
серыі	5343
марыя	5342
камісіі	5342
даследаванні	5341
пражывалі	5339
района	5337
афіцыйна	5319
ўстановы	5315
былы	5314
сезона	5297
аддзялення	5294
акцёр	5292
другая	5284
перыяду	5281
выпускнікі	5251
мясцовых	5248
леніна	5241
будынкі	5226
архітэктура	5220
акруга	5218
нямецкі	5215
кіраўніцтва	5202
выкарыстанне	5199
магчымасць	5199
пётр	5196
добра	5193
дзяржаўным	5185
польскі	5184
мы	5175
трэнеры	5175
рэспубліка	5164
служыў	5154
устройство	5150
ўрада	5148
ўрад	5141
няма	5140
административно-территориальное	5136
усходзе	5133
замест	5132
тэатр	5131
індэкс	5131
наступныя	5129
бду	5103
раёнаў	5101
дні	5099
інфармацыі	5099
жывёл	5081
кіно	5080
рады	5079
міжнароднага	5079
скасаваны	5078
навуковая	5078
кантракт	5076
музыкі	5070
кожны	5055
вострава	5054
усё	5052
незалежнасці	5039
удзельнічаў	5039
адразу	5039
агульнай	5037
напісаў	5033
ўсходзе	5029
краінах	5021
цяперашні	5018
з’яўляўся	5018
імператара	4997
ўпершыню	4995
раёны	4995
змены	4994
падпарадкоўваецца	4993
кп	4991
навучання	4984
дачка	4974
вёску	4969
далей	4968
фронту	4966
прац	4961
свет	4960
павет	4955
заснавана	4954
вызваленне	4952
дома	4950
ролі	4948
універсітэт	4943
віктар	4943
адносна	4943
беларускую	4938
апошнія	4935
французскай	4933
універсітэта	4928
чыгункі	4927
правёў	4926
народная	4909
навуковыя	4907
палітычны	4906
марыі	4905
народаў	4896
дывізіі	4882
вызвалена	4880
изд	4871
лігі	4870
изменении	4865
красавіку	4864
займаў	4859
паштовы	4858
тытул	4856
кніг	4854
маі	4852
факультэта	4847
заканчэння	4842
каледж	4840
зборнік	4838
парк	4832
населенага	4828
заснаваныя	4826
вышынёй	4823
лістападзе	4823
палка	4820
закон	4816
трэнер	4814
здароўя	4812
праходзіць	4805
бс	4794
падзей	4791
перамогі	4782
васіль	4778
цэнтру	4769
актыўна	4764
вуліц	4762
ўсёй	4759
астравоў	4755
шырока	4755
корпус	4750
кн	4749
басейн	4743
казахстана	4741
праграмы	4739
самы	4739
будынка	4729
дзяржаў	4729
названы	4723
народны	4719
дынастыі	4714
при	4711
даведнік	4711
міністр	4710
двор	4710
летніх	4707
прычыны	4704
пяць	4700
др	4695
мноства	4695
артыкул	4692
шматлікія	4691
пасады	4689
дасягненні	4679
азёры	4675
паходжанне	4672
колеру	4665
значыць	4663
дзеянні	4656
эканомікі	4654
институт	4649
паўночнага	4646
ваенныя	4644
творчасці	4643
гкнп	4642
ступень	4637
нарадзілася	4637
матэрыялы	4629
акупацыяй	4629
лісце	4623
разоў	4620
займаўся	4616
аддзел	4614
чэмпіянаце	4613
сабе	4612
магілёўскага	4606
землі	4600
гісторыю	4594
уладальнік	4594
асоб	4593
носьбіты	4590
грамадства	4589
аляксей	4575
канец	4573
нан	4569
пабудавана	4569
абшчыны	4567
атрад	4564
ўстанова	4564
украіне	4563
пачынаецца	4560
беларусаў	4559
версіі	4554
дзеянняў	4548
радыё	4544
аб’ектах	4544
карта	4543
заступнікам	4543
тэлефонны	4542
фільма	4538
індэкснага	4530
працэс	4523
часткова	4523
вытворчасць	4521
чатырох	4520
павінны	4519
правераная	4519
згадваецца	4518
узнагароджаны	4511
чаргу	4506
гістарычных	4497
шляхам	4494
камітэт	4490
брат	4490
суд	4484
выбарах	4480
прызёр	4479
аддзяленне	4478
павінна	4475
работы	4474
першае	4472
моцна	4472
большая	4470
думку	4466
членаў	4465
штата	4464
шлях	4462
академии	4462
пісаў	4459
тыя	4454
стагоддзяў	4451
вышыня	4439
часцей	4436
ўплыў	4434
касцёла	4426
юрый	4425
ўсяго	4425
ўвайшла	4424
палітычных	4422
усходняй	4421
яно	4420
заявіў	4420
вучоны	4415
расійская	4413
рэжысёр	4412
карл	4410
аан	4407
скончыла	4403
адбываецца	4401
вынікі	4400
пачалася	4396
плане	4396
адміністрацыйнаму	4389
народнага	4385
сталіцы	4382
верховного	4381
рэд	4378
сонца	4378
дырэктар	4376
паступіў	4375
загадчык	4375
аўстраліі	4371
ліст	4369
службу	4369
гарадской	4366
структура	4363
адрозненне	4362
савецкіх	4358
спадчыны	4352
га	4350
зрабіў	4350
беларусы	4348
гурта	4346
помнікі	4338
звесткі	4327
востраве	4325
педагог	4325
мікалая	4325
чэмпіёны	4320
паходзіць	4316
ганна	4314
імператар	4313
вышыні	4312
трэці	4309
мікалаевіч	4301
павінен	4301
баку	4299
перададзены	4299
маглі	4298
кіраваў	4298
суда	4284
кіраўніком	4284
полк	4276
гомельскага	4274
прымаў	4268
практычна	4260
кітая	4256
дзмітрый	4248
будынку	4241
стварыў	4237
асноўнай	4233
мастакоў	4232
мінская	4230
тэрыторыю	4225
пераможца	4219
песня	4219
навуковай	4216
сёння	4216
сакратар	4202
ўсім	4202
даволі	4198
вялікіх	4196
часопіса	4189
паэты	4188
імперыя	4181
вялікае	4181
праблемы	4181
індыі	4180
праекта	4177
з’явілася	4172
рамках	4172
брэсцкага	4171
мог	4168
генерал	4161
трэцяй	4161
далучана	4160
маёнтак	4159
палітык	4155
палаты	4153
іншага	4151
падпісаў	4151
наш	4147
выбары	4143
кошт	4138
вышэйшая	4136
карла	4131
існавала	4124
пазіцыі	4124
міжнародных	4122
пакуль	4121
складу	4121
штат	4119
чырвонага	4114
флора	4109
германія	4107
намеснікам	4101
знаходзіліся	4099
мастака	4098
маскоўскага	4097
жыве	4097
уладзіміра	4095
пісьменнікаў	4095
дзяржава	4086
храма	4082
фізікі	4080
уключаючы	4072
фактычна	4072
залаты	4071
кандыдат	4070
значэння	4069
матэрыялаў	4064
кпсс	4054
партрэт	4054
працаваць	4051
под	4046
грамадскі	4040
сабор	4037
экз	4032
напрамку	4030
міністра	4027
асноўных	4019
турніру	4013
жыцці	4009
памяці	4008
фінляндыі	4005
літоўскай	4001
парадку	4000
грэцыі	3997
мост	3996
истории	3994
найбольшая	3991
віцебск	3990
сярэдзіны	3990
адміністрацыі	3986
галоўнай	3980
утвораныя	3980
міжнароднай	3978
рымскай	3970
шматлікіх	3970
чыгуначнай	3959
праваслаўнай	3956
доме	3955
стан	3954
меры	3954
парыжы	3946
абвясціў	3945
сучаснага	3944
украіна	3943
заняў	3943
спіральная	3941
большасці	3939
дынама	3939
аб’яднання	3938
жывёлы	3938
рэспубліцы	3937
тэатры	3936
гурт	3934
футбалісты	3932
артыкулы	3931
савецкая	3930
францыя	3927
прадпрыемства	3924
рускі	3922
трэба	3918
раёнах	3918
пятра	3916
з’езда	3914
нацыянальным	3913
купалы	3912
належыць	3910
адзіны	3909
выкарыстоўваюцца	3905
россии	3903
форме	3899
адкрыта	3897
нацыянальная	3891
пастановай	3891
аляксандравіч	3889
из	3888
сучасных	3885
дзеці	3884
правіла	3884
барацьбы	3877
войны	3872
карціны	3871
наступным	3869
верагодна	3867
кіраванне	3859
становіцца	3859
характар	3857
справы	3853
постаці	3851
беларускае	3850
арганізацый	3847
студэнтаў	3847
эканоміка	3845
мястэчка	3842
сцяга	3841
брыгады	3840
мясцовага	3835
традыцыі	3834
называюць	3834
класа	3833
ордэнам	3829
імем	3828
мовах	3827
падзелу	3826
прадстаўлены	3824
дзяржаўных	3823
пачалося	3822
часопіс	3821
даўжынёй	3820
адпаведна	3818
аграгарадок	3818
каманда	3813
зоркі	3812
ходзе	3810
сацыялістычнай	3806
магілёў	3805
белэн	3805
старшынёй	3800
месцаў	3800
бітве	3797
баявых	3796
жонкі	3795
мовай	3794
расліна	3785
бібліяграфія	3784
звязана	3781
лізе	3780
граматай	3774
адукацыю	3771
яўрэяў	3769
эпохі	3768
навука	3766
польшча	3765
пераклад	3763
героя	3759
начальнік	3756
вядомая	3755
джон	3751
мінскі	3748
незалежнасць	3747
узброеных	3746
прынята	3742
пасёлка	3737
выканаўчага	3731
гары	3722
станіслаў	3721
сістэм	3721
функцыі	3716
віленскай	3713
министров	3706
варшаве	3703
арыштаваны	3702
ніжэй	3701
гэтую	3700
замка	3698
пытанні	3698
міжнародны	3694
філасофіі	3694
гістарычны	3692
корпуса	3689
каралём	3686
адно	3686
рускія	3684
будынкаў	3683
анатоль	3682
философии	3681
актрыса	3678
палітычнай	3677
асобныя	3675
загінуў	3674
статыстыка	3674
штаба	3673
заўсёды	3670
слоў	3668
адну	3667
паступова	3667
святой	3666
дазваляе	3665
дзвюх	3664
адносіцца	3664
захаваліся	3663
ваеннага	3662
рэдкал	3661
бібліятэкі	3660
вымушаны	3660
герба	3657
кубак	3657
былога	3655
асобных	3655
аўстрыі	3652
наша	3652
план	3649
асаблівасці	3648
районов	3648
міхайлавіч	3646
нобелеўскай	3639
вядомых	3638
сродкаў	3633
венгрыі	3631
сістэме	3631
прыроды	3630
управление	3627
леў	3625
іншым	3623
турцыі	3622
падзелена	3619
далучыўся	3619
пасадзе	3615
дрэва	3614
прэзідэнтам	3613
афрыкі	3612
мясцовасці	3607
смаленшчыны	3606
кнігу	3597
пачынаючы	3597
буйных	3594
выкарыстання	3592
палітыка	3591
баі	3589
оперы	3582
словарь	3582
месяцаў	3581
форма	3581
стварэнні	3578
распаўсюджаны	3572
камандзір	3571
выгляд	3568
гістарычныя	3566
ўваходзіць	3565
москва	3563
край	3562
мінскім	3553
праходзіў	3544
выбараў	3543
кіраўніка	3542
перакладзе	3541
работ	3539
стары	3536
вышэй	3535
спецыяльнасці	3534
песень	3532
марка	3531
іл	3531
двума	3527
гімназіі	3526
вызвалення	3521
салдат	3520
кветкі	3513
мужчыны	3509
тэхнікі	3506
сродкі	3504
літоўскі	3503
самай	3502
сустракаюцца	3502
выявы	3500
народы	3498
элементы	3497
арменіі	3494
паўднёвага	3492
перамогу	3483
звязаны	3483
бітва	3482
гуляў	3479
назваў	3474
залежнасці	3471
заўвагі	3468
сваімі	3459
главное	3459
кампазітар	3457
гарадах	3455
яўген	3454
падтрымку	3454
края	3447
акадэмія	3445
паўстанне	3444
сумесна	3440
абодва	3438
сяла	3438
фронт	3437
лічыць	3437
аб’ём	3434
раённага	3428
ды	3421
рэк	3420
бэ	3420
канстанцін	3418
чыгуначная	3414
граф	3413
сюжэт	3411
івана	3397
кантроль	3397
сістэму	3397
крыж	3397
смерць	3395
выкладаў	3394
совете	3391
дапамогу	3387
зброі	3386
наступны	3382
кг	3381
архивное	3381
мільёнаў	3379
доўгі	3379
праваслаўныя	3378
заснаваў	3371
ўзросце	3369
пераехаў	3364
двойчы	3358
рэшткі	3357
падзел	3356
спб	3356
правоў	3344
выніках	3337
ігар	3335
рашэнні	3335
іншай	3332
атрымаць	3327
кар’еру	3326
слоўнік	3323
акадэмію	3323
сборник	3323
дэбютаваў	3322
распаўсюджанне	3322
лінія	3314
спадчына	3314
тэмпература	3309
навуковы	3305
прадстаўнік	3304
зборную	3303
адукацыя	3293
фільме	3291
чырвоны	3287
мастацкі	3287
палаца	3286
чэхіі	3282
клімат	3279
жывуць	3279
сяле	3272
прыняты	3269
парку	3269
кіраўнікі	3267
старажытных	3266
арміяй	3265
зямля	3259
фіналу	3258
адміністрацыйна	3257
захаду	3254
справе	3254
міру	3253
органаў	3250
грамадзян	3249
дэпутат	3248
ўзроўню	3247
матч	3246
музыка	3241
жывапісу	3238
пачаўся	3236
-і	3234
памеры	3231
віцебская	3230
прывяло	3229
гарады-пабрацімы	3229
пытанне	3228
асновы	3227
польскіх	3226
выкладчыкі	3226
сувязь	3221
бакоў	3221
прэмію	3220
масквы	3216
лікам	3213
форму	3211
знойдзены	3211
віду	3211
маскоўскай	3209
тэкст	3206
майстар	3200
асноўны	3200
палітычныя	3196
артыкулаў	3196
устаноў	3188
найлепшы	3188
матэматыкі	3187
колер	3178
алена	3174
долараў	3174
праціўніка	3174
ката	3173
цэнтральнага	3166
страты	3165
паўночная	3165
забеспячэння	3165
хутар	3162
каманду	3161
структуры	3160
існавання	3151
з’явіўся	3146
рэдактар	3143
акіяна	3143
сучасны	3142
кіраўнікоў	3141
працавалі	3137
правядзення	3136
моладзі	3134
том	3131
медалём	3131
марк	3130
называецца	3126
груп	3122
проста	3117
хіміі	3116
аб’яднанне	3114
брыгада	3110
шляху	3105
сялян	3103
дырэктара	3103
хх	3102
азёр	3099
дамоў	3093
бюро	3090
непасрэдна	3085
азербайджана	3081
зацьменне	3078
азначае	3076
генерала	3074
паловы	3074
рф	3073
парадак	3072
кіеўскай	3072
версія	3072
адкрыццё	3071
звестак	3071
канстытуцыі	3070
сад	3066
прасторы	3066
англ	3062
дзейнічала	3061
такі	3060
асацыяцыі	3060
існуюць	3060
помнікаў	3058
сельсавеце	3058
ил	3058
нацыянальных	3057
захавалася	3057
месцах	3055
межы	3054
гара	3052
характарыстыка	3050
міжнародная	3049
алег	3049
складаюць	3049
кнізе	3049
падрыхтоўкі	3042
полацкага	3041
поле	3041
карты	3040
могілкі	3039
акрузе	3037
ўключае	3034
дынаміка	3033
адносін	3032
акупацыі	3029
супрацоўніцтва	3029
часе	3025
балета	3024
ўвайшлі	3024
рамана	3021
дырэктарам	3019
дагавор	3015
амерыканская	3014
кар’еры	3013
памерла	3011
фонд	3010
зараз	3010
птушак	3009
гомеля	3008
паэзіі	3006
жылі	3002
віцебску	2999
справах	2999
бы	2999
ван	2998
мадэлі	2998
стаць	2997
гродне	2995
ноч	2994
склаў	2994
тэорыя	2994
узроўнем	2990
паўла	2988
начальніка	2988
дзеля	2987
існаванне	2986
навучальная	2986
мець	2980
царкве	2979
забіты	2978
даў	2974
маёнтка	2973
англійскі	2972
перадачы	2969
баях	2968
-годдзя	2968
шэсць	2967
еўрапейскай	2965
бронзавы	2964
гадзін	2963
барацьбе	2963
вып	2959
станіслава	2958
зорка	2958
словы	2956
брата	2956
гісторыкі	2956
нямецкіх	2954
мясцовыя	2953
перайменаваны	2950
расце	2949
іншае	2945
прысвечаны	2942
коласа	2941
канферэнцыі	2937
сферы	2937
ніколі	2933
паветра	2931
трэцяга	2930
прысвоена	2929
гміне	2929
божай	2927
пачаткам	2925
ідзе	2921
уваходзіў	2921
ўваходзілі	2921
гміна	2920
муж	2918
басейне	2918
краі	2917
дапамогі	2916
серыя	2916
раку	2913
канчаткова	2912
працягласць	2908
адказ	2908
буйныя	2908
кіламетраў	2906
нарвегіі	2905
дае	2903
сеткі	2903
адносяцца	2902
амерыцы	2900
навучанне	2900
прычым	2900
белы	2899
сярэдні	2897
велічыні	2896
музычныя	2896
герцаг	2894
рускага	2892
заслугі	2892
будуць	2891
году	2891
прайшоў	2890
атрымання	2889
даніі	2888
медыцынскіх	2888
адносінах	2886
некаторы	2886
пунктах	2886
сусветная	2878
дамы	2876
грамадскага	2875
апісаныя	2874
ажаніўся	2873
гарадскі	2872
з’яўлялася	2872
зрабіць	2871
урад	2869
сіламі	2868
капліца	2868
брэст	2867
паўднёвая	2861
параўнанні	2861
витебской	2861
малая	2857
пытаннях	2855
выдаў	2855
пабудовы	2855
сталіца	2854
парыж	2853
летам	2853
крыжа	2851
горы	2849
святых	2847
зоны	2846
магіла	2846
зямлю	2846
гандлю	2845
міхаіла	2845
лета	2843
новую	2840
тэхналогій	2839
вершаў	2839
карысць	2838
пятровіч	2836
кірунку	2836
дысертацыю	2834
прэм’ер-міністр	2832
галоўных	2831
дзяржаўныя	2830
еўрапейскіх	2830
артыст	2828
тапонім	2826
наука	2825
прапанаваў	2824
наступных	2823
асноўная	2823
скасаваныя	2822
выкарыстоўваюць	2821
бнр	2821
зямель	2821
магілёве	2817
астатнія	2813
разы	2812
фільмаў	2812
далейшым	2811
ўдзельнічаў	2811
фронце	2810
медалі	2810
нумар	2807
рэформы	2806
элементаў	2805
выкарыстоўваць	2804
рост	2802
ўнутраных	2801
расійскага	2797
румыніі	2792
янкі	2792
паблізу	2792
літоўскім	2791
вежы	2790
выйграў	2789
мастацкай	2789
навучальныя	2789
барыс	2788
курс	2788
народныя	2788
генрых	2786
шлюб	2786
частак	2786
манастыр	2786
экспедыцыі	2785
русі	2782
уладай	2781
мяжуе	2780
жонкай	2777
забойства	2775
пагадненне	2774
краіна	2773
ежы	2771
ідэі	2771
поўнае	2768
выступае	2768
крыніц	2768
лічаць	2766
штогод	2765
літве	2764
до	2764
абвешчана	2761
уладзіміравіч	2759
прынялі	2759
уплывам	2759
україни	2757
вольга	2755
сацыяльных	2754
магчымасці	2751
епархіі	2751
правінцыя	2750
населены	2750
полі	2748
адзначаны	2747
дывізія	2746
цэлым	2746
бразіліі	2744
пяці	2741
моманту	2738
галіны	2738
еўрапейскага	2737
сабора	2737
папа	2731
адбыліся	2730
змяшчае	2730
твор	2729
перамог	2724
сынам	2721
выданні	2719
заходняя	2718
супольнасці	2718
альбома	2718
камандаваў	2716
скасавання	2714
минской	2713
катэгорыі	2712
ес	2711
міжнародныя	2710
належала	2710
праблем	2710
дэмаграфія	2710
адраджэння	2708
ведаў	2708
цэнтральная	2707
другую	2705
рэспубліканскага	2704
славы	2704
такой	2703
украінскай	2701
барока	2700
завода	2700
ўяўляе	2700
заснавальнік	2695
неаднаразова	2692
пасёлкі	2692
спорт	2690
метрапалітэна	2687
альбомы	2687
дачыненні	2686
армію	2685
вільня	2685
мясцовай	2685
рускіх	2683
дачкой	2682
смерцю	2681
большай	2679
даследчыкі	2677
краю	2674
варта	2672
гульня	2671
пачаліся	2666
расійскіх	2666
штаце	2660
рымскі	2656
лондане	2656
гета	2656
зусім	2656
выступіў	2655
старажытнай	2655
кафедра	2655
абавязкі	2653
дацэнт	2653
антон	2650
канады	2649
пашырэнне	2648
самая	2647
уладзіслаў	2646
дагавора	2646
старажытнага	2646
відэа	2641
львоўскай	2640
шлюбе	2638
апроч	2638
ўдалося	2637
кпб	2635
поля	2634
губерня	2633
кампазіцыі	2631
выпуск	2628
звыш	2628
выклікала	2627
грамадскіх	2626
войск	2625
гэтак	2623
журналіст	2622
музыку	2622
ўзбярэжжа	2621
парламента	2621
праўлення	2618
транспарту	2617
турнір	2616
былой	2615
асяроддзя	2613
энергіі	2613
дарогі	2611
июля	2611
турніры	2610
адзінай	2609
праграма	2608
апошняга	2606
горадам	2602
рыме	2600
назад	2599
канал	2598
тэхналогіі	2598
выключна	2595
хрысціянства	2595
выдання	2592
гістарычнай	2591
італьянскі	2590
літаратурнай	2590
саветаў	2590
народ	2590
старога	2588
адрозніваецца	2588
высокай	2587
універсітэты	2587
свята	2584
адлегласці	2584
вынікам	2583
застаецца	2583
камандаваннем	2581
гомелі	2581
іншы	2580
жыхар	2578
нашай	2575
лясы	2573
дзеячы	2570
рэжысёра	2569
якуба	2569
тэмпературы	2569
вёсак	2569
рэгіёна	2569
месяц	2565
маса	2563
сацыяльнай	2563
апошнім	2558
ўладу	2557
некоторых	2557
царства	2553
белоруссии	2552
оскар	2551
адмовіўся	2548
вывучаў	2545
волі	2540
накіраваны	2538
галіна	2537
заходнім	2537
манастыра	2537
паспяхова	2536
аснову	2536
свабоды	2535
месяцы	2530
леанід	2530
новае	2530
здолеў	2530
галоўныя	2530
старэйшы	2529
тэрыторый	2527
гаспадарак	2527
ганаровы	2526
фота	2524
цэнтральны	2523
лі	2522
спецыяліст	2522
заходняга	2520
вырашыў	2518
абарону	2516
значную	2514
спробы	2512
чарнігаўскай	2512
захоўваецца	2510
ўваходзяць	2510
межамі	2509
прадпрыемствы	2505
брытанскай	2505
застаўся	2505
стварыць	2504
апублікаваў	2504
сербіі	2501
менск	2500
рэжыму	2496
мір	2494
трапіў	2493
ўвесь	2492
дзейнічае	2490
грошы	2489
брытанскі	2487
галоўная	2487
рабочых	2487
іграком	2487
цар	2485
крыніца	2484
спадчыну	2483
падтрымцы	2483
сельских	2483
швейцарыі	2482
прайшлі	2477
выступала	2477
выканання	2476
партызан	2475
парламент	2475
аперацыя	2475
вялікабрытанія	2474
афрыцы	2473
газеце	2473
беларускімі	2473
сама	2471
кожнага	2470
выходзіць	2469
дасягнула	2469
цара	2468
выдавецтва	2468
перавагу	2467
друку	2467
крэпасці	2467
выхаду	2465
конкурсу	2463
паказвае	2463
групу	2462
стылю	2461
належаў	2460
другое	2460
скарыны	2457
орган	2456
савецкія	2454
ўмовах	2454
князёў	2454
наталля	2454
советская	2453
белага	2449
сцены	2449
дж	2448
генеральнага	2448
камандаванне	2445
лічыў	2445
чорны	2441
сыноў	2440
адзіным	2439
мадэль	2436
гарадскіх	2436
абодвух	2431
хутчэй	2429
спісе	2428
уяўляе	2428
паэта	2427
поўны	2423
ўздоўж	2423
крым	2422
магілёўская	2420
значныя	2420
стыль	2420
тэхнічных	2419
канфлікт	2418
стр	2418
працягваў	2417
аўтаномнай	2413
левым	2413
аат	2409
выпадках	2408
ваенная	2408
палацы	2407
сірыі	2405
пер	2405
указам	2403
школ	2403
ісуса	2402
балгарыі	2401
выкарыстоўвалася	2401
італія	2399
камень	2399
забіў	2399
напісаны	2399
зімовых	2398
профіль	2398
бога	2397
ганны	2394
сучасныя	2394
умовах	2391
роля	2390
ўпраўлення	2390
дапамозе	2389
залатая	2384
украінскі	2381
палон	2379
моры	2379
ваенную	2379
ірландыі	2378
пары	2377
сустрэчы	2375
лёс	2373
якімі	2372
займаецца	2370
начальнікам	2370
пашкоў	2369
годам	2366
перш	2366
апреля	2366
выкарыстоўваўся	2365
чырвоная	2365
служыць	2365
віцебска	2364
паліцыі	2363
кацярына	2363
сем	2363
адкрытага	2363
конкурсе	2361
карціна	2360
дазволіла	2360
названа	2360
рукі	2359
зроблены	2359
атрада	2359
прафесара	2358
выкарыстоўваліся	2357
тып	2357
месяца	2355
усходу	2355
рэгіён	2353
заставаўся	2352
куды	2351
комплексу	2351
мастацкая	2351
выключэннем	2349
падобныя	2348
жанчына	2347
большую	2346
ўсходняй	2345
праекце	2343
пашыраны	2342
хаця	2341
нідэрландаў	2340
прамысловасць	2340
флоту	2339
сэрца	2338
рысы	2338
кожнай	2337
ніжняй	2336
маладых	2336
магілёва	2335
землях	2335
дзеянне	2334
медыцыны	2334
казімір	2333
музычны	2332
вадазбору	2331
сусветнага	2330
впс	2329
выстаўка	2329
хіх	2329
смі	2328
аўтарам	2328
пісьменніка	2327
глыбіня	2326
атрады	2325
вывучэння	2324
супрацоўнік	2323
інтэрв’ю	2323
выдадзены	2322
роберт	2322
рыма	2322
левы	2321
перакладчыкі	2321
тысячы	2320
каталіцкай	2318
эканамічных	2318
верхняй	2317
скульптар	2316
пакінуць	2315
званні	2315
дарозе	2314
скульптуры	2314
самыя	2312
алесь	2311
транспарт	2311
маёнтку	2308
праектаў	2307
набыў	2303
міжнародным	2302
мала	2302
рознымі	2301
ачкоў	2300
урада	2298
архітэктараў	2296
калоніі	2295
палітычная	2295
падставе	2295
верасень	2293
сярэднім	2293
мяжой	2292
хрыста	2291
амерыканскай	2290
максім	2289
рублёў	2289
зорак	2289
акадэмік	2288
значнай	2285
гістарычнага	2284
адам	2283
доктара	2282
удзельнікаў	2282
радзей	2281
органы	2281
ганаровыя	2280
аэрапорт	2279
кітай	2277
смаленская	2276
нас	2275
таццяна	2275
нямецкія	2274
тон	2273
наяўнасць	2272
замуж	2271
аўтараў	2271
мяжу	2268
брэсце	2268
звязаныя	2268
кітаі	2267
інтарэсы	2267
арганізаваны	2266
партыю	2265
рыбы	2264
падтрымкі	2259
еўразіі	2259
сябра	2257
водныя	2257
робіць	2256
заснавальнікаў	2255
дакументаў	2254
андрэя	2254
выйшлі	2254
ўладамі	2253
сакратаром	2252
месцам	2250
праваслаўны	2249
старых	2249
партугаліі	2248
гродзенская	2248
дакументы	2248
польская	2246
машыны	2246
прыблізна	2246
гомельская	2244
рэйтынгу	2244
прыйшоў	2243
такога	2242
нямецкага	2242
праводзіць	2241
кастрычнік	2240
устаўной	2239
грамадзяне	2238
хваробы	2237
заканчэнні	2233
зала	2233
правым	2232
каралеўскага	2231
склала	2231
ўзровень	2231
шырынёй	2230
зоне	2229
свабода	2229
эпоху	2229
сілу	2228
высокі	2227
уключае	2227
дзяцінства	2227
публікацыі	2226
стану	2225
акцёры	2225
дэпутатам	2225
кіеве	2224
вяртання	2223
распрацаваны	2223
ўклад	2221
намінацыі	2221
заняла	2220
выяўлены	2220
навуковага	2220
выкарыстаннем	2218
выконваў	2218
грамадзянства	2217
полацкай	2215
немцы	2215
камандзіра	2213
канфлікту	2212
нью-ёрк	2211
існавалі	2208
прадстаўлена	2208
прычынай	2207
дзейнасцю	2207
беларус	2205
сучасная	2204
вёў	2204
перакладчык	2203
археалагічныя	2202
літоўскае	2200
маскоўскі	2198
міфалогіі	2198
курсы	2198
галасоў	2196
зв	2195
абараніў	2194
найбуйнейшых	2191
рыгор	2189
чорнага	2187
кіеў	2187
арэал	2186
польскім	2185
нашы	2185
жанаты	2185
перададзена	2184
часопісе	2183
адсутнасць	2183
знайсці	2181
мястэчку	2180
заходніх	2179
адпавядае	2179
пасада	2178
хроніка	2178
абласцей	2177
крэпасць	2175
развіцці	2175
вежа	2174
песню	2174
ўсю	2172
харчавання	2171
санкт-пецярбургу	2169
палітыку	2168
найсвяцейшай	2167
крыніцах	2166
засталіся	2166
узроўні	2166
паходзіў	2165
нацыянальную	2163
валерый	2162
стадыі	2162
святла	2162
сусветную	2159
незалежнай	2158
французская	2156
баявыя	2156
как	2156
батальён	2155
французскага	2154
такая	2154
млрд	2154
захапілі	2153
значны	2153
рэдка	2150
клубам	2150
та	2150
росту	2149
пар	2146
высокім	2143
значная	2142
атрымаўшы	2142
юнеска	2140
пераклады	2139
афіцыйным	2138
будучы	2138
складалі	2138
рада	2137
сталіцай	2136
фоне	2136
настаўнікам	2136
гэтае	2136
сетка	2134
належаць	2133
сведчыць	2132
родаў	2131
складалася	2130
вызвалены	2129
ўлада	2129
золата	2129
старшы	2129
міхал	2128
адстаўку	2126
лідар	2125
вынікаў	2125
птушкі	2125
кіеўскага	2123
выкананне	2123
культур	2123
издательство	2123
дачкі	2122
кола	2120
дэпартамент	2119
зніклі	2119
метады	2117
графа	2116
здзейсніў	2115
між	2115
краіну	2115
афіцэраў	2115
минского	2115
нямецкімі	2114
гарадзішча	2112
алімпійскія	2109
жаночы	2109
рынку	2109
па-за	2109
дняпро	2109
невялікія	2106
юзаф	2106
працуюць	2105
шляхты	2105
вядзе	2104
пераход	2104
апынулася	2099
глебы	2099
мастацкага	2098
прэзідэнты	2098
помніка	2097
сярэбраны	2097
фёдар	2095
колькасцю	2095
пастаўлены	2095
дасягае	2091
архіў	2091
перайшла	2090
дзейнічалі	2089
увесь	2087
прафесійны	2087
прытокі	2087
гледжання	2086
паўстанцаў	2086
каралеўскай	2086
адзінак	2085
мастацтве	2085
магла	2083
калекцыі	2083
казіміра	2082
увайшоў	2081
лёгкай	2080
кантролю	2078
хуткасць	2077
адкрыў	2076
лабараторыі	2076
во	2076
архітэктара	2075
васіля	2073
шатландыі	2071
радзівіл	2070
буйны	2070
прайшла	2069
фасад	2069
берагі	2068
асновай	2067
уздоўж	2065
афіцыйных	2064
паражэнне	2064
малой	2063
гістарычная	2063
ізраіля	2062
прэм’ера	2062
дняпра	2062
малодшы	2061
прызначэння	2061
бельгіі	2060
порт	2060
міністры	2059
імёны	2058
спявачка	2058
скасаванага	2058
машын	2057
берліне	2055
віцебскі	2055
белая	2055
маскву	2054
студыі	2054
забудова	2054
ўвагу	2053
братоў	2053
вызначаецца	2051
папы	2048
палкоўнік	2048
жытомірскай	2047
цягам	2044
адрозніваюцца	2041
амерыканскіх	2040
прызнаны	2039
гэту	2037
вучняў	2037
літоўскія	2036
апошніх	2035
недалёка	2034
зняты	2033
выкарыстоўвалі	2033
апынуўся	2031
славакіі	2030
царкву	2030
асманскай	2030
размяшчэнне	2030
жывапісец	2029
васілевіч	2029
адкрыцця	2028
прадукцыі	2028
глыбіні	2028
перанесены	2026
біялогіі	2025
рым	2024
літва	2023
саборы	2022
лад	2022
вілейскага	2022
з’езд	2021
хвалі	2021
трэцім	2019
дрэў	2018
прэм’ер-міністра	2018
заліва	2018
шлюбу	2018
пачынае	2017
лацінскай	2017
абвяшчалася	2017
называлі	2017
пол	2016
тэму	2015
палітычнага	2014
фізічнай	2014
працякае	2014
канфлікты	2013
правах	2011
дзяржавай	2009
ідэя	2009
працэсу	2007
гаспадарка	2007
старыя	2007
прылады	2005
камісія	2004
вынік	2004
сельсаветаў	2002
медыцынскі	2001
публіцыст	2000
актыўны	2000
братам	1998
прыхільнікаў	1998
рэлігія	1998
мінулым	1998
статусам	1998
ран	1997
бакі	1997
абароне	1995
аўтара	1995
база	1995
паход	1994
рэчываў	1994
князем	1993
генеральны	1993
загадаў	1993
тэрыторыямі	1993
адміністрацыйнай	1993
апублікаваны	1992
крыху	1992
забеспячэнне	1991
самога	1991
грузіі	1989
аўтары	1988
адлегласць	1986
амерыканскага	1985
герцага	1985
батальёна	1985
прызнанне	1984
клас	1983
прыналежнасць	1983
клубная	1983
фрыдрых	1981
пакінулі	1979
стаўшы	1978
займацца	1978
намесніка	1977
кароткі	1977
віленскі	1976
тэхніка	1976
авіяцыі	1975
чэрвень	1975
зацверджаны	1974
навучальных	1974
май	1973
декабря	1973
прадпрыемстваў	1972
этап	1972
ўзначаліў	1972
мужа	1970
малы	1969
майстэрні	1969
бальніцы	1968
ўраджэнцы	1968
вядомым	1967
ацэнкі	1967
вялі	1966
дзеяння	1965
нацыянальныя	1964
платформы	1964
фарміраванне	1961
адноўлены	1961
снежань	1960
апавяданні	1960
дзеячаў	1959
метро	1959
генрыха	1958
мастацкім	1958
хвілін	1957
руская	1957
сярэднюю	1957
ліпень	1953
майстры	1953
адкуль	1952
даследаванне	1952
валодаў	1951
барацьбу	1950
сонечнае	1948
кампаніяй	1947
памер	1947
дахам	1946
вада	1944
его	1944
самалёт	1943
лічылася	1943
планеты	1940
філіп	1939
захаваўся	1939
выхад	1938
вну	1936
займаліся	1936
групай	1935
маецца	1935
ўдзелу	1933
апошняй	1933
фонду	1932
нічога	1931
размяшчалася	1931
вы	1930
расіяй	1929
спрабаваў	1929
працэсаў	1928
словах	1928
сельскагаспадарчых	1927
аж	1927
шэрагам	1927
рб	1926
эканамічнай	1926
спецыялістаў	1924
дзева	1924
эміграцыі	1922
кожная	1919
культурнай	1919
плошчай	1917
партызаны	1917
вышэйшую	1917
партый	1916
праўда	1915
войскам	1914
вікіпедыя	1913
мастэрс	1913
распрацаваў	1913
спр	1913
фінал	1913
ўмовы	1912
жнівень	1912
паняцце	1912
ніва	1911
будаўніцтве	1909
берагавой	1909
даўжыні	1909
штатаў	1908
вышэйшых	1908
праграм	1908
невялікі	1908
калгас	1908
-----	1908
расійскія	1907
арыгінал	1906
германскай	1905
поўдня	1905
адміністрацыйным	1904
капітан	1903
сход	1902
супрацоўнікі	1902
асноўнага	1902
-ю	1900
якому	1899
барацьба	1898
законов	1898
уваходзіла	1898
флоры	1897
дарога	1896
аўгуста	1895
занялі	1895
еўрапейскі	1895
прыняла	1894
вырабаў	1894
дасягнуў	1893
тысячагоддзя	1893
валодае	1893
ападкаў	1893
футбольны	1892
традыцыйна	1891
возеры	1889
супрацоўнікаў	1888
поспех	1888
сказаў	1887
вайскоўцаў	1886
рэжым	1886
значэнні	1886
залы	1885
адзінкі	1885
памяшканні	1885
жаночай	1884
салецтваў	1884
злучаных	1883
прыводзіць	1883
рабоце	1882
сімвал	1882
верш	1879
ізноў	1878
працэсе	1877
матэматык	1877
веры	1877
напярэдадні	1877
заводзе	1876
нёман	1876
георгій	1875
улетку	1875
галактыкі	1875
энциклопедический	1874
удзелам	1873
мяжа	1873
ўніверсітэце	1873
шасці	1872
мастацкіх	1872
дагэтуль	1872
такое	1871
харватыі	1871
эканамічнага	1871
аповесці	1870
браў	1870
заходні	1869
факты	1868
праходзілі	1867
філосаф	1864
паўвострава	1863
каралева	1862
пасольства	1861
штаб	1860
драўляны	1859
афіцыйнай	1857
бой	1857
адкрытым	1857
духоўнай	1855
існаваў	1855
цэнтральным	1855
перайшлі	1854
ты	1854
схілы	1853
асветы	1852
пераехала	1851
праграму	1850
самі	1850
весці	1849
цяжка	1848
цэглы	1848
перамовы	1847
стагоддзях	1847
біскуп	1846
конкурс	1845
кожным	1845
перадаў	1844
вадасховішча	1844
дынастыя	1843
змог	1843
брэста	1842
браты	1841
санкт-пецярбурга	1841
стварылі	1841
максіма	1841
падзелены	1841
жанры	1841
студзень	1840
графства	1840
ірына	1838
выканаў	1837
цыкл	1837
закона	1836
уплыў	1836
стаіць	1836
люты	1834
юрыя	1833
рэдактарам	1833
вільгельм	1832
масы	1832
медыцыне	1830
дзейнічаў	1830
указов	1830
маскоўскім	1829
апошняя	1828
нямецкая	1828
самалётаў	1828
вясковая	1828
размяшчаўся	1827
варшавы	1825
акцыі	1825
вядомага	1823
загінула	1823
вывучэнне	1823
захавання	1823
праведзены	1822
неабходна	1821
найбуйнейшы	1819
грамадскія	1819
малых	1818
важным	1818
энцыклапедычны	1818
киселевский	1818
японскі	1817
дакладна	1816
цячэнні	1815
вадзе	1814
чалавекам	1813
з’яўляліся	1812
вясной	1812
факультэце	1812
праводзіліся	1810
верхов	1809
замену	1809
галерэі	1808
самага	1806
лістапад	1806
тэмы	1806
мэты	1806
страціў	1805
нарэшце	1805
імператарам	1804
польскія	1804
прыбыў	1803
міністрам	1803
бог	1802
рэканструкцыі	1800
грамадскай	1797
задачы	1796
каралевы	1795
вярнуцца	1794
праводзіцца	1794
рэчыва	1794
падарожжа	1793
рэчышча	1792
заставалася	1792
белыя	1792
рынак	1791
астраноміі	1790
рэгіёнаў	1790
узначальваў	1789
вінніцкай	1789
уключаны	1788
музычнай	1788
сс	1788
витебского	1788
кляштар	1787
лепшых	1787
арганізацыю	1786
даследавання	1785
браслаўскага	1785
святар	1784
банка	1783
сябрам	1783
залежыць	1782
могилевской	1781
віцебскім	1780
янка	1779
пераможцы	1779
дыяметрам	1778
думкі	1777
полацк	1776
лес	1776
джэймс	1775
складаўся	1775
раздзел	1774
лігу	1774
вясковай	1774
со	1773
упадае	1773
полацкім	1772
цячэ	1772
навагрудскага	1771
паранены	1769
жыла	1769
інтэр’ер	1769
дойлідства	1768
дзіцячы	1766
працоўнага	1766
сялянскай	1766
сельскагаспадарчай	1765
восенню	1765
бою	1764
эры	1764
наведаў	1764
фізіцы	1763
рэльеф	1763
савецкім	1762
падзяляецца	1762
служба	1760
двара	1760
фінансаў	1759
былых	1759
лондан	1757
басейна	1757
скончылася	1754
выкананы	1754
войнаў	1754
малюнак	1754
партызанскага	1752
гарадскія	1752
парафія	1752
цераз	1751
яўрэйскай	1751
фёдаравіч	1751
чэмпіёнка	1750
выпушчаны	1750
наступленне	1750
ла	1749
ўладанні	1749
вучылішчы	1749
прафесарам	1749
змест	1749
ўдзельнічалі	1748
банк	1748
асноўнымі	1748
-гадовы	1747
мяркуецца	1747
восем	1747
працай	1747
этнічна	1746
дастаткова	1745
казахстан	1745
вікторыя	1745
брэсцкая	1745
сельскіх	1745
санкт-пецярбург	1744
нью-ёрку	1743
вядомасць	1743
советов	1742
аднаўлення	1741
прыклад	1741
каталіцкі	1740
бярэ	1740
аналіз	1740
мясцовым	1740
сакавік	1739
метад	1739
ваенным	1738
медыцынскага	1737
канала	1737
айчынную	1737
манастыры	1737
валасы	1736
воп	1736
сібіры	1735
адправіўся	1735
варшава	1735
белниидад	1735
сітуацыя	1734
дэмакратычнай	1734
фізік	1734
рымскага	1734
пункту	1733
чыгуначныя	1731
абвешчаны	1730
тыпы	1730
астравах	1729
загад	1729
гвардыі	1729
місіі	1729
інфраструктура	1727
ўзнікла	1727
полымя	1726
прывялі	1726
прэзідэнцкіх	1725
аўтамабіль	1725
ліквідацыі	1725
прыняць	1725
красавік	1724
клубы	1724
паселішчы	1723
пушкіна	1722
вяртанне	1721
прымае	1721
еўрабачанне	1721
ўзнагароды	1721
рэлігіі	1720
герояў	1720
ірана	1719
іосіф	1719
выкладчык	1719
валынскай	1719
дзесяць	1719
чаму	1718
радзіму	1716
досыць	1716
сястра	1715
запіс	1714
праваслаўная	1713
семінарыі	1712
фарміравання	1712
турнірах	1712
генадзь	1711
немцаў	1711
ход	1711
гор	1710
усталяваны	1710
герцагства	1709
нацый	1708
старажытныя	1708
пасёлку	1708
камандзе	1708
выпадкаў	1707
распрацоўкі	1707
прусіі	1707
матэрыял	1707
паказана	1707
сумскай	1706
ажыццяўляецца	1705
п’есы	1705
каралі	1705
роднай	1705
газу	1705
жылы	1705
вобраз	1705
спосаб	1703
объекты	1703
аднаўленне	1701
рэканструкцыя	1701
пераведзены	1700
ініцыятыве	1699
сонечных	1699
месціцца	1699
генерал-маёр	1698
веку	1698
прынамсі	1697
заснавання	1696
княстве	1696
дадзены	1696
дзевы	1695
займалася	1695
бацькам	1694
зборная	1693
дыстанцыі	1693
гэтаму	1693
адзінства	1692
музычных	1692
пахаваныя	1692
гандаль	1692
відаць	1692
адама	1690
берага	1689
крытык	1688
рэлігійных	1688
полацку	1688
дошка	1688
рашэннем	1688
асуджаны	1688
мяне	1688
цэркваў	1688
характэрны	1686
егіпта	1685
праведзена	1685
кавалеры	1685
спявачкі	1684
баскетболе	1684
вырашана	1683
далучаны	1683
крытыкі	1683
баранавічы	1683
журнал	1682
трыма	1680
голас	1680
еўропа	1679
трэнерам	1679
воінаў	1678
кітайскай	1678
вышэйшыя	1677
арганізаваў	1677
зрабілі	1677
сітуацыі	1676
паведаміў	1676
лясах	1676
высокія	1676
класіфікацыя	1676
марскіх	1675
аўтамабіляў	1675
тэксту	1675
характару	1675
пунктам	1673
горкага	1673
літаратурныя	1671
праекты	1671
паўлавіч	1670
караблёў	1670
ранняга	1670
дэпартамента	1670
далі	1669
пісьменніца	1666
пяхоты	1666
зн	1666
піша	1665
скасавана	1665
ўвайшоў	1665
горкі	1665
объединении	1665
цікавасць	1665
тыдзень	1665
драўляныя	1665
флот	1664
самой	1664
займаюць	1664
джона	1662
паралельна	1661
караблі	1660
водные	1660
адсутнасці	1659
тэксты	1659
усходняя	1658
іспанія	1658
бібліі	1658
вышыню	1658
знаходжання	1657
праходзіла	1656
эпб	1656
белай	1655
францыска	1654
звання	1654
раннія	1654
генерал-лейтэнант	1654
касцёле	1654
рашэння	1653
ахвяр	1653
материалы	1653
клубе	1652
баёў	1652
вера	1651
украінская	1651
парыжа	1651
універсітэтаў	1650
грамадзянская	1649
неба	1649
тамах	1649
ніжнім	1648
зроблена	1647
серыю	1646
прадуктаў	1646
дарог	1645
прыйшлі	1645
сярэдняга	1644
абвясціла	1643
аповесць	1642
гістарычным	1642
даследчыкаў	1640
эдуард	1639
праводзіў	1639
смоленской	1639
сэнсе	1638
паэмы	1638
крыві	1638
лікаў	1638
конга	1637
аналізу	1637
драматург	1636
земляробства	1636
асабіста	1636
збору	1635
старонкі	1635
уільям	1634
фестываль	1634
навуковым	1634
унутраных	1632
працэсы	1632
размяшчаліся	1631
такімі	1630
гал	1629
восі	1629
атрымлівае	1628
належалі	1628
лагер	1628
службе	1628
свайму	1628
рэзка	1628
правядзенне	1628
подпіс	1628
усср	1627
рыгоравіч	1626
агонь	1626
сакратара	1626
канстанціна	1625
прозвішчы	1625
праспект	1625
палова	1624
асобны	1624
часціц	1624
ваду	1623
літоўскіх	1622
забудовы	1622
матчаў	1622
гродзенскім	1622
ціску	1621
аўтамабілі	1621
высокіх	1620
настаўнік	1619
вырабы	1618
льва	1617
камандуючы	1617
слабада	1617
баранавіцкага	1616
нагоды	1615
сяброў	1615
выкарыстоўвае	1615
апынуліся	1615
нярэдка	1615
аднайменнай	1615
апазіцыі	1614
сучасным	1614
выданняў	1614
інфармацыю	1613
рускую	1613
важную	1613
лісты	1612
нкус	1612
дзвюма	1612
рыб	1610
заліў	1608
бацьку	1608
выступаць	1608
невялікая	1607
эсперанта	1606
прызнаў	1606
бераг	1606
ўзросту	1605
напісана	1605
вага	1605
унутры	1605
болей	1604
андрэевіч	1603
выпуску	1603
складзены	1603
кубку	1603
гран-пры	1603
князі	1602
урадам	1602
эстонія	1602
сцэне	1602
пайшоў	1601
педагагічны	1600
чырвоную	1599
марта	1599
ляжыць	1599
перамога	1598
сярэднявечча	1598
мэтах	1598
васільевіч	1597
апрацоўкі	1597
падрыхтоўцы	1595
балаў	1595
рухавік	1595
забяспечвае	1595
плод	1595
доля	1594
архітэктарам	1594
лесу	1594
мянушка	1594
этапе	1593
зброя	1593
выцягнутая	1592
сяргея	1592
класаў	1592
вадой	1590
слуцкага	1589
змяніў	1589
надпіс	1589
дачку	1588
меркаванне	1588
трэцяя	1587
паказаў	1587
канструкцыі	1587
чылі	1586
даследчык	1585
руках	1585
медыцынскай	1582
малады	1582
адзначыў	1581
сцэнарыст	1580
выказаў	1580
абаронца	1580
рэспублікай	1579
гадамі	1579
літаратурны	1578
лівіі	1577
германію	1577
сістэмай	1577
насякомых	1577
ваеннае	1576
відавочна	1576
ліга	1576
камуністычнай	1575
атрадаў	1575
стварае	1574
рэсурсаў	1574
мус	1573
плана	1573
багародзіцы	1573
сцен	1573
поўнай	1572
вячаслаў	1572
еўра	1571
налічвалася	1570
віталь	1570
падраздзяленні	1570
уклад	1570
века	1570
верхняга	1569
прызёры	1569
абедзве	1568
звязаных	1567
артылерыі	1566
старажытнасці	1566
цэнтраў	1565
адстаўцы	1563
захоўваюцца	1563
зона	1561
ўтварэнне	1561
ўплыву	1561
значных	1561
марцін	1560
жыць	1560
агню	1560
дзяржаўную	1559
адпачынку	1559
падобны	1559
невялікіх	1559
загадчыкам	1558
англія	1557
хронікі	1557
папярэдняга	1557
паліва	1557
ладу	1556
маладыя	1556
нібыта	1555
вяршыні	1555
парод	1554
частках	1554
джордж	1553
верхнім	1553
канада	1552
героі	1552
гродзенскі	1551
пасол	1551
спыніць	1551
скульптура	1551
магутнасць	1551
аргенціны	1550
адзіная	1550
лічылі	1549
лагеры	1548
асоба	1547
маюцца	1547
створаная	1546
полацка	1546
швецыя	1545
занята	1545
снукеры	1545
распаду	1544
роды	1543
старая	1542
астатніх	1542
поспеху	1542
замежныя	1541
свяшчэннай	1541
камандзірам	1541
дагаворы	1541
лідараў	1541
распрацоўка	1541
вернікаў	1540
вярхоўны	1540
батэ	1540
каманд	1540
лідскага	1540
малыя	1540
катлавіны	1540
батанічнае	1539
лукашэнка	1538
радзівіла	1538
ўтварэння	1538
ансамбль	1538
октября	1537
бранскай	1537
адабрала	1537
аперацый	1535
законам	1535
фатаграфіі	1534
сентября	1534
акупаваная	1534
абраз	1532
творах	1532
факт	1531
сабою	1531
мне	1531
лясоў	1530
бацькоў	1530
танка	1530
жан	1529
арт	1529
воднай	1529
з’явы	1529
дзісенскага	1529
занадта	1528
губерняў	1528
пераемнік	1528
літары	1528
лёгка	1528
папулярнасць	1528
завершаны	1527
прыватных	1526
іспанскай	1526
кастрычніцкай	1526
кухня	1526
нашых	1524
кампазіцыя	1524
ўдзельнічала	1523
рабочы	1523
кампазітары	1523
карэі	1522
стэфана	1522
культурных	1522
камандавання	1522
мяса	1522
вучылася	1522
прынцып	1521
займала	1521
парафіі	1521
замку	1520
пакалення	1520
мемарыяльная	1519
выявай	1519
сайта	1519
ніжняя	1518
дз	1517
маладзечанскага	1517
грэчаскай	1516
катастрофы	1516
самастойна	1516
планы	1516
літаральна	1516
кандыдатаў	1516
правесці	1516
польшчу	1515
установы	1515
часці	1515
чорная	1514
насельніцтвам	1514
суседніх	1514
агенцтва	1514
шведскі	1513
ната	1513
юстыцыі	1513
пратэсту	1513
заснаваная	1513
падрыхтоўка	1513
ўнутры	1513
педагогі	1513
прастол	1512
даныя	1512
каталіцкія	1512
сямі	1512
асяроддзі	1512
знакі	1511
групоўкі	1511
судна	1510
пераходзіць	1510
адсюль	1510
пазіцыю	1510
фестывалі	1510
даўжыню	1509
ганаровай	1509
патрабаванні	1508
мясціны	1508
дзяржаве	1507
іі	1507
думы	1507
крылаў	1507
праходзяць	1507
інжынер	1506
каштоўнасці	1506
меншай	1506
драўляная	1506
разбураны	1505
мікола	1505
класіфікацыі	1505
лет	1505
прыз	1505
стэфан	1504
законы	1504
млын	1504
спісы	1503
напачатку	1501
месцамі	1501
гарадская	1501
медалямі	1500
моцны	1499
палітыцы	1499
колеры	1497
погляды	1497
касцёлы	1497
інданезіі	1496
крытыка	1496
усход	1495
спроба	1495
сябры	1494
тур	1493
надзвычай	1493
что	1492
дому	1492
прадметаў	1491
празе	1490
кандыдата	1490
уніі	1489
выяўлена	1489
лукашэнкі	1489
выконваць	1489
эканамічны	1489
нафты	1488
часова	1488
член-карэспандэнт	1488
ранніх	1488
российской	1488
кампаній	1487
вядомай	1487
агульныя	1487
кдб	1487
сельская	1486
стралковай	1485
маладзечна	1485
прадстаўнікамі	1485
ўступіў	1484
пражывання	1484
пастаянна	1484
тыпаў	1484
рэгіёнах	1483
сост	1483
калгаса	1483
віктара	1482
пасмяротна	1482
уладзіслава	1481
украіну	1481
наогул	1481
пражывала	1480
фільмаграфія	1480
спявак	1479
гарах	1479
выд	1479
артыстка	1478
армій	1478
расію	1477
варыянты	1477
оршы	1476
экалогія	1476
калекцыя	1476
праваслаўных	1475
чацвёрты	1474
вярнулася	1473
пэўны	1473
працягнуў	1473
июня	1473
лепшы	1473
пісаць	1472
фасада	1472
прырода	1471
узведзены	1471
берлін	1470
засталася	1470
дзяржынскага	1470
прызначыў	1468
роты	1467
дыпламат	1466
смаленск	1465
трон	1464
педагагічнага	1463
старой	1463
рэлігійныя	1462
партызанская	1462
віленскім	1461
арэнду	1461
літаратурная	1460
ўзроўні	1460
абсталявання	1460
журналістаў	1459
узросце	1459
ізраіль	1458
думка	1458
пераходу	1458
канстытуцыя	1457
французскіх	1457
гулец	1457
фармальна	1457
высокага	1457
партрэты	1457
брама	1456
ўжываецца	1456
жылыя	1456
зрабіла	1455
выступленняў	1455
акруговай	1455
грамадская	1454
падтрымліваў	1454
ру	1454
характэрна	1454
формаў	1454
актрысы	1454
званы	1453
мірнага	1453
фальварак	1453
інтэрнэт-старонка	1453
нямецкім	1452
мураваны	1452
свабоду	1451
культурны	1451
людзьмі	1451
горных	1451
міхала	1451
старажытны	1450
адзення	1450
шведскай	1450
адрозненні	1450
казкі	1450
моста	1449
паверхня	1449
запісаў	1449
палову	1448
аддзяленні	1448
гродненского	1448
магіле	1447
пагаднення	1446
паўночных	1446
сапраўды	1446
франтах	1446
адбывалася	1446
дзяржаву	1445
кіева	1445
нападу	1445
эдвард	1444
ўключана	1444
матэрыялу	1444
украінцы	1444
прыхільнікі	1444
галава	1443
ўтвараюць	1443
навакольнага	1442
культуру	1442
упраўлення	1441
абласцях	1440
выкананні	1440
задач	1440
тканіны	1440
ролях	1440
францішак	1439
сяргеевіч	1439
развіццю	1439
пабудаваў	1438
склалі	1438
італьянскай	1438
дапамог	1438
фільмы-драмы	1437
статут	1436
тэкстаў	1436
іншая	1436
францыю	1435
берагах	1435
класічнай	1434
графікі	1434
верхняя	1434
перу	1433
рэгулярна	1433
александр	1433
прымалі	1432
міліцыі	1431
фізіялогіі	1430
грамады	1430
дробныя	1430
аляксеевіч	1429
майкл	1429
мірных	1429
бібліятэцы	1429
германіяй	1428
юлія	1428
плато	1428
класіцызму	1428
апавяданне	1427
абарона	1427
рэчыцкага	1427
сіла	1426
зацьмення	1425
злучае	1424
российская	1424
краінамі	1423
ма	1423
вось	1423
районного	1423
знішчаны	1422
чырвоным	1422
групе	1422
русь	1422
старосты	1422
тэлебачання	1421
апавяданняў	1421
гадзіны	1420
чэмпіёнам	1420
яўрэйскага	1420
матчах	1420
им	1420
складаюцца	1419
запар	1419
філіпа	1419
імператарскай	1419
падзення	1419
фестывалю	1419
кваліфікацыі	1418
навукоўцы	1417
плады	1417
галоўную	1416
каханне	1415
абсталяванне	1415
ўтворана	1414
святлана	1414
паўнамоцтвы	1413
тэрміны	1413
клеткі	1413
кіт	1412
носіць	1412
прынцыпы	1411
працах	1411
сям’ёй	1410
істотна	1410
утварае	1410
спецыяльных	1410
палякі	1409
выкладчыкам	1409
гарадок	1408
цэрквы	1408
дрэвы	1407
параметры	1407
вясна	1406
пэўнай	1406
палітычным	1406
табліцы	1406
акт	1405
прыняцця	1405
даць	1405
стаяў	1405
редкол	1404
пазнаёміўся	1404
карцін	1403
называлася	1403
кампактная	1403
уладу	1402
работнікаў	1402
егіпет	1402
антонія	1402
горныя	1402
броўкі	1401
з’яўлення	1400
масавай	1400
хімічных	1400
ўласнасць	1400
ордэнамі	1400
ваяводы	1399
крыніцай	1398
паўабаронца	1398
элемент	1397
юзафа	1397
працягвалася	1397
варшаўскага	1396
эліптычная	1396
жылых	1395
ўключаны	1394
забітыя	1394
пакарання	1393
року	1393
прыродных	1392
эфект	1391
даследаваў	1390
паверсе	1390
югаславіі	1389
налічвае	1389
палякаў	1389
метадаў	1389
паўднёвых	1389
паходу	1388
арганізацыяй	1387
выконвае	1387
ўласцівасці	1387
спадарожнік	1386
справу	1386
вакал	1386
лічыўся	1385
дыяцэзіі	1385
адміністрацыя	1384
шведская	1384
вусця	1384
салдаты	1383
полацкі	1383
туды	1383
ігрок	1383
журналісты	1383
их	1383
аб’яднаны	1382
філіял	1381
зялёны	1380
вуліцай	1380
ахова	1379
паслуг	1378
спецыяльна	1378
нёмана	1378
ніжні	1377
выбар	1377
захапіў	1376
ваявода	1376
кулагін	1376
характарыстыкі	1375
структуру	1375
двое	1375
мужчына	1375
выстаўкі	1375
змена	1374
правінцый	1374
японія	1373
сутак	1372
папярэднік	1372
асобна	1372
января	1372
зверху	1372
сцэны	1372
прыкладам	1372
заняткі	1371
здымкі	1371
кангрэса	1370
самалёта	1369
акцый	1369
распрацоўцы	1368
кампанію	1367
цырымоніі	1367
знішчэння	1367
канадзе	1367
аб’ёму	1367
упразднении	1367
науки	1367
томас	1366
адбываліся	1366
дзейнічаюць	1366
функцыя	1366
фартэпіяна	1366
цікавыя	1365
раённы	1365
гарадскім	1365
масты	1365
некалькімі	1365
сядзібы	1365
маёмасць	1365
заслужаныя	1365
партызанскі	1364
пратэстаў	1364
выступалі	1364
артыкуле	1363
спрабавалі	1363
высокая	1363
аршанскага	1363
пашаны	1363
маючы	1362
сыны	1362
правілы	1362
гаспадарцы	1362
фізіка	1362
запісу	1361
напалеона	1361
доўгія	1361
рыба	1361
выяўленчага	1361
літаратурных	1360
музычнага	1360
самакіравання	1360
брытанская	1359
крызіс	1359
атмасферы	1359
надзея	1359
пытанняў	1359
невялікай	1359
сутнасці	1359
паказваюць	1359
змешчаны	1359
калектывы	1359
грошай	1357
стар	1357
шырокі	1356
манеты	1356
выкарыстаны	1356
вырабу	1355
гродненской	1354
этнічны	1354
кв	1353
біялагічных	1353
паказаны	1352
атрымалася	1352
дакументах	1352
старэйшага	1351
валянціна	1350
прывяла	1350
асобнай	1350
наперад	1350
дробных	1350
звычайны	1348
выпадак	1347
прывёў	1347
пінскага	1347
неабходнасць	1347
капліцы	1347
планіроўка	1346
веранікі	1346
апарат	1344
маёмасці	1344
умоў	1344
чэхаславакіі	1343
траўня	1343
найвышэйшы	1343
трапіла	1343
лічацца	1343
сведчаць	1343
святыя	1342
наступнае	1342
каралеўскі	1341
атакі	1341
навукоўцаў	1341
істотныя	1341
сталіцу	1339
ўзначальваў	1339
вымярэння	1339
фальклору	1339
ніякіх	1339
прадметы	1339
пункце	1338
апісвае	1338
прыходу	1338
празаік	1336
прадстаўляе	1336
фільмах	1336
схілах	1335
першымі	1334
твора	1334
навучаўся	1334
пастаўскага	1334
прадзюсар	1333
грамата	1333
вылучаюць	1333
маст	1333
масавых	1332
фінале	1332
ірака	1331
магілёўскі	1331
каліфорнія	1331
супрацоўнікам	1331
вызначае	1331
распаўсюджванне	1331
радзівілаў	1331
глобус	1330
дактары	1330
наяўнасці	1329
сяляне	1329
растуць	1329
жывапіс	1329
даліне	1328
аб’яднаных	1327
усходняга	1327
форм	1327
абазначэнне	1327
выкарыстоўвацца	1327
школах	1326
жыгімонта	1325
вярнуць	1325
злучэнні	1325
сюды	1325
кантролем	1324
аўтадарогі	1324
аўгуст	1323
мастаком	1323
паэзія	1323
кандыдаты	1322
наступствы	1322
шляхецкага	1322
размяшчэння	1322
падпісаны	1321
вільню	1320
рота	1320
шырокае	1320
узброеныя	1319
ціск	1319
мастацкія	1319
артысты	1319
книга	1319
бабруйску	1319
яўрэі	1318
сем’яў	1318
ліній	1318
вучобы	1318
верхні	1318
пераможцам	1317
саюзнікаў	1316
самае	1315
пацярпеў	1315
з’яўленне	1315
бачыць	1315
хуткасці	1314
георгія	1314
аршанскім	1314
царквой	1312
народнае	1312
президента	1312
апублікавана	1311
славян	1311
ўчастак	1311
гуманітарных	1311
рэпрэсаваныя	1311
кветкавых	1311
усёй	1310
эстонскай	1310
дадзеныя	1310
вылучаюцца	1310
любоў	1309
міхась	1308
карысталіся	1308
загадам	1307
дзіця	1307
дыяметр	1307
незалежна	1307
выклікае	1307
стартавым	1307
знойдзена	1306
хвароб	1306
бакавыя	1306
зацьменняў	1306
раманаў	1305
памятныя	1305
бронзавыя	1305
шматлікімі	1305
душы	1305
гістарычна	1304
металаў	1304
бізнесу	1304
зеландыі	1303
абслугоўвання	1303
уступіў	1303
мясцовасць	1303
рэчывы	1303
дыскаграфія	1303
браслаўскім	1302
кінарэжысёр	1301
нідэрланды	1301
кароны	1301
доступ	1301
функцый	1301
амерыканскія	1300
карабель	1300
заканадаўства	1299
фабрыка	1299
пражывае	1299
даліны	1298
паўночна-заходняй	1298
аснова	1298
славянскіх	1298
чыгуначны	1297
нагадвае	1297
узнагароджаныя	1297
адэскай	1297
пач	1296
маладога	1296
сотні	1296
сур’ёзныя	1296
пара	1296
часопісы	1296
босніі	1295
грамадстве	1295
адзначаецца	1294
спаборніцтвы	1294
ідэй	1294
з’ездзе	1293
падрыхтоўку	1293
езуітаў	1292
партал	1292
крылы	1292
брытанскага	1291
злучэнняў	1291
турызму	1291
навуковец	1290
эканаміст	1290
машына	1290
упраўленне	1290
хімічнай	1289
савеце	1289
удалося	1289
захаванне	1289
состав	1288
шырокай	1287
кароткія	1287
напісанне	1287
заявілі	1286
партызанскай	1286
самалёты	1286
праводзяцца	1286
выканаўчы	1285
расійскім	1285
купала	1284
настаўнікаў	1283
выйсці	1283
займалі	1283
вызначэння	1283
коней	1283
ускраіне	1283
ашмянскага	1282
мовазнаўства	1282
званіца	1282
зброю	1281
чорнай	1281
старым	1281
скуры	1281
лінію	1280
армянскай	1280
кірунак	1280
аднойчы	1280
ўкраінскай	1280
легенды	1279
государственный	1279
ровенскай	1279
выявіў	1278
зборы	1278
маладзечанскай	1278
чорным	1277
роўная	1277
еўрапейскім	1277
узначаліў	1277
развіваецца	1277
інтарэсаў	1276
політэхнічны	1276
працягвалі	1276
сапраўднае	1275
малдовы	1274
вене	1274
заявіла	1274
шашы	1274
генры	1273
памерам	1273
изд-во	1273
ўрач	1272
праграме	1272
ажыццяўляе	1272
тэорыю	1272
адлюстроўвае	1271
захоплены	1271
хацеў	1271
падпарадкаванні	1271
алеся	1271
пасялковай	1269
лейтэнант	1268
знайшлі	1268
пособие	1268
--з	1267
аўстрыя	1266
нельга	1266
п’емонт	1265
магазін	1265
шоу	1263
немагчыма	1262
грыбоў	1262
паэма	1261
магілёўскім	1261
звярнуўся	1261
тэхас	1260
дадатак	1260
пісьмовых	1259
філалагічных	1259
прынц	1259
ўключаюць	1259
тэма	1259
энцыклапедыі	1258
аэс	1258
ўзбярэжжы	1258
пэўных	1258
мэта	1258
палітычную	1258
запісы	1258
кажа	1258
лясной	1257
ручай	1257
дыплом	1257
спевакі	1257
неабходнасці	1256
канцэпцыі	1256
традыцый	1256
рэвалюцыя	1255
фрагменты	1255
чэмпіёнаў	1254
прыклады	1254
англійская	1253
сястры	1253
нам	1253
дэкаратыўныя	1253
сімвалы	1252
марока	1252
жаночая	1252
чыгуначнага	1252
воласць	1252
алімпійскі	1251
кадраў	1251
суддзя	1250
складаў	1250
карце	1250
межаў	1249
будучага	1249
дазваляюць	1249
святло	1249
кракаве	1247
іванаўна	1247
ўдзельнікі	1247
вестник	1247
кансерваторыі	1247
зямлёй	1246
змаглі	1246
загінулых	1245
жалеза	1245
кааліцыі	1244
увагу	1244
цвк	1244
духавенства	1244
правялі	1244
захаваць	1244
мой	1244
орша	1243
прычын	1243
настолькі	1243
рабіць	1242
каталіцтва	1241
бел	1241
шляхоў	1241
сядзібай	1241
невядома	1240
масавыя	1239
сцяны	1239
крама	1239
сб	1239
кітайскі	1238
дадатковыя	1238
луі	1237
марской	1237
лекцыі	1237
размешчаная	1237
пячоры	1237
сінгл	1237
дырыжор	1236
крызісу	1236
здольнасць	1236
маркі	1235
міцкевіча	1235
паселішчаў	1235
зімой	1235
захопу	1234
аляксандрам	1234
адносяць	1234
характарызуецца	1234
арэнды	1234
адраджэнне	1233
палесся	1233
размяшчаюцца	1233
пераважаюць	1233
паўстанні	1233
велічыня	1233
залатым	1232
грамадзянскіх	1232
матча	1232
ноября	1232
зносін	1231
літаратуру	1231
амерыканскім	1230
эфіопіі	1230
узяў	1230
рэж	1230
албаніі	1229
губернии	1229
лідарам	1228
марскія	1228
раніцай	1227
дазвол	1227
сусветны	1226
выпусціў	1226
прымяненне	1226
поўнага	1226
барысаўскага	1226
плямёны	1225
адбываюцца	1225
грамадзянін	1225
спецыяльнай	1224
перамычкай	1224
графік	1223
стадыён	1223
заклікаў	1223
тэхнікум	1223
размешчаныя	1223
пароды	1222
аднавіць	1222
танкаў	1221
з’яўляцца	1221
тэрыторыях	1221
збудаванняў	1221
нашчадкі	1221
дах	1221
гульцоў	1221
з-пад	1220
іаана	1220
паўстанцы	1220
цяжкай	1220
далучыліся	1219
спаборніцтва	1219
планет	1218
анастасія	1218
наадварот	1218
шырокім	1218
важных	1218
статусу	1217
дзесяцін	1217
выпраменьвання	1216
планавалася	1216
тэхналогія	1216
абмен	1216
прыйшлося	1216
крыла	1216
союза	1216
супрацоўнічаў	1216
асабістае	1216
фрыдрыха	1215
галасавання	1215
вызначыць	1215
вылучаецца	1215
фігуры	1215
маршалак	1215
псеўданім	1214
берагоў	1214
набыла	1214
раўніны	1214
пастаяннай	1214
рсча	1213
ліда	1213
пацярпелі	1212
ваяводстве	1212
тадэвуш	1211
кацярыны	1211
адноўлена	1211
членамі	1210
адказнасць	1210
сцвярджаў	1210
валянцін	1209
забілі	1209
сілай	1207
атрымліваюць	1207
патрабуе	1207
набор	1207
людовіка	1206
днём	1206
баварыі	1206
гімн	1206
пачаць	1206
трапілі	1206
замацаваўся	1206
магутнасцю	1205
памераў	1205
адміністрацыйная	1205
бальніца	1205
вайсковай	1204
біскупа	1204
гульню	1204
кватэры	1204
арганізатараў	1203
кіеўскі	1203
асноўную	1203
рэпрэсій	1203
нахіл	1203
вышэйшага	1203
футбольныя	1203
турмы	1203
кляштара	1203
супольнасць	1202
гібелі	1202
кантакты	1202
пастаўлена	1202
італьянскага	1201
рэалізацыі	1201
польскую	1200
ваяваў	1200
сесіі	1200
доктарскую	1200
музыканты	1199
рабілі	1199
іспанскі	1197
паставіў	1197
гітара	1197
ка	1196
наступ	1196
мир	1196
ідэю	1196
нгаб	1196
абвясцілі	1195
прылад	1195
вучоныя	1195
агляд	1195
сараса	1195
зняволення	1194
фарміраванні	1194
распаўсюджана	1194
паляванне	1194
наступнага	1193
пасад	1193
пагрозай	1193
марскі	1193
сярэдніх	1193
лісця	1193
нашага	1192
англійскага	1192
газ	1192
захоўвання	1192
кто	1192
аспірантуру	1192
снд	1191
апошняе	1191
выкарыстоўваючы	1191
насупраць	1191
камісар	1189
сі	1189
еўропу	1189
адсутнічае	1189
папярэдніх	1189
брацкая	1189
ісландыі	1188
магістра	1188
выпушчана	1187
іраку	1187
менскага	1187
традыцыйнай	1187
кірава	1187
зборнікі	1187
вуліцу	1187
механікі	1186
керамікі	1186
каралёў	1186
ніхто	1186
лячэння	1185
спецыяльнасць	1185
інструментаў	1184
брэсцкі	1184
раманы	1184
сённяшні	1183
ахоплівае	1183
максімальная	1182
артур	1182
французскія	1182
эканоміцы	1182
уефа	1182
аўтамабільнай	1182
знайшоў	1182
найлепшым	1182
археалагічных	1182
армян	1181
белорусская	1181
ўваходзіў	1181
спрыяла	1181
вопросах	1181
белым	1181
ўдар	1180
бары	1180
вылучаны	1180
грамадзянскага	1180
выдатныя	1180
павышэння	1179
распаўсюджвання	1179
народу	1178
сацыяльныя	1178
заходнюю	1177
гомельскі	1177
аркестра	1177
апісаў	1177
невядомы	1177
перыядпачатак	1177
тэрмінам	1176
рэктар	1176
журы	1176
жывых	1176
санкт-петербург	1176
гэс	1175
назіраецца	1175
сімвалам	1175
перыядканец	1175
усходніх	1174
арменія	1173
пасажыраў	1173
вялікімі	1173
адрозніваюць	1173
но	1173
пухавіцкага	1172
гдр	1171
супраціву	1171
дубль	1171
-мм	1171
блізкі	1170
адзінага	1170
трэцяе	1170
сцвярджае	1170
сэлбі	1169
асяроддзе	1169
прадукты	1169
поўным	1169
перавышае	1169
здольнасці	1169
рэакцыі	1169
фасады	1169
аўстралія	1168
уведзены	1168
традыцыйная	1168
прэмій	1168
практыцы	1168
тэатральны	1167
пінск	1167
кары	1167
дзеяннях	1167
тавараў	1167
новости	1167
дзяржаўнае	1166
французскім	1166
каталіцкага	1166
агулам	1166
кангрэс	1165
шанхай	1165
жизнь	1165
ўстаноўлена	1164
працягвае	1164
людміла	1163
названыя	1163
вырашылі	1163
знакаў	1163
рэжысёрам	1163
дазволіў	1162
дваццаць	1161
характэрныя	1161
якаў	1160
інструменты	1160
аднайменнага	1160
польшчай	1158
ўсходу	1158
нка	1158
ачкі	1158
тыдняў	1157
адзначыць	1157
ўсходніх	1156
падраздзяленне	1156
важныя	1156
зрэдку	1156
рэспубліканскай	1156
супрацоўніцтве	1155
бабруйскага	1155
калектыў	1155
плаванні	1154
групамі	1154
шырокія	1154
гарадоцкага	1154
вайной	1153
ёю	1153
пажару	1152
забяспечыць	1152
галоўнае	1152
колас	1151
роўны	1151
ціхага	1151
буйной	1151
гвалту	1150
пасяджэнні	1150
згоды	1150
сацыяльнага	1150
райвыканкама	1150
ўзвышша	1150
глыбоцкага	1150
алей	1150
мерапрыемстваў	1149
кароткая	1149
аб’екта	1148
францішка	1147
раённай	1147
персанажаў	1146
узбярэжжы	1145
дэвід	1145
дададзены	1145
літоўская	1145
ўварвання	1145
знакам	1145
гк	1145
даюць	1144
тэхніцы	1144
магутнасці	1143
імкнуўся	1143
беларускамоўныя	1143
веснік	1143
перапіс	1142
дзейнічаць	1142
жаночага	1142
выбраны	1142
мовамі	1142
ліста	1142
італію	1141
часовага	1141
асацыяцыя	1141
баках	1141
адзенне	1140
сусветным	1140
галавы	1140
галін	1140
цэнтральных	1140
магло	1140
суперкубка	1140
ібн	1139
археалогіі	1139
гук	1139
паўночную	1139
падтрымаў	1139
ўпраўленне	1139
такую	1139
размеркаванне	1139
апісаны	1139
адпраўлены	1137
саюзе	1137
літаратурнага	1137
захапіць	1137
кандыдацкую	1137
македоніі	1136
усю	1136
шырыні	1136
гандлёвыя	1135
кароткай	1135
дакумент	1134
сезону	1134
венецыі	1134
вызваленні	1134
дзіцяці	1134
ворага	1134
знешняй	1134
завяршэння	1134
пачынаў	1134
падобных	1133
страціла	1133
датуецца	1133
карані	1133
февраля	1133
сустрэча	1132
агульнае	1132
табліца	1132
белых	1132
аўстрыйскі	1131
тэлебачанні	1131
паказалі	1131
вядзецца	1131
традыцыйных	1131
транспартныя	1131
пакінула	1131
гімназію	1131
раскопкі	1130
навіны	1130
магілы	1130
топ-	1130
акты	1129
ганаровага	1129
продкаў	1129
пашырэння	1129
юрыдычны	1128
будучыні	1128
федэрацыя	1128
сабраў	1127
намаляваны	1127
бабруйск	1126
дваранства	1126
вусце	1126
крытыкаў	1126
праводзілася	1125
каліфорніі	1125
пакаранне	1125
ваколіцах	1125
крамы	1125
прыродзе	1125
пазбегнуць	1124
антонавіч	1124
буйным	1124
перавароту	1123
вывучае	1123
страцілі	1122
усходні	1122
балтыйскага	1122
расход	1122
валожынскага	1122
-летию	1122
турме	1122
сонечнай	1121
спаборніцтвах	1121
бабруйскай	1121
ра	1121
поўная	1120
ўзялі	1120
камедыі	1120
турцыя	1120
звязда	1120
эканамічныя	1120
традыцыйныя	1120
стралковага	1120
мінскае	1119
сышоў	1119
работу	1119
войску	1119
засталося	1119
эксплуатацыі	1118
глава	1118
прыпыначны	1118
каляндар	1117
зале	1117
блізкім	1117
вучыцца	1117
майстэрства	1117
японскай	1116
веды	1116
часцяком	1115
раёнам	1115
гол	1114
нараджэнні	1114
пераклаў	1114
мастацтвазнаўства	1114
пратэсты	1113
майстроў	1113
людовік	1112
ніна	1112
рэкорд	1112
рэакцыя	1112
ядра	1112
класе	1112
эстонскі	1111
геаграфіі	1111
чалавецтва	1111
тройцы	1111
уся	1110
азія	1110
плямёнаў	1110
храмаў	1109
высновы	1109
спецыяльныя	1109
паводзіны	1109
слуцк	1108
знішчана	1107
мужам	1107
медаля	1107
фізіка-матэматычных	1107
польскімі	1106
вёсках	1106
мазырскага	1106
ідуць	1106
сталіна	1105
дзверы	1105
паўвостраў	1105
знакаміты	1105
аляксея	1105
дзяржавамі	1104
старажытнагрэчаскай	1104
рэгіёну	1104
скопішча	1104
выканаўцы	1104
згуляў	1103
ўдзельнікаў	1103
гледачоў	1103
лепш	1103
вяртаецца	1102
сто	1102
найлепшых	1102
вяла	1102
міфалогія	1101
гомельской	1101
мікалаеўна	1100
канцэрт	1100
разведкі	1100
земляў	1100
замкі	1100
прызваны	1100
выдадзена	1099
цяжкіх	1099
сайте	1099
епіскап	1098
уладаў	1098
заставаліся	1098
духу	1098
зямной	1098
шчыт	1098
прамысловых	1098
дзевяць	1098
прадстаўніком	1097
органам	1097
мясцовы	1097
быццам	1097
прызначэнне	1097
прапануе	1097
ахове	1096
вызначаны	1095
маёнткі	1095
трое	1095
напад	1094
прыйшла	1094
смаленскага	1094
распаўсюджаныя	1094
афганістана	1093
паўднёва-заходняй	1093
юрыст	1093
прэм’ер-міністрам	1093
правяла	1093
падпарадкавання	1093
ракой	1093
адтуль	1093
даліна	1093
дарослых	1093
дызайн	1093
пінску	1092
чарнобыльскай	1092
правага	1092
каштоўнасцей	1092
мірны	1091
сербскай	1091
франц	1090
падаў	1090
здабычы	1090
паражэння	1090
владимир	1090
брытанскіх	1089
кавалер	1089
адрасе	1089
ны	1089
травяністых	1089
нейкі	1088
пэўныя	1088
абавязкаў	1088
току	1088
дзіцячай	1087
дзесяці	1087
вярнуліся	1087
жанру	1087
сусвету	1087
археалогія	1087
аперацыю	1086
прычыне	1086
каталіцкая	1086
непадалёк	1086
штаты	1086
нашчадкаў	1086
высока	1086
рычард	1085
пецярбургу	1085
змен	1085
робяць	1085
алены	1084
акруг	1084
публікацый	1084
мітрапаліт	1083
псіхалогіі	1083
доктора	1083
сфера	1082
рашэнняў	1082
паэтаў	1082
лістоў	1082
губернатара	1081
мужчынскага	1081
адкрыцці	1080
рэлігійнай	1080
стварыла	1080
галоў	1080
турызм	1080
клетак	1080
вілейскім	1080
экспедыцыя	1079
этнаграфіі	1079
вышэйшы	1079
доўга	1079
заснавальнікам	1078
падтрымлівае	1078
рукапіс	1078
белсэ	1078
падабенства	1077
рэгіёны	1077
прыватнай	1077
дадзенай	1077
двухпавярховы	1077
ядзернай	1076
крыма	1076
пахаванне	1076
захворванняў	1076
выцякае	1076
уласнасць	1076
абвяшчэння	1075
лесе	1075
арышту	1075
разнастайныя	1074
адзначана	1074
метра	1074
горацкага	1074
працягвала	1073
багдановіча	1073
выкарыстанні	1073
балота	1073
вв	1073
тройчы	1072
пост	1072
удзелу	1072
названая	1072
плыні	1072
гармат	1072
фрг	1071
афіцэр	1071
рускім	1071
мільёна	1071
асабісты	1070
швейцарыя	1070
паверхню	1070
аўтарства	1070
спецыяльнага	1070
баевікоў	1070
праблема	1070
фінляндыя	1069
індыя	1069
афіцыйнага	1069
улікам	1069
лесам	1069
музыкант	1068
работнік	1068
дзяўчына	1068
называюцца	1068
мужнасць	1068
центр	1068
канфедэрацыі	1067
зміцер	1067
адзначае	1067
вочы	1067
капітана	1065
перайменавана	1065
традыцыя	1065
дазволілі	1065
памочнікам	1065
якуб	1064
ўсходнім	1064
радзіме	1064
будаўнічых	1064
клубаў	1064
могілак	1064
праёмамі	1064
залатога	1063
ўвазе	1063
ўзяў	1062
война	1062
навуковае	1062
тыдні	1062
ўласнай	1062
чорныя	1062
папам	1061
васьмі	1061
рук	1061
здолелі	1061
могилевского	1061
роберта	1060
чыгунка	1060
каледжа	1060
віч	1060
спартыўная	1059
харчовай	1059
дно	1059
падсямейства	1059
хімік	1058
вядучы	1058
далёка	1058
пакінуўшы	1058
ііі	1057
падыход	1057
левага	1057
меней	1057
прысутнасці	1056
ціскам	1056
элементамі	1056
фр	1056
прафесійнай	1056
токіа	1055
адміністрацыйнага	1055
выйграла	1055
канцэпцыя	1055
позняга	1054
берліна	1054
спыніла	1054
роўна	1054
успаміны	1054
фердынанд	1053
сектар	1053
іншую	1053
карабля	1052
віктаравіч	1052
хваля	1052
вітаўта	1052
напісання	1052
навуцы	1052
суддзі	1052
колераў	1052
эксплуатацыю	1051
хрысціян	1051
далучэння	1051
самім	1051
айчынная	1051
образования	1051
в’етнама	1050
бліжэй	1050
тая	1050
ўраду	1049
аб’ядноўвае	1049
паліцыя	1049
мяркуюць	1049
багоў	1049
гітлераўскімі	1049
рэлігійны	1048
каталіцкіх	1048
вакзал	1048
добры	1048
прымаць	1048
насілі	1048
ішла	1048
косава	1047
занесены	1047
горны	1047
прамым	1047
-ці	1046
кіраваць	1046
паслом	1046
эсэ	1046
персанажы	1046
выпусціла	1045
егіпце	1045
прыехаў	1045
серыял	1045
уэльса	1045
баранавічах	1045
тэхнічныя	1045
пазіцый	1045
выбраныя	1045
пассавета	1045
шахцёр	1045
жфк	1045
прынца	1044
выдавец	1043
канстанцінавіч	1043
абсерваторыі	1043
спалілі	1043
кім	1042
іаан	1042
выступілі	1042
атлас	1042
залатой	1041
вызначэнне	1041
пытання	1041
клімату	1041
пласт	1041
ради	1041
губернатар	1040
алі	1040
музыцы	1040
нумары	1040
папулярных	1040
літ	1040
сцяпан	1039
вайскоўцы	1039
абласны	1039
афіцэры	1039
уладанняў	1039
еўрапейскія	1039
дзвіны	1039
республика	1039
язэп	1038
дзяніс	1038
вясны	1038
рэстаўрацыі	1038
сямён	1038
актыўнасці	1038
заваяваў	1038
граматы	1038
сцяпанавіч	1038
назве	1037
ле	1037
науч	1037
ўся	1036
нізкія	1036
сэнс	1036
філосафы	1036
ўведзена	1035
пана	1035
малодшага	1035
каледжы	1035
музычная	1035
самкі	1035
найлепшая	1035
канструкцыя	1035
рангу	1035
трохі	1034
песняй	1033
гарадамі	1033
доступу	1032
абазначэння	1032
мерапрыемствы	1032
культурнага	1032
спектаклі	1032
лічынкі	1032
беласток	1031
вуп	1031
формай	1031
нарыс	1031
атлетыцы	1031
вучобу	1031
адмовіліся	1030
атрыманне	1030
вільгельма	1030
налічваецца	1030
спа	1030
брэсцкім	1030
сярэднія	1029
выразна	1029
кветак	1028
рознай	1028
университета	1028
катлавіна	1028
населенных	1028
распачаў	1027
наведваў	1027
артыкула	1027
белорусский	1027
калоны	1027
падпісалі	1026
апосталаў	1026
легенда	1026
дон	1026
культурныя	1026
літар	1026
энергія	1026
общая	1026
николай	1026
ансамбля	1025
захопнікамі	1025
львоў	1025
адміністрацыйных	1025
камбінат	1025
гомельскім	1024
ісус	1024
якаўлевіч	1024
складаных	1024
цяжкія	1024
ўзор	1024
называўся	1023
выпадкі	1023
тура	1022
дзіцячыя	1022
рыс	1022
паведаміла	1022
святара	1022
проблемы	1022
робіцца	1021
румынія	1021
фрагмент	1021
калегіі	1021
цесна	1021
працяг	1021
часціцы	1021
генеральным	1020
заснавалі	1020
хуткім	1020
львове	1020
наступнай	1019
завершана	1019
лідскі	1019
прыведзены	1019
сродак	1019
дзмітрыевіч	1019
ўласныя	1019
тэхнічнага	1019
гарадоцкім	1019
прысвечаная	1019
медыкі	1019
мексікі	1018
прапанову	1018
незалежных	1018
все	1018
выраб	1018
усімі	1018
схема	1018
рухавіка	1018
баявой	1017
іосіфавіч	1017
секцыі	1017
камандай	1017
кінафестывалю	1017
стакгольме	1016
нацыі	1016
вывучэнні	1016
лясных	1016
птушка	1016
мядзведзіца	1016
травяністая	1016
каралю	1015
ледзь	1015
паркі	1015
перадаць	1014
зварот	1014
юнацтва	1014
жлобін	1014
пакаленне	1014
любой	1013
прыбылі	1013
век	1013
падраздзяленняў	1013
памеру	1013
ішлі	1013
інфармацыйных	1012
патрэбы	1012
вядучых	1012
экспазіцыя	1011
аўстрыйскай	1010
сушы	1010
імперыяй	1010
замежнай	1010
бачнасці	1010
мінімум	1009
калумбіі	1009
святая	1009
палёту	1009
цывілізацыі	1009
драмы	1008
краінай	1008
ордэны	1008
выхавання	1008
развіццём	1008
звольнены	1008
горка	1008
назвалі	1007
выклікаў	1007
сапраўдны	1007
казак	1006
сыну	1006
скрыжаванні	1006
адрас	1005
стаўленне	1005
каналаў	1005
паштовая	1005
імаверна	1004
складаныя	1004
скончыўся	1003
ахвяры	1003
родам	1003
паўвостраве	1003
аддаў	1003
гуляць	1003
дала	1002
прэзідэнце	1002
глыбокае	1002
кахання	1001
паступіла	1001
жанр	1001
дзмітрыя	1001
пачынаюць	1000
менску	1000
улад	1000
важнай	1000
шляхі	1000
настаўніка	999
выбаршчыкаў	999
польскае	999
абшчына	999
канферэнцыя	998
барысаў	998
старэйшым	998
агульную	998
сааўтарстве	998
правядзенні	997
перакладу	997
белта	997
злучэння	997
мілан	996
шаўчэнкі	996
становішчы	996
бальшавікоў	996
асб	996
багі	995
зброяй	995
спрэчкі	995
станцыяй	995
савецкімі	994
т-	994
ўчасткі	994
стаяць	994
слаба	994
дэталі	994
узнагарод	994
пабудоў	994
захворванні	994
паўнамоцтваў	993
філасофія	993
ота	992
злучаныя	992
гарматы	992
раёнамі	992
перакладаў	992
сонечныя	992
афганістане	991
джо	991
аляксандраўна	991
жыхарамі	991
праводзілі	991
паведамленні	991
сутыкненні	991
супраціўленне	991
выступіла	991
невялікім	991
камяні	991
поспехі	991
зборніка	991
барыса	991
візантыі	990
дасягнулі	990
вузел	990
паслы	990
ўзнагароджаны	990
арол	990
рухам	990
пружанскага	990
выданнях	990
автореферат	990
працоўную	989
марына	989
яўрэйскіх	989
галаву	989
вопыт	989
пісьма	989
гандлёвых	988
баранавіцкай	988
каралеўскім	988
парламенцкіх	988
полу	988
палкоўніка	988
установах	988
словамі	988
кнр	987
мары	987
вацлаў	987
разрадзе	987
падзяляюцца	987
мужчынскай	986
знаходкі	986
паслугі	985
зону	985
склалася	985
ўпадае	985
акупавана	985
характеристика	985
насенне	985
рызе	984
намер	984
вёскай	984
любы	984
аб’ектам	984
разглядаецца	984
кіруе	984
лепшым	984
папулярны	983
выйшаўшы	983
узбекістана	983
или	983
загадчыка	983
даты	982
пяты	982
валоданне	982
территории	982
травы	982
літаратуразнавец	981
пазбаўлення	981
прысвечана	981
выехаў	981
спецыяльны	981
вайсковых	981
сямёнавіч	981
ежу	981
том--	981
паперы	980
-ым	980
напэўна	980
прымала	980
карт	980
афіцыйныя	979
прадстаўніцтва	979
пастановы	979
кантэксце	979
брамы	979
часовы	978
сібір	978
пітэр	978
узровень	978
дазволу	978
экспазіцыі	977
спыніў	977
асобнікаў	977
прафсаюзаў	977
аб’ёмам	977
ганаровая	977
рэспубліканскі	976
чатырма	976
лідары	976
шырокую	976
маладым	976
валодалі	976
батанікі	976
густаў	975
марціна	975
крымінальнага	975
чырвоныя	975
дзецьмі	975
ўтварае	975
народным	974
забіць	974
запрошаны	974
перадач	974
саветнік	974
заменены	973
іран	973
гарнізон	973
хрысціянскай	973
моцным	973
мёрскага	973
пахаванні	973
архіва	973
лондана	972
грэцыя	972
сям’ю	972
радовішчы	972
пазіцыя	972
наконт	972
сядзібнага	972
цяперашняга	971
археолаг	971
бежанцаў	971
сан	971
храме	971
аблвыканкама	971
рамане	971
траўмы	971
парушэнне	970
алтар	970
рэдакцыя	970
налічвала	970
сектара	969
прэм’ер-міністры	969
мира	969
срэбра	969
львова	969
турніраў	969
блок	968
апісання	968
гімназія	967
лёгкіх	967
опера	967
прызнана	966
падобная	966
прастора	966
прозы	966
латвія	965
карыстаўся	965
расліннасць	965
заходнія	965
малюнкі	965
пражываў	965
рымскім	964
інфарматыкі	964
ўзброеных	964
бор	964
дзед	964
размешчаных	964
судана	963
чыкага	963
военачальнік	963
вароты	963
ніл	963
мін	963
падпарадкаваны	963
атрымлівалі	963
выкарыстоўваў	962
прапановы	962
правда	962
дух	962
ўяўляюць	961
выкладчыкаў	961
студэнты	961
спрабуе	961
старажытная	961
штатах	961
раўнда	961
асіповічы	961
палёт	960
пошуку	960
августа	960
псеўданімам	960
падобна	960
увосень	960
трэнера	960
про	960
рабіў	959
простых	959
фізічныя	959
важны	959
галінах	958
дэмакратыі	958
днк	958
рыбалоўства	958
партыяй	958
ствараць	958
павелічэнне	958
вокны	958
князю	957
венгрыя	957
лонданскага	957
племя	957
паўднёвую	957
надзеі	957
павялічылася	957
блізкія	957
выклікалі	957
роспіс	957
танцы	957
агульных	956
гандлёвы	956
аднавіў	956
лявон	956
байцоў	956
санкцыі	956
некаторымі	956
сітуацыю	956
здабыча	956
абрад	956
туры	955
балгарыя	955
сафіі	955
сінагога	955
дзяцінстве	955
астэроід	954
завяршыў	954
раскопак	954
аказалася	954
удзельнікам	954
прафесійных	954
суворава	953
парыжскай	953
знішчылі	953
базу	953
сафія	953
мясцовымі	953
гістарыяграфіі	953
паверх	953
выбуху	952
маршал	952
шчучынскага	952
шведскага	951
нацысцкай	951
увайшлі	951
лідара	951
сойм	951
ленінградскай	951
адлюстраванне	951
парка	951
доп	951
спартыўнай	950
слоўніка	950
кампазітара	950
жонку	950
кроў	950
плоскасці	950
дамамі	950
марак	949
акіян	949
загаду	949
мёрфі	949
вікіпедыі	949
гаспадара	949
франсуа	948
гораду	948
злучэнне	948
закладзены	948
пабудаваць	948
па-ранейшаму	948
сярэднявеччы	948
практыкі	947
ўзаемадзеяння	947
прыхільнікам	947
антона	947
ўсталяваны	946
свабоднага	946
украінскага	946
збораў	946
нарысы	946
юрыдычных	945
сабраны	945
тлумачыцца	945
астэроідаў	945
жизни	945
верховної	945
рэзідэнцыя	944
фабрыкі	944
класы	944
камандзіры	944
маладосць	944
валодаюць	944
праваслаўнага	944
здымак	943
мемарыяльны	943
алфавіт	943
воды	943
ігракоў	943
годы	943
літара	943
косці	942
руіны	942
носьбітаў	942
узнік	942
прамавугольны	942
працоўныя	941
пажар	941
слонімскага	941
зрэшты	941
сцябло	941
фунтаў	940
смаленска	940
агнём	940
сусветных	940
высокую	940
футбол	940
канале	940
липня	940
моды	939
азербайджанскай	938
арганізавана	938
палатно	938
абласной	938
энцыкл	938
навучальнай	938
лясная	937
былым	937
рус	937
поспехам	937
святароў	936
актаў	936
турыстаў	936
кампазіцыю	936
сястрой	936
вучні	936
пояса	935
постанова	935
уласнасці	934
застаюцца	934
манаграфій	934
таа	933
станцый	933
ўдзеле	933
структур	933
мзс	933
сучасную	933
шпіталь	932
арганізатар	932
нясвіжы	932
становяцца	932
змяняецца	932
парушэнні	931
рэспубліку	931
венгерскай	931
атрыманы	931
завецца	931
советского	931
спаборніцтваў	931
календары	930
гісторыка	930
адольф	929
цырымонія	929
выявілі	929
усходне-казахстанскай	929
чарнагорыі	928
тэрыторыяй	928
аконнымі	928
абвінавачванні	927
судзе	927
задача	927
гэтымі	927
пояс	927
восені	927
адмовіцца	927
лабараторыя	927
заняты	926
пустыні	926
продаж	926
пан	926
дызайну	926
блізкага	926
відамі	926
вядуць	926
суму	925
нароўні	925
пакоі	925
фальклор	925
успамінаў	925
диссертации	925
кабінет	924
дапамагчы	924
арабскай	924
віленская	924
дэлегаты	924
дзясяткаў	924
паветры	924
исследования	924
пакрыты	924
следства	924
пахавана	924
фіксавалася	924
насякомыя	924
фізічных	923
рыгора	923
фізічнага	923
еўрапейская	923
забітых	923
падтрымка	923
мер	923
нападнік	923
канчатковым	923
азербайджан	922
аўтамабіля	922
пасяліўся	922
гродно	922
расстраляны	921
статуя	921
надпісам	921
юпітэра	920
акадэмічнага	920
правам	920
маёр	920
міністэрстве	920
пабудавалі	920
пахавання	920
рухавіком	919
хрысціянскія	919
спалучэнне	919
старшым	919
зборнікаў	919
пунктов	919
асамблеі	918
захоп	918
сапега	918
сіці	918
залатыя	918
асср	918
выхаванец	918
забаронена	917
увайшла	917
спробу	917
працягваецца	917
паведамленне	917
творчай	917
прыход	917
прэфектуры	917
таксанамія	917
пінскай	916
ўключала	916
каменныя	916
прынесла	916
пастаўскім	916
жаданне	915
рымскія	915
старажытным	915
нясвіж	915
рэпрэсіі	915
інтэр’еры	915
скопішчы	915
памочнік	914
аварыі	914
атаку	914
сапегі	914
папуляцыі	914
функцыю	914
отв	914
джорджа	913
пачатковай	913
аблогі	913
глеб	913
тэхаса	913
шматгадовая	913
аспірантуры	913
евангелле	912
рэспублік	912
з’ехаў	912
падоўжыў	912
наступлення	911
арбіты	911
сляды	911
камянёў	911
рабочага	911
служылі	911
змену	910
пакістана	910
пацвердзіў	910
вадзім	910
абмену	910
перыяды	910
памяшканне	910
амерыка	910
ліквідаваны	909
спартыўныя	909
рэспубліканскім	908
адмовілася	908
апарата	908
слуцкім	908
сацыяльная	908
вяртанні	908
біяграфіі	908
сімвалаў	907
афрыка	907
рознага	907
староста	907
камандуючага	907
загадзе	906
англійскую	906
чэшскай	906
энергетыкі	906
абаронцы	906
найбуйнейшым	906
стаяла	906
геалогія	906
рана	906
адзначаў	906
адкрылі	905
аўтаноміі	905
атлантычнага	905
стаялі	905
дадому	905
здольны	905
афарбоўка	905
каналы	905
рабочай	905
чвэрці	904
прастола	904
аднаму	904
ням	904
глабальная	904
манголіі	903
астраном	903
пагадненні	903
медалёў	903
спартыўных	903
альберта	902
целы	902
ліквідавана	902
лагера	902
лідзе	902
імені	902
падрыхтаваў	902
галоўнымі	902
усім	902
тэхнічнай	902
издание	902
акіяне	901
маргарыта	901
заняпад	901
спецыялізуецца	901
калегіума	901
время	901
ваўкавыскага	901
выставы	901
джавані	900
вольным	900
старонках	900
доўгіх	900
званыя	900
рэгістрацыі	899
лука	899
грэчаскага	899
кіраванні	899
актыўных	899
ўнутранай	899
единиц	899
музычным	899
мядзельскага	899
сяброўства	898
рэчаў	898
сярэбраныя	898
мастачка	897
пазбаўлены	897
сімвалізуе	897
падпісання	896
мужчынскі	896
морам	896
велічыню	896
сянюніі	896
аўстра-венгрыі	895
францыяй	895
паўднёва-усходняй	895
ядро	895
партызанскіх	895
запісаны	895
беларуссю	894
злачынства	894
іосіфа	894
падаткаў	894
асобай	894
саветам	894
глыбоцкім	894
мазыр	893
спартсмен	893
ніжняга	893
эпоха	893
развіваюцца	893
збудаванне	893
казахстане	892
трамп	891
вырашэння	891
выступаюць	891
турму	891
кампазіцый	891
киев	891
уладальнікам	890
сейма	890
староства	890
нападаў	890
сутнасць	890
гіст	890
друкарні	889
геаграфічных	889
гарадское	889
простыя	889
чэшскі	888
георг	888
лічыліся	888
узнікла	888
каменны	888
запасы	888
вод	888
мясцовае	888
гомельского	888
журналістыкі	888
адкрылася	887
адзіную	887
фазы	887
пачало	886
франка	886
ўзбраенне	886
напісаная	886
тэрміна	886
лячэнне	886
праспекта	886
антоніа	885
стваральнік	885
макс	885
палата	885
дэбют	885
параўнальна	885
археолагі	885
образований	885
прыватныя	884
альберт	884
танк	884
ашмянскім	884
рэчаіснасці	884
дзіцячых	884
марках	884
бюст	884
архіпелага	883
слава	883
ўласных	883
адказаў	883
гісторыкаў	883
хворых	883
муниципальных	883
механізм	882
каштоўнасць	882
выкарыстаў	882
этнічных	882
выканаўца	881
органамі	881
ночы	881
ленінскага	881
называе	881
неадкладна	881
меркаванні	881
бачыў	881
рымская	880
сіні	880
асобным	880
роляў	880
эпізод	880
сяржант	880
узяты	879
місія	879
ўзнагароду	879
цэлы	879
лекавыя	879
колькі	878
абраду	878
змянілася	878
значным	878
ўзоры	878
невялікімі	878
знішчэнне	878
багаты	877
хрысціянскіх	877
росквіту	877
царкоўнай	877
ўзнікнення	877
пабудаваная	877
города	877
даху	876
знікнення	876
прысвяціў	876
медыцынскім	876
выходзяць	875
марса	875
створаныя	875
палескай	875
павятовага	875
бгу	875
лінзападобная	875
абавязкова	874
элізабэт	874
гонцы	874
найлепшую	874
водных	874
сукупнасць	874
палі	874
курсаў	874
навуковую	874
сады	874
лікі	874
часопісах	874
дэбютавала	874
мэры	873
тэалогіі	873
буйная	873
павелічэння	873
нясвіжскага	873
кабінета	873
найбольшую	873
уваходзяць	873
арсенал	873
інжынерам	873
лізавета	872
драматычны	872
немцамі	872
нямецкую	872
перасякае	872
саступіў	872
з’яў	872
меркавалася	872
прыватная	871
дзіцячая	871
судом	871
крыло	871
футбола	871
прызнання	871
дасягнуць	871
водгукі	871
жыгімонт	870
знешні	870
ужываецца	870
намеснікі	870
герман	869
пачатковая	869
міжнароднае	869
затрыманы	869
газету	869
прамысловай	869
хрыбта	869
актыўную	869
асаблівую	869
футбольнай	869
душ	869
дэлегацыі	869
маршрут	869
музеяў	868
усходнім	868
мікіта	868
слуцку	868
дзі	868
дзясяткі	868
версію	868
распрацавана	868
якасць	868
імкнуліся	868
спосабам	868
ўзніклі	868
сваякоў	868
вывучэнню	868
арцём	867
злучаны	867
сетку	867
асобнага	867
мінулага	867
пляцоўка	867
людвіг	866
рэзідэнцыі	866
марскога	866
дакументальны	866
персанаж	866
шляхта	866
бывае	866
іслам	866
моцныя	866
ко	866
важнае	866
дэпо	866
ркп	865
вырасла	865
каўказа	865
называцца	864
прыгоды	864
узбярэжжа	864
абедзвюх	864
удзельнічала	864
рукапісы	864
сябар	864
просьбай	863
напалеон	863
дзяржаўнасці	863
палескага	863
уваход	863
забойствы	863
папулярнай	863
вызначыўся	863
індыйскага	862
хельсінкі	862
федэральнага	862
паспрабаваў	862
прымянення	862
жакевіч	862
фіналіст	862
саду	862
блізкіх	861
заключаны	861
прэміяй	861
малака	861
грамадскім	861
дружбы	861
запавету	861
выхаванне	861
казаў	861
прадстаўніка	860
славеніі	860
укп	860
навасёлкі	860
людзям	860
ставіцца	860
культ	859
рад	859
гарадскую	859
фактараў	859
фларэнцыі	859
бельгія	858
бнф	858
лодкі	858
яўрэйскія	858
драма	858
гандболе	858
тэхнічны	857
намаганні	857
абмежаваны	857
атрымліваў	857
сучаснае	857
административно-территориальных	857
перакладамі	857
пошук	856
падпалкоўнік	856
выяўленыя	856
рэдкія	856
академия	856
серыяла	855
нумарам	855
языка	855
адсутнічаюць	854
вырашыла	854
зносіны	854
распрацоўку	854
працягваліся	854
биографический	854
найболей	854
раўндзе	854
кірыл	853
глебе	853
сем’і	853
снк	853
продкі	853
прыём	853
мас	853
знаходзіць	853
зацвердзіў	852
цэнтральную	852
дапаможнік	852
прыкметы	852
жыхара	852
кавалерыі	852
фінансавых	852
бакалаўра	852
карціну	851
вілейскай	851
прайсці	851
нормы	851
гаворак	851
прывесці	850
маркса	850
бразілія	850
імператарскага	850
супраціў	850
спалучэнні	850
пастаяннага	850
машынабудавання	850
вучэнне	850
анры	849
ратуша	849
папулярным	849
шасі	849
ўкраінскага	848
пагрозы	848
факультэты	848
-гадовага	847
расійскімі	847
дзесяцігоддзі	847
аблічча	847
чын	847
інжынерыі	847
змяшчаюць	846
уваходзілі	846
сената	845
пагоня	845
паслядоўна	845
рукапісаў	845
індзейцаў	845
падтрымлівалі	845
выкладання	845
мёрскім	845
прамой	845
очерки	845
брытанскія	844
асобная	844
перавозкі	844
вядомымі	844
стылем	844
пскоўскай	844
архив	844
змяніла	843
вырас	843
чырвоных	843
здольныя	843
сербія	842
вярхоўнай	842
жаночыя	842
рэсурсы	842
матывы	842
уласна	842
свядомасці	842
язык	842
рагачоўскага	842
сонечны	842
абкама	842
майстра	841
заваявала	841
эканамічным	841
манаграфіі	841
ленинград	841
кіраваннем	840
краязнаўчы	840
пацярпела	840
акупіравана	840
ногі	840
біскупам	839
выканана	839
астравецкага	839
михаил	839
карэя	838
версій	838
паходзяць	838
па-беларуску	838
дачок	838
дайшоў	837
кіравалі	837
актыўнасць	837
паўднёва-ўсходняй	837
венгерскі	836
турэцкай	836
само	836
ноччу	836
раннім	836
пэўную	836
сакратары	836
памяшканняў	836
маз-	836
дыпламатычныя	835
забаронены	835
знешняя	835
мелася	835
свіслач	835
аддадзены	835
сума	834
яўрэйскі	834
далучылася	834
кінафестывалі	834
заключаецца	834
любога	834
сцэнарый	834
архіпелаг	833
цягнік	833
іаган	833
вока	833
крыжам	833
адвагу	833
святары	833
кампазітараў	833
існаваць	832
слуцкі	832
родным	832
белорусского	832
тадэвуша	831
прастору	831
паўстала	831
сувязяў	831
вырабляецца	831
гаворка	831
муніцыпальнае	831
мадыфікацыі	831
нарвегія	830
корань	830
задачай	830
прысутнасць	830
будынкам	830
размах	830
жывёлагадоўлі	830
драматычнага	829
звычайных	829
левай	829
прыпадае	829
драўляных	829
яйкі	829
аграгарадка	829
янам	828
статуі	828
фірмы	828
асобнымі	828
нді	828
драўлянымі	828
знішчыў	827
памятная	827
прысвечаныя	827
нядаўна	827
залежнасць	827
вымушана	827
рухі	827
адзінае	827
колішнія	827
правай	827
рэдактара	827
вайсковыя	826
вяселле	826
чэмпіянатаў	826
малюнкаў	826
сямействы	826
танец	826
уладзіміраўна	825
камісію	825
шэкспіра	825
партыйнай	825
акад	825
венесуэлы	824
уільямс	824
працоўнай	824
шкла	824
нараджэнне	824
суткі	824
государственного	824
архіве	824
пераможцаў	824
замужам	824
валейболе	824
маскоўская	823
перадача	823
аб’яднанні	823
злачынствы	823
судоў	823
сельскагаспадарчага	823
ўскі	823
техника	823
губернскага	822
адказнасці	822
цяжкасці	822
рэжыме	822
меркавання	822
накшталт	822
лепшыя	822
сенненскага	822
тамара	821
вашынгтон	821
ўзяць	821
маёнткаў	821
ісці	821
палітычнымі	821
выконвалі	821
займаюцца	820
ініцыятывы	820
прынцэса	820
эвалюцыі	820
праліў	820
назіранні	820
старое	820
сведчанні	820
бульбы	820
станцыю	820
канцэрты	820
сергей	820
ўкраінскіх	820
скарына	819
балет	819
танкі	819
строга	819
стравы	819
рухаў	819
каналізаванае	819
дапамога	818
каўказе	818
сучаснасць	818
рымскіх	817
мітрапаліта	817
аэрапорта	817
чыноўнікаў	817
ўваход	817
саўгаса	817
паэтэса	816
перайсці	816
прыпяці	816
вярнулі	816
накіравана	816
ранняй	816
рэабілітаваны	816
абсталяваны	816
зместу	816
раніцы	815
пабудова	815
хімічны	815
меркавана	815
выпадкова	815
заводы	815
пісьмо	815
архітэктурны	815
выдатны	814
пакрыта	814
давялося	814
размеркавання	814
асвета	814
сянюнія	814
манархіі	813
в’етнаме	813
эдуарда	813
сістэмах	813
чацвёртага	813
прызнала	812
літоўцаў	812
вольны	812
хор	812
палессе	812
работа	812
пясчаныя	812
пакой	812
цвіце	812
фотаздымкі	811
германскіх	811
паведамляе	811
апісанні	811
званай	811
редакцией	811
моладзевай	811
надпісы	811
камунікацый	811
падання	810
возерам	810
сап	810
тэрміну	809
рыжскага	809
пяхотнай	809
турын	809
трагедыі	809
епархія	809
тую	809
ўка	809
фаўна	808
выраз	808
звычайнай	808
россия	808
пашырана	808
дасягнення	808
кандыдатам	808
генеральнай	807
знака	807
ішоў	807
знішчыць	807
тэхналагічны	807
сабраныя	807
кляштары	807
дывізій	807
пінскі	806
брытанскім	806
заняць	806
пражываюць	806
балоты	806
праве	805
пастанова	805
поглядаў	805
карыстаюцца	805
ілья	805
паўднёвыя	805
арэне	805
палёў	805
прама	805
валожынскім	805
вугал	805
ірак	804
хлеб	804
ўбачыць	804
пералік	803
франкаў	803
квантавай	803
танца	803
вынікае	803
часопісаў	803
сучаснікаў	803
дыялект	803
пляцоўкі	803
рак	803
область	803
книги	803
латвійскай	802
ствараюць	802
паўночна-ўсходняй	802
сцягі	802
высокае	802
дадзеным	801
вышэйшым	801
члена	801
часть	801
русский	801
мастацкае	800
прынёс	800
мячэць	800
нечакана	800
падтрымалі	800
пенсію	800
камеры	800
борце	799
максімальнай	799
этнограф	798
панавання	798
антоні	798
данія	798
чорных	798
братамі	798
спецыяльная	798
кафедру	798
патрэб	798
масіў	798
юнайтэд	798
лідскім	798
ўмацаванні	798
асабістыя	798
біялогія	798
рсдрп	798
дысертацыі	798
ракеты	797
сілах	797
дзеяча	797
кашталян	797
дывізіён	797
змяніць	797
суадносіны	797
прысутнічае	797
рамонт	797
абразы	797
праграмавання	796
пасадах	796
меліся	796
нізкай	796
имени	796
міг-	796
витебск	796
хвароба	796
сербаў	795
ленінградзе	795
інтэлігенцыі	795
раненні	795
домам	795
біяграфічныя	795
аршанскі	795
бібліятэку	795
иванович	795
выдатнік	795
варшаву	794
аркестр	794
віцэ-прэзідэнт	794
разнастайных	794
паведамлялася	794
срэбраны	794
паветраных	794
сегодня	794
барысаўскім	794
київ	794
аул	794
дзесяцігоддзя	793
зняў	793
глыбокім	793
змагла	793
тэатральныя	793
перадгісторыя	793
вітаўт	792
сродкамі	792
інакш	792
праграмнае	792
распавядае	792
ин-т	792
прыпыначным	792
пазначаны	791
рэвалюцыйнага	791
паказала	791
алеі	791
вытворцы	791
ворагаў	791
брестской	791
круг	791
перабраўся	791
радзіма	791
філасофскіх	791
тэме	790
прадметам	790
горнай	790
газет	790
адкрытых	790
самцоў	790
аддзеле	790
новый	790
пісьменніцы	790
мсціслаўскага	790
гняздо	789
прайшло	789
ус	789
паўночныя	789
бакавых	789
лепельскага	789
рождения	789
лагойскага	789
список	789
давід	788
разбіты	788
супраціўлення	788
солі	788
знізу	788
прапаганды	788
увагі	788
пегас	788
пайшла	787
квт	787
зняволеных	787
жоўты	787
насіў	787
жаночых	787
перабудаваны	787
герцагавіны	786
надрукаваны	786
сонечным	786
ўдзельнічаць	786
чытаў	786
вярнуўшыся	786
рэспубліканскіх	786
рэшце	786
зацьменні	786
хірургіі	785
прынцыпаў	785
каштоўных	785
асабістым	785
садружнасці	784
выходзіла	784
экіпаж	784
багіні	784
сфарміравана	784
экіпажа	784
падзея	784
збудаваны	784
границ	784
асабістай	784
рэгіянальнага	784
краткий	784
гісторыяй	784
натуральных	784
дазваляла	784
кажуць	784
кнігах	784
сялянскіх	784
тэйлар	783
радзімы	783
створанай	783
паласа	783
словам	783
выклікаць	783
колерам	783
карчма	783
рэшт	783
адкрыўся	782
перамагла	782
руды	782
караль	782
вусці	782
прылада	782
мясцовая	782
гаспадарчыя	782
яраслаў	781
казакоў	781
найважнейшых	781
адпавядаюць	781
пісала	781
сцяне	781
антоній	780
татары	780
кардынал	780
зліцця	780
участках	780
асобін	780
польска-савецкай	780
раўнд	780
знаходзячыся	780
-годдзю	780
грыбы	780
аўтарскім	779
конрад	779
прызналі	779
снукер	779
лукі	779
канфліктаў	779
адзнакай	779
русского	779
поўную	778
знешніх	778
воля	778
кіравала	778
прызначана	778
скарб	778
дыялекты	778
партыйны	777
дасягаюць	777
лёду	777
падзенне	777
добрай	777
практыку	777
падножжа	777
расследаванне	777
унутраная	777
блока	776
мадрыд	776
альфонса	776
чалавечага	776
падае	776
друкарня	776
варыянтаў	776
здароўе	776
чацвёртым	776
крыжы	776
валапас	776
проза	776
прычынах	775
кракаў	775
планета	775
паштовай	775
вернуты	775
незадоўга	775
рэгіянальных	775
актыўныя	775
этымалогія	775
чыгунцы	775
гаворкі	775
ушацкага	775
устаноўлены	774
пошукі	774
каліноўскага	774
уільяма	774
праектам	774
паласы	774
знойдзеныя	774
ўласнага	774
ганаровым	774
муніцыпалітэт	774
нарадзіла	774
скарачэнне	773
поўнасцю	773
шон	773
спадарожнікаў	773
ўстаноўлены	773
называць	773
саюзам	773
вядзення	773
рэйтынг	773
хімічныя	773
искусство	773
сельскае	773
кобрынскага	773
енциклопедія	773
малодшым	773
выканаўцаў	773
італьянская	772
наведвальнікаў	772
фракцыі	772
грузаў	772
вызначана	772
падтрымкай	772
справаздачы	772
выконваюць	772
транспартных	772
экалогіі	772
палявання	772
інжынераў	772
жывой	771
групоўка	771
практыка	771
называў	771
з’ява	771
вопросы	771
канстытуцыю	770
ацэнка	770
магчымым	770
выбарчай	770
звонку	770
франчэска	769
мюнхене	769
сацыялістычная	769
царом	769
удастоены	769
вучань	769
павышэнне	769
тытулам	769
аспекты	769
докшыцкага	769
акмолінскай	769
буйнымі	768
погляд	768
сцюарт	768
роўныя	768
арганізацыямі	768
вызначаюцца	768
актыўным	768
партызанскія	768
накіраваў	768
мэт	768
выставе	768
фінскі	767
рэч	767
карыстальнікаў	767
сойма	767
веру	767
справамі	767
прыродныя	767
добрыя	767
карыстацца	766
паветы	766
дывізіёна	766
ўжыванне	766
фармат	766
нізіны	766
стужкі	766
акадэміка	766
традыцыйны	765
армянскага	765
вечар	765
вобласцю	765
культурным	765
наступстваў	765
шырокага	765
глыбока	765
саарэмаа	765
страчаная	765
скачках	764
дэкан	764
мемарыял	764
пярэдняй	764
далейшае	764
вобразы	764
ўзнікае	764
пакідае	763
эмі	763
стывен	763
калоній	763
ператвораны	763
заняткаў	763
ўнутраныя	763
хрыбет	763
парламенце	763
выдаецца	763
берагавая	763
ламбардыя	763
фігура	763
вагонаў	763
рэчыцкім	763
вадкасці	763
календа	763
-з	763
відэагульні	763
аднаўленні	762
хрыстос	762
вучоных	762
найбуйнейшыя	762
дапамагае	762
падполля	762
бываюць	762
відам	762
русской	762
купалам	762
мду	762
тарпеда-белаз	762
ўтвораны	761
прызнаць	761
ста	761
відах	761
пошуках	761
атд	761
прага	761
ззаду	761
інструмент	761
духоўную	761
твар	761
барысаве	761
бас-гітара	761
арабскіх	760
зарэгістравана	760
злачынстваў	760
актыўнай	760
адрознення	760
арганізма	760
заснавальніка	760
брытаніі	759
спынення	759
жыццём	759
здаўна	759
баранавіцкім	759
багдановіч	758
прыходзіць	758
хакеі	758
вывучэннем	758
прадстаўляў	758
неабходныя	757
дало	757
пераварот	757
малі	757
ідэалогіі	757
служаць	757
скульптары	757
перайменаваныя	757
псальм	757
летапіс	756
кі	756
прыродазнаўчых	756
хуткасцю	756
бралі	756
звестках	756
факультэтаў	756
селішча	756
універсітэтам	755
далейшага	755
ваеннапалонных	755
шырыню	755
рэльефу	755
байцы	755
выстава	755
рассеянае	755
крысціна	754
эканамічная	754
герои	754
чарлз	753
апублікавала	753
касмічных	753
развіты	753
пагадзіўся	753
волю	753
вена	753
накрыты	753
аркадзь	752
дыск	752
складанасці	752
імкненне	752
асаблівасцю	752
гульцы	752
арх	752
дрэнна	752
органах	752
новымі	751
французскую	751
імператрыцы	751
ўзброеныя	751
маладая	751
выраблены	751
побыту	751
паядынку	751
маршалка	751
раду	750
часткамі	750
рухавікоў	750
набылі	750
электроннай	750
царкоўных	750
адпаведных	750
адны	750
арышт	750
сельсоветов	750
суднаў	750
прысвечаных	750
сша	750
фрэйме	750
царкоўны	749
нідэрландах	749
беларусьфільм	749
фігур	749
кераміка	749
інстытутаў	749
сфарміраваны	748
імператары	748
республике	748
кнігазбор	748
альбомаў	748
абмежаванні	747
кіеўскім	747
баевікі	747
генерал-палкоўнік	747
трапляе	747
расліннасці	747
багатыя	747
закрыты	747
дыяметры	747
венгерскага	746
абраза	746
геаграфічнага	746
украінскіх	746
праекту	746
карціне	746
лічбы	746
мовазнавец	745
андрэ	745
чарговы	745
ганаровае	745
белае	745
пэўнага	745
кухні	745
будаўніцтвам	745
нацыстамі	744
прадставіў	744
абу	744
рос	744
алімпійскага	744
даўно	744
майстрам	744
эстафеце	744
серый	743
нігерыі	743
сенат	743
паказаць	743
званая	743
дадаткова	743
адміністрацыйныя	743
чыгуначных	743
зычных	743
дэканы	743
эрыдан	743
тэлесерыялы	743
іспанская	742
народам	742
тавары	742
удзельнічалі	742
карона	742
аспірантура	742
шаблон	742
улада	741
неўскага	741
караліна	741
баварыя	741
дарогу	741
напрамкі	741
складанай	741
персанажа	741
матывах	741
чэхія	740
карлам	740
палях	740
ўведзены	740
памятны	740
замежны	740
арыентацыі	740
брацкай	740
органа	739
фільмам	739
дадатковых	739
прыналежнасці	739
апрацоўка	739
сон	739
патрыярх	738
легіёна	738
захаваў	738
цел	738
савецкую	738
моўнай	738
чалавечай	738
капітанам	738
выдавецтве	738
бацькамі	738
освобождение	738
літаратурным	738
гвардзейскай	738
імёнаў	737
порта	737
вмф	737
ўрадзе	737
вугалю	737
італьянскіх	737
навучэнцаў	737
автоссылка	737
металу	737
зарэгістраваны	736
швейцарскі	736
абмежавана	736
палессі	736
дадзенага	736
мільёны	736
ўрочышчы	736
перавагі	736
нямецка-фашысцкімі	736
запас	736
фасадзе	736
серия	736
кінастудыі	735
губернях	735
барысавіч	735
англію	735
міхайлаўна	735
долю	735
распаўсюджаная	735
бачны	735
дадатковы	735
федэральнай	735
арк	735
дпя	735
падпісана	734
сцяна	734
пушчы	734
платформа	734
ракет	734
выдаткі	734
ня	734
тэатральных	734
апостала	733
паветаў	733
шпіталі	733
радок	733
каштоўныя	733
архітэктурных	733
жалезнага	733
залу	733
палку	733
стварэннем	732
рускае	732
выключаны	732
гетмана	732
статута	732
выяўлення	732
свабодна	732
ўчастка	732
здолела	732
розны	732
пухавіцкім	732
вучонага	732
духа	732
уцянскага	732
філалогіі	731
майстэрня	731
ранні	731
ры	731
уласны	731
акцёраў	731
яўгена	730
вялікалітоўскі	730
дыяспары	730
манет	730
памерах	730
афармленне	730
восень	729
мянушку	729
карэнных	729
кропкі	729
газетах	729
рэспубліканская	728
нясе	728
ствараецца	728
мадэляў	728
ўмоў	727
лёгкаатлет	727
фердынанда	727
ляжаць	727
сценах	727
тытулы	727
бдпу	727
двухсхільным	727
ігналінскага	727
паўторна	726
галавой	726
маленькі	726
нешта	726
шырокая	726
пару	726
пераследу	726
садзе	726
зп	726
інтэрнэт	725
завяршылася	725
перабудовы	725
драўлянай	725
краёвай	725
стужка	725
фармаце	725
папярэднія	725
колаў	725
глыбокай	725
масавага	725
зялёныя	725
іўеўскага	725
развівалася	725
талачынскага	725
месцазнаходжанне	725
лацінскага	724
родны	724
ўтрыманне	724
піва	724
палітычнае	724
страт	724
нізкі	724
духоўнага	724
формах	724
рухавікі	724
шчыльна	724
рэдакцыйны	724
іспанскага	723
прыхільнікамі	723
калісьці	723
папярэдняе	723
адстаўкі	723
размаўляюць	723
забалочаныя	723
ауле	723
продажу	722
габсбургаў	722
граніцы	722
дазволіць	722
асабістага	722
гукі	722
прапанавалі	722
нскі	722
транспартная	722
пастаноўкі	722
семінарыю	722
адносілася	722
фрэйм	722
старонцы	721
перамоў	721
прыняцце	721
дадзена	721
увёў	721
дыялектаў	721
зборніку	721
джэймса	720
захопнікаў	720
сялянства	720
марыяй	720
умовы	720
пачатковую	720
злёгку	720
этапы	720
кітайскіх	720
педагагічным	720
імперыю	719
крысціян	719
вярхоўным	719
палонных	719
пабудаваныя	719
мозгу	719
помнікам	719
хоры	719
будучай	719
каўказ	719
сыграў	719
серыяле	719
п’еса	719
национальной	719
аравіі	718
фелікс	718
дыска	718
павялічваецца	718
сур’ёзна	718
сыравіны	718
асабістых	718
падручнікаў	718
ўвага	718
камуне	718
белова	718
ігналінскім	718
ісламскай	717
дзіцячага	717
нанеслі	717
трапічных	717
савету	717
рудня	717
фрунзэ	717
арла	717
спосабы	717
ўжывання	716
спартыўны	716
падтрымліваць	716
паразы	716
грамадскасці	716
млекакормячых	716
литературы	716
партрэта	716
сети	716
гісторыка-культурнай	715
строй	715
ўласна	715
памылкі	715
перыядычна	715
этнічнай	715
даследаваннях	715
навагрудскім	715
шукаць	715
сходзе	715
хоча	715
выглядае	715
тлумачыць	715
смаргонскага	715
калектыве	715
францыск	714
бабруйскім	714
асобную	714
грамада	714
кодэкса	714
параненых	714
дуб	714
званых	714
здагадку	714
рачной	714
спісу	714
рассеяныя	714
ўвайшло	713
грамадзянскія	713
прымаюць	713
гімна	713
дэмакратычная	713
вуліцах	713
вакзала	713
пайшлі	713
ветру	713
атакавалі	713
университет	713
назваць	713
стб	713
акцёра	713
забяспечваюць	712
выконвала	712
знешняга	712
увесну	712
лугах	712
аднайменны	712
дзевяці	712
найменне	712
саманазва	712
полюса	711
леанарда	711
гадзіннік	711
авіяцыя	711
кароткіх	711
самымі	711
багата	711
вырашае	711
раённая	711
трупы	711
посуд	711
сш	711
гаспадар	710
большасцю	710
покрыва	710
разнастайнасць	710
імкнецца	710
багацце	710
слуцкай	710
малюнка	710
канструкцый	710
інтэрнэце	710
эдварда	710
абавязаны	709
сцэна	709
іране	709
дамовы	709
ставіць	709
архітэктурныя	709
вадаёмаў	709
могільнік	709
драўлянага	709
пастаянная	709
партрэтаў	709
шчучынскім	709
літву	708
спектакль	708
паездкі	708
выяўляецца	708
арганізмаў	708
эвакуацыі	707
міцкевіч	707
малога	707
невялікую	707
унутранай	707
прамое	707
асаблівай	707
рэжысёры	707
горная	707
іркуцкай	707
в’етнам	706
радовішча	706
зялёная	706
тэатральнага	706
збожжа	706
рэферэндум	705
вал	705
кінатэатр	705
тэрытарыяльнай	705
вытокі	705
звязаная	704
кітайская	704
ален	704
аула	704
судовай	704
ўласную	704
аказалі	704
вышэйшае	704
ўзрост	704
ног	704
цень	704
азначала	703
след	703
гіпотэза	703
копія	703
знакамітыя	703
археалагічны	703
руку	703
гуку	702
спадарожнікі	702
зробленыя	702
аб’яднанай	702
пінска	702
танкавай	702
распараджэнні	702
будаўнічыя	702
дракон	702
першынства	702
фасадаў	702
основы	702
грэнландыі	701
нацыянальнае	701
напісаныя	701
мусульман	701
аператар	701
эфіры	701
наваколлі	701
цягнікоў	701
тэатральнай	701
стол	701
міжваеннай	701
прынцэсы	701
адправіў	701
хаты	701
недахоп	701
цягнецца	701
архітэктурнай	701
паўплывала	701
иван	701
калектыву	701
апсіда	701
зялёнага	700
гай	700
веравызнання	700
штучнага	700
ўласным	700
аўтаномная	700
метадам	700
арганізаваць	700
тканін	700
фёдара	700
баскетбольны	700
рот	699
кастусь	699
ацэнак	699
каардынатамі	699
комплексы	699
прысутнічаюць	699
зіма	699
планаў	699
адваротным	699
паведамілі	698
стадыёне	698
пяхотнага	698
прыроднага	698
лясныя	698
драўніны	698
ткацтва	698
акцябрскі	698
ўзбраення	698
малдова	697
кара	697
экспарт	697
ксёндз	697
швед	697
ўнутранага	697
мазырскай	697
надвор’е	696
ўсталявана	696
дэбютны	696
фінансавай	696
згаданы	696
ужыванне	696
спрыяе	696
плэй-оф	696
мядзельскім	696
русская	696
напісала	696
рэктары	696
перамогай	695
генералам	695
заставацца	695
камп’ютарных	695
душу	695
ўспамінаў	695
назірання	695
гульца	695
зон	694
інстытуты	694
п’ер	694
калонія	694
рэферэндуму	694
заснаванне	694
заключыў	694
рыгі	694
рускімі	694
змагацца	694
з’яўляючыся	694
публіцысты	694
шары	693
праграмнага	693
адпаведныя	693
каляровых	693
выкліканы	693
ўніз	693
дапамагаў	693
віна	692
улічваючы	692
звычайная	692
дзеяннем	692
філасофію	692
харкаўскай	692
ленінградскага	692
здзейснілі	691
міфы	691
залатых	691
прыгажосці	691
рэдкіх	691
вызначаюць	691
найстарэйшых	691
лугі	691
хімія	691
спартак	691
ўносіце	691
грэчаскіх	690
скот	690
ветэранаў	690
прынеслі	690
паходжанні	690
далёкім	690
герцагам	690
рэгіянальнай	690
шчыта	690
магчымых	690
сцвярджаюць	690
метаду	690
вецер	690
сабак	690
самак	690
кандидата	690
кінафестываль	689
крок	689
моц	689
вацлава	689
славянскай	689
дэмакратычных	689
рэарганізаваны	689
разглядаць	689
творам	689
давала	689
сябрамі	689
ўвядзення	689
прыбярыце	689
нумароў	688
наваполацка	688
просты	688
уваходам	688
змяненне	688
паняцці	688
папулярныя	688
смаргонь	688
хутары	688
дзядзька	688
скліканняў	688
полномочий	688
інфраструктуры	687
папярэдняй	687
выступленні	687
камсамола	687
праблемах	687
штаб-кватэра	687
пяхотны	687
паводзін	687
суаўтарстве	687
ілюстрацыі	687
калона	686
спадарожніка	686
мэтаў	686
скарацілася	686
хв	686
машэрава	686
найчасцей	686
стралковая	686
партугалія	685
арлоўскай	685
долі	685
мюнхен	685
хана	685
бяспецы	685
валерыя	685
алега	685
смаленскі	685
нобелеўская	685
падтрымлівала	685
гідраграфія	685
мастацкую	685
зачынены	685
мовазнаўцы	685
ігнат	684
напалі	684
заканчваецца	684
хімічная	684
пакрытыя	684
спецыялісты	684
саксоніі	683
густава	683
падпісала	683
будовы	683
навакольных	683
прадугледжвае	683
станаўленне	683
найперш	683
паловай	683
сумы	683
эрык	682
ўдзельнік	682
ўступіла	682
грамадскае	682
курган	682
блакітны	682
федерации	682
ўтвараюцца	682
галактык	682
бешанковіцкага	682
сотняў	682
трыпалі	682
трыбунала	682
пераслед	681
жыло	681
масу	681
згадкі	681
манчэстэр	681
люксембург	680
лю	680
пакараны	680
вызваліць	680
абшчын	680
чыгунак	680
выявамі	680
кантракта	680
іеговы	680
абласным	680
пошта	680
закрыцця	679
ўласнасці	679
заваявання	679
цяжкі	679
шаўчэнка	679
баляслаў	679
выступ	679
ўдары	679
граматыка	679
захоўваліся	679
будова	679
звязваюць	679
шэрагі	679
халоднай	679
асноў	679
крымінальнай	679
выклікаюць	678
перадалі	678
асноўнае	678
максімуму	678
ўладальнік	678
візантыйскай	678
міністэрствам	678
астроўскага	678
ўрадам	678
харчовая	678
ўжываюць	678
кс	678
империи	678
смаленскім	678
хасэ	677
пісьменнасці	677
беластоку	677
каралеўская	677
зменены	677
дамагчыся	677
абумоўлена	677
працамі	677
некалі	677
старэйшых	677
каменя	677
сканчэння	676
аддзелы	676
п’ес	676
заліве	676
тэлеканал	676
вмс	676
плямы	676
завяршэнні	676
атрыманыя	676
актывістаў	676
спорце	676
энергію	676
перспектывы	676
мінералы	676
кантактаў	676
армии	676
пашкоджаны	676
даваў	675
кафедральны	675
супадае	675
гатовы	675
тома	675
назіранняў	675
надае	675
ганнай	674
сясцёр	674
памерлых	674
ўзору	674
установа	674
захворвання	674
маладой	673
нацыянальнасці	673
станкевіч	673
японскага	673
камуністаў	673
спынена	673
спадчыннікам	673
бронзавага	673
баявы	673
прадукцыя	673
знішчаныя	673
працяглы	673
вяскова-гарадская	673
удзельніца	672
адышоў	672
міжваенны	672
змагаліся	672
прынцыпе	672
адыграў	672
гісторыка-дакументальная	672
сінтэзу	672
есть	672
армянскі	671
усебеларускага	671
пал	671
кодэкс	671
камандуючым	671
раздзелы	671
акцябрскага	671
паспеў	671
хвост	671
лагойскім	671
дамогся	670
германская	670
рабоў	670
злотых	670
адзіночным	670
захоўвае	670
служыла	670
экспарту	670
гукаў	670
аматараў	670
набраў	670
праспекце	670
філіяла	670
тамоў	670
батарэі	670
абрана	669
аляксандру	669
ўтрымлівае	669
участку	669
кірункі	669
міграцыі	669
эндэмік	669
будаваць	668
іерусалім	668
заяву	668
якава	668
канстытуцыйнага	668
эксперыментальнай	668
педагагічных	668
копій	668
інстытутам	668
адзначалася	668
памылкова	668
патрапіў	668
район	668
грэмі	668
галасы	668
выбару	668
конференции	668
княствам	667
адноўленага	667
запрасіў	667
напр	667
падрабязна	667
даследаваннямі	667
прытулак	667
складаліся	667
гвінеі	666
дамінік	666
саюзу	666
бабруйска	666
вызначыў	666
скончыўшы	666
распаўсюджваецца	666
японскіх	666
развития	666
ленінскі	666
нібы	666
езуіцкага	666
тарпеда	666
германскія	665
прынцыпу	665
інжынера	665
святым	665
судны	665
водзяцца	665
досвед	665
электрычнага	665
дело	665
вікторыі	664
спрыяў	664
шчыльнасці	664
ступенню	664
уладзімірам	664
альманах	664
лэдзі	663
атрадам	663
су-	663
сацыялогіі	663
прысуд	663
ленінград	663
гонкі	663
абеліск	663
доўгай	663
формула	663
дысцыплін	663
сапраўдныя	663
ўтрымання	663
тэхнічным	663
вены	662
утворана	662
кіеўская	662
ўваходу	662
чайкоўскага	662
прэзідэнту	662
разбурэння	662
адкрытай	662
гіпотэзы	662
графіка	662
рэдакцыяй	661
дэль	661
ліцэй	661
працягваць	661
салідарнасці	661
вкп	661
рабочыя	661
папулярнасці	661
хлопчык	661
забіўшы	661
раюк	661
патрабуецца	661
мар’іна	661
форум	660
забіта	660
касмічнай	660
павялічыць	660
драматургі	660
илл	660
прызавы	660
лінь	659
абараніць	659
згадваюцца	659
сезоны	659
культурай	659
калініна	659
цыбуля	659
маршала	659
алтары	659
бургундыі	658
германскага	658
доўжылася	658
выдаваў	658
шкоду	658
моцнай	658
генералы	658
тэлеканала	658
цяжкім	658
литература	658
невядомыя	657
паўночна-заходняга	657
элемента	657
аб’яднаныя	657
генетыкі	657
продажы	657
чалавеку	657
богам	657
суды	657
ніводнага	657
пойма	657
выдатна	657
моладзь	657
стакгольм	657
прыгожых	657
азербайджане	656
грэчаскі	656
правадыр	656
калумбія	656
крупскага	656
радзе	656
ростам	656
адзначаюць	656
петруся	656
выраблялі	656
манархаў	656
маладзечанскім	656
лёсу	656
воранаўскага	656
бегу	656
ведомости	656
памяти	656
яд	656
праводзяць	655
роні	655
іваноў	655
жаночым	655
выконваючы	655
інтэграцыі	655
патрабавалі	655
працягнуць	655
салігорск	655
апсіды	655
хан	654
далучэнне	654
шлюбам	654
блізка	654
пэўным	654
буда-кашалёўскага	654
мячэці	654
ірландыя	653
праваслаўе	653
адлюстроўваюць	653
разглядае	653
выратаваць	653
рэлігійнага	653
пагрозу	653
друкаваліся	653
засценак	653
паданні	653
шосты	652
сезар	652
ўзбраенні	652
вадасховішчы	652
механіка	652
камянецкага	652
уласцівасці	652
медычы	651
выпрабаванні	651
свабоднай	651
абіраўся	651
меншасці	651
вырашаны	651
злучана	651
электронны	651
рамонту	651
смоленщины	651
тайланда	650
позняй	650
любові	650
расстраляныя	650
паўстаў	650
моцнага	650
сетак	650
ўзнікаюць	650
ўзведзены	650
волгі	650
тэрміналогія	650
сапегаў	650
прадмет	650
бсэ	650
тэадор	649
георгіевіч	649
кот	649
ўтварылася	649
падставай	649
ўсходняга	649
саміх	649
папярэднім	649
тытула	649
большы	649
пасляваенны	649
балгарскай	649
члены-карэспандэнты	649
ўступілі	648
каларада	648
перадачу	648
бярэзінскага	648
роднага	648
акружаны	648
нідэрландскі	647
эндру	647
ваеннымі	647
марш	647
юр’евіч	647
метры	647
рагу	647
трымалі	647
лицах	647
архібіскуп	646
насуперак	646
уласнай	646
заключэння	646
прамыя	646
газаў	646
летні	646
столькі	646
перадумовы	646
кваліфікацыю	646
царкоўнага	646
аказваецца	645
альбрэхт	645
выдавалася	645
публічна	645
палажэнні	645
сек	645
астравецкім	645
вылучана	645
англійскіх	645
апублікаваныя	645
историческая	645
вуліцамі	645
краем	645
соавт	645
стваральнікаў	644
атака	644
сатурна	644
энтані	644
англійскім	644
ўчастку	644
псалмы	644
узімку	644
завуць	644
дэталяў	644
ігара	644
згадвае	644
вырабляюць	644
склады	644
быхаўскага	643
белымі	643
сонечнага	643
папярэдні	643
пісьменства	643
вывучаць	643
атрымліваць	643
суддзяў	643
іграка	643
захоўвалася	643
прапанавана	643
труды	643
выгнанні	642
езуіты	642
дзікіх	642
гравюры	642
біблія	642
натуральнай	642
ўзбуйнення	642
галосных	642
скрыжавання	642
тип	642
псы	642
пола	641
сесія	641
заказнік	641
каралеўскіх	641
афіцэра	641
статыстыкі	641
дасягненне	641
ўліку	641
узораў	641
паходзе	640
скарочана	640
вяскова-гарадской	640
гільдыі	639
рэал	639
палітыкай	639
кампанентаў	639
адказны	639
дзеліцца	639
традыцыйнага	639
пакаленняў	639
харчовых	639
друкаваўся	639
гулялі	639
недагледжанымі	639
харватыя	638
войн	638
выканаўчай	638
гадзіну	638
лаўрэатам	638
ўтрымліваюць	638
хваль	638
трымае	638
направа	638
пераважае	638
суседняй	638
ведалі	638
лісцем	638
выходзіў	638
руб	638
паслядоўнасці	638
воінскія	638
купал	638
фізічная	637
запатрабаваў	637
педагогікі	637
змагаўся	637
выток	637
самка	637
перадаецца	637
жылога	637
леаніда	636
чацвёртай	636
наса	636
чалавечых	636
комплексаў	636
увогуле	636
сенненскім	636
гістарычную	636
сумеснай	636
прыпяць	636
ушанаванне	636
речной	636
бнту	636
анатоля	635
здаецца	635
боль	635
італьянскім	635
гаспадарчых	635
жанчынай	635
дэкаратыўная	635
рэччу	634
кадафі	634
заявы	634
курскай	634
жывёлагадоўля	634
актывісты	634
аказаў	634
выканала	634
тарту	633
захоўваць	633
сож	633
курганны	633
цягнікі	633
артылерыя	633
афганістан	632
радыёстанцыі	632
арганічных	632
ду	632
пінскім	632
медзі	632
петроград	632
прамавугольнымі	632
адмовы	631
ператварылася	631
ратушы	631
мазыры	631
тэхналагічнага	631
астэроіды	631
рэках	631
загадзя	631
каменнага	631
маладосці	631
вольнага	630
альфрэд	630
знакамітых	630
касмічнага	630
цяперашняй	630
грэкаў	630
прысуджаны	630
закону	630
вас	630
дысцыпліны	630
ордэнаў	630
кнігай	630
праёмы	630
праезд	630
асобе	629
кндр	629
сталец	629
жук	629
любым	629
абсалютна	629
незадаволенасць	629
найвышэйшай	629
ўдзельнічае	629
складзена	629
нагадваюць	629
лясны	629
камедыя	629
калгасе	629
сетцы	628
старонак	628
самалі	628
вінцэнт	628
сухі	628
зафіксавана	628
дэвіс	628
ўзяла	628
зрабіўшы	628
мерапрыемства	628
вільготных	628
пік	628
прыцягнення	628
праяўленыя	628
вязняў	627
амерыку	627
грузія	627
прывілеі	627
рэчыцкі	627
матэматыцы	627
аб’ёме	627
растений	627
насяляюць	627
паказчык	627
поспехаў	627
пасярэдзіне	627
трывала	627
студэнтам	627
архіепіскап	626
выбух	626
адзінку	626
свіслачы	626
кожныя	626
найбольшыя	626
суполкі	626
манарха	626
выдатных	626
сацыял-дэмакратычнай	626
варшаўскай	626
аддае	625
троцкі	625
надаў	625
утвараючы	625
культурная	625
правілаў	625
музыкай	625
вайсковы	624
пастанову	624
пераемнікам	624
аб’яднанняў	624
пераходзе	624
жорстка	624
пазначана	624
прадукт	624
вяліся	624
напады	624
носяць	624
плануецца	624
очерк	624
круга	624
матэматыка	624
лёгкаатлеты	624
юрыдычнай	623
пераўтвораны	623
таварыстваў	623
разбурана	623
лясамі	623
рэзідэнцыяй	623
вілейскі	623
нансен	622
фіфа	622
забароны	622
прафесійнага	622
голасу	622
гідра	622
пас	622
добрым	622
мяч	622
камісара	622
епіскапа	622
царкоўныя	622
родная	622
ушацкім	622
мкм	622
цвярской	622
-гадовым	622
літаратуразнаўцы	622
катастрофа	621
гітлера	621
прагі	621
губерню	621
калекцыю	621
размнажэнне	621
красная	621
го	620
прусія	620
пасла	620
навагрудку	620
ператварыўся	620
кажучы	620
псеўданімы	620
прэсе	620
асістэнтам	620
дзядзькі	620
гвалт	620
узнагароджана	620
акадэмічныя	619
дацкі	619
рэвалюцыйнай	619
кінапрэміі	619
чытання	619
выступы	619
пастаянны	619
студыйны	618
дэр	618
адкрыла	618
забарона	618
епіскапы	618
высланы	618
доўгая	618
прафесійную	618
корпусе	618
вічы	618
хуан	617
лена	617
аўтамабільных	617
застацца	617
рускамоўныя	617
участкаў	617
насення	617
праблему	617
споры	617
сухіх	617
розуму	617
саудаўскай	616
летнія	616
акупацыя	616
сутыкненняў	616
раства	616
таронта	616
праводзіла	616
ўзнік	616
фото	616
насіла	616
человек	616
маёнткам	616
гончыя	616
рабства	615
галаве	615
гітлер	615
арганізавалі	615
жыхарства	615
гаворыць	615
тагачаснай	615
прапанаваны	615
давалі	615
лічачы	615
навучальны	615
разрезе	615
земли	615
услед	615
іспанскіх	614
рэчыцы	614
французаў	614
высокімі	614
кожную	614
тэлебачанне	614
шклоўскага	614
прыватным	613
рушыў	613
доўгага	613
пратакол	613
гаворыцца	613
забеспячэнні	613
ударныя	613
падобнае	613
трымаў	613
заняўся	613
падзеях	613
каардынат	613
іўеўскім	613
дробнымі	613
шэрага	613
лагераў	613
перакладзены	613
церкви	613
рэйтынгавы	613
імператараў	612
перайшло	612
рэформа	612
балот	612
прыкладной	612
дар’я	612
слуцка	612
дэманстрацыі	612
духоўных	612
малекул	612
геалогіі	612
выходзілі	612
українська	612
разнавіднасць	612
божая	612
минске	612
княгіні	612
доступа	612
бангладэш	611
робертсан	611
пецярбургскай	611
акадэмічны	611
татараў	611
курса	611
талент	611
рэйтынгавых	611
працоўны	610
сцягу	610
абрання	610
зімы	610
перыядам	610
тэксце	610
свабодных	610
задачу	610
тлумачэнне	610
багатых	610
панны	610
прыроду	610
каранёў	610
лакаматыў	610
запаведнік	609
найбуйнейшая	609
сцягам	609
ільіч	609
карысныя	609
разліку	609
прамысловага	609
сюжэты	609
гліны	609
сказаць	609
вобразаў	609
вытворчасцю	609
колы	609
няхай	609
блізкая	609
канцэртаў	609
залозы	609
сустрэў	609
кафэ	609
института	609
асістэнт	609
афіцыйнае	608
батанічны	608
зменена	608
будаўнік	608
бегчы	608
второй	608
гербе	608
мужчынскія	608
росквіт	608
рыга	608
райкама	608
пахаванняў	608
іерогліфаў	608
слоніме	608
кінакамедыі	608
султан	607
язэпа	607
заснаванай	607
патрыярха	607
мастоў	607
праўленне	607
брацтва	607
кангрэсе	607
шар	607
унук	607
казка	607
французы	607
змяшчаецца	607
ведае	607
каго	607
капыльскага	607
ўзнагарода	607
озёр	607
галоўнакамандуючага	606
паставілі	606
звычайныя	606
падтрымліваюць	606
ізраілі	606
ураджай	606
научное	606
мо	606
аблога	605
рудольф	605
сухапутных	605
пастаянным	605
апошнюю	605
любых	605
нью-джэрсі	605
геаграфічнае	605
каня	605
против	605
атрымліваецца	605
драматычным	605
соф’я	604
яўрэйская	604
ўжываюцца	604
армяне	604
паказчыкі	604
общ	604
літбел	604
захавалі	603
сацыяльны	603
македонія	603
федэральны	603
прызначаных	603
выканаць	603
прамысловы	603
лётчыкі	603
алімпійская	602
незалежная	602
перанесена	602
эканоміі	602
менскай	602
вялася	602
ўвагі	602
ўлетку	602
хатніх	602
эканамісты	602
пячатка	602
пляменнік	602
куляшова	602
камун	602
морфаметрычныя	602
джонс	601
рымска-каталіцкай	601
прайграў	601
чорнае	601
рэсурс	601
лексікі	601
рэнесансу	601
гасцініца	601
сквер	601
канцлер	600
скота	600
ферма	600
дыяцэзія	600
прэзідэнцкія	600
біскупы	600
перамяшчэння	600
ўдару	600
паслужыла	600
паступае	600
працягам	600
змешчана	600
мазырскім	600
дзецям	600
мадыфікацыя	600
сена	599
створанага	599
мак-картні	599
чыгуначным	599
супрацоўнікамі	599
вагаецца	599
гаспадарку	599
кіраўскага	599
кк	599
прычына	598
касцюшкі	598
казакі	598
тараса	598
арыгінальны	598
значнае	598
ствараліся	598
аказала	598
спецыяльнасцях	598
абрады	598
прыкладу	598
геркулес	598
дошкі	598
асобамі	597
джэйн	597
кан	597
ліс	597
далейшы	597
адказвае	597
карысных	597
рэвалюцыйных	597
сельскагаспадарчы	597
абарончыя	597
верхнядзвінскага	597
ключ	597
фрэскі	597
пілястрамі	597
сачыненні	597
граматамі	597
хрысціянскага	596
талстога	596
венеры	596
ператворана	596
масай	596
бег	596
паведамленняў	596
народамі	596
прадаў	596
адных	596
ўнёсак	596
риа	596
рэвалюцыянеры	596
канцылярыі	596
ленінградскі	596
эфір	595
баскетбаліст	595
рэйха	595
познані	595
патрабуюць	595
абвінавачаны	595
хору	595
ягоны	595
известия	595
дума	595
сапраўдным	595
паверхняй	595
нацыяналістаў	595
брыгад	595
гос	595
люксембурга	594
новак	594
службовых	594
военачальнікі	594
айчыны	594
камуністычнага	594
музычную	594
самастойнай	594
верас	594
спрыялі	594
музычнае	594
страў	594
ацэнку	594
меч	594
далёкага	594
кансерваторыю	594
вядучым	594
шчупак	594
пытаннямі	594
свабодная	593
валюты	593
дзесяцігоддзяў	593
каталікоў	593
элементам	593
гістарычнае	593
камунікацыі	593
прагляд	593
найноўшы	593
малюнку	593
лос-анджэлес	593
прызначаныя	592
эрнст	592
адмірал	592
заўважыў	592
ток	592
рэгіянальная	592
магутны	592
актыўнага	592
асаблівы	592
гаспадаркай	592
пячора	592
апісваецца	592
свята-мікалаеўская	592
біржы	592
забітымі	592
джонам	592
міс	592
салігорскага	592
пладоў	592
батанік	591
згадка	591
айцец	591
захаванні	591
будучыню	591
памерамі	591
вярнуў	591
еўрапейцаў	591
пяхота	591
выпускае	591
сфарміравалася	591
участак	591
разуменне	591
хуткай	591
мг	591
вучнем	591
хмызняком	591
баторыя	590
прынятая	590
канстанцінопаль	590
захапіла	590
ўмацаванне	590
осла	590
гісторыка-культурных	590
этапу	590
адсутнасцю	590
войнах	590
выгляду	590
чытаць	590
ўслед	590
брагінскага	590
сааўтар	589
-гі	589
электронных	589
фашызму	589
калон	589
агая	589
звычайнага	589
ствала	589
ноўгарад	588
распараджэнне	588
генацыду	588
добраахвотнікаў	588
традыцыйным	588
маршруты	588
захоўваюць	588
выконваецца	588
патрабаванняў	588
арганізацыях	588
муніцыпальны	588
дзятлаўскага	588
сл	588
сінглы	588
псалом	588
гібель	587
грыб	587
прэсы	587
ніякага	587
смаргонскім	587
сцэнарыя	587
студыйныя	587
прадпрымальнік	586
вазы	586
гандлі	586
абстрэлу	586
акцыя	586
барысава	586
схемы	586
духоўная	586
класічнага	586
алея	586
моцных	586
значэнняў	586
чые	586
гасцініцы	586
ініцыятарам	586
луцкевіча	586
урэшце	586
троцкага	586
атрыманых	586
блізкасці	586
менеджменту	586
кліп	586
карагандзінскай	586
ту-	585
томаса	585
спробе	585
ніла	585
святыні	585
запуску	585
ажыццяўлялася	585
класічных	585
трапляюцца	585
дыпламаты	585
гарадзішчы	585
яраслава	585
пісар	585
это	585
днепрапятроўскай	585
описание	585
чэрвеньскага	585
утварэнне	584
сейм	584
рэформ	584
шведскім	584
паставы	584
выбраная	584
ранняя	584
буйнога	584
дагаворам	584
якой-небудзь	584
жывапісе	584
каэфіцыент	584
наведвання	584
тэарэтычнай	584
міль	584
пяхотная	584
выбіраўся	584
пухавіцкі	584
дзяўчыны	584
санкт-пецярбургскай	584
офіс	583
крыме	583
перамір’е	583
мексіка	583
ўсімі	583
набывае	583
рэформаў	583
цэнтральнае	583
таліне	583
любіць	583
адрозніваліся	583
память	583
библиотека	583
заняўшы	583
команды	583
спыненні	582
зацверджана	582
афіны	582
выдае	582
натуральным	582
вачэй	582
тыдня	582
падпарадкаванне	582
найбольшай	582
прамысловыя	582
официальный	582
пісьменнікам	582
ажыццяўлення	582
падрыхтаваны	582
сенатары	582
томах	582
цвёрдых	582
доказаў	582
мястэчкі	582
армянская	582
дваран	582
надвор’я	581
ларыса	581
калегіум	581
асаблівасцей	581
раўніна	581
многімі	581
рассялення	581
утвараецца	581
тэатральная	581
слонім	581
кіламетры	581
кафедрай	581
дамен	580
дзяржаўнымі	580
штурм	580
замяніў	580
заданняў	580
выраблена	580
канцэпцыю	580
прыродны	580
рэчыца	580
данецкай	580
абараніла	580
працуючы	580
арачнымі	580
тоні	579
выратавання	579
багдана	579
святкавання	579
далучыцца	579
сыходу	579
тэхніку	579
адступіць	579
вырашыць	579
вырошчваюць	579
ін-т	579
зразумець	579
пружанскім	579
філалагічны	579
дэкаратыўна-прыкладнога	579
таліна	579
зацьменнем	579
брэйк	579
пакістан	578
прывілей	578
мікалаем	578
тэлеканале	578
архідыяцэзіі	578
знікла	578
тбілісі	578
дасягаць	578
страчаны	578
бярэзіна	578
сборной	578
партыйных	578
апаратаў	578
отечественной	578
правінцыю	577
шарль	577
вяшчанне	577
палажэнне	577
кісялёў	577
парламенцкія	577
гербы	577
дзін	577
незалежны	577
бярэзіны	577
уздзеяннем	577
аэрадром	577
крыніцамі	577
паехаў	577
усесаюзнага	577
вокнамі	577
тычыцца	576
адноснасці	576
ягор	576
прафесійная	576
аддзелаў	576
руслан	576
ключавых	576
воўк	576
патрэбу	576
варыянце	576
заснавала	576
моладзевую	576
сканаў	576
рэфармацыі	575
рэальнага	575
сер	575
султана	575
нью-ёрка	575
цэнтральныя	575
грэкі	575
кіламетрах	575
апавядання	575
шматзначны	575
лепельскім	575
касмічны	574
выступленне	574
жанна	574
полацкая	574
лейтэнанта	574
пецярбург	574
ўздзеяння	574
развівацца	574
прымыкае	574
ль	574
прэм’ер	574
спалены	573
канадскі	573
барон	573
дуная	573
каралеўстве	573
мазавецкага	573
збег	573
смалянчук	573
расстрэлу	573
прасвятой	573
міжземнага	573
праводзіўся	573
дна	573
кіруючай	573
вулкан	573
вагі	573
свабодны	573
атамнай	572
евангелля	572
пераўтворана	572
мексіцы	572
дэкларацыі	572
хігінс	572
гурток	572
секунд	572
копіі	572
ба	572
дасягненняў	572
арэала	572
акруговага	572
народов	572
дывізіёне	572
дзіцем	572
вытворчага	572
біскупаў	571
віленскае	571
левых	571
фінскай	571
гётэ	571
зялёнай	571
леанідавіч	571
ўтварэнні	571
пайсці	571
шлюбы	571
электраэнергіі	571
складаны	571
суседнія	571
чэмпіянатах	571
дзеяслоў	571
серыяй	571
пятым	571
аддзелам	571
деятельности	571
грамадска-палітычны	570
імператрыца	570
гаспадарчы	570
франсіска	570
створаных	570
прададзена	570
дэрбі	570
блізкай	570
день	570
редактор	570
камуністычная	570
праблемамі	570
праціўнікаў	570
натуральнага	570
бедных	570
матэрыяльнай	570
імкнуцца	570
насамрэч	570
дарослыя	570
акунь	570
землякам	570
войсках	570
стаўбцоўскага	570
маршалкі	570
цкі	570
іванавіча	570
геаметрыі	570
політэхнічнага	570
бальшавікі	569
тышкевіч	569
выкарыстана	569
цароў	569
ілля	569
ведамства	569
лёгкая	569
прафесіі	569
великой	569
контракт	569
кіслаты	568
арбіту	568
выдала	568
бібліятэк	568
абраў	568
хмяльніцкага	568
паўшар’і	568
гарнізона	568
гаспадарчай	568
натуральны	568
рысамі	568
учебное	568
балы	568
гандлёвай	567
мірным	567
спыненне	567
цвёрдага	567
паняцця	567
карэнныя	567
даручана	567
узрост	567
дадзеная	567
вялося	567
паслядоўнасць	567
жоўтага	567
антычнай	567
мінулае	567
вылучыць	567
первой	567
самцы	567
сведкаў	567
аўстрыйская	566
юры	566
беспаспяхова	566
яўгенія	566
пятроўна	566
просьбе	566
апісана	566
хуткага	566
гаспадароў	566
корпусам	566
механізмы	566
общество	566
жоўтыя	566
сцёблы	566
апостал	565
графам	565
туманнасць	565
выбітныя	565
тэрытарыяльных	565
планіроўкі	565
каменных	565
леапольд	564
мядзведзь	564
іспанію	564
адышлі	564
зыходзячы	564
падраздзялення	564
уласныя	564
зорная	564
анализ	564
пазнейшых	564
парасткі	564
руцэ	564
метрапалітэн	563
патрабаваў	563
гетман	563
звон	563
будапешце	563
адлюстраваны	563
царскай	563
сумесь	563
залівы	563
гасцей	563
электронная	563
рэдкалегія	563
жаночую	563
літаратурную	563
печы	563
гурты	563
ліды	562
чэлсі	562
маладзечне	562
любыя	562
павольна	562
атамаў	562
выканалі	562
тэрмінаў	562
руп	562
мінскую	562
пр	562
спрабуючы	562
гагарына	562
мазырскі	562
акупіраванай	562
даступны	561
нарвежскі	561
паток	561
ўласны	561
мак	561
творамі	561
наступу	561
пастаноўка	561
распаўсюджаных	561
прыбытак	561
ін	561
візіту	561
культу	561
камітэты	561
звычаі	561
каардынаты	561
паверха	561
іерусаліма	560
кітайскага	560
фрэдэрык	560
кірыла	560
часовым	560
выпрабаванняў	560
запушчаны	560
сан-францыска	560
узнікненне	560
тэатраў	560
цягніка	560
рухаецца	560
ахвярам	560
апублікаваных	560
схіле	560
нашмат	560
працягласцю	560
шматгадовыя	560
дзеяннямі	560
станавіўся	560
будавалі	560
церковь	560
населения	560
вольгі	560
чацвёра	560
гвардзейскага	560
тэўтонскага	559
турэцкага	559
адмову	559
свабодныя	559
рэктарам	559
камітэтам	559
знаёмства	559
гербам	559
развіта	559
славянскага	559
сценамі	559
графы	559
славакія	558
сміт	558
завочна	558
ядзерных	558
захоплена	558
налічваў	558
белоруссия	558
напрамак	558
квартал	558
соль	558
эфекты	558
сцэнарысты	558
фалькларыст	557
туркі	557
спынены	557
вадзяны	557
абалонкі	557
эканоміку	557
разглядаў	557
фінансавыя	557
новые	557
алан	556
мішэль	556
сігнал	556
божага	556
механізмаў	556
захавала	556
ніякай	556
сустракаліся	556
карпусоў	556
меншасцей	556
боепрыпасаў	556
комі	556
перапынку	555
зніжэнне	555
народную	555
персанальная	555
расійскую	555
смяротнага	555
лідзія	555
фатаграфія	555
дакумента	555
эканамічнае	555
паляпшэння	555
ініцыятыва	555
конь	555
збіраліся	555
пакінуты	555
даследуе	555
правадыроў	554
мікеланджэла	554
лагатып	554
харкаў	554
рэдактары	554
ўпадаюць	554
знакамітага	554
прадстаўляюць	554
авечак	554
чыста	554
нашчадкамі	554
саюзнікі	554
насялялі	554
бяроза	554
постановление	554
браму	554
паветранай	554
змяненні	554
антанты	554
падпольнага	554
типография	554
коллегия	554
снукерысты	554
магчымы	553
дазволена	553
вываду	553
жак	553
вайніловіч	553
антычнасці	553
доўгім	553
адхілены	553
палкоў	553
размешчанай	553
прадугледжваў	553
папулярнасцю	553
моўных	553
нізкім	553
прызначэнні	553
скульптара	553
любанскага	553
страта	553
верша	553
драўляным	553
папрасіў	553
краязнавец	552
спектр	552
вермахта	552
адбыцца	552
недахопу	552
жылля	552
мужчынская	552
фонды	552
доўгае	552
диссертация	552
урачом	552
соценныя	552
пушкін	551
маскоўскіх	551
лётчык	551
жорсткія	551
апублікаваная	551
адпавядала	551
ставіліся	551
максімальна	551
ацэнцы	551
манархі	551
после	551
званіцы	551
пілот	550
варшаўскім	550
сярэднявечнай	550
адпаведнай	550
адкладаў	550
бюджэту	550
фарміраванняў	550
арнаментам	550
падобнага	550
абарончых	550
кропка	550
літоўцы	550
багатай	550
выканкама	550
валыні	550
хлеба	550
рабочым	550
рэкамендацыі	549
зімовы	549
украінай	549
ельскага	549
задняй	549
чуткі	549
кожнае	549
курсу	549
выяў	549
выдаткаў	549
рагачоўскім	549
хойнікі	549
ска	549
виктор	549
самую	548
адкрытая	548
японская	548
смаленску	548
аўтаматычна	548
прамога	548
праблемай	548
ўверх	548
выявіць	548
утвараюць	548
грунтуецца	548
магнітнага	548
касцюм	548
падобным	548
выйграўшы	548
суперкубак	548
хлебазапасны	548
чарнавіцкай	548
двухразовы	547
скончыліся	547
магістр	547
саюзных	547
канвенцыі	547
пачуццё	547
славу	547
прыкмет	547
пляцоўцы	547
элементарных	547
шумілінскага	547
расонскага	547
ступеняў	547
смаргоні	547
люди	547
людвік	546
турэцкі	546
ўяўляла	546
аблогу	546
афінах	546
прафесійныя	546
ідыш	546
хрыстова	546
міжнародную	546
спрэчак	546
барысаўскі	546
паходаў	546
пазнейшыя	546
мяркуючы	546
стал	546
вадароду	546
вузкім	546
здымках	546
роднае	546
кітайскія	546
дзённік	546
спеў	546
сталовая	546
гандлёвым	545
футбалістка	545
гараджан	545
пятро	545
сектары	545
зафіксаваны	545
выданнем	545
справаздача	545
малым	545
паэтам	545
хлопчыка	545
мянушкі	545
пярэднія	545
кузня	545
албанія	544
абаронцаў	544
выставак	544
саксонія	544
выпускнікоў	544
гучыць	544
сірыйскай	544
глеба	544
багатая	544
недастаткова	544
класічны	544
ца	544
аркестрам	544
напісанні	544
скорасць	544
ветэрынарнай	544
хк	544
минска	544
скончана	543
семінарыя	543
ххі	543
падзяліць	543
найвялікшых	543
пазіцыях	543
непасрэднай	543
блакітным	543
столінскага	543
крупскі	543
заднія	543
запісана	543
расследавання	543
вусені	543
палявы	542
сымон	542
тарас	542
землямі	542
еўрасаюза	542
адольфа	542
падводныя	542
мыс	542
парламентам	542
пл	542
друк	542
вызначэнні	542
забойстваў	542
нямала	542
ланцуг	542
ўладанне	542
комплексе	542
ўвогуле	542
прызнаныя	542
жадаючы	542
рославльского	542
кантакт	541
манака	541
масавае	541
цябе	541
был	541
найбольшы	541
роўнасць	541
навукова-даследчы	541
вядомае	541
камбоджы	541
раёну	541
магчымыя	541
ўзаемадзеянне	541
перавагай	541
аўтамабільная	541
жонцы	541
прамавугольныя	541
ўдасканалення	541
александрович	541
кваліфікацыя	541
здарылася	540
кааліцыя	540
румынскай	540
патрабавала	540
праіснавала	540
накіраваўся	540
камітэце	540
пастаўкі	540
рагатай	540
ходу	540
пяццю	540
общества	540
маленькія	540
фінальным	540
слаёў	540
квадратных	540
воениздат	540
суквецці	540
растения	540
ігуменскага	540
вам	539
супрацоўніка	539
бачылі	539
перасялення	539
хімічнага	539
збольшага	539
разгрому	539
кампартыі	539
лініяй	539
прыносіць	539
ствараў	539
падмурак	539
дакладная	539
значэннем	539
вучэльня	539
вольных	539
плотка	539
газ-	539
ева	538
вывезены	538
сербская	538
губернатарам	538
дыяпазоне	538
падобнай	538
нямецкае	538
манахаў	538
буда	538
старэйшай	538
фондаў	538
камісіяй	538
нізкая	538
сярэднегадавая	538
прыкметна	538
адыграла	538
віно	538
аб’ядналіся	538
аўтадарога	538
цікава	538
сельсовета	538
разумення	538
асобіны	538
залічаны	538
кінарэжысёры	538
ўмове	537
аформіў	537
даніэль	537
праходжання	537
водах	537
славяне	537
адэсе	537
драгічынскага	537
працягваюць	537
зялёных	537
дрэве	537
шчасце	537
прызёрам	537
іслач	537
знялася	537
абвінавацілі	536
перадае	536
небе	536
галы	536
лютаўскай	536
інцыдэнт	536
уласную	536
простае	536
ўтвараецца	536
акруговы	536
тэхналагічным	536
памылак	536
львоўская	536
сынамі	535
мэцью	535
мірныя	535
кіпр	535
базіліка	535
узбекістан	535
спынілі	535
нанб	535
красны	535
суправаджаецца	535
собрание	535
аддзелены	535
брала	535
сацыялізму	535
скандынавіі	535
статей	535
экспанатаў	535
выкладала	535
хімікі	535
алжыра	534
нядзелю	534
швецыяй	534
сучаснасці	534
вестак	534
уласных	534
дваццаці	534
ап	534
унутраныя	534
медыцынскія	534
паўсюдна	534
распаўсюдзілася	534
палотнішча	534
падпольнай	534
насяляе	534
разглядаюцца	534
аст	534
теория	534
судовых	534
тэрапіі	534
лёгкаатлетка	533
таджыкістана	533
літоўскую	533
геранім	533
форт	533
станавіліся	533
паліцыяй	533
крытыку	533
сыходзіць	533
выкананнем	533
ўражанне	533
швецыю	533
пачуццяў	533
роль	533
оперныя	533
вновь	533
бэк-вакал	533
здзейснены	532
прэзідыум	532
ягайла	532
сёмы	532
прыхільнік	532
вулкана	532
в’етнамскай	532
старабеларускай	532
югаславія	532
правадыра	532
ісламу	532
калінкавічы	532
дапаможнікаў	532
хатняй	532
ахову	532
архітэктурнага	532
выстаўцы	532
патоку	532
зат	532
складання	532
начала	532
готыкі	532
каробачка	532
пасадкі	531
лібрэта	531
браўн	531
экспедыцыю	531
януш	531
абарот	531
спынілася	531
чытачоў	531
розным	531
фінансавання	531
дачыненне	531
эгб	531
падпарадкаваныя	531
паўладарскай	531
дызайнер	530
аргенціна	530
машыну	530
канстанцінопаля	530
варожых	530
менскім	530
агінскага	530
патрэбна	530
дыпламатычных	530
анатоміі	530
вучэбны	530
істоты	530
спрабавала	530
пачата	530
брамнікам	530
акругу	530
невялікага	530
астраномы	530
рэальнасці	530
лац	530
цыкла	530
юбілейны	530
рэстаўрацыя	530
артыстаў	530
давіда	529
падводных	529
студыя	529
сустрэўся	529
манета	529
астравамі	529
раўніне	529
голаду	529
ваявалі	529
электронаў	529
звалі	529
сусвет	529
хрысціцеля	529
верхнядзвінскім	529
жлобінскага	529
вучэння	529
уцвк	528
усходнюю	528
снег	528
грамадзяніна	528
раздзелаў	528
канстытуцыяй	528
расчлянёны	528
шырокімі	528
старэйшая	528
першапачатковы	528
дзяржынскім	528
экранізацыі	528
европы	528
святаром	528
дацэнта	528
сп	527
загаловак	527
чарняўскі	527
лагерах	527
пераўтварэння	527
славацкай	527
сумесі	527
патэнцыял	527
дыялогу	527
справай	527
прыёму	527
клінічнай	527
буйное	526
ленінграда	526
сан-паўлу	526
пілсудскага	526
ваганні	526
зняволены	526
падыходу	526
прыцягнуць	526
вільготны	526
краях	526
чашніцкага	526
дзвярэй	526
кваліфікацыйнага	526
кубы	525
ўварваліся	525
нададзены	525
барбара	525
транспартны	525
дзеда	525
заявіўшы	525
спецыяльным	525
асаблівасць	525
вытокаў	525
характэрнай	525
стваралі	525
паліцэйскіх	525
бабруйскі	525
зялёным	525
абнаўленне	525
базай	525
храналогія	525
ўсталяваць	525
сядзіць	525
разнавіднасці	525
творчы	525
эміграваў	525
зімбабвэ	524
атон	524
мусіў	524
флота	524
пацверджана	524
дарогах	524
сярэдзіна	524
прысутнічалі	524
званага	524
прэтэнзіі	524
даводзілася	524
замежнымі	524
амерыканцы	524
праціўнікам	524
сродкам	524
каменка	524
нафтан	524
апсідай	524
ўладальніка	523
талін	523
пекіне	523
грэчаскія	523
пецярбургскага	523
выкарыстаць	523
харчовыя	523
дне	523
выкапняў	523
механізацыі	523
лепшую	523
стромкія	523
мсціслаўскім	523
этапах	523
нервовай	523
лос-анджэлеса	522
ўсяе	522
іл-	522
марская	522
ву	522
маракоў	522
мільён	522
верхняе	522
будучым	522
каланізацыі	522
алею	522
марскім	522
бачная	522
кароткім	522
даўжэй	522
дмитрий	522
манеры	522
браць	522
малайзіі	521
космас	521
лекар	521
трамвай	521
цары	521
знаходзяць	521
з’яўленнем	521
размешчанага	521
творчых	521
касцёлам	521
манастыроў	521
мага	521
капыльскім	521
праектавання	521
драматургіі	521
вынаходнік	520
ала	520
моцнае	520
артура	520
азію	520
прасоўванне	520
шырокіх	520
выступаючы	520
цэнтрамі	520
доўжыцца	520
палос	520
дэлегатаў	520
камітэтаў	520
вопыту	520
селяніна	520
дамах	520
шаркаўшчынскага	520
спектакляў	520
доўгімі	520
ас	519
прыватны	519
трактат	519
о’саліван	519
псіхалогія	519
кампаненты	519
саветы	519
альянс	519
высветлілася	519
заказніка	519
перасяленцаў	519
белару	519
зара	519
ўдзельнічаюць	519
статья	519
курсах	519
сінагогі	519
ўвёў	518
луцкевіч	518
заяц	518
абсерваторыя	518
рэгулявання	518
паспяховым	518
спадчыне	518
белорусские	518
спецыялізацыя	518
гісторыка-дакументальныя	518
гектараў	518
кіслароду	518
гераізм	518
мультфільмы	518
кінакрытыкаў	518
стралковы	518
скарачэння	517
трампа	517
японскія	517
глыбінёй	517
парты	517
публікацыя	517
граніт	517
косткі	517
эфекту	517
глебах	517
зняўся	517
нясуць	517
перайменаванні	517
нататкі	517
дзяўчат	517
навукова-даследчага	517
будаваліся	517
знамя	517
тураў	516
зеландыя	516
згарэў	516
кветка	516
вызвалілі	516
абставінах	516
фу	516
сацыялістычнага	516
палкі	516
пятай	516
перасяліліся	516
найбуйнейшай	516
шыі	516
сельскагаспадарчыя	516
залежаць	516
шумілінскім	516
планка	516
лёзненскага	516
граў	516
адрознівалася	516
аконныя	516
сербскі	515
акупаванай	515
магдэбургскае	515
афіцэрам	515
гадз	515
адправілі	515
карыстаецца	515
балотах	515
петрыкаўскага	515
лодак	515
адлюстравання	515
трапляецца	515
камянямі	515
ансамблі	515
опыт	515
украины	515
сітуацыях	515
аўтадарозе	515
буры	514
плямён	514
джымі	514
эпідэміі	514
брамнік	514
камісараў	514
сельскія	514
яўрэйскае	514
палітыкаў	514
эфектыўнасці	514
ўмацавання	514
мукі	514
камунізму	514
спартсменаў	514
страва	514
пейзажы	514
філолаг	513
методыкі	513
разбіў	513
мінскам	513
патрабаванне	513
абласная	513
павільён	513
зімовыя	513
радкоў	513
пажары	513
яек	513
наяўнасцю	513
накіраваныя	513
посуду	513
пісалі	513
ўступлення	513
простым	513
гуляе	513
старанна	513
глыбіню	512
візіт	512
каралевай	512
спосабаў	512
выступу	512
тысячагоддзі	512
утварэннем	512
бронзы	512
асаблівае	512
нац	512
даведаўшыся	512
даступныя	512
прыгажосць	512
пачуцці	512
журналістам	512
новаўтворанага	512
верх	512
малако	512
паштовых	512
інфекцыі	512
прызначаная	511
падаткі	511
іва	511
візантыйскага	511
амерыканцаў	511
вывад	511
мінулых	511
аперацыях	511
цячэнне	511
сезонаў	511
мі	511
галандыі	511
зоркай	511
гвардзейская	511
рабіла	511
бярэзінскім	511
запісе	511
міфаў	511
сапраўднай	511
дегтярев	511
розыгрышам	511
луіза	510
княстваў	510
выдаваць	510
ан-	510
абвінаваціў	510
галоўнакамандуючы	510
вернасць	510
кеніі	510
справядлівасці	510
кавалёў	510
барселона	510
агляду	510
назвамі	510
пабудову	510
радовішчаў	510
рэгіянальныя	510
спартсмены	510
паходы	510
валодала	510
стральбы	510
душа	510
літвой	510
мировой	510
ўспаміны	510
мсціслаў	509
завяршэнне	509
замяніць	509
хрысціянская	509
напрамках	509
петраградзе	509
хі	509
дзіцячым	509
пятага	509
заняпаду	509
прарока	509
тэатрам	509
распрацоўкай	509
сэр	509
знешнія	509
рысу	509
мабыць	509
прамень	509
простай	509
памятники	509
рог	509
лр	509
булдаков	509
джозеф	508
трыццаць	508
паводкі	508
генерал-губернатарства	508
імператару	508
ленін	508
арлоў	508
катаванняў	508
бярозаўскага	508
чырвонымі	508
датуюцца	508
спалучае	508
аўтаномію	508
пачатковых	508
груповак	508
простага	508
сустракаўся	508
свіслацкага	508
масла	508
даклад	508
футбольнага	508
ві	508
манахі	508
джэк	507
грамадзянскі	507
ідэяй	507
блізу	507
рэзерву	507
цячэння	507
працягваўся	507
вянок	507
кунеа	507
чэхава	507
правінцыяй	506
індыйскі	506
працяглай	506
фронтам	506
кандыдатуру	506
даручыў	506
этнічныя	506
літарамі	506
вяршыня	506
паходзіла	506
запасных	506
адзнаку	506
сядзібны	506
бе	506
бельскага	506
кольца	506
злучаецца	506
тонкай	506
кормяцца	506
загадваў	506
вднг	506
куба	505
танкавая	505
прадпрыемствах	505
паўфінале	505
прамых	505
дэкаратыўных	505
цукру	505
знаходжанне	505
талачынскім	505
лізаветы	505
ўнутраны	505
спевы	505
текст	505
паслоў	505
хлопчыкаў	505
наваполацку	505
кампус	505
пласцінкі	505
спіральныя	505
людвіга	504
шатландскі	504
англійскія	504
леон	504
прыбыла	504
статусе	504
дату	504
абацтва	504
рэакцыю	504
маршрутаў	504
падаецца	504
малюскаў	504
же	504
перевод	504
прафесійным	504
выяву	504
профілю	504
вёскамі	504
кантона	504
юрысты	504
ізраільскі	503
хацелі	503
венгерская	503
крыштаф	503
прысуджана	503
даследчыка	503
выведзены	503
адкрываецца	503
светам	503
расы	503
характэрная	503
паясы	503
перакладаецца	503
ўжываць	503
пярэдняга	503
памерлага	503
аўстрыйскага	503
докшыцкім	503
вінцэнта	503
андрей	503
лос-анджэлесе	503
перадала	502
падзеямі	502
калчак	502
ўсталявання	502
рушылі	502
насіць	502
востравам	502
вагоны	502
малітвы	502
ўстаноўкі	502
бліжэйшых	502
неаліту	502
заліку	502
перавага	502
наземных	502
сведчанняў	502
паведамляецца	502
аршанскай	502
флоце	502
гітары	502
бялыніцкага	502
фэнтэзі	502
асобам	501
грыгарыянскім	501
жанраў	501
менскі	501
асобнае	501
капітуляцыі	501
целам	501
брату	501
спалена	501
гуртка	501
прыёмы	501
нізкіх	501
полем	501
матэматычнай	501
зніжэння	501
дама	501
аграгарадку	501
шэрагах	501
ані	501
быўшы	501
армянскіх	501
усевалад	500
гу	500
чумы	500
нямецка-фашысцкіх	500
татар	500
альпы	500
жана	500
карону	500
акупанты	500
лёгкія	500
ўладаў	500
матэрыялах	500
меркаваць	500
пасёлкаў	500
бакамі	500
калегіуме	500
аркі	500
веткаўскага	500
сёстры	500
заданне	500
вікісховішча	500
хойніцкага	500
студентов	500
далёкі	499
завяршыўся	499
замкавай	499
педра	499
граматыкі	499
умацаванняў	499
праліва	499
стэла	499
прымусілі	499
даваць	499
экспертаў	499
іерусаліме	499
раптам	499
унутраны	499
трапічны	499
прыкладаў	499
паўночнае	499
прапанова	499
невядомая	499
жалезны	499
гарвыканкама	499
унебаўзяцця	499
шкло	499
бакавымі	499
тэрытарыяльныя	498
ўсталявалі	498
пераехалі	498
чырвонае	498
забівае	498
сабакі	498
прыходам	498
распад	498
ярка	498
роўнай	498
сцэну	498
ваўкавыскім	498
дыскусіі	498
сігналу	498
прадставіць	497
вайсковую	497
ісландыя	497
крыжакоў	497
бальшавікамі	497
падаўлення	497
быкава	497
беларусамі	497
клубу	497
уключаў	497
складаным	497
тэндэнцыі	497
воранаўскім	497
трубы	497
націск	497
першамайскі	497
советской	497
чэшскага	497
напружання	497
ураўненняў	497
развитие	497
баявога	497
евангеллі	497
бяруць	496
пушча	496
кніжнай	496
атмасферу	496
бруна	496
рамёстваў	496
рабочая	496
ліцэнзіі	496
супрацьстаянне	496
фінансаванне	496
дар	496
важная	496
чытанні	496
жывёла	496
тэкстах	496
тагачаснага	496
праверкі	496
намінаваны	496
кветкамі	496
спіне	496
роўнасці	496
акцёрам	496
асамблея	495
фатограф	495
захворванне	495
ахвярамі	495
таварыствам	495
аднавілі	495
адышла	495
аб’яднаць	495
выяўленне	495
гвардзейскі	495
канцлера	495
будаўнікоў	495
набярэжная	495
гуга	494
генеральная	494
рэнэ	494
аб’яднанага	494
бу	494
незалежныя	494
праектах	494
навін	494
садоў	494
смалявіцкага	494
заводаў	494
камандзіраў	494
бялкоў	494
адкрыць	494
брушка	494
альбомам	494
тэхнічная	493
эмблема	493
італьянскія	493
кпзб	493
германскімі	493
знайшла	493
глыбокага	493
спажывання	493
мастацтвам	493
значнымі	493
мораў	493
ўжывалася	493
азначэнне	493
дадатковай	493
аформлены	493
стратэгіі	493
слонімскім	493
розум	493
пашкоджанні	493
прапанавала	493
багіня	493
падачы	492
гарэцкі	492
суверэнітэту	492
мадэрнізацыі	492
прымусіла	492
прыбярэжных	492
зняць	492
аднайменным	492
сапраўднага	492
эгідай	492
выпраменьванне	492
плямёнамі	492
набярэжнай	492
валун	492
радкі	492
сваякі	492
арабскага	491
парушэння	491
эстонская	491
запуск	491
вялікаму	491
паветранага	491
пракуратуры	491
дзеючы	491
кыргызстана	491
падтрымала	491
аўтарскіх	491
судовыя	491
этапаў	491
кустоў	491
ламаносава	491
мсціслаўскі	491
ўшчына	491
дайшлі	490
пратэст	490
аўстра-венгрыя	490
сіцыліі	490
купіў	490
аказаўся	490
батальёнаў	490
меркаванняў	490
самаабароны	490
аператыўнай	490
усходнія	490
колішні	490
караткевіча	490
кораня	490
якіх-небудзь	490
лесвіцы	490
белшына	490
індыйскім	489
рымляне	489
се	489
выклікана	489
паслаў	489
чацвёртая	489
ваганняў	489
нагорна-карабахскай	489
наймітаў	489
зборныя	489
пліты	489
духаў	489
асіповіцкага	489
размнажэння	489
срока	489
акцёрскі	489
места	488
каменная	488
дакументальныя	488
партугальскай	488
рэарганізацыі	488
аўтарамі	488
наступная	488
брестского	488
рэктара	488
сцёк	488
рэальным	488
ўзнагароджана	488
палявых	488
сумяшчальніцтве	488
мінскіх	488
баляслава	488
перастаў	488
студыю	488
чы	488
франтонам	488
зонах	487
сойме	487
вала	487
арыстакратыі	487
найвышэйшая	487
ўказам	487
лазука	487
палітбюро	487
ранейшых	487
ацэньваецца	487
пакрыццё	487
ясна	487
богу	487
прыкладзе	487
экрана	487
кірмашы	487
фальварку	487
чарнагорыя	486
вердзі	486
філармоніі	486
браніслаў	486
прызнае	486
з’езду	486
часць	486
канчатковы	486
чорнымі	486
эфектыўнасць	486
формамі	486
антычных	486
украінскім	486
дванаццаць	486
духоўныя	486
паставіць	486
вежамі	486
пазначаецца	486
фізічны	485
мыса	485
балетмайстар	485
ваза	485
пошты	485
свіфт	485
лодка	485
стэрлінгаў	485
бітваў	485
захварэў	485
лу	485
жаданні	485
прысутнічаў	485
рысай	485
пражыў	485
звычайным	485
адзнакі	485
торфу	485
плямамі	485
малое	485
работнікі	485
цмокі-мінск	485
установлении	485
абмежаванняў	484
замены	484
уілсан	484
вялікабрытаніяй	484
перамір’я	484
некаторым	484
увечары	484
скончыць	484
намаганнямі	484
электронікі	484
калонамі	484
называліся	484
мяркуе	484
аналагічныя	484
імкнучыся	484
імёнамі	484
далінах	484
удзельнічае	484
рэакцый	484
яўгенавіч	484
бешанковіцкім	484
васильевич	484
первая	484
-павярховы	484
уздзенскага	484
групавы	484
аргенціне	483
джузэпэ	483
германскі	483
іванам	483
палатна	483
займаць	483
вадазбор	483
выкладае	483
праціўнік	483
хвіліны	483
надзвычайных	483
збіраецца	483
цёмныя	483
разглядалася	483
ганаровымі	483
музеях	483
каталоніі	482
сярэдняе	482
каралеўствам	482
карпарацыі	482
малую	482
генерал-маёра	482
будучых	482
параўнання	482
медыцынская	482
пераважная	482
паўплывалі	482
пейзаж	482
цікавасці	482
выдатным	482
рэцэнзіі	482
мэту	482
будаўнічага	482
збіраў	482
сімптомы	482
экспедыцый	481
мільярдаў	481
фабрыцы	481
устаноўлена	481
паласе	481
рэліз	481
хрыбты	481
інспектарам	481
рода	481
паспяховых	481
рэжымам	481
фінскага	481
карпусы	481
рэвізіі	481
хаце	481
сінода	481
нагрудны	481
высакосны	480
кольцы	480
вс	480
вяселля	480
унутранага	480
гавораць	480
арыштавалі	480
бельскі	480
лепельскі	480
урала	480
спектакля	480
прававых	480
выдаваўся	480
шкоды	480
планам	480
астатняй	480
авіяцыйнай	480
харчаванне	480
мноствам	480
чвэрць	480
шклоўскім	480
атлетыка	480
дакладных	480
ўзмацнення	480
выказалі	480
вильна	480
грду	480
записки	480
суквецце	480
михайлович	480
тураўскага	479
загінуўшых	479
другія	479
грэчаская	479
змянілі	479
лодзі	479
юрыдычнага	479
печані	479
аднымі	479
вуглы	479
самакіраванне	479
навучальным	479
словаў	479
салігорскім	479
графаў	479
научных	479
агента	479
николаевич	479
паўстанцамі	478
выхадзе	478
валожынскі	478
перанёс	478
ціхім	478
кастыліі	478
гурту	478
буг	478
армейскі	478
бюджэт	478
прыбораў	478
багаслоўя	478
верхніх	478
індзейцы	478
пераўтварэнні	478
блокаў	478
палаце	478
навуку	478
працягнула	478
каменю	478
фактары	478
паветраныя	478
фундаментальных	478
жывы	478
класіцызм	478
славянскія	478
гвардыя	478
чавускага	478
ун-т	478
аўтограф	478
смак	478
банкноты	478
кароткаметражны	478
візантыйскі	477
біятлоне	477
дэманструе	477
афрыканскіх	477
астраномам	477
імператарскі	477
раздзеле	477
выкапні	477
індыю	477
змене	477
пагроза	477
тканіна	477
аўтарытэт	477
аднесці	477
государственной	477
пашырыць	477
мітраполіі	477
дысертацый	477
суперніка	477
кусты	477
электронный	477
кіслата	477
заголовок	477
віленскія	477
памешчыка	477
парным	477
аплаты	476
абслугоўванне	476
рымлян	476
актывіст	476
выплаты	476
адменены	476
чацвёртае	476
мікалаю	476
геаграфічныя	476
ўладальнікам	476
адрозніваўся	476
рэзалюцыі	476
штодня	476
падарожнічаў	476
сустрэчу	476
навучалася	476
праверана	476
баранавіцкі	476
звычай	476
большой	476
прускай	476
кузава	476
твару	476
печ	476
бразільскі	475
супрацьстаяння	475
людвіка	475
разнастайнасці	475
летапісец	475
бас	475
хата	475
свецкіх	475
канфлікце	475
школьнай	475
утрымлівае	475
сустрэць	475
заменена	475
узнікае	475
медыя	475
паданне	475
буда-кашалёўскім	475
сельского	475
добавлен	475
неабходных	474
паўсталі	474
прадухіліць	474
рамантызму	474
пасяджэнне	474
саюзнікамі	474
мабільных	474
адначасна	474
актыўная	474
круглы	474
насельнікі	474
макса	474
паспяховай	474
рэальных	474
праўды	474
гуляла	474
ботом	474
дацэнтам	474
каранаваны	473
ганс	473
бенедыкт	473
харкаве	473
ягайлы	473
вальтэр	473
аксана	473
арбіце	473
пакладзены	473
ператвараецца	473
хрысціяне	473
напоі	473
патрабаваннем	473
перапрацоўкі	473
дубровенскага	473
мураваная	473
цыклу	473
крупскім	473
адзінкай	473
лекцый	473
быхаўскім	473
любіў	473
камандуючыя	473
акадэмікі	473
вучэбнай	473
грудзей	473
інжынернай	472
нясвіжа	472
анатолевіч	472
віленскіх	472
траўні	472
падзяляюць	472
сучаснымі	472
выйграць	472
люблінскага	472
сабраць	472
кіпра	471
бацькаўшчына	471
луіс	471
трылогіі	471
радыус	471
лацінская	471
бульба	471
кампетэнцыі	471
курганы	471
грудзі	471
даведаўся	471
матэматычных	471
свята-пакроўская	471
прысвечанай	471
памочніка	471
панарама	471
унесены	471
с-	471
георга	471
игорь	471
вечара	471
маскоўскае	470
унія	470
адпраўляецца	470
электрычны	470
распрацаваная	470
ефрасінні	470
атраду	470
тысячу	470
прыводзяць	470
пастаянныя	470
рукапісу	470
апазіцыя	470
шаркаўшчынскім	470
рэестр	470
разбурэнне	470
дацкага	469
саюзнай	469
канцом	469
тымі	469
лепшай	469
сартоў	469
город	469
запрашэнні	469
он	469
нне	469
мар’інай	469
незалежнага	468
вашынгтоне	468
поль	468
пашкевіч	468
пітэра	468
прэзентацыя	468
маяк	468
знаёмы	468
працоўная	468
базілікі	468
абсалютная	468
будынках	468
нізіна	468
маленькіх	468
подпісаў	468
малодшых	468
клімавіцкага	468
кук	467
месапатаміі	467
шара	467
шы	467
паказ	467
расстралялі	467
коні	467
біяхіміі	467
акіяніі	467
паразіты	467
зразумела	467
информация	467
сцёку	467
пн	467
музыкантаў	467
курсе	467
рукамі	467
саветніка	467
человека	467
хар’юмаа	467
гандлёвага	466
мацей	466
гі	466
кручэння	466
баз	466
абараняць	466
знік	466
місісіпі	466
ключы	466
грамадзянскую	466
ўздзеянне	466
рэшткаў	466
заклаў	466
дэпартаментаў	466
таўшчынёй	466
альбоме	466
нароўля	466
оп	466
воспоминания	466
княгіня	465
эрыка	465
камп’ютар	465
асвечаны	465
алжыр	465
су	465
білі	465
важнымі	465
ставяцца	465
акадэмічнай	465
захоўвалі	465
вернікі	465
адкрытае	465
паўтара	465
паданняў	465
самастойны	465
зборніках	465
жадаў	465
наўгародскай	465
рэдкі	465
ўпрыгожаны	465
затрыманых	465
ленінскай	465
габрэяў	465
апублікаванага	465
ааэ	464
цын	464
заслужаная	464
класік	464
абсе	464
кутузава	464
кантынентальны	464
адмыслова	464
дадаў	464
выпускаў	464
крытыцы	464
складам	464
дакладнасцю	464
вода	464
выпусцілі	464
прадмова	464
мікрараён	464
павятовы	464
прасіў	464
выдаць	464
герцагі	464
блог	464
аказвае	463
украінскія	463
паклаў	463
караткевіч	463
баранавічаў	463
агні	463
пярэднім	463
распаўсюджанай	463
сайты	463
спакою	463
мячом	463
кастуся	463
прамы	463
дакладнасць	463
дырэктары	463
класічным	463
травяністыя	463
узнагароджанні	463
технических	463
асобу	462
музеем	462
вялікабрытанію	462
галасаванне	462
ўкраінскія	462
тэлесерыял	462
кожнаму	462
ядры	462
горнага	462
светлагорскага	462
важна	462
манаграфія	462
прыпісваецца	462
аптэка	462
інтэрнат	462
правіл	461
танзаніі	461
працаўнікоў	461
журналістка	461
вучэнні	461
сутыкнення	461
трагедыя	461
казані	461
ажыццяўляць	461
паўлам	461
административно-территориальном	461
даходаў	461
камуністы	461
імавернасцей	461
кобрын	461
горки	461
надзвычайны	461
выхадзіў	461
географ	460
календара	460
збіты	460
графіня	460
разбілі	460
піяніст	460
дзяўчынка	460
адамовіч	460
дэлегацыя	460
скірмунт	460
панаванне	460
міколы	460
сярэбраным	460
мера	460
працягласці	460
таемна	460
сталага	460
рэчыцкай	460
памежных	460
грае	460
бітвах	460
жыллё	460
велізарны	460
дзявоцтве	460
гледача	460
смалявічы	460
падарожнік	459
цру	459
картэр	459
ужываннем	459
туманнасці	459
аўтамабільны	459
небяспекі	459
псалтыр	459
адхіліў	459
прагрэс	459
характары	459
ку	459
эліты	459
воўны	459
краснаярскага	459
некаторай	459
дзвіна	459
чачэрскага	459
станіслававіч	459
педагагічнай	459
лепшая	459
дваранін	459
латышскае	459
амерыканскімі	458
райт	458
афрыку	458
ўварванне	458
іконы	458
артылерыйскага	458
бокам	458
парламенцкай	458
фінансавы	458
верхнія	458
узяць	458
цэх	458
эвалюцыя	458
стадыёна	458
вырабляе	458
расонскім	458
колах	458
набыты	458
зарастае	458
забараніў	457
ураду	457
рэлігійная	457
тэлескоп	457
ген	457
тэкстам	457
адыгрывае	457
персідскага	457
ўмераных	457
рачных	457
градусаў	457
канчатковага	457
зямнога	457
бактэрый	457
творчага	457
муніцыпалітэта	457
санкт-пецярбургскага	457
лунінецкага	457
выставах	457
хрышчэнне	457
формулы	457
зроку	457
кошту	456
ельскі	456
сяргееўна	456
сава	456
рэгулярныя	456
бітву	456
аэрапорце	456
артылерыйскіх	456
цяжкага	456
ставілі	456
ўніверсітэты	456
правадыры	456
мячоў	456
казаць	456
скалы	456
сеткай	456
ўяўленне	456
чытанне	456
вучыліся	456
фельчарска-акушэрскі	456
арганізм	456
нараўлянскага	456
карэліцкага	456
добрага	456
аператыўнага	456
святкуюць	455
фландрыі	455
мадонна	455
надрукавана	455
гогаля	455
кузняцоў	455
заканадаўчы	455
рок	455
франца	455
спыніўся	455
індустрыі	455
адбілі	455
зменамі	455
чарзе	455
прыбыцця	455
невялікае	455
нацыянальнасцей	455
вылучыў	455
абаронай	455
класічная	455
адбываўся	455
планаваў	455
мікрараёне	455
непасрэдным	455
вуглом	455
ўскраіне	455
планавання	455
харкаўскага	455
просіць	455
авіяцыйны	454
вернута	454
аб’яднаў	454
ўзнагарод	454
файлаў	454
галаўнога	454
электрастанцыі	454
творчая	454
асабістую	454
пакояў	454
гульнёй	454
воінскае	454
хваста	454
палётаў	454
запрашэнне	454
муниципального	454
дунай	453
паркаў	453
каталіцкім	453
місуры	453
сакратарыята	453
відэагульняў	453
папулярная	453
удар	453
слабодка	453
станоўчыя	453
ленінградскім	453
сцэн	453
апавядае	453
звароту	453
управы	453
збіраць	453
львоўскага	453
госці	453
нададзена	452
ўкраінскі	452
сысці	452
увядзенне	452
сасланы	452
спартыўнага	452
даніну	452
вымушаныя	452
кратар	452
уліку	452
мусіць	452
паведамляў	452
зможа	452
адзначалі	452
фондах	452
плыўцы	452
поўныя	451
інфантэрыі	451
вольскі	451
кароў	451
кафедральным	451
журналіста	451
артылерыйскі	451
падставы	451
прававой	451
сувязей	451
акругай	451
хуткі	451
дакументальных	451
уяўляў	451
паўночна-заходнім	451
плошчаў	451
упрыгожаны	451
сістэматыка	451
чыя	451
рабіліся	451
период	451
звязвае	451
ўручэння	451
грузінскай	451
банкаў	450
палтаўскай	450
міласэрнасці	450
земскі	450
сатурн	450
абрадаў	450
камп’ютараў	450
ўзброенымі	450
адпаведны	450
дванаццаці	450
рэкамі	450
дыялог	450
пяску	450
малявання	450
велічынь	450
рыбу	450
запаведніка	450
абласных	450
тулава	450
матэрыялам	450
руси	450
таварыстве	450
астатняя	449
хірург	449
аўстралійскі	449
змовы	449
слонімскі	449
дакладней	449
праваслаўным	449
кадры	449
нарач	449
абмеркавання	449
жодзіна	449
стандарт	449
палосы	449
забалочаная	449
проект	449
княствы	449
мемуары	449
прытулку	449
вытоку	449
добрую	449
моцная	449
молат	449
эксмо	449
ніткі	449
народжаная	449
бронзавая	449
прарэзаны	449
сваяцтва	449
афарбоўкі	449
выкладчыка	449
геолаг	448
канфедэрацыя	448
адмова	448
пераходны	448
наміналам	448
частата	448
навуковымі	448
перыядычных	448
маўлення	448
родныя	448
вылучаліся	448
перыметры	448
глядзіце	448
зб	448
фантан	448
зняволенні	448
стихи	448
турнірная	448
бдму	448
літаратуразнаўца	447
духоўнае	447
міры	447
беластоцкай	447
школьнага	447
іспанскія	447
саборам	447
кіруючых	447
света	447
эмігрантаў	447
уплывовых	447
адказным	447
земляробствам	447
школай	447
русские	447
паўабаронцы	447
рукой	447
слоўнікі	447
дакладныя	447
рука	447
нарысаў	447
-ім	447
скверы	447
казлоў	447
метал	447
дацкай	447
прадстаўляла	447
хрысціянскі	446
біялагічнай	446
бацькаўшчыны	446
маскоўскія	446
александровіч	446
ха	446
захаваных	446
самагубствам	446
афармлення	446
стандартнай	446
дасягала	446
металургіі	446
целе	446
бамбардзірам	446
жыхарам	446
мемарыяльныя	446
рэпертуар	446
краткая	446
урал	446
дварах	446
управления	446
згоду	445
ўзведзена	445
нікарагуа	445
фірма	445
зайцаў	445
назвала	445
дабрабыту	445
дона	445
машынабудаванне	445
сведкі	445
сінтэз	445
аховай	445
прамянёў	445
пачынаюцца	445
параметраў	445
масе	445
падтрымаць	445
кашталяна	445
вузлоў	445
советский	445
колішняя	445
заднім	445
жлобіне	445
камбіната	444
паразу	444
прымусіў	444
валоданні	444
лёд	444
арка	444
звяржэння	444
цяжкае	444
мяча	444
жахаў	444
пд	444
нанова	444
прызначаліся	444
роўных	444
летапісу	444
санкцый	444
сферу	444
культавыя	444
настаўнікі	444
пастаянных	444
скарбы	444
бяспека	444
пацярпелых	444
обозрение	444
боснія	444
дзялення	444
жывыя	444
списочный	444
кантынента	443
батальёны	443
тыле	443
дамініка	443
тэмператур	443
вулканы	443
палітычна	443
разгляд	443
зарад	443
далейшай	443
бярозы	443
пятром	443
наколькі	443
аўдыторыі	443
нясвіжскім	443
калінкавіцкага	443
прыходы	443
туркменістана	442
масквой	442
коўна	442
мур	442
амундсен	442
епіскапам	442
ханства	442
каліноўскі	442
рычарда	442
бытавога	442
антарыа	442
памежжа	442
марку	442
прыкладных	442
краснае	442
сюжэту	442
скляпенні	442
аздоблены	442
азёрах	442
ўяўленні	442
ярус	442
западной	442
рк	442
паверхі	442
сетках	442
тасс	442
дагала	442
рахунку	441
узоры	441
тан	441
прыватнага	441
аўтобус	441
роса	441
мёртвых	441
дастаўлены	441
акадэмічным	441
удараў	441
пуцін	441
пасяліліся	441
маёра	441
меншыя	441
прыборы	441
памежныя	441
універсітэтах	441
слой	441
агламерацыі	441
тыраж	441
мсціслава	441
паўднёва-заходнім	441
вывесці	441
будаўнічай	441
выкананыя	441
лунінец	441
нагляд	441
супрацьстаяць	441
нарвежскай	441
дыягностыкі	441
сігналаў	441
шляхецкі	441
фасадам	441
рэйтынгавага	441
образованных	441
заваяванне	440
шлема	440
ідэнтычнасці	440
здзейсніць	440
газа	440
штучных	440
п’есе	440
флотам	440
брыгаду	440
баявая	440
назвах	440
сістэмамі	440
выпадае	440
выхадцы	440
гандлем	440
штучныя	440
фінальны	440
ўплывае	440
штабе	440
футбольных	440
лёгкі	440
дэпартаменце	440
історії	440
ідэалогія	440
калекцый	440
паспрабавалі	440
слоўніку	440
зборах	440
тканкі	440
генаў	440
наделении	440
глебаў	439
сірыя	439
абвяшчае	439
чэмпіёна	439
судан	439
брус	439
дэкларацыя	439
назіралася	439
расійскае	439
заклікала	439
выкладанне	439
ноўгарадзе	439
трусаў	439
водамі	439
хай	439
прамысловая	439
збіраўся	439
топоров	439
ранняе	439
чашніцкім	439
арганізатарам	439
знешнім	439
шведскіх	438
алімпіяды	438
кітаем	438
камітэту	438
вытворцаў	438
партнёрства	438
сферах	438
размешчаным	438
ўключалі	438
метадамі	438
тлумачэння	438
турэцкіх	438
асвятлення	438
насеннем	438
нешматлікія	438
таўшчыня	438
грамадскую	438
істот	438
інспектар	438
першынстве	438
напружанне	438
абараняў	438
будуецца	438
адмаўляецца	438
экспанаты	438
турма	438
здабыў	438
прадпрыемстве	438
статусом	438
інтэрнэту	437
оперны	437
леапольда	437
шамякін	437
багдан	437
жамойці	437
арганізавала	437
распаўсюджання	437
гарадка	437
садах	437
неабходны	437
рэалізаваны	437
ўзначальвае	437
агрэсіі	437
бліжэйшыя	437
жывёльны	437
доказ	437
мыслення	437
заклік	437
электрычных	437
балтыйскім	437
розніца	437
камсамольскай	437
ўнесены	437
кіслот	437
глыбоцкі	437
тэмай	437
прадугледжана	437
ляхавіцкага	437
иванов	437
снукерны	437
дональд	436
сакратарыят	436
правапісу	436
варшаўскі	436
горках	436
міхася	436
ігнатавіч	436
асманская	436
альфрэда	436
прадмесце	436
коштам	436
мусульмане	436
гаспадарчае	436
творчасцю	436
шэры	436
лаўцы	436
будаўнічы	436
партызанскім	436
жорсткіх	436
дыпламатычнай	436
працэдуры	436
прарэктар	436
сховішча	436
голад	435
лялек	435
утварэння	435
ворагам	435
арбіта	435
бізнес	435
акно	435
паэму	435
племені	435
сацыялістычных	435
ўрады	435
віцэ-прэзідэнтам	435
івацэвіцкага	435
станоўча	435
адклады	435
справядлівасць	435
прыходзіцца	435
рэлігійным	435
падрыхтоўкай	435
бачныя	435
памяшканнях	435
современная	435
назіраць	435
эксперыменты	435
сіле	435
архівы	435
замацавацца	435
лешч	435
малекулярнай	435
акцэнт	435
крымінальныя	435
праўду	435
нава	435
жыткавіцкага	435
первый	435
алтара	435
прафесія	435
прызначаўся	434
інжынеры	434
горадабудаўніцтва	434
дзяўчынак	434
святле	434
праявы	434
храмам	434
кавалерыйскай	434
асаблівыя	434
вырабе	434
сцвярджалі	434
ўпадзення	434
апрача	434
цэлыя	434
гарызонт	434
папярэдне	434
хвіліне	434
генерал-губернатара	434
рэдагаваў	434
ппс	434
шасцю	434
срэбны	434
абраная	434
адбору	434
конкурса	434
бюсс	434
ўзвода	434
тора	433
распачалі	433
цы	433
альбрэхта	433
мітынг	433
іна	433
паўднёва-заходняга	433
супярэчнасці	433
доказы	433
мяцеж	433
аддаць	433
невядомага	433
каронай	433
артылерыйскай	433
ствараючы	433
вузкія	433
бронзавым	433
азёрамі	433
мінеральных	433
вучэб	433
регионы	433
суправаджалася	433
шпіталя	433
камянецкім	433
вадкасць	433
казань	433
раённым	433
мужчынскае	433
невядомых	433
інтэрпрэтацыі	433
крыму	433
барабан	433
балівіі	432
дзяржынскі	432
архітэктуру	432
раскол	432
тытана	432
духоўны	432
партызанамі	432
брыгадай	432
кіраўнікамі	432
кракава	432
шайбай	432
магчымасцю	432
барабаны	432
цяпла	432
майсея	432
масівы	432
сельскі	432
паветах	432
арэндзе	432
дапам	432
жыта	432
меліярацыйных	432
найлепшыя	432
малдаўскай	432
вачах	432
крузе	432
архитектура	432
яйцы	432
баскетбалісты	432
імёнах	431
асаблівасцямі	431
адміністрацыяй	431
грабніцы	431
камерцыйны	431
стаўбцоўскім	431
ўрадавыя	431
кода	431
абмежаванне	431
наступнымі	431
устройстве	431
прызнаецца	431
станцыямі	431
аграрнай	431
вопратку	431
пакаленні	431
сустрэч	431
здавалася	431
паўфінал	431
напісаць	431
раскопках	431
сельскагаспадарчую	431
абапіраючыся	431
лётчыкаў	431
рэйн-вестфалія	431
выслана	431
камерцыйных	430
узялі	430
валадарства	430
мельнікаў	430
дакуменце	430
выгнання	430
перамагчы	430
паклала	430
судане	430
трэцюю	430
сутычкі	430
прапанове	430
патэнцыялу	430
пагадненняў	430
чыноўнікі	430
націскам	430
рэальнай	430
дайшла	430
адзначыўся	430
замкаў	430
вытворчых	430
могилев	430
кароткае	430
сілезіі	430
дырэктараў	430
асаблівага	430
выкладаць	430
системы	429
крымскай	429
магістралі	429
інтэлекту	429
сялянскага	429
варты	429
магутным	429
знятыя	429
звярнуліся	429
фактаў	429
ўласцівасцямі	429
рэабілітаваныя	429
настаўніцай	429
працэсах	429
хатнія	429
трэк	429
также	429
дыпломам	429
нароўлі	429
харчуюцца	429
гонках	429
джад	429
кінг	428
петэр	428
здзяйсняе	428
ажыццяўленне	428
сымона	428
аперацыйнай	428
перасяленне	428
эканамічную	428
берлінскай	428
толкіна	428
невель	428
дывізіяй	428
меншы	428
тонкія	428
плынь	428
глыбокія	428
абаронцам	428
стрэл	428
касманаўтаў	428
муніцыпальнага	428
насевіч	428
биография	428
віліі	428
замкавая	428
адказваў	428
каралеўскія	428
збудавалі	428
меўся	428
сапраўдных	428
ажыццявіць	427
выдзелены	427
сталін	427
плаціць	427
рэзідэнцыю	427
расціслаў	427
эміль	427
нясвіжскі	427
уайт	427
атрымана	427
аляксандры	427
вылічальнай	427
украінцаў	427
шаша	427
ніжніх	427
індывідуальнай	427
мігрантаў	427
сіняга	427
матрыцы	427
сажалка	427
земскага	427
гатычным	427
мужчынскую	427
падзяліў	426
снукерыст	426
пілсудскі	426
кузьміч	426
дыктатуры	426
часовай	426
ажыццяўляў	426
складаць	426
вырабляць	426
максімум	426
замацавалася	426
малекулы	426
суседнім	426
патрапілі	426
друкаваных	426
трапляюць	426
тэарэма	426
характарыстык	426
прыродазнаўства	426
знутры	426
прафсаюза	426
сафонаўскага	426
урач	425
кастрычніцкая	425
тыл	425
экспедыцыяй	425
заключэнне	425
рушыла	425
публічнай	425
мі-	425
афіцыйную	425
адзначыла	425
часовае	425
сувязях	425
рэалізацыя	425
даследчага	425
люстэрка	425
перыядаў	425
платформе	425
побыт	425
лепшае	425
стыляў	425
мастоўскага	425
жанрах	425
тэхнікума	425
існуючых	424
казахскай	424
партугальскі	424
невысакосны	424
манарх	424
забарону	424
сабору	424
стварэнню	424
салдата	424
тытулаў	424
абумоўлены	424
реестр	424
французскімі	424
творчыя	424
саступіўшы	424
уладальнікі	424
прамовы	424
навучальнага	424
брест	424
езуіцкай	424
трупа	424
рэстаран	424
месяцавы	424
алякса	424
тэатральна-мастацкі	424
ткачоў	423
памірае	423
лінгвіст	423
калонію	423
рымска-каталіцкі	423
змаганне	423
інжынерных	423
паўлаў	423
адпачынак	423
дакладнасці	423
традыцыю	423
майго	423
памежнай	423
скласці	423
международной	423
дэвіз	423
маравіі	423
мэн	422
гуртоў	422
клод	422
валуа	422
правінцыях	422
турцыяй	422
крам	422
перавозак	422
бруселі	422
значнасці	422
уручэннем	422
трэнта	422
знаходак	422
расці	422
сцяной	422
узроўняў	422
акружэння	422
набраўшы	422
імкнулася	422
карнізам	422
пераязджае	422
арэна	422
сустрэліся	421
джонсан	421
каталікі	421
венера	421
камсамольская	421
лацінскі	421
вырабляліся	421
шостым	421
мысль	421
апрацоўцы	421
горацкім	421
этнічная	421
моўныя	421
кобрынскім	421
тэорый	421
тэатрах	421
сядзібе	421
паўнамоцны	421
адукацыйных	420
персідскай	420
падзеле	420
сутыкненне	420
уругвая	420
маргарэт	420
галоўнакамандуючым	420
асветніцтва	420
краязнаўства	420
сочы	420
карэліі	420
прыняло	420
квартале	420
жорсткай	420
карыстанне	420
ставіў	420
прынятыя	420
прытокаў	420
адміністрацыйна-тэрытарыяльнага	420
узнагарода	420
дзяленне	420
траўму	420
меншая	420
блокі	420
прадукцыю	420
перамовах	420
вежаў	420
----	420
канферэнцый	420
музею	420
матыў	420
галаўны	420
сапрана	420
літаратар	419
сумеснага	419
бен	419
датай	419
віла	419
насельніцтву	419
шатландыя	419
прысвоены	419
ігнацы	419
героем	419
перамоваў	419
вырашэнне	419
ранейшыя	419
бяспеку	419
падземных	419
разгляду	419
матываў	419
вядучыя	419
штогадовы	419
сацыяльным	419
недахопы	419
ўрача	419
наталлі	419
паэме	419
скаргі	419
вопросов	419
заняткам	419
гонару	419
установай	419
алтарнай	419
свярдлоўскай	419
петрович	419
біскупства	418
сходаў	418
хваляванні	418
кобрыне	418
сада	418
цзінь	418
конрада	418
трона	418
катэгорый	418
каманднага	418
стандартаў	418
изменениях	418
профессора	418
электронныя	418
прададзены	418
гісторыка-культурныя	418
вонкавага	418
складаную	418
сабраліся	418
вырошчвання	418
узорам	418
лоеўскага	418
рэабілітацыі	418
вертыкальна	418
адставанне	418
парушэнняў	418
ягады	418
паверхаў	418
ленінская	418
мэблі	418
жывым	418
эскадрыллі	418
саўндтрэк	418
інфармацыйны	417
разграмілі	417
бомбы	417
ноўгарада	417
падводная	417
адмены	417
натоўп	417
буга	417
заснаванага	417
гульнявых	417
іванаўскага	417
рысь	417
аб’ектамі	417
папраўкі	417
танцаў	417
ро	417
індывідуальных	417
ўстанову	417
юрий	417
ігната	417
вежай	417
палацам	417
круглянскага	417
філасофскія	417
каноэ	417
-гадовая	417
учеб	417
эйнштэйна	417
дзесяціны	417
конкурсаў	417
масавы	416
секцыя	416
камп’ютарнай	416
прадугледжвала	416
вугляроду	416
сельскагаспадарчая	416
выказаць	416
медыцына	416
пераходам	416
пракурор	416
банкі	416
падкрэслівае	416
ўзаемадзеянні	416
ягонай	416
карту	416
пячаткі	416
арнамент	416
наступную	416
набажэнства	416
вадаёмах	416
протаіерэй	416
кіруецца	415
гітарыст	415
абралі	415
замежнага	415
няўдала	415
праграмай	415
павелічэннем	415
уладальнікаў	415
вымаўленне	415
функцыянавання	415
карысталася	415
здабычу	415
аўтобусы	415
абсалютнай	415
палату	415
адступілі	415
земля	415
паўшар’я	415
фактарам	415
крычаў	415
выступіць	415
інфармацыйнай	415
спераду	415
выбарчых	415
унізе	415
маскоўскую	415
первого	415
дочкі	415
маё	415
коміксаў	415
студэнцкага	415
варонежскай	415
анатолий	415
ніяк	414
самагубства	414
штучны	414
рэйн	414
ашмянскі	414
суполка	414
луганскай	414
дывізію	414
абазначае	414
арыгінальныя	414
балгарскага	414
састаў	414
падтрымання	414
выключэнне	414
жорсткага	414
па-рознаму	414
размешчанае	414
раманавіч	414
наведвалі	414
старшага	414
памятник	414
лаўры	414
горват	414
суверэнітэт	413
дэмакратычнага	413
прыводзіцца	413
ўзброенага	413
звярнуў	413
замежжа	413
кангрэгацыі	413
суседзяў	413
кардынала	413
абхазіі	413
мяцежнікаў	413
паўстанняў	413
карыстання	413
нацыстаў	413
пералічаны	413
дзікай	413
шведскія	413
вывучала	413
даручэнні	413
камісары	413
абапіраецца	413
навагрудак	413
будову	413
растлумачыць	413
глыбокі	413
паэтычных	413
кл	413
простая	413
перажыў	413
кабінеце	413
аб’ёмаў	413
дзятлаўскім	413
власти	413
-дакум	413
укладальнік	413
сінонімы	413
вагон	413
кінематографа	412
марсель	412
небам	412
ваўкавыску	412
навагрудскі	412
выбраў	412
моцарта	412
магутных	412
яўрэям	412
партале	412
лічыла	412
узроўню	412
прамавугольнае	412
рэалізму	412
пераносу	412
кармавыя	412
пакрыццём	412
ізаляцыі	412
адносіліся	412
тэлевізійных	412
падарожжы	412
нанёс	412
акружнасці	412
звяртаецца	412
юніёраў	412
мураваныя	412
філалагічнага	412
шляхецкай	412
селянін	412
цёмны	412
бровар	412
лекара	412
падыходзіць	411
пазначэння	411
федэратыўнай	411
тэрэза	411
канстанцінопалі	411
абвяшчэнне	411
браслаўскі	411
езуіцкі	411
лян	411
матэрыяламі	411
голуб	411
асвятленне	411
калчака	411
актыўнае	411
траціны	411
плаціны	411
трымаецца	411
главы	411
небяспеку	411
суседнімі	411
курорт	411
рэканструяваны	411
жаночае	411
гаркама	411
лім	411
маршруце	411
паўгода	411
сустракае	411
майстэрню	411
генштаба	411
снукерныя	411
раян	410
накіравалі	410
ксенія	410
мальты	410
осцін	410
малітва	410
судовая	410
масачусетс	410
еўрапейскую	410
заклікалі	410
удзельнічаць	410
гуманітарнай	410
родных	410
адпаведнага	410
склаліся	410
нізіне	410
запіскі	410
рэпутацыю	410
ілюстрацыя	410
гатэль	410
восточной	410
мэр	410
уздзенскім	410
выдадзеная	410
калібра	410
кука	409
венесуэла	409
узяўшы	409
ваўкавыскі	409
арабская	409
школьнікаў	409
адмысловы	409
камп’ютары	409
замярзае	409
каланіяльнай	409
прадстаўленні	409
падзеяй	409
ўсходнія	409
ваеннаслужачых	409
тайны	409
наваколлях	409
праектаванне	409
град	409
лічба	409
беластоцкага	409
пратэстоўцаў	409
спадзістыя	409
архангельскай	409
рнк	409
куйбышава	409
вяскоўцаў	409
наўка	409
урачыста	408
войцех	408
фрэнсіс	408
добраахвотна	408
судовы	408
архіўных	408
службаў	408
мячы	408
зямельных	408
падзеленыя	408
расліннасцю	408
удзеле	408
верталётаў	408
найвышэйшым	408
сухія	408
рэшткамі	408
апісваюць	408
адэса	408
багушэвіча	408
раманам	408
валокнаў	408
скульптур	408
испр	408
мозга	408
кіслоты	408
дакладны	408
александра	408
варыянтах	408
р-	408
вынаходнікі	408
біятланісты	408
ливии	408
падаюць	407
славянскі	407
савецка-фінскай	407
дэкрэт	407
рыцар	407
радай	407
арганізаванай	407
шчасця	407
пасажырскіх	407
лесвіца	407
буды	407
дапусціць	407
дамінаваў	407
прылеглых	407
матылькоў	407
научно-популярная	407
даецца	407
сабака	407
партала	407
града	407
стратэгічных	407
самец	407
назоўнікаў	407
аказвалі	407
карпачева	407
ложы	407
стужцы	407
иеговы	407
тэрміналогіі	406
пераважалі	406
-ая	406
выступлення	406
спроб	406
ручаі	406
вугаль	406
абутку	406
спосабу	406
палічыў	406
расказвае	406
паляўнічых	406
футбалістаў	406
нуля	406
тэрытарыяльнага	406
прапаганда	406
исследование	406
картах	406
стаўкі	406
бялыніцкім	406
заказ	406
бамбардзіроўкі	406
надаваў	406
мітрапалітам	406
анг	406
материалов	406
светлавых	405
місію	405
саставу	405
каранацыі	405
адліку	405
закончыў	405
сацыяльную	405
іерархіі	405
атама	405
натуральныя	405
правая	405
тагачасны	405
традыцыях	405
ракако	405
штурму	404
ілінойс	404
ваньковіч	404
акта	404
анджэй	404
батанічнага	404
мостам	404
важнасць	404
гама	404
рыцараў	404
ініцыятараў	404
кароткага	404
выснову	404
развіваць	404
стран	404
гадавая	404
гармата	404
мемуарысты	404
крытыкай	404
баскетбол	404
публічных	404
ксяндза	404
сок	404
цікавіўся	404
скандал	404
василий	404
інтэр’ераў	404
ўзнагароджання	404
прадухілення	403
сухога	403
рыцары	403
тузін	403
гаіці	403
светлагорск	403
даніла	403
пасажырскі	403
авіякампаніі	403
стыў	403
салдатаў	403
вайсковая	403
воднага	403
распавёў	403
інфармацыйныя	403
тэм	403
сезонам	403
мясцовую	403
ніжнія	403
размовы	403
мабілізацыі	403
кінуў	403
времени	403
чайка	403
лекавых	403
ўлік	403
белорус	403
папоўніў	403
мадэрн	403
намінацый	403
аліса	403
латарынгіі	402
марс	402
звярнулася	402
канстытуцыйны	402
выявіла	402
салідарнасць	402
рухаюцца	402
вырабляюцца	402
жыўленне	402
прынцыпах	402
паломніцтва	402
палацца	402
ашмяны	402
зарэчча	402
ацаніў	402
рэчкі	402
спеваў	402
жлобінскім	402
паэзію	402
вершах	402
вязні	402
патрабавалася	402
узніклі	402
гаварылася	402
защищена	402
нумара	401
японскім	401
арышты	401
роджэр	401
аляскі	401
назіраюцца	401
рэлігіяй	401
ўдзельнікамі	401
спасылка	401
вокнаў	401
характарызуе	401
змяненняў	401
фарбы	401
сутыкнуліся	401
здаў	401
змяніўся	401
набыцця	401
нішы	401
схеме	401
вобл	401
матэматычнага	401
паняццяў	401
парамі	401
клічаўскага	401
утверждена	401
антарктыды	400
ліквідацыя	400
дружба	400
трымаць	400
нядоўга	400
крапівы	400
спрабуюць	400
капэла	400
грамадзянамі	400
раслінных	400
багатым	400
пабудове	400
зліваюцца	400
прататып	400
з’явіцца	400
далейшыя	400
таксі	400
супрацоўнічае	400
інфармацыяй	400
авіяцыйнага	400
мозг	400
исторический	400
андрэем	400
пяхотных	400
змяя	400
каму	399
эма	399
згарэла	399
эн	399
планах	399
персіі	399
вывеў	399
пазнання	399
уплыву	399
выглядам	399
ўвядзенне	399
чэрвеньскім	399
правых	399
водный	399
ніжэйшых	399
искусства	399
станкевіча	399
сонечная	399
пагоні	399
дымоў	399
яну	399
напой	399
видео	399
серп	399
благачынне	399
трохпавярховы	399
дамена	398
паўль	398
туркаў	398
манумент	398
японіяй	398
турэцкія	398
дваранскага	398
алесандрыя	398
галіну	398
сумлення	398
рэгулярны	398
паўлава	398
нармандыі	398
мэтамі	398
індыйскай	398
адтуліны	398
пісьмовыя	398
археолагамі	398
перавялі	398
канструкцыю	398
паставіла	398
этнаграфія	398
грады	398
новое	398
будынкамі	398
гаспадары	398
васільеўна	398
падпісаўшы	398
электрычныя	398
падляскага	398
пілотаў	398
першамайская	398
алгебры	398
ордена	398
рэйтынгавым	398
гару	397
дацкая	397
прарыў	397
рэспубліканцаў	397
туркамі	397
палком	397
пастанавіў	397
сімволіка	397
заходняе	397
дакладнае	397
свецкай	397
напояў	397
традыцыйнае	397
лксмб	397
абмежаванай	397
мацней	397
ставілася	397
служачых	397
віленскую	397
артыкулах	397
платы	397
тэхнікай	397
намаганняў	397
першапачатковага	397
царскія	397
захоўваўся	397
далучаецца	397
радавод	397
велікапольскага	397
агароджай	397
ковенскай	397
белсат	396
уэльс	396
валасоў	396
янушкевіч	396
суправаджэнні	396
напісаных	396
пяскі	396
общей	396
сімвалізуюць	396
станаўлення	396
навукова-даследчым	396
металічныя	396
зубы	396
класічныя	396
напалеонаўскіх	396
нейкай	396
легенд	396
лаўрэатаў	396
ўжывалі	396
магутныя	396
утварэнняў	396
путь	396
ядуць	396
сяргеем	396
гвінея	395
усталяваў	395
сястру	395
грашовая	395
стакгольма	395
львовіч	395
падручнік	395
шоў	395
сумесных	395
смалявіцкім	395
генерал-губернатар	395
абіраецца	395
захапленне	395
мяккі	395
венскага	395
навуках	395
млыны	395
паляпшэнне	395
супадаюць	395
пласта	395
салон	395
прыгарадзе	395
маёнткамі	395
прызнанні	395
вылучэнне	395
чапаева	395
шматгадовых	395
мире	395
трымаюць	395
касцюковіцкага	395
круглыя	395
цэнтаўр	395
захапляўся	395
ветэран	395
ватыкана	394
андрэа	394
элеанора	394
ядвіга	394
перакладчыца	394
прыгатавання	394
пуціна	394
абранне	394
воіны	394
асаблівых	394
службовыя	394
абмываецца	394
круглых	394
гандляроў	394
звяртаўся	394
актрысай	394
падвіды	394
ідэалагічнай	394
ўстаноў	394
лексіка	394
калектываў	394
юнага	394
школьны	394
зборных	394
агент	394
навіч	394
валейбольны	394
перастала	393
якаб	393
модуль	393
камп’ютарная	393
князямі	393
вірус	393
прэтэнзій	393
канцэнтрацыі	393
цемры	393
адмірала	393
перакладам	393
крокам	393
намеры	393
матэрыяльных	393
крымінальная	393
пісьменнасць	393
замежным	393
кулямёт	393
звяроў	393
рухацца	393
прапановай	393
сербскага	393
узор	393
дэканат	393
алексей	393
карэспандэнтам	393
маленькая	393
сыграла	393
кішкі	393
рэйна-вестфаліі	393
снукерыстаў	393
зонай	392
барселоне	392
паўлін	392
сутыкнуўся	392
мілане	392
свабодным	392
міхаілам	392
савіцкі	392
праграмах	392
інвестыцый	392
цэлых	392
перададзеныя	392
рачны	392
велізарныя	392
маленькай	392
ўяўлялі	392
прадстаўлялі	392
бялград	392
палявая	392
дзяржавах	392
афарбоўку	392
дэпутата	392
хвіліну	392
витебская	392
ве	392
выхадам	392
государства	392
министерства	392
прадпрыемствам	392
свецкае	392
-го	392
фаза	392
эксперымент	392
заалогіі	392
эквадора	391
прыгавораны	391
якуціі	391
клімент	391
генрык	391
мірнае	391
царкоўным	391
паліна	391
класу	391
часовыя	391
сямействаў	391
напрамкаў	391
металічных	391
дуброва	391
мерапрыемствах	391
падаць	391
цяжкая	391
салдацкіх	391
адміністрацыйна-тэрытарыяльнай	391
знесены	391
страх	391
адбываў	391
армянскія	391
хірургі	391
сімвала	390
падобную	390
прадстаўленыя	390
пазначае	390
сорак	390
святаслаў	390
рэй	390
казлоўскі	390
чарнаморскага	390
ўзыходжанне	390
волкаў	390
карэйскай	390
кафедральнага	390
вымусіла	390
выпушчаная	390
жалезныя	390
сфарміраваўся	390
адрозненняў	390
камандным	390
халодная	390
тэорыяй	390
гардзіенка	390
метр	390
тагачасных	390
нобелеўскую	390
апараты	390
прафесараў	390
самца	390
задніх	390
кіруючы	390
созыва	390
плнт	390
гродна-	390
рыа-дэ-жанэйра	389
ёган	389
саша	389
бабуля	389
фігурай	389
знойдзеных	389
судовага	389
захаваны	389
суме	389
мінск-	389
продажаў	389
іванава	389
партнёрам	389
найбольшае	389
грошаў	389
базавая	389
настроі	389
прарыву	389
фрагментаў	389
скарбаў	389
тонкім	389
панэлі	389
мадэллю	389
заяве	389
выкарыстоўвала	389
выяўляе	389
каардынацыі	389
прамавугольным	389
афармленні	389
роман	389
адступлення	388
тамаш	388
дзяячка	388
кобрынскі	388
мілана	388
мірнай	388
юань	388
ажыццявіў	388
экзамен	388
вымярэнні	388
распалася	388
акупацыйных	388
праваслаўную	388
публікі	388
жалезнай	388
тыповы	388
родную	388
працягнулі	388
дэкана	388
мацерыка	388
ўвосень	388
частковае	388
біблейскага	388
нешматлікіх	388
асіповіцкім	388
дзеячам	388
забруджвання	388
тэнісе	388
будет	388
дасягнута	388
таямніцы	388
музыкаў	388
евгений	388
закрыта	387
януша	387
мадрыдзе	387
галандскай	387
познань	387
ўстаноўка	387
адвакат	387
базавых	387
ствараюцца	387
акругах	387
суду	387
абставіны	387
муніцыпалітэты	387
зараснікі	387
добрая	387
жывапісам	387
уладар	387
вагнера	387
еўрапейцамі	387
нітак	387
уласцівасцей	387
мікалаеўскай	387
гіпотэзу	387
пацыентаў	387
герцагавіна	387
вежу	387
краснапольскага	387
імага	387
нкр	387
тэатру	386
нормаў	386
венгрыю	386
урбан	386
намесніцтва	386
венграў	386
суднаходства	386
губернскі	386
рэвалюцыйны	386
сапр	386
атона	386
вільнюс	386
пераведзена	386
вядучай	386
вышынь	386
добрых	386
сярэднегадавы	386
траве	386
залессе	386
затое	386
негатыўна	386
дыяпазон	386
сродках	386
жыццёвы	386
кампенсацыі	386
літарай	386
барбары	386
адказу	386
разу	386
выратаванне	386
гравюра	386
патронаў	386
рубель	386
ідышы	386
брэйкі	386
прадстаўленне	385
галандскі	385
студэнт	385
ніка	385
эстонскага	385
трасе	385
габрыэль	385
яўрэйскім	385
фларыда	385
заключылі	385
балоце	385
запарожскай	385
патрэбны	385
распрацаваныя	385
кб	385
жанчыну	385
македонскага	385
велізарную	385
поясе	385
жывёлу	385
рэвалюцыю	385
сялянамі	385
паўплываў	385
страны	385
наведалі	385
пунктамі	385
наведала	385
сходы	385
дапамагалі	385
уладанне	385
адценнем	385
пустазелле	385
тварам	385
сажалкі	385
родзе	385
начальнікі	385
заяўку	384
начале	384
пенсільванія	384
антаніна	384
іспанскую	384
вашынгтона	384
фішэр	384
кулямётаў	384
калі-небудзь	384
характарызуюцца	384
ажыццяўляюць	384
развітыя	384
еўрапейскімі	384
складаная	384
набору	384
гарызантальна	384
плоскай	384
фінансавага	384
пакідаць	384
тэхнікуме	384
разумее	384
заражэння	384
мікрараёна	384
мароз	384
славія	384
бальніцу	384
гандлёвая	383
будапешт	383
англічане	383
панятоўскага	383
арабскія	383
клецкага	383
пакуты	383
космасу	383
дазваляў	383
друкаваныя	383
абмежавання	383
гадавы	383
пясчанае	383
ледавіка	383
ахоплівала	383
культурнае	383
значнага	383
гігіены	383
частыя	383
ствол	383
своеасаблівы	383
даследаваннем	383
левая	383
матэрыі	383
вякоў	383
першапачатковая	383
філасофскі	383
пекла	383
анлайн	383
самастойная	383
роспісу	383
капліцу	383
выстаўках	383
марцы	382
акцыянернае	382
уп	382
вольная	382
сталінскай	382
наглядам	382
валадар	382
паспалітая	382
прадпрымальніцтва	382
сусветныя	382
іагана	382
шэклтан	382
дадаюць	382
вытворца	382
крокі	382
святаў	382
нанесла	382
река	382
дэмакратыя	382
урочышча	382
астраномія	382
скрозь	382
пераходнага	382
топонимический	382
перакрыты	382
барселоны	382
сямёна	382
зіму	382
канцах	382
прафесары	382
вылучэння	382
моцную	382
спецыяльную	382
арыгінальнае	382
вяземскага	382
спецыялістам	382
медицинских	382
пацвярджае	381
патрабаванням	381
накіраваных	381
ўзяты	381
пліт	381
андэрсан	381
манах	381
здзейсніла	381
праваслаўя	381
паштовыя	381
віктараўна	381
выгнаны	381
ісламская	381
тэадора	381
пераносіць	381
паветраны	381
цеста	381
рагачоў	381
между	381
гадавіны	381
лепель	381
пацвердзілі	381
крыштафа	381
потэр	381
любая	380
саступіла	380
архіваў	380
быкаў	380
падарунак	380
тунэль	380
пасведчанне	380
правамі	380
стандарту	380
маніфест	380
манархія	380
арабаў	380
археалагічнай	380
атлантычным	380
леона	380
інвалідаў	380
-ых	380
адміністратар	380
водны	380
политика	380
верталёты	380
пашырылася	380
іракскай	380
папскай	380
характэрным	380
грашовай	380
абавязак	380
выбітных	380
рэпертуары	380
знаці	380
партыйнага	380
решении	380
логікі	380
магнатаў	380
муз	380
унёс	380
сценкі	380
самакіраванняў	380
крумкачы	380
чарвей	380
максімальны	379
пашпарт	379
хань	379
тэарэтык	379
латвійскі	379
п’ера	379
палосамі	379
салдатамі	379
малодшая	379
саслоўя	379
жаўнераў	379
пашырыў	379
анімацыйны	379
атрадамі	379
туніса	379
скрыпка	379
лепшага	379
іспанцы	379
набыць	379
быцця	379
дзеяслова	379
адносіўся	379
выявілася	379
прэзідэнцтва	379
акупаваны	379
вузкай	379
левыя	379
петрыкаўскім	379
курганоў	379
пасляваенныя	379
узроўнях	379
пракурора	379
літаратурай	379
падданых	379
падлеткаў	379
феномен	379
вырошчванне	379
цвіцення	379
турыстычны	379
збіралі	379
орды	379
уласнага	379
сталым	379
ягоныя	379
трапіць	379
знакамі	379
динамо	379
сарас	379
старэйшыя	378
заснаванні	378
чарнігаўскага	378
ніжняе	378
пралівам	378
камп’ютара	378
плавання	378
распасціраецца	378
дуніна-марцінкевіча	378
каналам	378
раўнінны	378
крымінальных	378
тэматыка	378
эпох	378
утрыманне	378
навукова-даследчых	378
сабрана	378
сказана	378
дакладнай	378
пярэдняя	378
гучанне	378
дэвіда	378
вучэбных	378
крытыкаваў	378
езуіцкім	378
суша	378
документы	378
адзначылі	378
суцэльнае	378
пазнаёмілася	378
годнасць	378
бк	378
павету	378
лірыка	378
джэймі	378
мічыган	377
спартсменка	377
баяры	377
сафі	377
мусаліні	377
параўнанне	377
рамеснікаў	377
сун	377
архівах	377
папоў	377
зла	377
адмысловыя	377
разглядаліся	377
урадзе	377
прыкметны	377
артыкулам	377
маёй	377
надрукаваў	377
заданні	377
заканамернасці	377
рэальнасць	377
размаўлялі	377
хадзілі	377
нагрузкі	377
пераселены	377
подписал	377
тапонімы	377
праёмаў	377
пабываў	377
мірскага	376
цэзара	376
адыходзіць	376
рудольфа	376
вайсковага	376
сербы	376
дол	376
легіён	376
шведаў	376
зборам	376
эфектыўна	376
карыстальніка	376
алімпіядзе	376
з’явай	376
право	376
прымяняюцца	376
тлумачэнні	376
дуба	376
старажытнае	376
здымаўся	376
ездзіў	376
спосабамі	376
роў	376
кінатэатры	376
кантынгент	376
палацаў	376
следствам	376
брамай	376
чвэрцьфінал	376
мгц	376
улица	376
пладовыя	376
тэхнічнае	376
сінгла	376
аднавіла	375
рэйна	375
рэлігій	375
палону	375
палякамі	375
гарадоцкі	375
навукоўца	375
паходзілі	375
тэрарыстычнай	375
распаўсюджаным	375
любую	375
тэхналагічных	375
хапала	375
пашыраныя	375
кава	375
тыповыя	375
шыраты	375
змяняюцца	375
карыбскага	375
нейкага	375
дапамагаюць	375
аналагічны	375
вонкавым	375
савецкае	375
гаспадарчага	375
беларускаму	375
дапаможныя	375
цэлага	375
іўрыце	375
адлюстравана	375
дзеячамі	375
ўезд	375
песнямі	375
теории	375
калектыўных	375
прадзюсарам	375
вену	374
гербу	374
эда	374
перамаглі	374
прысягу	374
расколу	374
абрам	374
пярсцёнкаў	374
жукава	374
жорсткі	374
ніжнюю	374
разнастайнасцю	374
блакітная	374
забойстве	374
дазвалялі	374
фларэнцыя	374
позна	374
атмасфера	374
сэнсу	374
сантыметраў	374
ул	374
национальный	374
інтарэсах	374
руск	374
прыёмаў	374
сацыялогія	374
фармавання	374
глебу	374
гандбаліст	374
вадаліў	374
пракат	373
нашчадкам	373
фонда	373
гасподняга	373
восьмы	373
падпісаць	373
нептуна	373
цзюньхуэй	373
святкаванне	373
забяспечвала	373
прагрэсу	373
функцыянуе	373
стаянкі	373
аленяў	373
аддзяленняў	373
зычныя	373
берасцейскага	373
зэльвенскага	373
працэнтаў	373
насякомымі	373
капэлы	372
стэнлі	372
марыа	372
збіраюцца	372
сумеснае	372
мяшчан	372
купцоў	372
фёдараўна	372
бардо	372
ўладзе	372
падзяляе	372
цені	372
імкліва	372
клубах	372
літаратуразнаўства	372
ставіўся	372
малюнкам	372
узвышшы	372
двухбаковая	372
барысаўскай	372
запавет	372
прадпрымальнікі	372
таварыствы	372
паэтычны	372
эксперт	372
сцябла	372
аднапавярховы	372
карэспандэнт	372
вяземскім	372
растоўскай	372
ужывання	371
будызм	371
магчымай	371
жамойць	371
вераніка	371
латышскай	371
рыжскім	371
дамова	371
амстэрдам	371
надалей	371
пашы	371
тэарэтычныя	371
адчувае	371
ўжываліся	371
адыгралі	371
поласці	371
каштоўнасцяў	371
наўпрост	371
вучонай	371
набажэнствы	371
тоны	371
наведаць	371
персаналу	371
ўзорнае	371
ордэну	370
садам	370
сцяну	370
руд	370
кінематографе	370
рэкордаў	370
заснаванае	370
турэцкая	370
школьная	370
крысціяна	370
дакументацыі	370
агароджы	370
традыцыйнымі	370
хатнім	370
мініяцюры	370
дрэвах	370
таварыскім	370
арыгінальная	370
галіцыі	370
сумежных	370
цімафей	370
добрушскага	370
скрыпкі	370
фундаментальныя	370
кароткімі	370
сокал	370
варашылава	370
крычаўскага	370
гульнявы	370
выдуманыя	370
кёльн	369
дэ-факта	369
берлінскім	369
аналаг	369
чалавечыя	369
заключыць	369
ўрачыста	369
фінансавую	369
ўключэння	369
галінамі	369
спрыяюць	369
бачна	369
геалагічных	369
стадыю	369
вылету	369
эксперыментаў	369
пасяджэнняў	369
бульвар	369
чавускім	369
хадзіць	369
саратаўскай	369
падтрымліваецца	369
ініцыятыву	369
вучнямі	369
падзяляліся	369
уладальніца	369
ураднік	369
палесціны	368
землетрасенне	368
крымскага	368
меж	368
мара	368
рэвалюцыйная	368
малдове	368
вытворныя	368
пятая	368
вышынях	368
групах	368
ювентус	368
вяшчання	368
сядзібу	368
антрапалогіі	368
зробленых	368
малодшай	368
сталь	368
гутаркі	368
гульцом	368
вугла	368
рухавікамі	368
выпускнік	368
яфімавіч	368
экзэмпляраў	368
крыламі	368
адамавіч	368
русских	368
мікрабіялогіі	368
органов	368
прымусіць	367
беспарадкі	367
адменена	367
складальнік	367
экраны	367
комплекса	367
консульства	367
рай	367
найстарэйшы	367
выгнанне	367
фаўны	367
арыгінальных	367
спасылкай	367
грузавых	367
руднік	367
прысутнічала	367
рэлігію	367
альгерда	367
крышталі	367
ландшафт	367
абяцаў	367
слово	367
галосныя	367
уласным	367
інструктарам	367
гданьска	367
ніжагародскай	367
пераезду	367
пратэстантаў	367
выпускаўся	367
кропак	367
сабраных	367
анатольевіч	367
архібіскупа	367
рэ	367
збудавання	367
імавернасць	367
прасёлкавай	367
разгром	366
першапачатковай	366
мастацтвазнаўца	366
балканах	366
прадставіла	366
зінаіда	366
надзвычайным	366
-гадовай	366
мінералаў	366
арыштаваныя	366
палітолаг	366
генрыхам	366
генацыд	366
бярэзінскі	366
пісьмовай	366
тэрору	366
сабралі	366
параненымі	366
прызёрка	366
балгарскі	366
дабрацца	366
механічнай	366
сілам	366
металы	366
багацця	366
распрацоўшчыкаў	366
адбілася	366
арханёла	366
змяшчаў	366
-годдзе	366
вид	366
ведаць	366
краявіды	366
чэмпіянаты	366
адзінкавыя	366
стывена	366
паст	366
байдарках	366
квантавая	366
імперскай	366
прысуджаецца	366
ўключаў	366
казлова	366
вылучаўся	366
пэры	366
лене	366
генеалогія	366
сёлаў	366
адэская	366
сахары	365
руска-турэцкай	365
маладзечанскі	365
данілавіч	365
царкоўная	365
нідэрландскай	365
старт	365
падняўся	365
пакараныя	365
марыю	365
фондам	365
ведаючы	365
прыступіў	365
заканадаўствам	365
кампазітарам	365
наведваюць	365
драўніна	365
практыкай	365
гарэцкага	365
пліта	365
пласты	365
працэсам	365
схілаў	365
дэльты	365
аднолькавыя	365
начны	365
опер	365
скура	365
членства	365
мэце	365
захоўваў	365
археалагічная	365
абараняе	365
іканастас	365
цэха	365
правазнаўства	365
акупантаў	364
гданьску	364
ваенна-марскога	364
даследчыкамі	364
годнасці	364
сінод	364
стандартам	364
ўсходнюю	364
сумесныя	364
дзяўчынкі	364
стужкай	364
чакаць	364
прамая	364
ірландскай	364
міф	364
патрыярхату	364
калужскай	364
тканак	364
лапаткамі	364
цагляны	364
хакеісты	364
дзеючых	363
ўстановамі	363
нівы	363
здзейснена	363
ізабела	363
навукоўцамі	363
адпаведнасць	363
прыцягнуў	363
затрымалі	363
вілейка	363
знакамітай	363
складанне	363
адпаведным	363
плоскія	363
саха	363
перанеслі	363
іспанскім	363
развітых	363
саюзаў	363
схіламі	363
прамымі	363
вузкая	363
ежа	363
венскай	363
федэральная	363
леніну	363
няўдалай	363
мармуру	363
комитета	363
упраўленні	363
тычацца	362
палкаводзец	362
згуртавання	362
ботам	362
заключана	362
фрэнк	362
туніс	362
асудзіў	362
буйнейшых	362
докшыцы	362
анна	362
ўнутраным	362
аднолькава	362
каляды	362
садзейнічанне	362
аднайменная	362
любанскім	362
адзінаццаць	362
пшаніцы	362
аналогіі	362
вінаватым	362
пярэдніх	362
мінерал	362
сонцам	362
новаму	362
наваполацк	362
более	362
кансі	362
шкі	362
частаты	362
ватыкан	361
крыстафер	361
надання	361
дарогай	361
усерасійскага	361
майкла	361
палярных	361
грэцыю	361
варот	361
тэмпературай	361
ўзыходзіць	361
венецыя	361
ахоўных	361
адрозніваць	361
традыцыямі	361
ішло	361
доктарам	361
арганічныя	361
гатовыя	361
ту	361
ло	361
медыцынскую	361
хвоя	361
спасылаючыся	361
асіміляцыі	361
клімавіцкім	361
сааўт	361
патрон	361
сирии	361
клавішныя	361
анголы	360
франк	360
парады	360
люблінскай	360
меліярацыі	360
падпалкоўніка	360
міхайлавіча	360
выхадцаў	360
інтэрфейс	360
разглядаюць	360
даходзіць	360
рэгентам	360
жывёламі	360
карма	360
міжземнамор’я	360
тоўшчы	360
бярозаўка	360
мастакамі	360
парода	360
вызначалася	360
аўтобусаў	360
працягваючы	360
спаса-праабражэнская	360
валы	360
яйка	360
самастойную	360
германа	360
ружа	360
вайніловіча	360
усс	360
крыжовага	359
данііл	359
бельгійскі	359
чэшская	359
арагона	359
уладзе	359
цудаў	359
сара	359
крыс	359
каралеўскую	359
аўтамабільнага	359
валейбол	359
аднесены	359
папулярнымі	359
интервью	359
склаўся	359
пераўтварэнняў	359
структурай	359
памяншаецца	359
інтэнсіўна	359
нафта	359
планеце	359
вонкавыя	359
вачыма	359
каменнай	359
змей	359
ахвяру	359
суддзёй	359
пераўтварэнне	359
зямельныя	359
анатомія	359
мікала	359
канцэрце	359
садовая	359
энгельса	359
преобразовании	359
пярсцёнак	359
позніх	359
назоўнікі	359
карцінах	359
выдавецтвам	359
морфометрические	359
намінацыя	359
выдадзеныя	358
аддаюць	358
карлас	358
мехіка	358
мітынгу	358
канстанцыя	358
уладзіміру	358
кітайскім	358
канскага	358
ліцэнзію	358
таджыкістан	358
электрычнай	358
апалчэння	358
парыжскага	358
хваробу	358
запасаў	358
дажджоў	358
нанесці	358
цывілізацый	358
сардзінія	358
кірункаў	358
брытанцы	358
прыйшло	358
настаўніца	358
паступіць	358
пах	358
ли	358
складанні	358
пуці	358
вобразе	358
режим	358
сэрвіс	357
хуана	357
піянераў	357
нанесены	357
жэневе	357
пераходзяць	357
федэральных	357
харкаўскі	357
капенгагене	357
пагадзіліся	357
праход	357
марозаў	357
канчатковае	357
тэндэнцыя	357
паслядоўнікаў	357
саюзнікам	357
тэматыкі	357
залатымі	357
асяроддзем	357
ваколіцы	357
духоўным	357
касмічныя	357
голасам	357
назіранне	357
выканаўцам	357
львів	357
рэжысёраў	357
спадчынніка	357
намалявана	357
дваіх	357
сталы	356
бясплатна	356
атлантычны	356
расстрэл	356
незалежным	356
альгерд	356
разрыў	356
званнем	356
нансена	356
анёл	356
пасвечаны	356
уключаюць	356
магутнай	356
пасажырскія	356
наведвае	356
гародніны	356
англамоўныя	356
пясчаных	356
кантраляваць	356
кіраўскім	356
існаванні	356
аддалі	356
якога-небудзь	356
сямейных	356
прынцыпова	356
лініямі	356
научной	356
жонак	356
анталогія	356
дуэт	356
праявіў	356
іділ	356
опред	356
тайвань	355
плаванне	355
замах	355
масавая	355
сенатар	355
пасланне	355
афрыканскага	355
крымінальны	355
раўнавагі	355
разлічаны	355
надаюць	355
пашыраецца	355
дэканам	355
прадм	355
эканамічна	355
мтс	355
ўспамінах	355
калекцыях	355
рэкламы	355
разуменні	355
ўрокі	355
акадэміяй	355
танкавага	355
выклік	355
салоне	355
юрыдычныя	354
джэксан	354
дуда	354
патрыётаў	354
сталінскіх	354
роспуску	354
уладам	354
столь	354
шыбека	354
вядомую	354
дзеляцца	354
віцэ-прэзідэнта	354
занятасці	354
канцэнтрацыя	354
скорасці	354
знакамітым	354
напалову	354
размяшчэннем	354
трансільваніі	354
чэхаславакія	354
дробнай	354
публікаваліся	354
захаваннем	354
рамёствы	354
паліталогіі	354
борьба	354
секунды	354
чэмпіёнкай	354
рабоча-сялянскай	354
фарэрскіх	353
знікае	353
жорж	353
кацярынай	353
дэкларацыю	353
кларк	353
мацкевіч	353
інданезія	353
п’етра	353
ціхі	353
лорд	353
херсонскай	353
астэроіда	353
камісарыята	353
будапешта	353
лясніцтва	353
распаўсюджвацца	353
акадэмічных	353
захапіўшы	353
папуляцыя	353
кантынентальнай	353
вядуцца	353
моманты	353
пошукаў	353
даводзіцца	353
вонкавай	353
адмоўна	353
дзюба	353
позні	353
атрымлівала	353
ісп	353
станавілася	353
заслужанага	353
пераканаць	353
перешел	353
карась	353
ўраўненні	353
паэтычныя	353
введение	353
падзялялася	353
парыжскім	353
методы	353
наперадзе	353
маякоўскага	353
суседняга	353
просталінейнай	353
руднянскага	353
буркіна-фасо	352
лічбавых	352
падпісанне	352
вайсковец	352
рэгент	352
кватэру	352
вікінгаў	352
японію	352
злачынствах	352
дапамаглі	352
сухапутныя	352
энергетыка	352
сухім	352
плану	352
эміграцыя	352
каментарыі	352
куст	352
цёмная	352
камісарам	352
языки	352
складоў	352
сялянскія	352
паліклініка	352
корм	352
белорусских	352
плюс	352
барона	352
багеміі	352
ташкент	352
дырыжоры	352
узвышша	351
каметы	351
свабод	351
бусел	351
правёўшы	351
ружы	351
рэалізацыю	351
алімпійскай	351
разарваў	351
берлінскага	351
падняў	351
паспяховага	351
стандарты	351
дапамагала	351
акупаваных	351
цэласнасці	351
армия	351
народзе	351
біялагічны	351
меркаваў	351
прадстаўлення	351
нацыяналізму	351
кантэкст	351
манетах	351
вопратка	351
даказаў	351
знаёміцца	351
парках	351
бесперапынна	351
аграрных	351
механічны	351
лебедзь	351
біяхімік	350
рама	350
навара	350
соф’і	350
кулі	350
залатую	350
ленан	350
кансолі	350
сродку	350
небяспечных	350
пераадолець	350
энергіяй	350
развіваўся	350
наўмысна	350
геалагічныя	350
трэнерскі	350
вымярэнняў	350
ўвесці	350
абслугоўвае	350
царскага	350
пе	350
порту	350
апоры	350
асаблівасцяў	350
ключоў	350
напружанасць	350
інстытуту	350
населеным	350
вінтоўкі	350
лейпцыгу	349
змяняе	349
паэтка	349
кэтрын	349
газетай	349
экране	349
тралейбус	349
кенэдзі	349
паноў	349
пакідаюць	349
ваўкавыск	349
туберкулёзу	349
казармы	349
становішчам	349
ньютана	349
буйнейшыя	349
цукровы	349
гуляюць	349
сталыя	349
прыхільнасць	349
калгасаў	349
калінкавіцкім	349
узнагароду	349
імператарскім	349
прыбытку	349
конф	349
утвараюцца	349
садзейнічанні	349
апісваў	349
матылі	349
чкалава	349
княжацкага	349
врэ	349
глебава	349
аддзяленнем	348
намібіі	348
дэпартацыі	348
патрык	348
ўтварылі	348
хавалі	348
майсей	348
дуа	348
амерыканскае	348
буйную	348
фронта	348
пададзены	348
радка	348
запісаць	348
развіваліся	348
прыехалі	348
прырост	348
рэчышчы	348
цывілізацыя	348
вострыя	348
акіянам	348
цэнтрах	348
выдатную	348
алжыры	348
сукупнасці	348
перераб	348
бялкі	348
рызыкі	348
парушэннем	348
самастойныя	348
заняткамі	348
оскара	348
сусвеце	348
раённых	348
дрыбінскага	348
знята	348
палотны	348
спрынце	348
бнту-белаз	348
правіламі	347
аэрадрома	347
нсдап	347
выключана	347
аўстрыяй	347
лічбавай	347
вобраза	347
станаў	347
паказчыкаў	347
саступае	347
свіней	347
навакольным	347
трасы	347
радасць	347
славянская	347
лявона	347
расла	347
мэра	347
арыентаваны	347
намаганням	347
валагодскай	347
пілоты	347
начало	347
кантон	347
валаснога	347
валерий	347
вінчы	346
рабіна	346
верхнюю	346
федэрацыяй	346
перадаваць	346
даліну	346
снегу	346
асаблівая	346
творчую	346
скарыстаўшыся	346
таскана	346
прэса	346
трэніравацца	346
ачко	346
баланс	346
будаўнікі	346
цікавы	346
умовай	346
сярэдневякоўя	346
аўтаматычнай	346
ярусы	346
кашталяны	346
блытаць	346
учебник	346
асаблівым	346
салігорскі	346
арыентаванай	346
канцэртах	346
здарэння	346
суботу	345
курт	345
пятроў	345
зрынуты	345
хадкевіч	345
формулы-	345
змагання	345
крымскіх	345
слове	345
большага	345
паліцэйскі	345
шамякіна	345
адукацыйнай	345
абстрэл	345
зорку	345
пнр	345
экалагічнай	345
выбарчага	345
адрознівацца	345
хлопцы	345
адметныя	345
найважнейшыя	345
слабым	345
падпарадкоўваліся	345
суправаджаў	345
страчана	345
даведацца	345
ўпадзенні	345
весткі	345
катоў	345
хвоі	345
пацвердзіла	345
арганізмы	345
прапаноўваў	345
яец	345
іванова	345
студэнтамі	345
графстве	345
гора	345
зыходу	345
хлопец	345
жоўтым	345
радоў	345
плям	345
нараўлянскі	345
інвентар	345
сіметрыі	345
эсбе	345
цска	345
рослаўльскага	345
цэзар	344
арды	344
славенія	344
думу	344
створанае	344
цёткі	344
рыкі	344
вірджынія	344
банку	344
блакады	344
вэб-сайт	344
наведваць	344
насельнікаў	344
размаўляе	344
сямейныя	344
завяршаецца	344
дасягаецца	344
капіталу	344
патрапіла	344
свята-троіцкая	344
ўласнае	344
узбекістане	344
выцягнуты	344
арганізуе	344
сола	344
газы	344
свецкія	344
вілейцы	344
драматычных	344
ск	344
танкавых	344
условиях	344
маршруту	344
урана	343
дэн	343
заваяваны	343
уварванне	343
эл	343
трыбунал	343
генералаў	343
выбітны	343
адправіць	343
ўрадавых	343
філасофскага	343
сканцэнтравана	343
прытоку	343
працяглага	343
прэзідэнцкай	343
сэрцы	343
страціўшы	343
хаціны	343
ежай	343
стале	343
праяўляецца	343
яркія	343
дрэвамі	343
правілах	343
падарожжаў	343
паспелі	343
шукаў	343
плоскасць	343
архітэктурным	343
цудоўны	343
кварталы	343
популярная	343
прыняўшы	343
піраміды	343
военная	343
жыткавіцкім	343
узбекскай	343
мелодыі	343
падручнікі	343
імавернасці	343
краснадарскага	343
чалябінскай	343
перападрыхтоўкі	343
юлій	342
мірскі	342
зрабіўся	342
плывец	342
браслаў	342
французскае	342
шлюбаў	342
агнястрэльнай	342
дамовіліся	342
дагавораў	342
стадыя	342
адправіліся	342
далейшых	342
віну	342
сюжэтаў	342
характэрных	342
нацыянальнымі	342
гарамі	342
укр	342
кра	342
раслінамі	342
марыяна	342
свіслацкім	342
пажараў	342
археологии	342
ранг	342
неабходнай	342
авт	342
латыні	342
канчатковай	342
голыя	342
мужчынскіх	342
прэпаратаў	342
адзіночныя	342
атол	342
нобелеўскага	342
ірландскі	341
васілеўна	341
віцебскае	341
саламон	341
сацыёлаг	341
сінім	341
ліхтэнштэйн	341
мультфільм	341
станіславам	341
сфармаваны	341
захопленыя	341
настаўніцкай	341
ракета	341
геаграфічны	341
наўзамен	341
дасягнуўшы	341
пакет	341
заява	341
забастоўкі	341
жоўтай	341
гаварыць	341
фараона	341
цэлае	341
распрацавалі	341
паказваў	341
карыстальнікі	341
старажытнагрэчаскіх	341
хроника	341
далёкіх	341
могільнікі	341
назаўжды	341
сігналы	341
ерэване	341
заслуг	341
ільіча	341
футболам	341
каспійскага	340
хокінс	340
ерэван	340
агінскі	340
расліннага	340
аўтапартрэт	340
міндоўга	340
нба	340
коўне	340
сцвярджэнні	340
занятыя	340
аддзяляе	340
гарачым	340
ўмяшання	340
сцвярджаецца	340
вядучая	340
дыялекце	340
гаспадаром	340
зачынена	340
фармаванне	340
вонкавы	340
крайняй	340
каранямі	340
вектар	340
ўраўненне	340
гістарычнымі	340
звезда	340
арганізатары	340
чэрыкаўскага	340
адчуванне	340
плоскае	340
рослаўльскім	340
дзяўчыну	340
сны	340
пій	339
жуан	339
форд	339
архіепіскапа	339
прагаласавалі	339
дантэ	339
экалагічных	339
хо	339
жадалі	339
англічан	339
максіміліян	339
дамініканцаў	339
цэрквах	339
шахцёра	339
стварыўшы	339
перабудова	339
папярэднікаў	339
кліматам	339
прызначаюцца	339
замацаваны	339
крайнім	339
прасоўвання	339
размова	339
бровки	339
дапамагаць	339
назваўшы	339
аказаліся	339
паляўнічыя	339
сталых	339
вокладка	339
перакладах	339
бялова	339
прапаганду	339
леонид	339
палоне	339
войне	339
дэлегат	339
суб’ектаў	339
історія	339
яраслаўскай	339
бінэм	339
алепа	338
спыніліся	338
распрацавала	338
падзялілі	338
краязнаўчага	338
набыццё	338
перанос	338
прызначылі	338
рома	338
прыцягнула	338
ідэямі	338
ускраіны	338
раніца	338
перасяленцамі	338
былое	338
кут	338
грэчаскім	338
пабудаваных	338
аналізе	338
эпізодаў	338
чэрапа	338
суадносінамі	338
трохвугольніка	338
здымачная	338
арган	338
ур	338
книжка	338
бялку	338
леа	337
арнольд	337
рпц	337
беспарадкаў	337
пацверджаны	337
епіскапаў	337
прыгожы	337
стамбуле	337
руска-японскай	337
батарэя	337
выпускаліся	337
палесціне	337
абмежаваныя	337
выкліканыя	337
сваякамі	337
падыходы	337
археалагічнага	337
альянсу	337
аб’ёмы	337
прамавугольнай	337
кальцо	337
национальная	337
публікаваў	337
безумоўна	337
аказаць	337
фрэска	337
студэнцкіх	337
дысертацыя	337
мінгарвыканкама	337
мазыра	337
гарадзея	337
снарадаў	337
перавезены	337
шча	337
розыгрыш	337
мкс	336
хакеіст	336
міра	336
рэгіянальны	336
ак	336
лівія	336
змяняць	336
пашырэнні	336
адміністрацыйную	336
дадзенае	336
горным	336
сяр	336
філасофскай	336
склада	336
крыніцу	336
бернардзінцаў	336
размясціліся	336
главный	336
пано	336
цёмнай	336
страўніка	336
армейскага	336
выхоўваўся	336
галоўкай	336
сафонава	336
прагляду	335
абавязковым	335
вагнер	335
пасадку	335
італіяй	335
аб’яднаная	335
неапаля	335
галіі	335
падземныя	335
тбм	335
смірноў	335
практычнай	335
жорсткім	335
файла	335
грамадзянскае	335
правыя	335
ўласнасцю	335
пермскага	335
канкрэтных	335
шостага	335
суполак	335
лёзненскім	335
квадрат	335
мвт	335
зубоў	335
запрасілі	335
перашкодзіць	335
збіраюць	335
мама	335
дачцэ	335
складана	335
штук	335
асуджаныя	335
стрыечны	335
выбарчая	335
выкладзены	335
пастаноўцы	335
еўрапарламента	335
гууз	335
падкаморы	335
спецыялізаваўся	335
срэбраныя	335
тайме	335
сарты	335
пісталет	335
старажытнагрэчаскі	334
канадская	334
маладняк	334
грыгорый	334
азербайджанская	334
крыжовы	334
грамадзянам	334
прафсаюз	334
асудзілі	334
атрыманні	334
рамкі	334
адз	334
традыцыяй	334
мінеральныя	334
прасочваецца	334
геалагічны	334
вятры	334
вытворчыя	334
ружовы	334
законе	334
эксперты	334
паляваннем	334
вечарам	334
вярхоўі	334
узростам	334
прапусціў	334
асабістая	334
лістах	334
выяўленчых	334
разлік	334
многа	334
разумець	334
ужываюць	334
пружаны	334
шатландскай	334
сусветна	334
евіч	334
купца	334
чарнігаўская	334
сапраўдная	334
транспартнага	334
выпушчаныя	334
юрысдыкцыі	334
энергетык-бду	334
тв	334
незалежную	333
канвенцыя	333
васілеўскі	333
дызайнераў	333
арабы	333
мосце	333
прыняцці	333
даследчыкам	333
забаранілі	333
бунт	333
слоніма	333
аказваць	333
бура	333
паасобку	333
нізкага	333
востры	333
дэкору	333
водарасці	333
география	333
прызначаецца	333
дастатковай	333
любанскі	333
неслі	333
прытрымліваўся	333
ее	333
кукурузы	333
лаўрэш	333
электрона	333
супольнасцю	333
біёлагі	333
пэўна	333
перапісе	333
страту	333
прыпісваюць	333
рэарганізавана	333
узброены	333
рагачоўскі	333
матэматыку	333
праектаванні	333
паездку	333
фінансы	333
задні	333
цуд	332
знішчэнні	332
хуткае	332
экран	332
аўтарскага	332
бар	332
адыход	332
распачата	332
пашырэннем	332
астатнім	332
фарміруецца	332
штучна	332
біялагічныя	332
чай	332
нараўне	332
глускага	332
абмеркаванне	332
хацела	332
прэм’ер-лігі	332
ударам	332
лацінскую	332
збожжавых	332
уласцівы	332
тамы	332
даказаць	332
прэм’еры	332
сядзяць	332
парафій	332
размясцілася	332
павятовым	332
адправіцца	332
ваяводстваў	332
дасягненнем	332
замянілі	332
чарнігаўскім	332
портал	332
запасу	332
ікона	332
адпу	332
алматы	332
кібернетыкі	332
андрамеда	332
камеруна	331
антуан	331
іваноўскі	331
патэнтаў	331
штатам	331
сеціве	331
астроўскі	331
надзвычайнага	331
апостальскай	331
полюс	331
робертам	331
школьных	331
размясціўся	331
неапаль	331
падраздзяленнямі	331
пытаннем	331
ўваходзе	331
ўдзельнікам	331
пародамі	331
праведзеных	331
адзенні	331
карэннага	331
сага	331
паласой	331
плацдарм	331
французамі	331
абмежаваная	331
адкрыццём	331
сённяшняга	331
замежнікаў	331
свята-успенская	331
нейкім	331
ат	331
скі	331
часопісам	331
персанальныя	331
ліцэі	331
англічанін	331
захопленых	331
ўнітарнага	331
кіданні	331
адаптацыі	331
падлогі	331
дажджу	331
мура	331
нявесты	331
вайсковае	331
сексуальных	331
маршалкам	331
політэхнічным	331
габрусь	331
гандбольны	331
бурундзі	330
касцюшка	330
каляровыя	330
рэвалюцыянер	330
губляе	330
водная	330
івану	330
салавей	330
торы	330
сэм	330
ўжытку	330
разумеюць	330
стабільнасці	330
перамогшы	330
распаўсюдзіўся	330
адміністрацыйнае	330
раслінах	330
гістарыяграфія	330
балцкага	330
меншых	330
матчу	330
званняў	330
пятае	330
аўстрыю	330
ўраджаю	330
русіфікацыі	330
польск	330
беларусам	330
замена	330
дняпры	330
военное	330
пакрыцця	330
захоўванне	330
чыстай	330
васільеў	330
верыць	330
вагой	330
навукоўцам	330
спіральна	330
дазвалялася	329
маркграф	329
пу	329
эйнштэйн	329
жоўтая	329
вярчэння	329
ластоўскі	329
актам	329
тэлевізійныя	329
радамі	329
паведамлення	329
маркай	329
ядром	329
перавышала	329
прыбярэжныя	329
выяўленчым	329
цвёрдым	329
казалі	329
саветнікам	329
правільна	329
аддаваў	329
маладзёжная	329
аналагічна	329
государственное	329
ваяваць	329
супрацоўнічаць	329
юрыдычным	329
заключалася	329
фальклоры	329
нябожчыка	329
павятовыя	329
прыходаў	329
лютэранская	329
пахавалі	329
першамайскага	329
двухасноўных	329
літургіі	329
полацкія	329
ід	329
аднагадовая	329
лівана	328
публікуе	328
стральбе	328
паўлаўна	328
румынскі	328
дэні	328
праведзеныя	328
дэлі	328
рэлігійную	328
салістка	328
сілаў	328
літаратараў	328
змянення	328
штучным	328
аблозе	328
табе	328
сур’ёзных	328
масавым	328
меркурыя	328
унікальны	328
невядомай	328
садзейнічала	328
нм	328
франтоў	328
песнях	328
абутак	328
жаўнеры	328
перанесці	328
вячаслава	328
сімфанічнага	328
падарыў	328
кампанент	328
вывезлі	328
великого	328
выхады	328
балада	328
канф	328
унр	327
сулавесі	327
навары	327
ман	327
дасталася	327
рымлянамі	327
няволі	327
па-першае	327
складзеныя	327
жыццядзейнасці	327
грэч	327
бактэрыі	327
ўрачы	327
супрацоўнічала	327
мясцінах	327
падзелаў	327
дождж	327
ўздым	327
футра	327
маёмасцю	327
асвячоны	327
віны	327
прозе	327
калінінградскай	327
памылка	327
харватаў	327
советских	327
палёты	327
востока	327
людей	327
вызваліў	327
партыйную	327
платона	327
інвентары	327
рытм	327
залік	327
фармату	326
марке	326
пастаўскі	326
запатрабавалі	326
пацвярджаецца	326
сілавых	326
чачэнскай	326
хроніцы	326
воблака	326
пекін	326
нацысты	326
ручаёў	326
балі	326
нская	326
организации	326
добрае	326
рачныя	326
артэфакты	326
звалася	326
блакітнага	326
польскамоўныя	326
три	326
раптоўна	326
давёў	326
фестывалях	326
астатнімі	326
ўзвядзенне	326
надмагілле	326
ўяўляў	326
ўдастоены	326
святланы	326
юрыдычную	325
кірылы	325
заканчэнне	325
авіяцыйная	325
крыжакі	325
хрышчэння	325
пачаўшы	325
канаду	325
уэст	325
маа	325
пакістане	325
дамову	325
дваром	325
гамбург	325
ранейшага	325
вымаўляецца	325
японцаў	325
прапаноў	325
рэгіёнам	325
варыяцыі	325
спецслужбаў	325
памяшкання	325
сексуальнай	325
канкурэнцыі	325
птушкамі	325
разе	325
сёмага	325
падвергліся	325
помніках	325
радзімай	325
хадзіў	325
прудок	325
рашуча	325
чакае	325
рамонце	325
ахвотна	325
адбывацца	325
падсправаздачны	325
мікашэвічы	325
аркадзя	325
пляцоўку	325
авангард	325
адбор	325
президент	325
следчага	325
сцэнарыях	325
себасцьян	324
аргенцінскі	324
азербайджанскі	324
берклі	324
платон	324
стоўбцы	324
казанскага	324
зрабілася	324
п’есу	324
прынцыпам	324
грамадзянскім	324
развітая	324
карупцыі	324
ператварыліся	324
боепрыпасы	324
караліны	324
костак	324
выводзіць	324
падмурку	324
гандляры	324
ўласцівы	324
арганізме	324
жыццю	324
дык	324
паядынак	324
рабілася	324
гармоніі	324
матчынай	324
кузаў	324
федэрыка	323
прагу	323
валадара	323
зыгмунт	323
ліван	323
утварылася	323
рабамі	323
заснаваць	323
звычаяў	323
узнікнення	323
прускага	323
хваёвыя	323
сацыялістаў	323
фактар	323
зваротным	323
сысуноў	323
познім	323
стамбул	323
плоская	323
прыроднай	323
кавалак	323
ресурс	323
заваяваць	323
каштоўнымі	323
тэарэтычных	323
скуру	323
мінскія	323
перасяленцы	323
роспісы	323
адчуваў	323
цыклы	323
эмігранты	323
замчышча	323
ольга	323
прэфектура	323
чаша	323
труда	323
натуральна	322
выкананая	322
абарончай	322
біёлаг	322
канстытуцыйнай	322
чачні	322
каменскі	322
цэнзуры	322
аб’явіў	322
трохразовы	322
адправілася	322
крылах	322
сіза	322
трамвая	322
кавалкі	322
выконваюцца	322
падала	322
сумесным	322
прыватнае	322
міжнароднымі	322
кавы	322
адносіць	322
халодны	322
згуляла	322
павелічэнні	322
дзеючыя	322
перасталі	322
наследие	322
касцёлаў	322
марфалогія	322
студэнцкай	322
светлы	322
уладанні	322
занесена	322
коммерсантъ	322
вырашэнні	322
нацыяналізм	322
баявое	322
-а	322
дзвесце	321
балгарская	321
пружанскі	321
самуэль	321
свят	321
ахрышчаны	321
калегія	321
версіяй	321
супярэчыць	321
дзеючай	321
персанал	321
суднаходная	321
выбарамі	321
дзяржынск	321
хозяйства	321
рэйсы	321
тэмпературу	321
забаранялася	321
багатую	321
поўсць	321
паласу	321
адметнай	321
лячэнні	321
камісій	321
пачатковы	321
мастацтвазнаўцы	321
веданне	321
садавіны	321
энцикл	321
стагоддзем	321
свяціцеля	321
мядзел	321
банту	321
жадае	321
слухачоў	321
базавай	321
основные	321
вершамі	321
хафтара	321
раіса	320
боб	320
баршчэўскі	320
петр	320
мысе	320
славацкага	320
фраза	320
венесуэле	320
цюрынгіі	320
каланіяльных	320
пярэдні	320
названых	320
кансерватыўнай	320
тэарэтычна	320
сухой	320
заможных	320
ветэрынарны	320
распаўсюджвалася	320
прыбярэжнай	320
федэральным	320
арыстоцеля	320
чый	320
пашкоджанняў	320
падатку	320
падышоў	320
где	320
прыгонных	320
клецк	320
строю	320
законапраект	320
государственная	320
шатровым	320
прадпрыемствамі	319
ціта	319
норма	319
радзівілам	319
жукоўскі	319
аляксееўна	319
лідарамі	319
мацвей	319
дамоўленасці	319
слуцкая	319
альфонс	319
экспансіі	319
аптычных	319
юрыдычна	319
падобнымі	319
заснавальнікі	319
разрыву	319
даход	319
экватара	319
адукацыяй	319
тыражом	319
барацьбой	319
фенікс	319
перадусім	319
аспект	319
віруса	319
менска	319
уа	319
веков	319
ўсюды	319
мадэлявання	319
абразоў	319
сноў	319
вагона	319
перайграў	319
эстонскім	319
выведзена	318
аліна	318
заваявалі	318
скала	318
лекараў	318
дэла	318
заклікам	318
палацава-паркавы	318
елена	318
пагражае	318
нашу	318
канстанцінам	318
-ай	318
атакаваць	318
дадаць	318
выбраць	318
рэзананс	318
імпульсу	318
вядзенне	318
тэкстыльная	318
цяжкую	318
галамі	318
ганараваны	318
мячамі	318
старадарожскага	318
шчыльныя	318
фарміравацца	318
перамешчаных	318
разрад	318
жывога	318
быдгашч	318
салона	318
жбк	318
кастрычніцкага	318
касцюковіцкім	318
аргументы	318
москвы	318
дэлегатам	318
сердце	318
амстэрдаме	318
кінаакцёраў	318
скончаны	318
ўвечары	318
алтайскага	318
лекавая	318
лічынак	318
мастацтвазнавец	317
паветраным	317
абвінавачвалі	317
льюіс	317
гонка	317
рэзалюцыю	317
палічылі	317
міжземным	317
животных	317
цесныя	317
энциклопедии	317
вятроў	317
лісці	317
гравітацыі	317
трэнціна	317
сярэднявечных	317
вымусілі	317
парэчча	317
пачаты	317
пані	317
сілкуюцца	317
лацінкай	317
трываласці	317
звароце	317
выпускі	317
падвойная	317
брацкія	317
мядзведзя	317
азоту	317
грашовых	317
герадот	317
палавых	317
московского	317
патрапіць	317
абазначэннямі	317
древней	317
редакция	317
падарвалі	317
сілкавання	317
гатоўнасць	317
харвацкай	317
фестываля	317
інтэр’ера	317
герберт	316
харвацкі	316
надзвычайнай	316
ракетных	316
навагрудка	316
нябесных	316
студэнцкія	316
новагародскага	316
пустыня	316
чарговага	316
інфекцыйных	316
ліквідаваць	316
вузов	316
беглі	316
вільготныя	316
яркіх	316
разглядалі	316
палепшыць	316
помніку	316
рыбай	316
адрознівае	316
удзельнікамі	316
кашулі	316
ахоўваецца	316
друкавалася	316
невядомым	316
паэтэсы	316
бульвары	316
раённыя	316
летопись	316
самарскай	316
ўзяцця	316
феадалаў	316
выбраных	316
выстаўлены	316
магнітных	316
сямейнай	316
просьбу	316
магістратуры	316
развітанне	316
драме	316
присвоении	316
чжан	315
юхан	315
цётка	315
замкам	315
умеа	315
абрамовіч	315
пастановак	315
землетрасення	315
правадыром	315
дэмакратычныя	315
грашовыя	315
камуністычны	315
асеціі	315
пк	315
адчуваецца	315
лы	315
ліберальнай	315
заканадаўчай	315
электрычнасці	315
узначальвае	315
адкладамі	315
бульбу	315
вонкі	315
твары	315
выпускаецца	315
кавалерыя	315
айчынай	315
свабоднае	315
грэка-каталіцкай	315
лацінскія	315
бераставіцкага	315
гута	315
рэканструкцыю	315
львоўскі	315
кветкавая	315
патрыярхата	315
аздабленне	315
секс	315
воінскіх	315
бдэу	315
гульнявога	315
лна	315
прызнаваў	314
наступальнай	314
рэферэндуме	314
эксплуатацыя	314
чарлі	314
аркуш	314
канадскай	314
сінгапур	314
зянон	314
спробай	314
вокладцы	314
значнасць	314
мяняліся	314
далёкасць	314
пціч	314
змясціў	314
фатаграфій	314
чвэрцьфінале	314
прыкладнога	314
рэспубліканскае	314
рубяжы	314
націску	314
культурную	314
гутарка	314
мабілізаваны	314
стараста	314
аляксандравіча	314
пялёсткі	314
паставак	314
рыгораўна	314
фантастыкі	314
документов	314
ўмацаваны	314
афін	314
прадстаўляць	314
следчы	314
квартала	314
апараце	314
оўруцкага	314
захворваннях	314
аленай	314
монография	314
эрытрэі	313
гарбачоў	313
славацкі	313
джорджыя	313
кааліцыю	313
пенсіі	313
законамі	313
адступленне	313
апазіцыю	313
момантам	313
пясок	313
павялічана	313
хвойных	313
кірунках	313
вызначаліся	313
зорныя	313
тонкіх	313
работах	313
царыцы	313
чыне	313
інструкцыі	313
иллюстрированная	313
клічаўскім	313
перадаюцца	313
дыялекту	313
арыстакратыя	313
разгону	313
віцебшчыны	313
акту	313
были	313
отношений	313
правапіс	313
задняга	313
пісьме	313
ранейшай	313
ўсходні	313
ахоўны	313
сумесны	313
пасярод	313
краязнаўцы	313
механіцы	313
кіраўскай	313
калінінскай	313
сухая	313
юнакоў	313
тамаша	313
апеку	313
цяжарнасці	313
страху	313
фальварка	313
аконных	313
тэматыку	313
замове	313
прызавыя	313
пасялковага	313
прызначае	312
статутам	312
індыйскіх	312
кастра	312
разведка	312
леанард	312
ахвярай	312
казімірам	312
пандэміі	312
танкавы	312
касцюк	312
белавежскай	312
надаецца	312
прыстаўкі	312
стварала	312
паясоў	312
сацыял-дэмакратычная	312
еўрапейскае	312
акцыю	312
паказвалі	312
ўрэшце	312
цёплы	312
ўзмацненне	312
робяцца	312
валам	312
партии	312
турнэ	312
забяспечыў	312
навучанні	312
выказаўся	312
папскі	312
губернскім	312
загубілі	312
сведкам	312
ірыны	312
крычаве	312
паштовае	312
упа	312
драматычныя	312
первых	312
макаўкай	312
мінабароны	312
лічбаў	311
звярнуцца	311
гарадзенскага	311
жанчынамі	311
інтэлектуальнай	311
па-другое	311
зробленая	311
абалонка	311
заўважыць	311
балтыі	311
самасвядомасці	311
вызначылі	311
вазе	311
афганскай	311
густа	311
тэкстыльнай	311
еще	311
саму	311
паражэнні	311
працоўным	311
залатое	311
только	311
борт	311
футбалісткі	311
пэўная	310
аўгустам	310
янкоўскі	310
паабяцаў	310
прысягі	310
гавань	310
чэшскіх	310
марозава	310
рубенс	310
зацвярджэнне	310
аўстралію	310
гіне	310
летапісе	310
персанальных	310
даходы	310
пралягае	310
нацыяналісты	310
суседзямі	310
цукар	310
сфармуляваў	310
узброенымі	310
падвяргаліся	310
шахматы	310
прыводзіла	310
сцэнарыі	310
інбелкульт	310
ўздыму	310
вопросу	310
датаваны	310
маленькім	310
свята-раства-багародзіцкая	310
логіка	310
ліўшыц	310
футбольная	310
атрадзе	310
вестыбюль	310
паручнік	310
рэвізскіх	310
настаяцелем	310
фільму	310
асвяціў	309
венгры	309
кубе	309
злачынцаў	309
вечны	309
расследаванні	309
цару	309
молата	309
новікаў	309
забівалі	309
спецыялізаваных	309
адноснай	309
пастаяннае	309
сярэдневяковай	309
будызму	309
планавалі	309
сцвярджэнне	309
герасімовіч	309
магілу	309
кома	309
адмаўляў	309
карыстаючыся	309
папярэдніка	309
дюсш	309
лінейных	309
прадукцыйнасці	309
экономика	309
тэлеканалы	309
ўвялі	309
надпісаў	309
аг	309
даўніх	309
мсціславе	309
збірае	309
ліра	309
адкрывае	309
ооо	309
крамля	309
дысцыплінах	309
валасінкамі	309
балетныя	309
сёмухі	309
малітоўнай	309
магнус	308
салігорску	308
дзятлаўскі	308
венскі	308
падатак	308
хусейна	308
кліентаў	308
званую	308
цёмнага	308
моцнымі	308
грузавыя	308
запланаваны	308
сканцэнтраваны	308
зорнай	308
вызначанай	308
спартыўным	308
гладкія	308
гду	308
национального	308
кубкаў	308
наземныя	308
акцыянернага	308
вузла	308
баскетбалістка	308
уласцівасцяў	308
ўнеслі	308
кастрычніцкі	308
заўв	308
следам	308
ўкраінскім	308
гераіні	308
палявыя	308
крывой	308
па-руску	308
аляксееў	308
проф	308
біяграфічны	308
намінацыях	308
малапольскага	308
радио	308
рэек	308
пуэрта-рыка	307
луіджы	307
мечыслаў	307
гарадку	307
крэйсер	307
спуску	307
папярэджанне	307
гарсія	307
уварвання	307
наменклатуры	307
ўдвая	307
фашысцкай	307
самастойнасць	307
паўночна-заходні	307
перашкоды	307
велізарнай	307
вожык	307
нагляду	307
ўмоўна	307
амбулаторыя	307
міжземнамор’і	307
паліцэйскія	307
заклікае	307
павялічвае	307
падкрэсліваў	307
перашкод	307
кавалерыйскі	307
першапачатковым	307
арыгінала	307
званіцай	307
свярдлова	307
фестываляў	307
баршчэўскага	307
апалон	307
цярнопальскай	307
дзённіку	307
тэрасы	307
прыпынку	307
меданосныя	307
тэатральным	307
оптыкі	307
паступлення	307
паказваецца	307
тутсі	307
чэмпіяната	307
дзеясловаў	307
гапон	307
бгк	307
дом-музей	306
арлова	306
выяўленчае	306
напружанасці	306
ташкенце	306
сімфонія	306
штаб-кватэры	306
лось	306
ліпа	306
блоку	306
хворы	306
знакамітая	306
прынятай	306
інстанцыі	306
мусульманскіх	306
місій	306
раслінаводства	306
звярталіся	306
віслы	306
залаў	306
ягоная	306
каты	306
разглядацца	306
ўзвышшы	306
тылу	306
ўмовамі	306
скасаваных	306
ахвяраванні	306
маладзёжнай	306
прадаць	306
скараціць	306
меню	306
пред	306
вопраткі	306
суражскага	306
нос	306
матфея	306
юрыем	306
кемераўскай	306
новасібірскай	306
кавалерыйскага	306
закарпацкай	306
эдгб	306
паспяховы	305
каранацыя	305
рафаэль	305
скасаванне	305
дапаможных	305
саліст	305
нагамі	305
прамысловае	305
постаць	305
брандэнбурга	305
фернанда	305
абарачэнне	305
гарадзенскі	305
махамед	305
рэформу	305
ўзброены	305
вакаліст	305
атакаваў	305
мільярда	305
мелодыя	305
досведу	305
божы	305
блізкасць	305
канфесій	305
некаторая	305
вярхоўях	305
водарасцей	305
злучаюць	305
высадкі	305
пазбавіцца	305
вырошчваецца	305
выбыў	305
крывічы	305
ўрачоў	305
францысканцаў	305
выдаваліся	305
система	305
апісаннем	305
чачэрскім	305
кап	305
мастоўскім	305
артыста	305
языке	305
гнёзды	305
лившиц	305
літраў	305
этналогіі	305
кантынгенту	305
вольфа	305
спісаў	305
деятельность	305
ўкраінцаў	305
грабніца	305
эфектаў	305
саветнікі	305
эскадрон	305
мастацтву	305
балады	305
валасцей	305
харунжы	305
красной	305
паўнамоцным	305
военный	305
дэмабілізацыі	305
лэйблам	305
усебеларускі	304
канструктар	304
джэфры	304
ўзята	304
сараева	304
судовую	304
вілы	304
катэгарычна	304
обороны	304
шчытом	304
ставіла	304
чакалі	304
стасункі	304
назіральніка	304
памылку	304
вуха	304
юбілею	304
спісах	304
ганну	304
створаным	304
дубровенскім	304
касмічным	304
навыкі	304
ноты	304
каталіцкую	304
грунце	304
пазваночных	304
пласціны	304
канцамі	304
горацкі	304
лініях	304
паслужыў	304
луг	304
эвакуіраваны	304
особенности	304
балцкіх	304
электрамагнітнага	304
святыня	304
прозвішчам	304
завулку	304
звальнення	304
они	304
магчымае	303
мянушцы	303
нацыянальна-вызваленчага	303
шарлота	303
маргарыты	303
паляўнічы	303
карлу	303
параненыя	303
мангольскай	303
супольна	303
забяспечваць	303
карыстальнікам	303
ўніверсітэтаў	303
даследчай	303
сфарміраваліся	303
трыснягу	303
ісціны	303
меліярацыйныя	303
ўбачыў	303
сучаснікі	303
адмысловых	303
струн	303
сталічны	303
аўстрыйскім	303
магчымасцей	303
сацыяльнае	303
дыхання	303
ўмацаванняў	303
ягоным	303
рэцэнзія	303
памяншэння	303
алімпійскім	303
ажаніцца	303
айца	303
кармянскага	303
вяскоўцы	303
пракуратура	303
кулямёты	303
прускі	302
тайланд	302
андрэеўна	302
асвячэнне	302
верталёт	302
збегчы	302
дыскрымінацыі	302
ларэнца	302
конан	302
сацыялістычны	302
юта	302
валейбаліст	302
звязанай	302
найбуйнейшае	302
гадзіне	302
палявой	302
прэфект	302
напісанай	302
званым	302
хрысціянскім	302
сур’ёзнай	302
паўднёвае	302
верагоднасць	302
фізічна	302
бібліятэкай	302
здачы	302
рэдкімі	302
мантаж	302
своеасаблівым	302
прыватную	302
арсенала	302
садзейнічаў	302
навучэнцы	302
карскага	302
прадмесці	302
жабінкаўскага	302
слаўгарадскага	302
сцяпана	302
слупы	302
междунар	302
ўзгорку	302
бакавы	302
прыхода	302
арганізоўваў	302
лінзападобныя	302
лукаша	302
трохвугольным	302
брэйкам	302
эрнэст	301
дэманстрацыя	301
індыяна	301
даследаваць	301
згарання	301
маўзалей	301
моцарт	301
шчучынскі	301
нарвежскага	301
харысан	301
бялградзе	301
аўтамабільныя	301
працягнулася	301
доўжыўся	301
тракт	301
распрацоўвае	301
большае	301
баярын	301
імігрантаў	301
калідор	301
даверу	301
геаграфічнай	301
беднасці	301
плаціна	301
кантралявалі	301
лонданскай	301
камуністычных	301
грудзях	301
будове	301
цэнзура	301
валенсія	301
неабходным	301
заўважае	301
тыпам	301
выкарыстаныя	301
здымкаў	301
маралі	301
вызначаць	301
гульнявой	301
абаронены	301
батаніка	301
ўсходняя	301
біялагічнага	301
захоўвала	301
аднолькавай	301
партызанам	301
мёд	301
падалі	301
марцэлеў	301
спраектаваны	301
шведы	301
раманава	301
павялічыўся	301
рэпіна	301
логвінаў	301
гуманітарнага	301
перашкодзіла	301
камера	301
систем	301
розыгрышу	301
жыццяпіс	301
персей	301
івана-франкоўскай	301
кызылардзінскай	301
віленшчыны	300
ўсталяваў	300
здарыўся	300
ветрам	300
галасаванні	300
дзіна	300
пажарнай	300
авіяцыйныя	300
цацкі	300
выканаўчым	300
складанасць	300
ўзрасла	300
дабра	300
баявым	300
папулярызацыі	300
місіянераў	300
эпізоды	300
ўзнагародамі	300
падрыхтавана	300
угнаенняў	300
бергама	300
большыя	300
падполле	300
столі	300
мусіла	300
адкрыццяў	300
пахам	300
задавальнення	300
выказваў	300
жучкевич	300
здзяйснення	300
выконваліся	300
самому	300
сялянская	300
пагост	300
то-бок	300
вяртацца	300
папова	300
выкуп	300
праславіўся	300
куце	300
геаметрыя	300
разараныя	300
пабудаванай	300
геральдычны	300
едзе	300
алкаголю	300
іграў	300
прыпынак	300
злачынцы	300
бсм	300
адрыяна	299
уведзена	299
румынская	299
арганічнай	299
кінематаграфіі	299
нябеснай	299
прысвоіў	299
металічны	299
лацінскім	299
акцыях	299
ініцыяваў	299
вонкавых	299
ўтрымлівалі	299
дэмакратычны	299
брэ	299
чысты	299
залай	299
цвёрды	299
перашкаджае	299
урокі	299
даследчых	299
прыкладамі	299
меншасць	299
наведвала	299
плазмы	299
зорны	299
ўсталяваныя	299
вызначыла	299
фіксаваліся	299
люфтвафэ	299
жыткавічы	299
класічную	299
дзіды	298
кані	298
патрыярхам	298
кавалі	298
знялі	298
докшыцкі	298
ахмед	298
думе	298
далучыў	298
рыбакоў	298
кпк	298
усходняе	298
неафіцыйна	298
быхаў	298
вагу	298
цімафеевіч	298
герцагаў	298
дагестана	298
чытача	298
нязменным	298
узаемадзеянне	298
працэсамі	298
найбуйнейшымі	298
ператварэнне	298
займаючы	298
коз	298
адміністрацыйна-тэрытарыяльны	298
маштабе	298
металургія	298
погляду	298
панеслі	298
інтэрнацыянале	298
каланістаў	298
арыштаваных	298
каменным	298
методыка	298
адбудзецца	298
пашыраная	298
індаеўрапейскай	298
крытычна	298
школьныя	298
сімфоніі	298
захаваныя	298
итоги	298
сямейнага	298
простымі	298
вучэнняў	298
ўкраінскую	298
забітага	298
здольная	298
апазіцыйных	298
місіянеры	298
фірмай	298
інспектара	298
рыхтаваў	298
парасткаў	298
флігель	298
каспар	297
васілём	297
унію	297
смаргонскі	297
полацкае	297
транспартнай	297
сенатараў	297
абавязковай	297
мемарыяльнага	297
каханоўскі	297
золатам	297
грэм	297
порце	297
заводам	297
перасячэння	297
наладзіць	297
цяперашнім	297
соцень	297
спецыялізаваныя	297
кантата	297
месцяцца	297
хакей	297
тыгр	297
найвышэйшага	297
страчаныя	297
пяскоў	297
лісабон	297
масіву	297
футбаліста	297
суправаджаліся	297
буду	297
асці	297
несці	297
ляснога	297
музейных	297
хваёвых	297
класах	297
уніяцкай	297
брагін	297
рэчка	297
веткаўскім	297
цыя	297
тонкі	297
вуглах	297
рэжысуру	297
конца	297
песни	297
каменскага	297
аказваў	297
дэкор	297
юнацтве	297
згадванне	297
імшы	297
пробашч	297
доблесную	297
трупу	297
геаграфічным	296
спадчыннік	296
дыега	296
урадавых	296
нарвежская	296
пасялення	296
непала	296
рэзалюцыя	296
ластоўскага	296
пражскай	296
галіцкі	296
магчымасцяў	296
ўніверсітэтах	296
вольнай	296
прыладамі	296
мусілі	296
ядраў	296
пластоў	296
мужчынамі	296
надзею	296
утрыманнем	296
сітуацый	296
перавысіла	296
масава	296
павагі	296
паркам	296
ельскім	296
фелікса	296
патрэбныя	296
дыслакацыі	296
шапка	296
лельчыцкага	296
вывучыў	296
вильнюс	296
рахунак	296
ен	296
аператара	296
біенале	296
графіцы	296
разанскай	296
сасудаў	296
сайтаў	295
любое	295
ўзначальвалі	295
самастойнага	295
вайскоўцамі	295
самалёце	295
фракцыя	295
песняры	295
выратаваў	295
перапынкамі	295
далёкай	295
нхл	295
ўплываюць	295
мандат	295
садама	295
пераважнай	295
функцыяй	295
ўнізе	295
вертыкальнай	295
гарачы	295
плаўлення	295
жывая	295
заграб	295
прымяняецца	295
рачная	295
разьба	295
целаў	295
ўнутраную	295
выказала	295
навакольныя	295
хатняга	295
агітацыі	295
па-польску	295
её	295
карэліцкім	295
радавы	295
м-	295
литвы	295
будаваўся	295
лукашенко	295
ун-та	295
падлога	295
спаборніцтве	295
аўтарка	295
тэлесерыяле	295
рдвар	295
бірыла	294
манголія	294
пратэктарат	294
пабла	294
кіроўцы	294
эно	294
ліквідацыю	294
красоўскі	294
рыжскі	294
круглай	294
праліве	294
пракаповіч	294
турэмнага	294
згадана	294
стваральнікі	294
нагор’я	294
вынікамі	294
размеркаванні	294
акупіраваны	294
чэрап	294
куб	294
незвычайна	294
секунду	294
кантыненце	294
дары	294
шостай	294
ўрочышча	294
волкава	294
рабы	294
форуме	294
асуджаных	294
цвёрдай	294
лёгкага	294
венгерскіх	294
физика	294
матэматычныя	294
больш-менш	294
анімэ	294
доблесць	294
рок-гурты	294
здымалася	294
барабане	294
аб’яднаннем	293
юнак	293
святое	293
амундсена	293
дональда	293
сфер	293
збігнеў	293
мальмё	293
петраград	293
грузавы	293
бальшавік	293
іарданіі	293
ўключаць	293
матэрыяльнага	293
моладзевыя	293
ахоўныя	293
іспанцаў	293
аўстрыйскіх	293
нумарацыі	293
ўнутр	293
стваралася	293
паўфіналу	293
прапануюць	293
брашуры	293
спалучэння	293
оопт	293
дзярж	293
арджанікідзэ	293
брыгадзе	293
цёмных	293
волга	293
максіміліяна	293
халеры	293
шляхецкая	293
венецыянскай	293
салдатам	293
узбраенне	293
аўтаматызацыі	293
светапогляд	293
связи	293
тонкая	293
індывідуальныя	293
лейб-гвардыі	293
звяна	293
тт	293
пятру	292
сольны	292
эфіопія	292
піянер	292
піліпавіч	292
гедзіміна	292
прыехала	292
прыгнёту	292
ссылкі	292
любліне	292
засяленне	292
луізы	292
прызначалася	292
рэлігійнымі	292
перамяшчэнне	292
багаццем	292
партыямі	292
вучня	292
сіцылія	292
боскай	292
прамысловым	292
пальцаў	292
корміцца	292
распрацовак	292
каробка	292
абласцямі	292
аўстрыйскія	292
забяспечвалі	292
катэгорыях	292
мяккая	292
псеўданімамі	292
маларыцкага	292
уяўляюць	292
этнографы	292
губернскія	292
ўладальнікаў	292
лірыкі	292
служэнне	292
блізняты	292
доктор	292
ідэнтыфікацыі	292
гарачай	292
максімавіч	292
ляхавіцкім	292
фантастычныя	292
попыт	292
берлінскі	292
ўдзельніка	292
праціўніку	292
ніжнесілезскага	292
аравія	291
трампліна	291
разбурэнні	291
бернарда	291
скончылі	291
пасланы	291
емена	291
трансляцыі	291
змове	291
нуль	291
разбурылі	291
харкава	291
кіра	291
драгічынскім	291
неабходнасцю	291
егіпецкай	291
лідарства	291
природа	291
рэальныя	291
рудні	291
дэмакратыю	291
тысяча	291
вадаёмы	291
шукае	291
ўначы	291
адыгрывалі	291
распрацаваць	291
гісторыкам	291
кірыліцы	291
характарам	291
зацікавіўся	291
фундацыі	291
сустрэлі	291
загінулым	291
ліцэя	291
майстэрняў	291
абавязку	291
ушачы	291
ботанический	291
прадмета	291
зарабіў	291
ігуменскім	291
которых	291
паслядыпломнай	291
завулка	291
сядзячае	291
бандарэнка	290
брандэнбург	290
дакументальнага	290
бярозаўскі	290
біржа	290
тэрор	290
пазняк	290
прысуду	290
пляма	290
мухамад	290
рымам	290
буэнас-айрэс	290
разлікаў	290
машыне	290
закладзена	290
сінтаксіс	290
замяніўшы	290
каліфарнійскага	290
продкамі	290
каланіяльныя	290
кінематограф	290
прайграла	290
азначэнні	290
паўстанцам	290
нападніка	290
-с	290
прыцягненне	290
працэнт	290
канцэртнай	290
ула	290
пратэстанцкіх	290
ўніверсітэту	290
кракаўскага	290
адысея	290
паказанні	290
паталогіі	290
адмысловым	290
мацея	290
злілася	290
ліштвамі	290
навукова-даследчай	290
падвойныя	290
болезни	290
майк	289
чан	289
герцагіня	289
адмяніў	289
хакайда	289
эдмунд	289
фёдараў	289
шэрая	289
сямігадовай	289
складзеная	289
манголаў	289
аўтаматычная	289
дуглас	289
закрытым	289
закрыццё	289
галасаваннем	289
касмічная	289
пляменніка	289
паказу	289
кампаніямі	289
старую	289
іншаму	289
кантралюе	289
сінонім	289
станоўчы	289
трапічныя	289
шры-ланкі	289
харугвы	289
паступаць	289
палёце	289
прамяні	289
тлумачыў	289
вучоным	289
бал	289
формулай	289
рыбалоўствам	289
назіральнікаў	289
лазні	289
дактароў	289
граніту	289
башкартастана	289
падарожнікі	289
лугавая	289
матэрыяле	289
інструмента	289
завулкі	289
маскі	289
паэм	289
выбранае	289
суаўтар	289
чаргаванае	289
джыбуці	288
штурмам	288
эстэтыкі	288
гродзеншчыны	288
псіхолаг	288
пятніцу	288
філіпіны	288
арфаграфіі	288
парад	288
праціўнікі	288
яўхім	288
пераабраны	288
намаляваныя	288
сёмым	288
эсэраў	288
пераправы	288
друкавацца	288
дадатковага	288
патрабаваннямі	288
непасрэдны	288
старшынствам	288
аднавілася	288
працяглых	288
дзярнова-падзолістыя	288
алтай	288
забралі	288
дыяспара	288
сузор’яў	288
городов	288
успення	288
почему	288
пачыналася	288
аграрны	288
камандных	288
найменняў	288
далін	288
запатрабавала	288
замаху	288
кіруючая	288
круглянскім	288
траіх	288
батарэй	288
плату	288
задумы	288
мёры	288
шанец	288
сірыйская	288
глав	288
сенненскі	288
кино	288
аўтарскія	288
лле	288
кулямёта	288
уладзімірскай	288
валадарскага	288
павукоў	288
альта-адыджэ	288
пратэстоўцы	288
стандартызацыі	287
буш	287
клаўдзія	287
ісак	287
багаслоў	287
гуманітарны	287
эра	287
давыд	287
брусель	287
апарату	287
камерцыйнага	287
нармальнай	287
тысячагоддзяў	287
механічных	287
найбуйнейшага	287
выраблялася	287
хату	287
эфектыўнай	287
вулканаў	287
інтэнсіўнасць	287
варыянтам	287
кліматычных	287
шыротах	287
лён	287
моцы	287
турцыю	287
многім	287
філіялы	287
слабы	287
машынабудаўнічы	287
маямі	287
яніна	287
інфармацыйнага	287
васількоў	287
правадзейны	287
складанага	287
великая	287
напісалі	287
сов	287
бабулі	287
службовец	287
схіленне	287
звания	287
салецтвы	287
кот-д’івуара	286
адчынены	286
панядзелак	286
калектыўнай	286
беларуса	286
утварэнні	286
бі	286
дрыса	286
угоддзяў	286
імпарт	286
ваенна-марскі	286
нью-мексіка	286
маркетынгу	286
магчымага	286
валодання	286
ападкі	286
страхавання	286
палеаліту	286
масіва	286
магістраль	286
часцямі	286
дакладнага	286
складацца	286
краявід	286
кірмаш	286
папярэднікам	286
стыку	286
зняволенне	286
слабадскога	286
камеру	286
найлепшае	286
прэзентацыі	286
настаяцель	286
генерал-лейтэнанта	286
україна	286
назначении	286
трэкаў	286
гагарынскага	286
габона	285
адэсы	285
венгрыяй	285
праіснаваў	285
аповесцей	285
рымскую	285
адпраўлена	285
пакаранні	285
валахіі	285
назіраў	285
бэн	285
сем’ямі	285
матэрыялазнаўства	285
прысудзіў	285
размясціць	285
падвяргаўся	285
заключэнні	285
штатамі	285
рэзкі	285
істотны	285
здабыцця	285
установак	285
паўнамоцтвамі	285
уяўленняў	285
перспективы	285
прыгожая	285
знешнюю	285
наборы	285
загады	285
інцыдэнту	285
цягліцы	285
плануе	285
ўтварыліся	285
елка	285
пластыка	285
схільнасць	285
прадугледжвалася	285
тышкевічаў	285
занятак	285
нарвегію	285
выдавецкай	285
захапіўся	285
ме	285
горцы	285
палітвязняў	285
перакладзена	285
студыяй	285
баярства	285
матылёк	285
вашем	285
спонсара	285
валодаць	284
камбінацыі	284
ханс	284
франс	284
пятрова	284
кузьма	284
зоркамі	284
шанаванне	284
дыяметра	284
рыжскай	284
ядзерная	284
ператварэння	284
юрэвіч	284
уэльсе	284
іо	284
выпускаць	284
вылучае	284
сумнеў	284
азначэння	284
рэгулярных	284
галіной	284
распаўсюдзіліся	284
глыбокіх	284
сялянам	284
лягчэй	284
скал	284
канечнасці	284
прыходзяць	284
ўвайсці	284
гарсавета	284
буракоў	284
міграцыя	284
вуснай	284
генрыка	284
берасцейскі	284
фізічным	284
забалочаных	284
исследований	284
квадратны	284
вусень	284
падрабязнасці	284
падраздзяленнем	284
прыстань	284
фігуруе	284
аўтаномнага	284
ягоных	284
рэчывамі	284
вяночак	284
земскія	284
залах	284
грозны	284
юбілейная	284
заяўляў	284
установе	284
механізму	284
рыхтуе	284
раненне	284
розыгрышы	284
нявеста	284
гладкая	284
мастачкі	284
бвк	284
снукера	284
медык	283
пскоў	283
персідскі	283
бізнесмен	283
бачаць	283
части	283
ураджэнец	283
баевікамі	283
помнікамі	283
сталінская	283
чакаў	283
другіх	283
вытворных	283
дзесяцігоддзе	283
здабытак	283
падымаецца	283
навакольнае	283
сапраўдную	283
швейцарскай	283
ланцуга	283
гаспадарчая	283
прэм’ер-лізе	283
вузлы	283
глядзець	283
даляраў	283
сярэднявечнага	283
змяшчала	283
дадатковая	283
сенаце	283
збіральніцтва	283
валынь	283
апаратуры	283
барсукі	283
пути	283
жылым	283
касцюмы	283
медыцыну	283
лабараторыю	283
падазрэнні	283
ёмістасць	283
множнага	283
клетках	283
кобрынскай	283
маляваў	283
владимирович	283
удзінэ	283
грамадзянінам	282
забароне	282
алекс	282
парыжскі	282
вадаспад	282
абвясціць	282
гандзі	282
этнаграфічных	282
касцёлу	282
дыску	282
папера	282
закрытыя	282
прадуктамі	282
рэдакцыю	282
графічных	282
бярозаўскім	282
артыкуламі	282
рознагалоссі	282
траў	282
палажэнняў	282
вострай	282
рубенса	282
выдзяляецца	282
зарада	282
беліца	282
комплексам	282
бока	282
вясковых	282
надаць	282
выпадковых	282
памежны	282
інтэнсіўнасці	282
аўстра-венгерскай	282
вузкімі	282
сведчанне	282
аказваюць	282
зразумеў	282
табл	282
праспектам	282
палавы	282
кінатэатра	282
скульптарам	282
сажа	282
группа	282
паведамлялі	282
алімпія	282
вылетаў	282
зрок	282
---	282
лаўрэата	282
мп	282
балцка-літоўскіх	282
гатуюць	282
ілюстрацый	282
сказа	282
таццяны	282
седан	282
бпла	282
абвінавачанні	281
чэслаў	281
ўспамін	281
ісламскага	281
схоплены	281
скасаванні	281
авалодаў	281
адхіленне	281
роўным	281
далучэнні	281
татарскай	281
зубра	281
светлагорскі	281
рабін	281
ніводнай	281
абсталявана	281
калегі	281
хвалю	281
сумесная	281
падзяку	281
пойме	281
акадэмій	281
лингвистический	281
канфіскаваны	281
уверх	281
братэрства	281
гарызантальных	281
страницы	281
траса	281
сышлі	281
аздаблення	281
матывамі	281
цыкле	281
перабудавана	281
мужу	281
самара	281
чытае	281
саламона	281
мяккай	281
метадалогіі	281
прататыпам	281
неф	281
четыре	281
фсб	281
спектаклях	281
павія	281
калякветніка	281
абвінавачванне	281
селекцыі	281
егіпецкі	280
ўрачыстае	280
старажытнасцей	280
оперная	280
завяршыла	280
кінематаграфістаў	280
грузінскі	280
пісара	280
самалётам	280
лонданскім	280
праведзенага	280
персідскім	280
канцэрта	280
тэрарыстычныя	280
зменай	280
палесціну	280
прыродай	280
белую	280
вільготнасці	280
рытуалы	280
сустрэла	280
аўтаномных	280
вяршыняй	280
канцэрна	280
любань	280
неафіцыйны	280
удзельніка	280
умераны	280
паспрабаваць	280
паслужылі	280
нь	280
комитет	280
прыязджае	280
гуртом	280
малочнай	280
традыцыйную	280
вялікдзень	280
дэкаратыўнай	280
цяжкімі	280
мураванага	280
ігры	280
аркушы	280
ленінскім	280
нефа	280
цяперашняя	280
мануфактуры	280
паставах	280
бальшавіцкай	280
паступілі	280
пяцёра	280
тычынак	280
кваліфікацыйны	280
крымінальную	280
степени	280
карнай	280
гімнастыцы	279
кракаўскі	279
краязнаўца	279
санча	279
імперскіх	279
дыяна	279
ўстанаўлення	279
прабыў	279
прывілеяў	279
наведванне	279
дзяды	279
адваката	279
прадстаўніца	279
затрыманыя	279
падвід	279
паварот	279
прытым	279
шкале	279
блізкімі	279
разумеў	279
уварваўся	279
ходам	279
рок-гурт	279
зеўса	279
базуецца	279
медыцынскае	279
яслі-сад	279
аднавіліся	279
абапал	279
свядомасць	279
прыцягвае	279
стаянка	279
валер’евіч	279
пазначэнне	279
пацвярджаюць	279
шкілет	279
стрэлы	279
палавыя	279
трохвугольнік	279
арэны	279
электроннага	279
звілістая	279
спяваў	279
борис	279
кол	279
маска	279
валгаградскай	279
ядомыя	279
еўрабачання	279
вырумаа	279
намінацыямі	279
крайні	278
сан-марына	278
фінская	278
венецыянскі	278
іўдзеі	278
олаф	278
венгерскія	278
калекцыянер	278
падпарадкоўвацца	278
публіцы	278
скінуты	278
вырашаць	278
арабскім	278
уільямам	278
луўр	278
прычынамі	278
файлы	278
мабільнай	278
капітал	278
забяспечваецца	278
урадавай	278
навукова-даследчая	278
вільгаці	278
завяршыць	278
швейцарыю	278
іўдзеяў	278
рэкорды	278
патрэба	278
гамера	278
ільі	278
практычных	278
аказання	278
трансфармацыі	278
падоўжаныя	278
славутасць	278
карнікі	278
ураўненне	278
днепр	278
этыкі	278
ландшафту	278
ахвяраваў	278
горла	278
індаеўрапейскіх	278
спіна	278
молодечненской	278
сну	278
рэзервовы	278
мілі	278
мазаікі	278
ліштвах	278
сківіцы	278
чарты	278
серадзем’я	278
севастопаль	277
шахматах	277
патэнт	277
электрастанцыя	277
вынайшаў	277
генералу	277
вішнеўскі	277
біч	277
гародні	277
левін	277
іса	277
ледавік	277
запушчана	277
цэн	277
чыгункай	277
выстаў	277
павёў	277
узаемадзеяння	277
перадачай	277
аб’ядноўвала	277
публічныя	277
промысел	277
утварыўся	277
спрэчка	277
стагоддзямі	277
звілістае	277
мадыфікацый	277
кіруючыя	277
вест	277
вымярэнне	277
капліца-пахавальня	277
зняволенымі	277
ну	277
скарачэнні	277
шлем	277
ўжыванні	277
славацкая	277
нумарамі	277
удк	277
крычаўскім	277
кармелітаў	277
нейтрына	277
троне	277
павялічаны	277
забудавана	277
маляваць	277
бездакорную	277
спасения	277
авалодалі	276
біл	276
журавель	276
ўказ	276
папуа	276
сувораў	276
мясцін	276
ізабелы	276
светлагорску	276
цюркскіх	276
прыцягвацца	276
адбіць	276
бка	276
картэса	276
агульнымі	276
ацэнках	276
працякаюць	276
перажыла	276
пралівы	276
разарваны	276
медзь	276
адкладах	276
апулія	276
транспарце	276
дэпартаменты	276
астравец	276
зорных	276
чаргуюцца	276
міністэрству	276
павіннасці	276
пасяджэння	276
пераехаць	276
татарскага	276
рукапісах	276
тэалогію	276
сялец	276
ўручную	276
знішчальнікаў	276
феадальнай	276
вораг	276
доктарскай	276
ўступіць	276
контексте	276
экзамены	276
адв	276
поясам	276
военных	276
палавога	276
вырошчвалі	276
экб	276
аднагадовыя	276
чацвер	275
лазар	275
краўчанка	275
мядзельскі	275
паралелі	275
уладамі	275
збудавана	275
валовіч	275
маю	275
бара	275
рыгу	275
доўгую	275
уключыў	275
плакат	275
патоцкі	275
арыгінальнага	275
дачынення	275
дасягнуты	275
выдзелена	275
хмызнякі	275
коле	275
раслінны	275
турак	275
дзеі	275
хапае	275
запыт	275
астранамічных	275
перспектыве	275
адамовіча	275
сярэдзіну	275
татарамі	275
перасякаецца	275
механічныя	275
кватэра	275
юліі	275
лілія	275
малымі	275
натуры	275
філіпам	275
выніковае	275
кампазіцыяй	275
біблейскія	275
матрыца	275
спецыяльнае	275
распрацоўваў	275
міфа	275
прамавугольная	275
лёт	275
дыстанцыях	275
крупскай	275
жодзіне	275
фіджы	274
рок-гурта	274
будуюць	274
турава	274
гравёр	274
аэрадроме	274
нематэрыяльнай	274
александрыі	274
дэкрэтам	274
квебек	274
марціновіч	274
саветнікаў	274
авалодаць	274
прымушае	274
партугальская	274
мілер	274
ініцыятар	274
эпідэмія	274
лонданскі	274
мнс	274
самастойнае	274
раздзела	274
распаўсюджваюцца	274
камп’ютарныя	274
гульнявыя	274
грамадствам	274
юрысдыкцыю	274
абурэнне	274
пагранічнай	274
перац	274
распаўсюджваннем	274
соку	274
далінамі	274
размаўляць	274
няўдачы	274
разабраны	274
багатага	274
навукай	274
павялічыў	274
здольнасцю	274
нашым	274
азначаць	274
месцілася	274
прадмесця	274
пачаткі	274
абраныя	274
ўнутраная	274
выразныя	274
ліверпул	274
магутнага	274
сыр	274
механічная	274
інструментам	274
ненадоўга	274
лін	274
алгарытм	274
духам	274
мураванай	274
скляпеннямі	274
муроўкі	274
гульцу	274
нацыянальнасць	274
пераназваны	274
найсвяцейшага	274
датэрмінова	274
інтэрнацыянальная	274
цягі	274
олег	274
ганконга	273
адрыян	273
лукас	273
франклін	273
вернер	273
сант’яга	273
уцёк	273
выбрана	273
святам	273
грамаце	273
лойка	273
казацтва	273
валокі	273
лаўрэнція	273
севастопаля	273
дугі	273
ворагі	273
геніюш	273
старажытнымі	273
палотнаў	273
рэгіянальным	273
прыходзілася	273
застаўка	273
дастаўкі	273
падняць	273
заваявана	273
нажы	273
дапамагло	273
гена	273
склеп	273
пераліку	273
вызначаных	273
атласа	273
суфікс	273
ладзіць	273
ад’езду	273
тлумачаць	273
выдаўцы	273
навучаліся	273
глыбей	273
мазаіка	273
рубеж	273
прыбалтыкі	273
курганныя	273
тышкевіча	273
шагала	273
знішчыўшы	273
каронны	273
светлая	273
спіны	273
сюжэта	273
строительство	273
лістом	273
сексуальныя	273
уладзі	273
выключэння	273
вайсковым	273
выдачы	272
камерцыйныя	272
напалеонам	272
чэхаў	272
паліцэйскага	272
ракетны	272
настаўніцкая	272
мадам	272
фотаздымак	272
каляровай	272
жанчынам	272
алфавіту	272
полацкіх	272
стаўка	272
кварталаў	272
непадалёку	272
саюзныя	272
залівам	272
арцыбіскуп	272
саслоўяў	272
ўцёкаў	272
варожыя	272
васільева	272
інспекцыі	272
дэльта	272
беднай	272
выкліканых	272
атамных	272
аэрапорты	272
суп	272
ацаніць	272
скарочаны	272
сібірскай	272
маніторынгу	272
унутраным	272
міліцыя	272
ўглыб	272
ровам	272
паскарэнне	272
добрушскім	272
дэкаратыўнага	272
жамойцкага	272
прадстаўнікам	272
праваслаўнымі	272
чыстага	272
чорную	272
здагадкі	272
статыстычная	272
кансультантам	272
латвійскага	272
затрымання	272
пецярбурга	272
порядка	272
найміты	272
хады	272
рыхтаваўся	272
эліптычныя	272
горватаў	272
пярну	272
пасеву	272
дэкарыраваны	272
талстой	271
асветнік	271
ігаравіч	271
петра	271
арабскі	271
мэй	271
устанавіў	271
пісьмом	271
змяшчаюцца	271
прадукту	271
прытрымліваецца	271
тытунь	271
захадам	271
норм	271
ахопліваюць	271
руда	271
транспартам	271
хіндзі	271
арыштам	271
кісларод	271
гравюр	271
слядоў	271
мностваў	271
выразнасць	271
падземны	271
паралельных	271
піраміда	271
жаль	271
чыстыя	271
паўсюль	271
дынастый	271
сцвярджалася	271
таджыкістане	271
венскім	271
взгляд	271
сянно	271
акварэлі	271
першаснай	271
будзем	271
ключавыя	271
фінляндыю	271
даўніны	271
свяшчэннага	271
мест	271
сілезскага	271
аснавання	271
лютэранскай	271
авен	271
юзэфа	271
сапрапелем	271
народжанай	271
сельскохозяйственных	271
намінанты	271
рэкамендуецца	270
тэлефон	270
замежная	270
самоа	270
луцый	270
падліку	270
заявай	270
радыёстанцыя	270
выдалі	270
вольфганг	270
бон	270
наданне	270
стартаваў	270
перамагае	270
адценне	270
тайландзе	270
нова	270
канцлерам	270
лінгвістыкі	270
батальёнам	270
дрэздэне	270
асяроддзяў	270
ўзнікненне	270
спецслужбы	270
дзікі	270
недахопам	270
прамежак	270
вузкі	270
лацыа	270
акцябрскім	270
сцвярджаючы	270
змушаны	270
фіналы	270
графічны	270
абумовіла	270
нябеснага	270
вушы	270
сядзібна-паркавы	270
вызначаўся	270
сацыялісты	270
ветэрынарыі	270
кананічнага	270
вытворцам	270
мацвеевіч	270
здзяйсняць	270
спрыяць	270
дысцыпліна	270
української	270
егіпецкіх	270
фізіку	270
цёмнымі	270
каліфарнійскім	270
уфа	270
прыдворным	270
нагу	270
сямейны	270
гру	270
насустрач	270
прыстасаваны	270
спявае	270
сил	270
гагарынскім	270
эдгар	269
аквітаніі	269
тэрэзы	269
минский	269
глядзі	269
паскарэння	269
лейпцыг	269
лозунг	269
прамова	269
лівонскай	269
разгромлены	269
графіні	269
спыняецца	269
сяа	269
артылерыйскія	269
версіях	269
гарнізоны	269
ізраільскага	269
часовых	269
пенальці	269
партнёрамі	269
мадэрнізацыя	269
адносная	269
уніз	269
лідскай	269
паплечнікаў	269
пальцы	269
зямельнага	269
навіцкі	269
капенгаген	269
краёў	269
прытрымлівацца	269
падышлі	269
зямных	269
лорда	269
паўтары	269
рэальнае	269
стабілізацыі	269
труба	269
галінкі	269
давер	269
студый	269
сказала	269
дадаецца	269
данецк	269
оптыка	269
паўфіналы	269
нкі	269
аглядальнік	269
сюжэце	269
благачынныя	269
бпі	269
імён	268
кансультант	268
спас	268
набрала	268
здрадзе	268
іранам	268
туронак	268
цітоў	268
убачыў	268
выкупіў	268
пвк	268
латышонак	268
люксембургу	268
ўсталяванне	268
валянцінавіч	268
грамадскімі	268
московский	268
прапорцыі	268
прэпараты	268
дараваў	268
садзейнічалі	268
паўднёва-заходні	268
дадатковае	268
дадатковым	268
раўнамерна	268
камент	268
ўзначаліла	268
герою	268
каперніка	268
раствараецца	268
дапамагла	268
даступная	268
пружанах	268
трыццаці	268
інфармацыйная	268
абсталяваннем	268
адзіночнага	268
анёлаў	268
менеджмент	268
пастаменце	268
совм	268
производства	268
адукацыйныя	267
уганды	267
устаноўчы	267
кіеўскае	267
накладам	267
ігнацій	267
ваенна-паветраных	267
бапц	267
александрыйскі	267
варыянту	267
графічныя	267
настрой	267
імпульс	267
занятых	267
пранікнення	267
палявога	267
нашэсця	267
пакідаючы	267
сітуацыяй	267
рыса	267
кааперацыі	267
далёкія	267
дубля	267
тактыкі	267
-ыя	267
рэдкалегіі	267
ваеннапалонныя	267
грэка-каталіцкая	267
здзяйснялі	267
бярозе	267
генадзя	267
жывымі	267
шын	267
храмасом	267
добраахвотнікам	267
вячэрні	267
прэстыжных	267
царскіх	267
кіраўніцтве	267
познія	267
нового	267
чем	267
тульскай	267
арэнбургскай	267
пяхотныя	267
правадзейныя	267
вырабляўся	267
кубок	267
адпраўляюцца	266
нікола	266
курфюрст	266
скрыпач	266
веравызнанне	266
бора	266
часопісу	266
вярхоўная	266
афрыканскі	266
нехта	266
космасе	266
алесандра	266
гісторыка-краязнаўчы	266
гімнам	266
яр	266
нафту	266
венгерскім	266
аперацыйных	266
тэрарыстаў	266
азіяцкіх	266
хатні	266
надавалася	266
асацыяцый	266
здабычай	266
ўтварыўся	266
ўжывацца	266
стратэгія	266
ўсеагульнай	266
шыльда	266
моладзевага	266
ведала	266
дадатковую	266
дабрабыт	266
высунуў	266
з’ездаў	266
набыло	266
военные	266
ключа	266
лунінцы	266
палярнай	266
ніве	266
захарава	266
крыжоў	266
архітэктурнае	266
ўдава	266
магчымая	265
адпавядаць	265
палярны	265
воінскай	265
латвійская	265
ілюстратар	265
картэс	265
адкрыліся	265
мовазнаўца	265
стаўку	265
лакотка	265
піліп	265
удава	265
італьянскую	265
клімаў	265
ўводу	265
дакументамі	265
незалежнымі	265
слуп	265
ўдаецца	265
баючыся	265
зняволеныя	265
характэрнымі	265
ўжытак	265
маштабах	265
лекарам	265
летапісы	265
ўладанняў	265
паездак	265
нікому	265
валюта	265
царскім	265
замалёўкі	265
фрыдрыхам	265
плантацыі	265
міжрэччы	265
островецкого	265
рэвалюцыйныя	265
пляжы	265
уверсе	265
пашыраных	265
размнажаецца	265
карлсруэ	265
жыгімонтам	265
сядзеў	265
вести	265
буйніцкага	265
часамі	265
прапаноўвалі	265
аднаўленнем	265
прусію	265
валокны	265
лютэра	265
кафедраў	265
лит	265
канторы	265
грыба	265
выбылі	265
бцр	265
кваліфікацыйным	265
віта	265
стоўбцах	265
лодзьскага	265
пілота	265
інструктар	265
жукоўскага	265
рэтраспектыўна-рускага	265
праваабаронцы	265
эфіру	265
вальмавым	265
сышла	264
шклоў	264
плыўчыха	264
ліна	264
губернатары	264
вольф	264
мальта	264
беларусізацыі	264
даменіка	264
паспяховае	264
скульптурная	264
апалчэнне	264
афіцыйнымі	264
катар	264
брытанскімі	264
абарачэння	264
пінская	264
прызнаюць	264
змагалася	264
пішуць	264
халакосту	264
вокладкі	264
рэгулярнай	264
тэмпы	264
складанымі	264
ўзімку	264
набегі	264
еўропай	264
палескі	264
арыштавана	264
паэтычнай	264
свяцілішча	264
пылу	264
магнітнае	264
партнёраў	264
рынкі	264
трава	264
дуброўна	264
адрозніць	264
навасёлкаўскі	264
друкаваў	264
губ	264
урадаў	264
слабадскі	264
подзвіг	264
максвела	264
ўлічваць	264
вучэльні	264
фарміруюць	264
галіцкага	264
научные	264
абазначаюць	264
адваротны	264
тэарэмы	264
зорнага	264
а-	264
касцюма	264
вая	264
развіў	264
трэніраваўся	264
мгу	264
стралец	264
запытаў	264
непрызнанай	264
крыле	264
ладзілі	264
езуса	264
турэцкім	263
жукаў	263
мошчы	263
пія	263
з’яву	263
карын	263
грамадска-палітычная	263
роза	263
пагадзілася	263
часовая	263
падводнай	263
нападзе	263
вальтэра	263
браніслава	263
абвінавачванняў	263
абаранялі	263
процілеглым	263
распрацоўшчыкі	263
ліване	263
нічым	263
флатыліі	263
прыродным	263
ранейшая	263
нязменна	263
блакітныя	263
кару	263
сыравіна	263
калегіяй	263
чарговай	263
верхнего	263
светлагорскім	263
ландшафты	263
мемуараў	263
аб’ядноўваюцца	263
жукоў	263
пачатковым	263
акупацыйныя	263
філосафа	263
рыхтавалі	263
спектру	263
памешчыкаў	263
рэспубліканскія	263
современной	263
пакідалі	263
олафа	263
прадпрымальнікаў	263
героям	263
эгейскага	263
сербскіх	263
заўвага	263
рытмічна	263
здарэнні	263
замок	263
пасаг	263
пахаваная	263
союз	263
капітула	263
свидетелей	263
урадавыя	262
ада	262
морыс	262
калоніяй	262
смяротна	262
жывёльнага	262
стратэгічнага	262
сацыялізм	262
настаўніцкі	262
літаратурнае	262
збіў	262
увядзення	262
выйгралі	262
піку	262
дынамікі	262
ажно	262
серы	262
вінаград	262
флангу	262
здольных	262
этнаграфічныя	262
ледавікі	262
задняя	262
вонкава	262
форвард	262
мышы	262
энрыке	262
моўная	262
кантакце	262
актуальныя	262
выдатнага	262
селішчы	262
бук	262
шамякин	262
нулю	262
імігравалі	262
лекі	262
знешне	262
скандынаўскіх	262
обаль	262
шэрыя	262
садзейнічання	262
іспанцамі	262
футаў	262
фалькларыстыкі	262
фразы	262
стандартная	262
генетычныя	262
сшытак	262
мусульманскай	261
маркам	261
палерма	261
кшыштафа	261
багушэвіч	261
глебазнаўства	261
зборкі	261
кольцаў	261
даследчы	261
летняга	261
вялікасці	261
трынаццаць	261
гавані	261
вулканічнае	261
ігнацыя	261
стральба	261
акіянаў	261
канкрэтнай	261
обзор	261
нямногіх	261
бронза	261
носьбітамі	261
прававыя	261
замацавана	261
беспрацоўя	261
застаючыся	261
прадуктам	261
прозвішчаў	261
цвёрдасць	261
іменна	261
планаванне	261
нідзе	261
двухгадовы	261
прыкметай	261
граць	261
жытло	261
свята-георгіеўская	261
запісаныя	261
ваяводствы	261
бярозка	261
ужытку	261
разрабаваны	261
бм	261
рапановіч	261
исторические	261
воіна	261
краязнаўчым	261
дамінуе	261
забавы	261
магнацкіх	261
стыпендыю	261
наверсе	261
пластом	261
валакна	261
падыходам	261
пробашчам	261
сілезія	261
катаванні	261
шматгадовую	261
краёвасцю	261
трываласць	261
вусікі	261
гандбалісты	261
адрокся	260
вынаходніцтва	260
бнп	260
уначы	260
сірыю	260
гданьск	260
сыракомля	260
праваабаронца	260
высылкі	260
прэзідэнтаў	260
баба	260
хваляванняў	260
магдалена	260
электронным	260
вырашальным	260
фермы	260
умерана	260
рэгуляванне	260
рукавы	260
падвышанай	260
главой	260
згуляўшы	260
статьи	260
палкоўнікі	260
абставін	260
паседжанні	260
эксперыментальна	260
класікі	260
перадаюць	260
лінейнай	260
пісьмовы	260
аператары	260
росі	260
конны	260
адзіныя	260
горы-горкі	260
гміну	260
шкода	260
жывапісца	260
намаляваў	260
хуту	260
ўшанаванне	260
пецярбургскім	260
российский	260
камендант	260
ашаляваныя	260
пракаце	260
фізіёлаг	259
куль	259
вітольд	259
македонскі	259
ядзернага	259
труб	259
рамеснікі	259
аляхновіч	259
сваяк	259
карпарацыя	259
нігера	259
жыллёва-камунальнай	259
пікаса	259
неапалі	259
мальдзіс	259
апавяданнях	259
усярэдзіне	259
театр	259
вераванні	259
цукровага	259
спалучаюцца	259
майстрамі	259
маштабу	259
глускім	259
набываюць	259
мастаку	259
выкананых	259
лясным	259
гука	259
размешчанымі	259
нбб	259
сцвярджала	259
інститут	259
аркестры	259
рагачове	259
через	259
канадскага	259
эмаллю	259
рафаэля	259
кшталту	259
курыі	259
лацінскіх	259
архитектуры	259
православная	259
сібірскага	259
купэ	259
усесаюзным	259
духаўшчынскім	259
скакуны	259
адлюстроўваецца	258
ўтрымліваць	258
тонга	258
галандскага	258
ўключэнне	258
бараноўскі	258
нарадзе	258
чарнігаў	258
мацільда	258
камерцыйнай	258
канстанцінопальскага	258
прыстасаванне	258
паменшыць	258
тэлевізійны	258
царкоўнаславянскай	258
навелы	258
нумарацыя	258
электроніка	258
фундамента	258
долар	258
заканадаўчая	258
ландшафтаў	258
экалагічныя	258
аказвала	258
рухомага	258
абапіраўся	258
цюменскай	258
шукалі	258
светапогляду	258
сканчэнні	258
спалучэннем	258
прывядзе	258
асобах	258
модуля	258
мэбля	258
перагаворы	258
брагінскім	258
дзмітрыем	258
друя	258
портам	258
вечерний	258
філіяле	258
інтэрвенцыі	258
камені	258
валуны	258
роўнае	258
двум	258
упадаюць	258
кропцы	258
дружыны	258
вільнюсе	258
столінскім	258
хмяльніцкай	258
паўсаній	258
гарачых	258
японцы	258
ключом	258
скарбу	258
выказвае	258
вылучалася	258
асабняк	258
пензенскай	258
ўнёс	258
опернага	258
праваабарончы	258
распаўсюджваліся	258
драўляную	258
сплаваў	258
рыторыкі	258
кандзі	258
настаўнікамі	258
істота	258
кастрамской	258
скляпеннем	258
прытвор	258
куяўска-паморскага	258
марза	258
шах	257
кеслёўскага	257
іозеф	257
хворага	257
муры	257
шанавання	257
граніца	257
жорсткасці	257
металург	257
паланскі	257
паўночна-заходняя	257
бенедыкта	257
партугальцы	257
тэлескопа	257
радзівілы	257
зоя	257
ворагамі	257
яўрэйскую	257
ерэвана	257
ягонага	257
арміямі	257
лакальных	257
партрэтам	257
выжыў	257
паселішчах	257
астанкі	257
каланізацыя	257
мэрам	257
кальца	257
раўнінах	257
магутная	257
жалезных	257
прытокамі	257
забеспячэннем	257
генеральныя	257
аўтаномны	257
ажыццяўляюцца	257
якраз	257
грунт	257
дыскі	257
ўзвышаецца	257
жадання	257
працэсар	257
пасяленне	257
ажыццяўлялі	257
раману	257
вішнявецкага	257
напаў	257
купцы	257
сакалова	257
багаслова	257
баявымі	257
памыліўся	257
бляск	257
школьным	257
хворым	257
валадарання	257
поруч	257
латышскія	257
петрыкаў	257
выразы	257
творчым	257
чыноўніка	257
глінкі	257
фрэдэрыка	257
пецярбургскі	257
экранізацыя	257
дэкарацыі	257
настаўнічаў	257
падвеска	257
ельнінска-дарагабужскай	257
выдалення	256
рэвалюцыйную	256
украінскую	256
джын	256
мастак-жывапісец	256
спуск	256
жамойцкі	256
лівоніі	256
чыну	256
чэшскія	256
пратэстанты	256
адміністрацыю	256
самуіл	256
ўступленне	256
іспаніяй	256
спажыванне	256
кукуруза	256
драматурга	256
якуція	256
адназначна	256
выканаўчыя	256
літаратурнымі	256
справаздачу	256
ўсеагульнага	256
покинул	256
наносіць	256
ізяслаў	256
далёкасці	256
цвёрдыя	256
сіндром	256
сведак	256
прывёз	256
сцягоў	256
моўнага	256
транскрыпцыі	256
выхаванні	256
царскі	256
будзённага	256
ўнутранае	256
ўказанні	256
галаўныя	256
аддавалі	256
святочныя	256
заводскі	256
адлік	256
лечэ	256
мітраполія	256
мужчынскім	256
абгрунтаванне	256
апублікавалі	256
філолагі	256
палкоўнікам	256
намеснікаў	256
гатоўнасці	256
заслонава	256
локі	256
пачынкаўскім	256
эпб--	256
манро	255
манюшкі	255
мухамед	255
сакалоў	255
знішчыла	255
эсперантыстаў	255
джэймсам	255
аман	255
цэны	255
карэлія	255
лічбавыя	255
рэлігійнае	255
пасаджаны	255
пасяленцаў	255
інтэграл	255
паглынання	255
спецыфічныя	255
харчаванні	255
сезонах	255
лігурыя	255
крымінальным	255
заняцця	255
адыходу	255
чаканні	255
электроны	255
відзы	255
каменем	255
две	255
всё	255
пахавальны	255
мудрасці	255
таленту	255
узда	255
масавымі	255
даказана	255
ордара	255
акадэмікам	255
прэс-сакратар	255
жалезабетонных	255
прывад	255
падрыхтавала	255
уладзіславам	255
міфалагічная	255
касцей	255
канцэртныя	255
эўтрофнае	255
колавай	255
перавесці	254
багдад	254
аліўе	254
упаў	254
кая	254
шылера	254
мецэнат	254
рэйс	254
сачанка	254
поўнаметражны	254
дынастыю	254
магуайр	254
кар	254
перадавалася	254
дакументам	254
пратаколы	254
згодзе	254
зменшылася	254
попыту	254
вострым	254
сусветнае	254
партоў	254
дыялектах	254
амністыі	254
акі	254
турку	254
будавалася	254
грунту	254
ракавіны	254
стваральнікам	254
статую	254
анатоліі	254
шахты	254
выданнямі	254
наўрад	254
войнамі	254
гітлераўцы	254
уладальніка	254
званае	254
воранава	254
плацілі	254
чарговае	254
канчатак	254
пятнаццаць	254
апалона	254
македонскай	254
можам	254
бала	254
паветраная	254
камуністычную	254
нішамі	254
нашчадак	254
варожай	254
стыпендыі	254
санкт-пецярбургскі	254
судовым	254
гераніма	254
каса	254
разнастайнымі	254
оперу	254
джульета	254
детей	254
министерство	254
васі	254
баксёры	254
ельнінскага	254
прадстаўленая	253
вызначаныя	253
юнацкія	253
адыходзяць	253
кіёта	253
пашкоджана	253
маёнтках	253
кніжкі	253
атамная	253
прусіяй	253
праблеме	253
заходнімі	253
прадалі	253
чашнікі	253
біла	253
даданнем	253
яўрэямі	253
практычнае	253
пасты	253
некаторую	253
дадатковымі	253
хрыбтоў	253
велізарная	253
пальмы	253
кангрэсу	253
выпадкам	253
радыяцыі	253
кнігамі	253
будучыя	253
здабывалі	253
дзікія	253
малюнкамі	253
зачацця	253
пытанням	253
складнік	253
рэалізаваць	253
ваяводам	253
узбраення	253
поласць	253
заснавальнікамі	253
публікацыю	253
мюнхена	253
ручая	253
будуюцца	253
вольныя	253
старадаўніх	253
юбілей	253
квадрата	253
антычнага	253
нож	253
сарака	253
затрыманні	253
рка	253
всех	253
лошыца	253
віктарам	253
робячы	253
чтения	253
узнагародай	253
змесціва	253
нфл	253
один	253
дэй	253
прыдворны	253
р-на	253
жукі	253
эклектыкі	253
нмм	253
ціханоўскай	253
нарніі	253
дзямідаўскага	253
уолдэн	253
вяртаюцца	252
марыс	252
стальца	252
ганчарык	252
ахвяра	252
альпах	252
лары	252
індыяй	252
кніжны	252
самастойнасці	252
царстве	252
ракаў	252
апускаецца	252
прымеркаваны	252
бюлетэнь	252
фарміраваннем	252
народжаны	252
ледавіковага	252
варту	252
сярэбраная	252
івацэвіцкім	252
дэльце	252
даючы	252
старасты	252
ланцугу	252
англіяй	252
разгортваецца	252
тропіках	252
небяспечныя	252
апаратам	252
дэпрэсіі	252
дарэчы	252
заснаваных	252
сведения	252
немагчымым	252
падрыхтаваць	252
расклад	252
слоўнікаў	252
мястэчак	252
озёра	252
гвб	252
кіраўскі	252
храмах	252
цыліндрычныя	252
имя	252
литовского	252
кальцыю	252
набраць	252
небяспека	252
натрыю	252
карпаты	252
фрэскамі	252
налева	252
мифы	252
змяніўшы	252
зліццё	252
злучылася	252
уезд	252
свая	252
выходзячы	252
брно	252
купіць	252
загінуўшым	252
фабрыку	252
шклове	252
наў	252
гаўрыла	251
мануэль	251
мастак-графік	251
формулу	251
ёзэф	251
чарвякоў	251
ліён	251
руанды	251
гумару	251
кіраўніку	251
фальсіфікацыі	251
большым	251
пакут	251
статыстычнага	251
забраў	251
агароджа	251
пацярпелым	251
варатары	251
здароўем	251
адыгрываюць	251
імпарту	251
навучаецца	251
буйнейшы	251
вільготнасць	251
бліжэйшы	251
альпаў	251
культуралогія	251
поднепровья	251
адзначаюцца	251
юнака	251
жытла	251
забяспечваў	251
древнейших	251
отдел	251
апекі	251
спрыяльныя	251
здабыць	251
умоўна	251
кавалёва	251
радасці	251
сабрала	251
інтарэсам	251
пакроўская	251
адноўленай	251
сатыры	251
віа	251
бадэн-вюртэмберг	251
дзіцём	251
заслаўскага	251
матэрыяльную	251
руднянскім	251
лютэранства	251
плоскімі	251
малінаўка	251
алгебра	251
аўтаматычнага	251
верай	251
формирование	251
полное	251
чытаецца	251
ам	251
ярусе	251
комиссии	251
мініяцюра	251
пятровіча	251
чырвонаармеец	251
замбіі	250
жазеф	250
-разовы	250
легендарны	250
запарожжа	250
чжаа	250
прэзідэнцкі	250
пуацье	250
нападам	250
папу	250
багуслаў	250
апошнімі	250
грын	250
ажыццёўлены	250
пасялілася	250
істотных	250
найбольшага	250
выбіраецца	250
мікалаеўская	250
цёплым	250
ясень	250
думаць	250
апісаць	250
архіпелагу	250
горш	250
пісання	250
лук	250
чыгуначнікаў	250
забудаванай	250
вытворчае	250
клецку	250
пастаянную	250
фізіка-матэматычны	250
адметны	250
скрыжаванне	250
укл	250
магілёўскую	250
вулічных	250
нумізматыка	250
спевака	250
юпітэр	250
законным	250
ўзяцце	250
прэтэндэнтаў	250
рудзенск	250
шляхецкіх	250
слупоў	250
пасудзіны	250
запісалі	250
запісала	250
віталя	250
кінематаграфічных	250
рэха	250
форума	249
праваслаўнае	249
браян	249
летняй	249
аб’яўлена	249
касіні	249
пі	249
франтон	249
сфорца	249
зацвярджэння	249
гарбачова	249
суб’ект	249
гномаў	249
люблін	249
ўпаў	249
прысвечаную	249
няўдачу	249
алонса	249
бачыла	249
вяршыню	249
федэрацыю	249
гранат	249
імперскага	249
палеская	249
вякі	249
этапам	249
пераходы	249
плыняў	249
падставу	249
абіраюцца	249
міністэрстваў	249
народнасці	249
сельскую	249
пітной	249
сімфанічны	249
плоскіх	249
змешаных	249
стадыёны	249
снегавое	249
здзяйсняецца	249
візантыйскіх	249
заказнікі	249
узросту	249
футбалістам	249
гадзіннікаў	249
альтэрнатыўны	249
рэгламентам	249
ўзбраенняў	249
тысячагоддзе	249
балатаваўся	249
уцёкі	249
непасрэднага	249
баявую	249
паднялі	249
дэталь	249
адпавядалі	249
паверхняў	249
ўправа	249
ўзвядзення	249
падкрэсліў	249
здзейсненыя	249
калегамі	249
отечественная	249
з’ехаць	249
сябраў	249
падгрупы	249
прыдворнага	249
карыснай	249
адхілення	249
совет	249
брамнікаў	249
дастаеўскага	249
джонса	249
памешчык	249
педагогіка	249
партнёра	249
ваз-	249
ядавітыя	249
дабро	249
мякаць	249
новадзявочых	249
патентов	249
дзямідаўскім	249
кабіны	249
чарга	248
цунамі	248
лорэнца	248
чыноўнік	248
ліхтэнштэйна	248
самастойных	248
асацыяцыяй	248
ахоўнай	248
консул	248
баскаў	248
прайшоўшы	248
стандартны	248
уключана	248
даходу	248
палат	248
абрысы	248
бытавыя	248
жалезная	248
землеўладальнікаў	248
бытавых	248
адамам	248
ваколіц	248
природы	248
антычныя	248
лекаў	248
роляй	248
ператварыць	248
гнязда	248
арыентацыя	248
паказчыкам	248
залескі	248
мікрараёнаў	248
кіламетр	248
арганічнага	248
крэсла	248
зімуюць	248
агінскіх	248
автор	248
магутнымі	248
экспертызы	248
застанецца	248
гравітацыйнага	248
куплі	248
праверка	248
научный	248
слуга	248
заняцца	248
ружовага	248
рас	248
дыягностыка	248
данскога	248
дзяўчаты	248
правительства	248
скрыні	248
гісторыка-культурная	248
армении	248
праглядаў	248
навадугінскага	248
падоўжаны	247
м’янмы	247
разбіта	247
арктыкі	247
шанхаі	247
грант	247
куратар	247
навагрудскай	247
разграміў	247
радыкальных	247
аляска	247
камісарыят	247
малдавіі	247
узяла	247
араб	247
халіфа	247
апостальскі	247
распаўсюджванню	247
маршы	247
прадаваць	247
запісах	247
меншую	247
субтрапічных	247
жывёлагадоўляй	247
паходах	247
пераходзілі	247
сыракомлі	247
разглядаўся	247
фрэсак	247
акна	247
брытанцаў	247
мікраарганізмаў	247
повесть	247
старадарожскім	247
фларыды	247
аграрнага	247
гучання	247
круціцца	247
выпускаюцца	247
воз	247
звязваецца	247
забяспечыла	247
фармацыі	247
аддаленых	247
прафсаюзы	247
ўраўнення	247
траекторыі	247
хоцімскага	247
археология	247
рбк	247
рэчывам	247
выкладчыцкай	247
крытычныя	247
радах	247
тонкімі	247
амурскай	247
пупышкі	247
народного	247
элады	247
сілавікоў	247
иас	247
сцяблом	247
пласцінка	247
зіл-	247
фільмы-трылеры	247
адмысловай	246
трафей	246
бін	246
бароўскі	246
хаім	246
групоўку	246
есці	246
стральцоў	246
ўнесена	246
тэніс	246
грузінская	246
пэн	246
студэнцкі	246
адноўленая	246
сірыйскіх	246
англійскае	246
літоўска-беларускай	246
цана	246
іда	246
карынтыі	246
артылерыйская	246
хііі	246
дадатку	246
паказчыку	246
сіняя	246
масіваў	246
бунту	246
дуды	246
здагадка	246
рэалізм	246
философия	246
рэдактараў	246
дыяпазону	246
ложкаў	246
морах	246
банкаўскай	246
нак	246
фізіялогія	246
акупантамі	246
выдадзенай	246
парадзе	246
купалу	246
геаграфічная	246
гарадзец	246
хойніцкім	246
арэнай	246
заканадаўчага	246
догляду	246
накірунку	246
авіяцыйных	246
гаспадарскі	246
надпісамі	246
жылымі	246
дэманструюць	246
апорных	246
выдавалі	246
бойка	246
яркім	246
класіка	246
лісточкі	246
актах	246
фантана	246
балтыйскай	246
русском	246
вядучага	246
раны	246
ча	246
курфюрста	246
дахамі	246
цэлі	246
разумеючы	246
лгбт	246
асада	246
умер	246
духаўшчынскага	246
пачынкаўскага	246
рэгістрацыя	245
голубеў	245
стралок	245
заапарк	245
манэ	245
сходам	245
педру	245
прагаласавала	245
пакета	245
міністэрствы	245
падзякі	245
бенуа	245
вымаўлення	245
накіроўваецца	245
дакладзе	245
сямейным	245
арганізаванага	245
ячмень	245
аўт	245
абломкі	245
намі	245
каштоўны	245
бальцана	245
радку	245
апытання	245
хімічным	245
маленькага	245
энергетычных	245
прадмове	245
размяшчэнні	245
бунда	245
каўнасе	245
рэйх	245
суправаджэння	245
валынскага	245
віцебскія	245
захоўваючы	245
падтрыманне	245
апорай	245
знізілася	245
пліскага	245
кентукі	245
прысвечаным	245
заснаваную	245
абяцанне	245
скар	245
іванаўскім	245
рэальны	245
марфалогіі	245
матэматычная	245
ша	245
нарады	245
міхаілу	245
гестапа	245
валасная	245
споўнілася	244
высадзіліся	244
баварскага	244
орда	244
мядзведзеў	244
русо	244
кевін	244
данію	244
пачатковыя	244
труп	244
перамозе	244
накіравала	244
лісоўскі	244
беластока	244
копію	244
чальцоў	244
выконваючым	244
прымаюцца	244
геалагічнай	244
культавых	244
гародніна	244
торф	244
перыядзе	244
функцыямі	244
розную	244
ямы	244
выяўляюцца	244
гімны	244
паралельныя	244
грані	244
мыш	244
прамежку	244
раслінным	244
заваёвы	244
сведчаннем	244
оксфардскага	244
соймы	244
магіл	244
сысуны	244
выбіраць	244
зэльвенскім	244
даследаваны	244
прысутнічаць	244
чарце	244
крытэрыі	244
бураціі	244
новагародскі	244
верылі	244
халодных	244
будоўлі	244
інбелкульта	244
этнаграфічнага	244
паўлу	244
бакавой	244
выразнасці	244
войцеха	244
русское	244
трыкутнік	244
твору	244
надворны	244
прынцам	244
кармэн	244
гурце	244
дэканата	244
мтсг	244
бтр-	244
брэнд	243
олівер	243
дашкевіч	243
юрась	243
жазэ	243
планету	243
растоў-на-доне	243
прыкладная	243
люк	243
маланка	243
ўлад	243
нігер	243
шу	243
анішчанка	243
крыт	243
ракетамі	243
барадулін	243
падараваў	243
фэст	243
эпас	243
усталявана	243
прытрымліваюцца	243
івацэвічы	243
супольнасцей	243
земнаводных	243
побыце	243
траціну	243
забароненыя	243
раўнін	243
цуды	243
разнастайны	243
калектывізацыі	243
свядома	243
лугоў	243
прыводзяцца	243
адвакатам	243
бухты	243
немагчымасць	243
выяўленых	243
выдавала	243
антонаў	243
ганцавіцкага	243
назначаны	243
дэманстрантаў	243
архітэктурная	243
прыйсці	243
фондзе	243
карпат	243
зямным	243
дыферэнцыяльных	243
ведаюць	243
ягад	243
вынаходства	243
молі	243
вясковыя	243
новасібірск	243
накіраваць	243
маральнай	243
спяваць	243
чаркаскай	243
самалётах	243
прах	243
любовь	243
нацюрморт	243
фінала	243
станковай	243
мемуарыст	242
вальдэмар	242
нерона	242
корсак	242
прызнаваўся	242
легіёнаў	242
выбухі	242
вывяржэнне	242
знікненне	242
францавіч	242
балгарскія	242
дзятлава	242
архібіскупам	242
уласнасцю	242
ода	242
адмаўляўся	242
ваенна-марскіх	242
індзейцамі	242
перакладчыка	242
асабовага	242
каталіцызм	242
германскім	242
распачала	242
рамы	242
му	242
дэвіса	242
раслі	242
спецыялістамі	242
ўжываўся	242
волава	242
адпаведнымі	242
актыўнасцю	242
галерэю	242
змянялася	242
паглядзець	242
атрымае	242
прадзюсары	242
рынках	242
індзейскіх	242
гарадзішчанскага	242
прападобнага	242
ахапіла	242
хатняя	242
паказальнік	242
размясцілі	242
тэмпературах	242
географы	242
стрэлкі	242
абавязацельстваў	242
грэчаскую	242
ракацы	242
зло	242
гадавіну	242
псіхалагічных	242
аўтарскі	242
спажыўцоў	242
палянах	242
мёду	242
шарля	242
пасяджэннях	242
вяселлі	242
царкоўнае	242
ружовыя	242
дэмабілізаваны	242
аўтабіяграфіі	242
бранскім	242
малітоўная	242
праверыць	241
чжоу	241
арменію	241
архімандрыт	241
манархам	241
тэрарыстычных	241
саудаўская	241
ізраілем	241
лазара	241
дасье	241
ўнук	241
сталае	241
ўкраінская	241
клімента	241
коды	241
рэжымаў	241
ставяць	241
недзе	241
выраслі	241
іракскія	241
калоніях	241
канфігурацыі	241
дажджы	241
турыстычных	241
скарачаецца	241
вядучымі	241
экватарыяльнай	241
шоўку	241
кантраляваў	241
адбудаваны	241
ўцёкі	241
яркі	241
аналітычнай	241
намінантаў	241
восьмым	241
станы	241
чалавечы	241
ідэнтычнасць	241
дэмакратаў	241
гучаць	241
назоўнік	241
бераставіцкім	241
маладымі	241
вызначаў	241
портр	241
службай	241
кватэр	241
ўзгорка	241
место	241
амерыканскую	241
стайні	241
рачнога	241
павагай	241
вучылішчаў	241
срэбным	241
биографии	241
галандыя	241
падляшша	241
хакея	241
набыта	241
численности	241
кіраваградскай	241
партыйныя	241
алтаром	241
тамбоўскай	241
нефы	241
па-англійску	240
бандарчык	240
сямашка	240
падпарадкоўвалася	240
збілі	240
халіфата	240
апазіцыяй	240
пасланні	240
тацыт	240
крылом	240
вернікам	240
грыцкевіч	240
візантыйскія	240
патлумачыў	240
бар’ер	240
паўночна-ўсходнім	240
сталай	240
звязваў	240
генуя	240
карана	240
пэўнымі	240
падвескі	240
генерал-маёры	240
прыцягнуты	240
клетка	240
механічнага	240
пабудаваным	240
падвяргаецца	240
сімволікі	240
прымусова	240
частот	240
цмок	240
лёну	240
древности	240
сербскія	240
кандыдацкіх	240
крокаў	240
савіч	240
фатографы	240
ўрадавай	240
губернскай	240
цяперашнюю	240
сур’ёзны	240
фармаванні	240
паведамляюць	240
святого	240
частатой	240
макараў	240
дарослым	240
тэматыцы	240
нарб	240
спявачкай	240
рашоткі	240
нацысцкую	240
еўрабачанні	240
вілем	239
аўстралійская	239
к-	239
старажытнарускай	239
тайна	239
дней	239
гаўрыіл	239
мележа	239
флейта	239
манетны	239
праходжанне	239
нанясення	239
згуртаванне	239
шляхціц	239
прыдатныя	239
ўспрымання	239
астатняе	239
датычна	239
звароты	239
водазабеспячэння	239
сістэматычна	239
ўмяшанне	239
дзеючым	239
запазычаны	239
халодным	239
цёплае	239
муніцыпальных	239
прыязджаў	239
фаз	239
плата	239
электрычным	239
пераканаў	239
отношения	239
балтыйскіх	239
мяккіх	239
падкрэсліць	239
прымыкаюць	239
р-н	239
немцам	239
спортам	239
біялагічнае	239
наукова	239
вызначальнік	239
выявіліся	239
пакланенне	239
фрунзе	239
прачытаў	239
пталамея	239
тэатральную	239
адборачным	239
карніз	239
венецыянскага	239
торуні	239
лідскае	239
моя	239
мдб	239
ўдастоена	239
прыбудаваны	239
шатровая	239
сафонаўскім	239
юрыдычная	238
царстваў	238
казакамі	238
вебер	238
этнаграфічны	238
дагавору	238
брытанія	238
дзмітрыеўна	238
сялянскі	238
ляхавіцкі	238
абвешчаная	238
ласла	238
уругвай	238
брэтані	238
чжу	238
працэдура	238
васілевічы	238
ўрадаў	238
шэкспір	238
ажыццёўлена	238
незаконным	238
вече	238
томаш	238
штраф	238
пераемніка	238
марскімі	238
каменнымі	238
адыгрывала	238
курорты	238
надзвычайнае	238
кропкай	238
цяжару	238
разгарнулася	238
паўстае	238
патрыятычнага	238
галінак	238
прыдворных	238
востра	238
цюрых	238
станцыях	238
нёманам	238
натхнення	238
правінцыямі	238
плоскі	238
радыяцыйнай	238
геаграфічна	238
жорсткае	238
светлыя	238
сацыял-дэмакратаў	238
практычныя	238
розніцы	238
альтэрнатыўнай	238
сустракалася	238
брэсцкае	238
свята-міхайлаўская	238
масоны	238
заводах	238
новік	238
філалогія	238
сельскагаспадарчым	238
ацэнены	238
пасяленняў	238
вторая	238
цыганы	238
праезду	238
годах	238
николая	238
тб	238
клінікі	238
груша	238
порцікам	238
ато	238
прафілактыкі	238
гербоўнік	238
навасёлкаўскага	238
вішнеўскага	238
канатопскім	238
першаму	237
рамуальд	237
кыргызстане	237
шматгадовы	237
штыхаў	237
цаа	237
марсе	237
ганконг	237
кастр	237
тураўскі	237
зямельнай	237
альбому	237
кадэцкі	237
дзю	237
герцагавіне	237
захар	237
калону	237
электратэхнікі	237
прававы	237
дарадцам	237
прызнаваць	237
шостае	237
спатрэбілася	237
палавой	237
мемуарах	237
шчыце	237
пратэстанцкай	237
прылягае	237
каледжаў	237
сустрэцца	237
вучыць	237
суседзі	237
міжнар	237
злучаюцца	237
заполле	237
кіль	237
помсты	237
геолагі	237
бранск	237
вучоная	237
касы	237
власов	237
бостан	237
де	237
катэгорыю	237
кірылавіч	237
бягучы	237
рыцара	237
партызанаў	237
урале	237
европейской	237
мікалаевіча	237
гігін	237
ндр	237
крытыкамі	237
художник	237
балетмайстры	237
чалавек-павук	237
наркотыкаў	236
кшыштаф	236
прамовай	236
эстрады	236
прыкмеце	236
місіс	236
афонсу	236
паспрабавала	236
паўстаннем	236
дэпутатамі	236
яраславіч	236
кіпры	236
выбралі	236
поўных	236
дзеючага	236
паступовае	236
развівае	236
ўрон	236
карычневыя	236
рогі	236
географических	236
выклікаецца	236
вартасці	236
ледавітага	236
адказы	236
галосны	236
узнікаюць	236
юнацкай	236
узору	236
шалі	236
тлушчу	236
гумар	236
павароту	236
фінансавым	236
мужчынам	236
лістамі	236
сямёнаў	236
дунілавіцкага	236
стратэгічнае	236
