# form<TAB>count — Taraškievica word-form frequency, most frequent first.
# Built by scripts/build_frequency_list.py from betarask-dump.xml.bz2:
# 90896 main-namespace articles, 784102 distinct forms over
# 17177313 tokens; top 60000 kept, covering 87.7% of tokens.
# Wikitext is stripped crudely, so the tail contains markup residue; the head,
# which is what the coverage figure and the mining rank depend on, does not.
# 365 article(s) held out by the recall corpus are EXCLUDED,
# so a stem is never believed partly on the evidence of the sentences
# it is later scored against.
# Text is CC BY-SA 4.0 (be-tarask.wikipedia.org).
на	310197
катэгорыя	201468
году	169521
да	121518
годзе	108770
ад	77538
за	76419
па	72560
год	70940
зь	62490
што	61224
быў	61127
крыніцы	57518
беларусі	54462
таксама	54166
як	51631
для	48669
які	45445
вобласьці	43322
вёска	41972
раёну	41915
не	41076
пасьля	38310
спасылкі	37773
вонкавыя	37697
якія	35494
файл	34675
яго	33839
насельніцтва	33803
ён	31827
склад	31209
была	30125
раёне	30009
пад	29294
паводле	29220
чалавек	28842
але	28217
былі	27832
беларусь	26462
пры	25806
гадоў	24896
час	24530
пра	24525
пункты	24116
іх	23710
гісторыя	23445
населеныя	23366
якая	22960
сельсавет	22718
складзе	22638
км	22533
было	22090
каля	21393
рэспублікі	21334
або	21108
дзе	20995
сельсавету	20802
імя	20528
ня	20447
аб	20001
беларускай	19978
тым	19689
літаратура	19090
студзеня	18270
гэта	17983
толькі	17934
беларускі	17524
калі	17394
року	17209
стаў	17016
аднак	16267
ст	16111
яе	16064
больш	15910
значак	15497
ліпеня	15226
ва	14976
праз	14779
гады	14749
раён	14598
зша	14535
вайны	14462
жніўня	14211
яна	14123
сакавіка	14114
ды	14054
мае	14016
зьяўляецца	13969
жыхароў	13921
мовы	13674
траўня	13665
супраць	13520
чэрвеня	13503
кастрычніка	13183
беларускія	13036
цэнтар	12885
сьнежня	12870
верасьня	12571
расейскай	12512
якіх	12395
лютага	12145
горад	12144
пачатку	12140
міні	12010
таго	11968
яны	11932
стагодзьдзя	11908
пкс	11869
клюбу	11838
разам	11826
знаходзіцца	11716
месца	11707
першы	11697
ці	11655
клюб	11630
яшчэ	11558
красавіка	11466
іншых	11353
атрымаў	11308
паміж	11203
менскай	11175
чал	11102
імпэрыі	11100
са	11076
вёскі	11067
польшчы	11029
лістапада	10990
адзін	10984
сярод	10947
ссср	10893
места	10848
падчас	10792
-я	10778
расеі	10724
вялікага	10580
княства	10563
выніку	10439
павету	10295
пазьней	10289
стала	10272
тэрыторыі	10255
-х	10196
ліку	10168
менску	10109
нарадзіліся	9988
вобласьць	9965
імёны	9939
каб	9885
ёсьць	9811
глядзіце	9774
гэтага	9662
маюць	9655
гэтым	9602
гэты	9600
якой	9539
той	9486
краіны	9389
гісторыі	9217
першай	9190
тут	9189
уваходзіць	9153
беларускага	9102
царква	9075
колькасьць	9012
гораду	8957
менск	8906
бсср	8850
назва	8694
ваяводзтва	8570
касьцёл	8453
назву	8453
над	8443
іншыя	8327
сайт	8320
сьвету	8241
другой	8134
мове	8132
матчы	8111
гг	8090
частка	8067
некалькі	8042
фільмы	7992
можа	7977
ім	7967
гарадзенскай	7929
працы	7928
беларуская	7870
два	7812
то	7800
якога	7742
так	7715
сусьветнай	7667
сваёй	7637
літоўскага	7620
зьлева	7571
афіцыйны	7433
стагодзьдзі	7432
мова	7404
якім	7390
адным	7382
сьмерці	7351
сваю	7316
зборнай	7284
цяпер	7261
двароў	7241
культуры	7142
навук	7131
бо	7114
права	7107
часам	7089
першым	6994
ракі	6963
часу	6958
тыс	6931
чалавекі	6892
пачаў	6790
якое	6780
жа	6774
якасьці	6681
адміністрацыйны	6673
сьвятога	6626
эўропы	6593
свой	6571
працаваў	6537
от	6534
дзень	6371
меў	6323
дзяржаўны	6320
мястэчка	6277
аляксандар	6269
лігі	6251
таму	6236
млн	6230
сср	6221
тры	6199
каманды	6179
згодна	6162
вялікі	6161
жыхары	6160
губэрні	6150
зьявіліся	6067
кубка	6064
царквы	6059
віцебскай	6050
гадах	5994
рэчы	5989
стагодзьдзе	5967
сэзону	5962
паспалітай	5946
адзінка	5942
складае	5921
нацыянальнай	5904
памерлі	5886
быць	5882
польскай	5818
нарадзіўся	5817
месцы	5811
новы	5801
тое	5798
дзяржавы	5785
беларускіх	5780
войска	5734
найбольш	5702
падзеі	5677
-й	5656
гадох	5600
мн	5593
канцы	5587
напрыклад	5575
ўкраіны	5541
свайго	5506
дзейнасьць	5492
партыі	5485
чынам	5473
-га	5471
сельсаветы	5469
паходжаньня	5455
архітэктуры	5411
францыі	5407
гэтай	5406
цэнтрам	5395
арганізацыі	5350
перад	5335
зямлі	5331
сваіх	5312
сьпіс	5291
плошча	5286
усе	5258
дзяржаўнага	5228
асобы	5228
дзяяч	5220
вельмі	5196
інш	5192
совета	5191
перапісу	5180
сябе	5176
берасьцейскай	5152
такім	5151
скончыў	5131
чым	5122
акрамя	5104
біяграфія	5093
свае	5071
творы	5054
сэзоне	5054
возера	5044
сувязі	5034
сваім	5032
таварыства	5030
амаль	5026
уладальнік	5026
германскага	5017
яму	5012
розных	5000
сям’і	4986
замак	4982
ўнівэрсытэту	4967
дзеля	4961
пэрыяд	4961
помнік	4955
жыцьця	4951
боку	4934
можна	4914
літаратуры	4913
нацыянальны	4912
альбо	4909
маці	4906
ян	4904
адміністрацыйна-тэрытарыяльная	4873
гульні	4860
гэтыя	4833
без	4808
ўсіх	4802
футбалісты	4801
вёсцы	4795
сайце	4795
рады	4764
акадэміі	4748
вуліцы	4723
савету	4719
чэмпіянату	4715
слова	4714
ўжо	4694
атрымала	4687
сталі	4656
большасьць	4639
заснаваны	4636
алімпійскіх	4611
потым	4597
нават	4593
ўлады	4557
могуць	4550
ўдзел	4544
каманда	4541
футбаліст	4541
некаторыя	4536
вільні	4533
звычайна	4529
-м	4528
адной	4510
частцы	4509
празь	4483
часткі	4474
дзякуючы	4470
створаны	4436
депутатов	4425
асноўным	4405
зьяўляюцца	4381
решение	4379
менскага	4361
шмат	4354
-ы	4349
якую	4333
вынікі	4327
сьвеце	4314
першыя	4312
суд	4311
дом	4273
мела	4270
сельсавеце	4251
паходзіць	4228
мастацтва	4211
мову	4199
народнай	4182
руху	4170
гарады	4164
другі	4157
павеце	4147
бок	4137
з-за	4137
войскі	4129
князя	4122
чаго	4119
князь	4116
радыё	4106
працягу	4099
першая	4096
дзейнасьці	4075
горадзе	4070
прэміі	4068
будынак	4066
аўтар	4066
ўсе	4063
упершыню	4056
паходжаньне	4052
кнігі	4049
вкл	4042
школа	4018
года	4013
ўсё	3996
об	3994
лізе	3992
часта	3986
сын	3986
кантракт	3985
футболе	3979
дзьве	3976
частку	3972
іншымі	3972
камітэт	3969
ужо	3967
людзей	3962
удзел	3957
двух	3955
мелі	3946
роду	3933
вядомы	3921
статус	3913
мікалай	3912
сэзон	3910
ліцьвінаў	3909
нямеччыны	3904
чэмпіён	3882
школы	3880
вялікай	3871
чалавека	3863
жыцьцё	3847
гомельскай	3834
раней	3832
сыстэмы	3825
адна	3813
паэт	3813
аснова	3812
гістарычных	3807
прозьвішча	3800
захадзе	3799
галоўны	3796
гульняў	3791
расейскі	3788
ўсход	3781
фільм	3770
памёр	3768
вайну	3762
пачалі	3759
аднаго	3757
групы	3733
уладзімер	3730
ёй	3727
зноў	3726
мора	3723
захад	3716
паўночнай	3715
гэтых	3711
областного	3708
беларускае	3705
моваў	3699
пісьменьнік	3696
пасаду	3693
нацыянальнага	3683
заходняй	3682
герб	3661
рака	3660
матч	3652
складаецца	3645
гульнях	3645
ля	3638
колькасьці	3635
пераважна	3625
старшыня	3622
музэй	3619
студзені	3611
канца	3603
по	3593
менш	3590
павет	3576
песьні	3569
акругі	3564
заўвагі	3561
германскія	3561
прэзыдэнта	3551
назвы	3549
магілёўскай	3549
галоўным	3548
трох	3536
знаходзілася	3532
часткай	3528
цэнтры	3527
области	3526
арміі	3515
першага	3514
першую	3509
-е	3495
гонар	3485
поўначы	3485
пачатак	3475
зьвестак	3475
асабліва	3475
тады	3474
існуе	3471
вярнуўся	3445
кароль	3443
самым	3443
караля	3439
інстытут	3435
іван	3433
дзяржаўнай	3432
воласьці	3432
паселішча	3422
віленскага	3417
клюбы	3389
дзяцей	3388
міністэрства	3387
жыцьцяпіс	3381
станцыі	3379
гэтая	3374
затым	3372
вялікае	3363
лікам	3359
дэбютаваў	3349
будзе	3346
гоцкага	3342
неўзабаве	3341
кампаніі	3337
адбыўся	3328
некаторых	3325
там	3305
лініі	3304
група	3300
вытворчасьці	3299
мінск	3297
літоўскі	3295
выступаў	3291
вялікая	3285
аддзел	3281
нямецкай	3266
украіны	3249
старонка	3249
італіі	3240
кіраваньня	3237
абароны	3232
лічыцца	3218
хоць	3217
вуліца	3213
камітэту	3213
газэты	3198
гэтак	3195
беларусы	3193
сяргей	3191
дэ	3189
расейскія	3187
двары	3186
саюзу	3166
другім	3165
дэпутатаў	3154
беларусаў	3149
справаў	3137
кар’ера	3137
былая	3128
даўжыня	3123
перайшоў	3112
лютым	3109
справы	3102
нараджэньні	3101
шэраг	3081
краінаў	3072
паўстаньня	3070
мэтраў	3069
вялікім	3063
зьвесткі	3062
цалкам	3057
прэзыдэнт	3047
польскага	3046
чатыры	3046
вільня	3043
новага	3043
завод	3032
тысячаў	3029
войскаў	3028
пунктаў	3025
ліпені	3022
административно-территориального	3022
клюбам	3021
раз	3013
цягам	3011
межах	3005
устройства	3001
рынак	3000
ягоны	2998
выкарыстоўваецца	2994
аляксандра	2993
сьцяг	2991
чэмпіянаце	2984
будаўніцтва	2978
месьціцца	2973
разьмешчаны	2972
палове	2962
тэрмін	2960
прадпрыемства	2955
ролю	2953
адпаведнасьці	2953
сьнежні	2943
прызначаны	2936
знаходзяцца	2933
працу	2932
польскі	2924
пасёлак	2921
другога	2919
андрэй	2915
свабода	2904
ўваходзіць	2899
вершы	2891
відаў	2889
падзел	2888
сам	2885
мастак	2884
ўваходзіла	2884
род	2881
атрымалі	2861
спачатку	2860
падпісаў	2857
між	2855
хто	2851
ўпершыню	2847
беларускую	2844
тэрыторыя	2842
наша	2839
гістарычнай	2835
летувы	2819
пакінуў	2819
минск	2816
населения	2811
гулец	2811
палітыкі	2803
наступныя	2801
правёў	2801
гішпаніі	2800
далучыўся	2797
менавіта	2796
нар	2795
вядомыя	2791
сябра	2779
выйшаў	2778
ступені	2769
эўропе	2767
цэнтральнай	2762
усіх	2762
расея	2759
сябры	2754
часы	2753
палац	2753
беразе	2751
назвай	2747
профіль	2747
сыстэма	2740
дзён	2738
крыніцах	2735
бацька	2733
аснове	2725
вайна	2723
выглядзе	2722
вайне	2719
розныя	2715
альбом	2712
сабой	2708
рэкі	2707
асноўныя	2700
такіх	2697
некалькіх	2692
створаныя	2686
вярхоўнага	2685
стане	2684
афіцыйная	2683
раман	2683
чэмпіянат	2683
ўнівэрсытэт	2681
дынама	2681
прыкладна	2680
партыя	2677
хакеісты	2677
часоў	2670
міністраў	2669
звыш	2664
адбылася	2662
краіне	2661
рацэ	2658
статыстыка	2657
маёнтку	2647
галерэя	2643
жніўні	2642
паўночны	2635
хутка	2634
сакавіку	2628
замест	2622
савецкі	2616
разьвіцьця	2614
падзелу	2613
ніва	2610
расейская	2609
твораў	2608
поўдні	2606
абраны	2600
знаходзіўся	2595
значна	2589
самых	2589
старшыні	2589
ўпамінаецца	2588
перамогу	2588
такія	2584
юры	2584
гміны	2576
района	2574
польскія	2571
дасягненьні	2571
гурт	2558
новай	2557
гісторык	2545
галіне	2543
бнр	2540
мы	2532
пачала	2528
двор	2525
рух	2523
замежных	2513
сучаснай	2506
вады	2502
стварэньня	2499
вынікаў	2495
носьбіты	2495
ўваходзяць	2494
справа	2493
гэтае	2492
вильна	2490
незалежнасьці	2487
адукацыі	2481
нягледзячы	2478
уладай	2472
паўднёвай	2472
кіраўнік	2471
новая	2471
маёнтак	2471
складала	2469
складу	2458
каралеўства	2457
выйшла	2457
францускія	2452
мяжы	2451
апісаньне	2445
маскоўскай	2442
людзі	2441
творчасьць	2441
былы	2424
інфармацыя	2423
кніга	2422
стагодзьдзяў	2421
тытул	2417
апошні	2416
геаграфія	2415
адразу	2415
вялікабрытаніі	2413
адбылося	2410
чале	2409
мая	2409
часе	2405
районов	2403
правы	2403
амэрыканскі	2398
прадстаўнікоў	2396
ўрад	2395
улады	2390
латвіі	2385
савецкія	2379
вядома	2375
сваё	2370
наступным	2360
інстытуту	2359
рада	2358
сілы	2357
павал	2342
працавала	2341
помнікі	2331
вялікія	2328
мм	2327
здымкі	2327
новыя	2326
музыкі	2325
паўднёвы	2323
гульцом	2321
францускі	2320
афіцыйна	2317
сьвяты	2315
сярэдзіне	2313
цела	2313
факультэт	2312
гербу	2308
варыянты	2303
бібліятэка	2303
існавала	2302
см	2297
асобаў	2296
менская	2292
першых	2288
станіслаў	2287
ўлада	2284
рэспубліка	2282
праект	2272
пункт	2271
краінах	2269
былыя	2269
менскі	2268
футбольны	2263
тых	2258
мястэчку	2258
тыпу	2257
літоўскае	2257
мовах	2256
фэдэрацыі	2253
беларускім	2252
францускай	2252
ангельшчыны	2252
савета	2251
марыі	2250
першапачаткова	2248
сэрыі	2246
сьвятой	2239
збор	2236
жыў	2234
мікалая	2230
зборнік	2220
дзяржаўных	2215
верасьні	2214
зборную	2211
вытворчасьць	2207
паўночным	2207
чэрвені	2204
школе	2203
стварэньне	2203
беларус	2201
чэмпіёнаў	2198
маскве	2192
заняў	2192
поўдзень	2191
галоўнага	2185
першае	2182
гуляў	2182
кляштар	2181
кастрычнік	2180
плошчы	2180
каманду	2180
ўсходзе	2178
гомель	2177
минской	2172
выгляд	2167
млрд	2167
іменная	2167
віцебск	2166
васіль	2166
сям’я	2166
нямецкі	2165
побач	2160
бясьпекі	2158
кіраўніцтва	2157
разьвіцьцё	2156
прычыны	2155
сяло	2153
численность	2152
акты	2151
гаспадаркі	2150
выпадку	2148
віленскай	2144
твор	2140
ўраду	2139
выпускнікі	2138
мясцовых	2136
артыкулы	2135
кіраўніцтвам	2135
культура	2133
гістарычныя	2130
кожны	2130
кастрычніку	2128
савецкай	2124
далей	2123
збудавалі	2120
даляраў	2120
выбарах	2115
нямеччыне	2110
адпаведна	2107
новых	2104
прыватнасьці	2102
изменении	2099
слоўнік	2099
мэтай	2098
бацькі	2097
ваколіцаў	2096
абласнога	2096
пераклад	2094
формы	2093
краю	2088
сына	2087
ўсходняй	2086
клюбаў	2086
кіно	2085
падляскага	2074
стары	2073
сёньня	2072
спб	2069
віды	2065
адрозьненьне	2064
працавалі	2063
міжнародная	2054
сярэдняя	2051
расейскага	2045
азіі	2044
землі	2040
рашэньне	2039
месьце	2037
сабе	2036
займае	2034
польшча	2029
прыняў	2028
напісаў	2027
станцыя	2027
сусьветную	2027
поўнач	2023
гэтую	2019
удзельнікі	2019
летніх	2014
лістападзе	2013
купалы	2013
мільёнаў	2013
момант	2011
славутасьці	2009
усё	2008
значэньне	2007
памяць	2006
шлях	2005
выкананьня	2004
магчымасьць	2003
сьв	2001
усяго	2000
правінцыі	1995
список	1995
шматлікія	1994
красавіку	1991
імі	1991
новым	1988
комплекс	1985
паўднёвым	1985
касьцёла	1985
іншага	1982
пасады	1982
вакол	1981
турніры	1978
хутар	1977
пятра	1973
шэрагу	1970
гарадоў	1965
народны	1965
школу	1965
швэцыі	1964
раёны	1962
віктар	1962
лік	1960
мовай	1958
україни	1957
га	1955
міхал	1953
берасьцейскага	1953
дня	1952
многія	1950
нямецкія	1949
вялікую	1947
міхаіл	1941
літаратары	1938
склаў	1937
могілках	1935
другая	1935
царкву	1933
разоў	1933
ягоныя	1927
трэці	1927
вёску	1926
паўла	1922
пісьменьнікаў	1922
прамысловасьці	1922
бду	1918
вул	1916
республики	1914
народная	1914
менскім	1913
радзівіл	1911
магчыма	1910
эстоніі	1910
спадчына	1907
апошнія	1905
скасаваны	1904
ні	1899
стан	1898
раёнаў	1897
траўні	1896
пачынаецца	1895
басэйн	1895
мінуўшчына	1893
няма	1890
фон	1888
сьвет	1886
намесьнік	1885
пяць	1884
самы	1883
занялі	1879
нямеччына	1878
эканоміка	1876
чыгуначнай	1874
чэмпіёнам	1874
дапамогай	1873
другую	1872
савецкага	1872
минского	1871
міжнародных	1871
стылі	1867
ягонай	1867
дадзеных	1866
архітэктура	1865
словаў	1863
шляхам	1862
выдаў	1861
камісіі	1861
ордэн	1859
сярэдняй	1856
справах	1853
зьявілася	1851
зрабіў	1851
службы	1848
выкарыстаньне	1847
пазыцыі	1847
савет	1846
азначае	1845
выбараў	1845
мужчынскія	1845
чаргу	1842
край	1842
эўра	1842
народаў	1841
шляхты	1839
адначасова	1838
пастановай	1837
жанчыны	1837
маскоўскага	1836
рсфср	1836
від	1835
пераможца	1833
горадні	1832
арганізацыя	1831
жонка	1831
знак	1830
перамогі	1829
палітычных	1827
большасьці	1826
народу	1826
парк	1824
трэцяга	1823
заснаваная	1820
перадачы	1815
сілаў	1812
ангельскай	1811
горадня	1807
указ	1806
лінія	1805
здолеў	1804
банк	1803
імёнаў	1803
прыток	1800
сядзіба	1800
узнагароды	1800
гісторыю	1797
кампанія	1796
масква	1792
ўкраіне	1791
дзяржаваў	1790
жыве	1790
добра	1790
чатырох	1790
берасьце	1789
мастацтваў	1789
рэгіёну	1789
працуе	1784
памяці	1784
інфармацыі	1783
та	1781
словы	1779
прэзыдэнтам	1779
шматлікіх	1775
гістарычны	1774
законаў	1771
становішча	1768
праходзіць	1767
дамовы	1767
ордэна	1760
грамадзкі	1760
выданьне	1760
мяжуе	1759
артыкул	1758
здабыў	1757
мужчынскае	1756
усходзе	1753
населеных	1752
францыя	1752
рэвалюцыі	1751
актор	1751
удзельнік	1751
амэрыкі	1751
тыя	1751
праца	1750
газэта	1746
гміне	1745
існуюць	1744
кар’еру	1742
прадстаўнікі	1740
праходзіў	1738
марыя	1737
цяперашні	1732
выбары	1732
агульнай	1731
месцаў	1731
кубак	1729
аховы	1727
пакуль	1727
паверхні	1725
ягоная	1723
дні	1718
палітычны	1715
капліца	1713
дасьледаваньняў	1713
трэцяй	1711
гол	1709
войскамі	1706
губернии	1703
супэркубка	1703
належыць	1702
прафэсар	1702
ўсёй	1701
хх	1700
часопіс	1700
паколькі	1699
кошт	1697
наступны	1694
сталіца	1693
пабудаваны	1693
доктар	1691
іншым	1690
пётар	1684
яно	1682
заснаваў	1679
цэнтру	1677
правіла	1674
найноўшы	1673
сталіцы	1672
асноўнай	1672
сьвятых	1671
бітва	1671
уваходзяць	1670
--	1669
пісаў	1669
сямейства	1668
ролі	1667
музыка	1666
віцебская	1666
канец	1664
сродкаў	1664
браў	1664
зборная	1664
тэрыторыю	1660
варшаве	1660
зьявіўся	1659
прадпрыемстваў	1659
ляўрэат	1658
пачалася	1656
плэй-оф	1655
служыў	1654
лігу	1653
рэспубліцы	1652
акруга	1650
уэфа	1648
палітык	1646
песьня	1644
ўсім	1640
кнігу	1639
полі	1637
дывізіёне	1637
будынку	1634
рублёў	1634
тэатар	1631
суду	1630
зьяўляўся	1629
станіслава	1624
ягоным	1623
незалежнасьць	1622
паэзіі	1620
дывізіёну	1620
загінулі	1619
міністар	1619
рэд	1617
часткова	1616
камандзе	1616
закон	1615
годам	1614
дзьвюх	1614
забіў	1610
міжнароднай	1609
навукі	1609
унівэрсытэце	1608
зьезду	1606
стварыў	1605
дзеяч	1604
жыхар	1604
катэдры	1603
янкі	1602
расейскіх	1600
тысяч	1600
налічвалася	1598
правоў	1597
галоўнай	1597
спр	1597
выдадзены	1596
летуве	1595
тэатру	1593
бітвы	1592
нарадзілася	1590
стану	1590
аляксей	1590
афіцыйным	1589
рэгіёне	1588
магілёў	1587
адносна	1586
прусіі	1585
праграмы	1583
шляхецкі	1580
грэцыі	1580
ўсяго	1579
матчах	1577
двойчы	1575
ред	1575
пэрыяду	1575
адміністрацыйна-тэрытарыяльны	1569
алесь	1569
даволі	1569
раённы	1568
музэі	1567
варта	1567
краіна	1567
бітве	1566
сябрам	1565
спадчыны	1564
працаваць	1563
плян	1560
імпэрыя	1560
адказ	1557
трэба	1556
падставе	1555
вялікіх	1553
праекту	1553
фіналу	1553
творчасьці	1552
сродкі	1551
прадпрыемствы	1548
трэнэр	1546
граматай	1545
міжнародны	1545
нацыянальная	1543
ганна	1543
аўстрыі	1542
музэю	1541
найвышэйшай	1541
палітыка	1539
казімер	1535
вядомая	1534
ўплыў	1533
адкрыты	1533
князёў	1532
гарадзенскага	1532
дняпра	1531
месяцаў	1531
івана	1531
спорту	1529
думку	1528
асноўных	1527
найсьвяцейшай	1525
базы	1523
зьмены	1522
аан	1519
кп	1518
гурту	1518
клясы	1517
працэс	1515
украіна	1515
апроч	1514
аб’яднаньня	1513
ўладамі	1512
вайсковай	1511
другое	1510
гульцоў	1510
зямля	1506
хіх	1505
парадку	1505
агульная	1503
адно	1503
барока	1499
ліквідаванага	1498
папярэдняга	1497
апынуўся	1494
матчаў	1493
заканчэньні	1493
фактычна	1492
міжнароднага	1489
аддзелу	1489
выкарыстаньня	1488
кніг	1487
востраў	1486
навучаўся	1484
маглі	1484
кодэкс	1483
называюць	1482
матэрыялы	1481
сучасных	1480
згадваецца	1480
нацыянальным	1480
шырока	1479
знаходзіліся	1479
яўген	1478
клюбе	1478
сустракаецца	1475
апынулася	1474
міру	1474
пераехаў	1474
пракуратура	1472
вершаў	1471
артыкулаў	1470
грамады	1470
згаданыя	1470
кіраўніком	1469
аб’яднаньне	1468
займаўся	1465
пляне	1464
статыстычны	1461
адзіны	1459
мог	1459
ягонага	1458
мноства	1458
працоўных	1457
літоўскім	1456
праваслаўныя	1455
цк	1455
пастановы	1455
наш	1454
дзяржава	1454
бралі	1453
сучасны	1453
нараджэньня	1452
парыжы	1452
трапіў	1451
ўвайшлі	1450
кубку	1450
гульца	1449
такі	1448
дзяржаўным	1446
органаў	1446
старыя	1445
гара	1444
ягоных	1444
сучаснага	1443
многіх	1443
канстытуцыі	1442
крыж	1442
службу	1442
сваімі	1441
анатоль	1438
пачалося	1436
вэрсіі	1436
брат	1435
замену	1434
дачыненьні	1433
сустрэчы	1433
гурта	1433
замку	1432
новае	1432
кіеўскага	1431
ўнутраных	1430
сэрбіі	1430
дзеяньні	1429
літвы	1427
згуляў	1426
славаччыны	1424
сталіцай	1423
польскіх	1422
будынкаў	1421
паловы	1420
віцебску	1420
янка	1420
сельскай	1420
народных	1419
моладзі	1419
паступіў	1419
загад	1415
дачка	1415
эканомікі	1415
гл	1415
адбываецца	1414
літоўскіх	1412
інстытуце	1412
галоўная	1411
захаваліся	1409
народнага	1409
вып	1409
здароўя	1408
штат	1408
бакоў	1407
займаў	1406
грамадзтва	1405
назваў	1404
адам	1404
моцна	1403
часамі	1401
веку	1401
адміністрацыі	1401
сонца	1401
аб’екты	1398
арганізацыяў	1397
чэхіі	1397
лукашэнкі	1396
рымскай	1396
гімназіі	1395
навуковых	1394
жыцьці	1394
іі	1393
трэцім	1392
грошы	1390
пагадненьне	1389
дзеяньняў	1385
кг	1385
індыі	1385
пачаткам	1384
рынку	1383
стварылі	1383
грузіі	1383
павінна	1382
каралём	1381
агульны	1380
ніжэй	1380
арыштаваны	1380
польская	1379
вайсковы	1379
найлепшы	1378
існавалі	1377
новую	1376
банку	1376
бразыліі	1376
іншай	1375
навука	1375
чырвонай	1375
мэдаль	1375
савецкая	1374
мець	1372
сучасныя	1371
урад	1371
тонаў	1369
поле	1369
ўвайшла	1368
удзельнічаў	1364
актыўна	1363
савецкіх	1362
сьвята	1362
заявіў	1362
царкве	1361
вучыўся	1360
штогод	1359
званьне	1359
стварэньні	1355
дзяржаўная	1354
перамог	1353
пахаваны	1353
древних	1352
гарадзенская	1351
баярын	1351
сярэдзіны	1350
належала	1350
сакратар	1350
гарадзкога	1349
па-за	1348
залаты	1348
асобных	1347
газэце	1346
грамадзянскай	1346
зважаючы	1346
пачаўся	1344
манастыр	1343
рэжысэр	1343
магілёўская	1341
зімовых	1341
зьмест	1341
фільму	1341
перададзены	1340
артыкула	1339
існаваньня	1338
сынагога	1338
складаюць	1337
божай	1333
антон	1333
рэдактар	1333
ўзроўню	1333
падтрымку	1331
далучаны	1330
паступова	1329
тэкст	1329
саюз	1329
выкарыстоўваюцца	1328
багародзіцы	1328
улетку	1328
вялейскага	1328
практычна	1327
дзяржаўныя	1325
кіраваньне	1324
гістарычная	1323
ангельскі	1321
вядомых	1321
сьмерць	1321
кн	1320
кіраўніка	1320
ляўрэаты	1320
францішка	1318
справе	1317
герой	1316
эўрапейскіх	1315
форме	1314
комиссией	1314
нямецкага	1314
староства	1313
доўгі	1313
азёры	1313
адну	1313
характар	1311
матэрыялаў	1310
вытворнае	1310
населенных	1308
земляў	1307
перададзеная	1307
традыцыі	1305
вікіпэдыя	1305
асноўны	1305
выканаўчая	1304
стагодзьдзях	1303
заснаваныя	1302
праблемы	1301
атрымаць	1301
міхала	1300
гары	1299
кіраваў	1298
напрыканцы	1295
ўваходзілі	1293
виленской	1293
музычныя	1293
прэмія	1293
гандлю	1292
турніру	1292
клімат	1290
паўстаньне	1290
працуюць	1286
кампазытар	1286
ігар	1286
заўсёды	1285
форма	1284
января	1284
правядзеньня	1284
створаная	1283
рэгіён	1282
корпус	1282
бы	1281
зброі	1281
часьцей	1280
мясцовага	1280
становіцца	1277
астравы	1277
зьвязу	1275
дзейнічае	1275
названы	1273
нямецкіх	1271
віленскі	1270
прайшла	1270
аат	1270
харватыі	1270
палітычныя	1269
сярэдні	1269
паэты	1268
гродненской	1268
батэ	1266
склала	1265
павінен	1265
апошнім	1264
некоторых	1264
уладаў	1263
старога	1263
большая	1263
увайшоў	1263
прывяло	1262
нацыянальных	1261
республике	1261
абаронца	1261
залежнасьці	1260
мест	1260
сялянаў	1259
японіі	1258
рамках	1257
зв	1257
загінуў	1256
раёнах	1256
ан	1252
скліканьня	1251
папа	1251
дазваляе	1251
фінале	1251
галасоў	1250
зоне	1248
летувіскай	1246
польскім	1246
фронту	1245
россии	1245
жылі	1242
скасаваныя	1242
студэнтаў	1241
віцебскага	1241
русі	1240
аўстраліі	1240
элемэнты	1239
розыгрыш	1239
берасьцейская	1237
паўабаронца	1237
набыў	1235
былога	1234
францішак	1234
рэжыму	1233
казімера	1233
белы	1233
дзейнічала	1233
заканадаўства	1232
прыйшоў	1232
крыжа	1230
алег	1230
вёсак	1230
нумар	1230
імпэратар	1229
энцыклапедыя	1228
дапамогу	1227
старых	1226
чырвоны	1226
праваслаўнай	1225
пытаньні	1223
полацак	1222
до	1221
воп	1221
парку	1220
джон	1219
истории	1218
-і	1217
паэта	1217
дзеячы	1217
карысьць	1216
аддзяленьне	1215
из	1214
сыстэму	1214
значэньня	1214
межы	1213
чыгункі	1213
наваградзкага	1212
цячэ	1211
лічыць	1210
міжваенны	1210
паразу	1210
мост	1209
вайсковыя	1208
імпэратара	1208
баку	1208
найлепшым	1206
мікола	1205
стаць	1204
дае	1204
волі	1203
мапе	1203
цэнтральны	1202
украінскай	1202
устаўной	1201
кіраўнікоў	1201
суда	1201
будынкі	1199
вышэй	1199
вежы	1197
карл	1197
агулам	1196
навучаньня	1195
асновы	1195
велічыні	1195
горадам	1195
тэмпэратура	1194
існаваньне	1194
лукашэнка	1194
утвораны	1193
гродненского	1193
асобныя	1192
кантроль	1191
аб’ект	1191
падобныя	1190
мясцовыя	1190
выступае	1189
тэорыі	1189
заняла	1189
шырыня	1188
вугоршчыны	1187
сабор	1186
армія	1185
дагэтуль	1185
нью-ёрк	1185
транспарт	1184
старшынём	1184
міжнародныя	1183
генэрал	1183
фінал	1183
городского	1182
расейскае	1181
унутраных	1181
друку	1180
жыгімонт	1178
найвышэйшым	1177
румыніі	1177
гомельская	1175
сходу	1175
клюбная	1175
парыж	1174
мапа	1174
беларуси	1173
шляху	1172
удзельнікаў	1171
акупацыяй	1169
установаў	1168
архіў	1168
праводзіць	1166
пана	1166
павінны	1163
гістарычна	1163
стварыць	1163
пераклады	1161
барацьбе	1161
палітычнай	1160
біскуп	1160
выкананьнем	1160
абодва	1159
адукацыю	1159
ягонае	1159
існаваў	1159
журналіст	1158
будуць	1158
заслужаны	1157
асацыяцыі	1157
дарогі	1156
свабоды	1155
расьлінаў	1155
песень	1154
дамоў	1153
немцы	1153
грамадзянаў	1152
полк	1151
драўляны	1151
эпохі	1150
землях	1150
ордэну	1150
брама	1149
нідэрляндаў	1149
зьмяшчае	1149
часопісе	1148
проста	1148
футбольнага	1147
доме	1147
жывуць	1146
лёндане	1146
канфэрэнцыі	1146
перайменаваны	1146
нападнік	1145
бібліятэкі	1144
мясцовай	1143
сувязь	1142
городов	1142
інфраструктура	1141
могілкі	1141
выява	1141
кар’еры	1141
акупацыі	1140
складалі	1139
двума	1139
войны	1138
панны	1135
працягваў	1135
міністра	1135
іншае	1132
зьвяз	1132
вайсковых	1131
чорны	1131
грамадзкіх	1130
бяз	1130
намесьнікам	1130
асноўнага	1129
заснавалі	1128
дэпутаты	1127
адносіны	1127
старая	1127
рымскі	1125
перададзеныя	1125
значыць	1124
частак	1124
астатнія	1124
заканчэньня	1122
бгкт	1122
гульня	1121
сапега	1121
кнізе	1120
істотныя	1119
галоўныя	1119
спраў	1119
разы	1118
вымушаны	1118
вышыня	1117
ліст	1116
расеяй	1115
-ю	1115
альбомы	1115
аб’ём	1113
нацыянальную	1113
шэсьць	1112
стаўшы	1112
лідзкага	1112
табліца	1111
нашага	1110
том	1109
андрэя	1109
кіеўскай	1108
адбыліся	1107
муж	1106
леў	1105
ажаніўся	1105
нба	1105
супольнасьці	1104
найлепшых	1104
верагодна	1104
пачынаючы	1103
выданьні	1103
літаратурнай	1103
партугаліі	1103
уніі	1102
пытаньне	1102
ліга	1101
ніколі	1100
апынуліся	1100
налічвала	1100
кожнай	1100
заснавальнік	1099
футбольнай	1099
варыянт	1098
галоўных	1098
расейскім	1097
памеры	1097
скарыны	1096
літоўскія	1096
самай	1096
кірунку	1095
прозьвішчы	1093
адзінай	1092
публіцыст	1090
летува	1090
верш	1090
паўночная	1090
дома	1089
бачына	1089
высокі	1088
сьпісе	1088
дапамогі	1088
дырэктар	1088
галіны	1087
сеціве	1087
юрыя	1086
ўправа	1085
барысаўскага	1084
дэмаграфія	1084
месяц	1084
дарозе	1084
наступных	1083
тысячы	1083
адміністрацыйным	1082
турыстычная	1082
зямлю	1082
захавалася	1082
ашмянскага	1082
областей	1081
вышыні	1081
нас	1081
каштоўнасьцяў	1079
выступіў	1079
апэрацыі	1078
даніі	1078
прадстаўнік	1078
філязофіі	1077
брата	1077
буйных	1075
турэччыны	1075
скончыла	1074
типа	1073
найвышэйшага	1073
вэрсія	1072
разрезе	1072
конкурс	1072
украінскія	1072
сыстэме	1072
издаваемые	1072
трэнэрам	1072
марка	1071
бнф	1071
пракуратуры	1071
фальварак	1069
прэмію	1069
колеру	1069
савецкім	1068
дывізіён	1068
дасьледаваньні	1067
ўстановы	1066
поселков	1065
роках	1064
магчымасьці	1063
супрацоўнікаў	1063
фільме	1063
ордэнам	1062
ваколіцах	1061
месяцы	1061
документов	1060
мясцовасьці	1060
выходзіць	1060
адзінкі	1058
якуба	1057
міхась	1057
функцыі	1057
прайшоў	1056
валожынскага	1056
зрабіць	1055
вядзе	1055
даў	1055
забойства	1054
среднегодовая	1053
ўкраінскай	1053
закону	1053
дамову	1052
форму	1052
сярэднім	1051
ўдзелу	1051
камандаў	1050
калгас	1050
прынамсі	1049
пяці	1048
збудаваньні	1048
адзіным	1046
украінскі	1046
навучаньне	1046
літары	1046
горада	1045
робіць	1045
дынастыі	1045
ноч	1044
дзейнасьцю	1043
полацкай	1042
адукацыя	1042
цэнтральнага	1042
германскае	1042
фінляндыі	1040
рыгор	1039
браму	1037
разьмяшчаецца	1036
атрыманьня	1035
выданьня	1035
пункту	1035
перадалі	1034
сустракаюцца	1033
пагоня	1033
язэп	1032
ежы	1032
зьміцер	1032
застаўся	1032
выпуск	1031
параўнаньні	1030
пружанскага	1030
пасадзе	1029
агульным	1029
стаіць	1029
мяжу	1025
нашай	1024
ірляндыі	1024
штату	1024
ратуша	1023
пан	1023
зьезд	1021
прапанаваў	1021
болей	1021
адраджэньня	1020
сеткі	1020
тройцы	1019
камандай	1019
шатляндыі	1019
базе	1018
дарога	1018
храм	1017
аб’ектаў	1016
коласа	1015
паліцыі	1015
жонкі	1015
памерла	1014
палітычная	1013
адама	1013
пары	1013
генеалагічныя	1013
сборник	1012
пацярпеў	1012
нобэлеўскай	1011
працаў	1011
займаецца	1010
айчыннай	1010
колеры	1010
заставаўся	1010
рокаў	1009
большай	1007
маецца	1007
роды	1007
эўрапейскага	1007
выйшлі	1006
забіты	1005
польскае	1005
межамі	1004
выдавецтва	1004
адмовіўся	1004
лета	1003
дывізіі	1003
вялікабрытанія	1002
во	1001
вежа	1001
старажытных	1000
абвясьціў	1000
кожнага	1000
князем	999
слабада	999
пераход	999
гарадзенскім	999
афрыкі	998
млын	997
сьвятар	996
гістарычнае	996
футболу	996
замка	995
народныя	995
хрысьціянства	994
застаецца	994
вышэйшай	994
эўрапейскай	994
швайцарыі	993
кантролю	992
прыроды	992
захаду	992
бібліі	992
гаспадарак	992
левым	991
помнікаў	991
адносіцца	991
суды	991
дазволіла	991
правінцыя	991
жывёлаў	990
васіля	990
карціны	990
мір	989
структуры	989
леанід	989
брытанскія	989
адначасна	988
іншы	988
жаўнераў	987
ўстанова	987
страты	986
пісьменьніка	985
словарь	985
месцам	983
орган	982
праваслаўных	981
нью-ёрку	981
канчаткова	981
засталіся	981
губэрня	981
барацьбы	981
бібліяграфія	981
адміністрацыйных	980
забудова	979
выкарыстоўваць	979
леніна	979
спробы	979
сама	979
юнайтэд	979
замацаваўся	979
вынікам	978
ведаў	978
уплывам	977
дзяржаўнае	977
сем	977
крама	977
галоў	977
створана	976
баранавічы	976
дзеяньне	976
ўвесь	975
называецца	975
мяжа	974
ваяводы	973
народ	973
дзьмітры	973
паўнамоцтвы	973
фільмаў	973
большую	972
мэтрапалітэну	972
абодвух	972
масквы	972
акрузе	972
полацкага	971
прайшлі	971
разьмешчаная	971
італія	971
максім	970
разглядае	970
бэльгіі	970
грамадзкага	969
злотых	969
барыс	969
рэчыцкага	969
чыгуначная	968
правым	967
сэрца	967
якімі	967
пэўны	967
ганны	967
прыняты	967
выніках	967
адкрыцьцё	966
паветра	966
нгаб	966
памер	966
левы	966
некаторы	965
спаборніцтвы	965
пахаваныя	965
паэмы	964
ііі	963
войскам	963
мастакі	963
ізноў	963
канады	963
тэатры	962
рыме	961
москва	961
парадкам	961
сіці	961
акадэмія	960
перакладзе	960
беластоку	960
зоркі	960
беластоцкага	960
сюжэт	959
алена	958
карла	958
сабою	957
забесьпячэньня	957
полацку	956
літоўскай	955
сойм	955
такой	955
турнір	954
выступаць	953
веры	952
напачатку	952
дапамог	952
захаваўся	951
баўгарыі	951
куды	951
францускага	951
кандыдат	951
белэн	951
чаму	951
арэнду	951
агульныя	950
міжнародным	950
ўладу	949
сацыялістычнай	949
кола	949
хрыста	948
чырвоная	947
сымбаль	947
абавязкі	947
рэгіёнаў	946
скончылася	946
прамысловасьць	946
відэа	946
ідэі	945
рост	945
кіеве	945
немцаў	945
фізыкі	944
атрымаўшы	944
графіка	944
імем	944
чырвонага	943
родаў	943
сябраў	943
начальнік	941
раёна	940
самая	940
ваяводзтве	940
міжваеннай	939
паўночнага	939
справу	939
дапамозе	938
жыгімонта	937
правах	937
ўзросьце	937
камень	936
сынам	936
кілямэтраў	935
апошняга	935
італьянскі	934
манэты	934
маскоўскі	933
магілёўскага	933
блізу	932
агульнага	931
мастакоў	931
адзначае	931
дубль	931
колішні	930
арэнды	930
хроніка	929
прызэр	929
літва	929
расейцы	928
сьпісу	928
лі	928
падрыхтоўкі	927
амэрыцы	927
дзесяць	927
значную	926
невядомы	926
нямецкая	925
зорак	925
адзначаецца	924
пабудовы	924
адзначалася	924
расейскую	924
зоны	922
вы	921
лісьце	921
дзеці	921
выпадках	920
зьяўлялася	920
гандаль	918
пастанова	918
ты	918
ступень	916
астравоў	916
бюро	915
ворша	915
найбольшая	915
пагадненьня	914
прымусовага	914
скончыўся	914
жонкай	914
музыку	913
колішнія	913
ваявода	913
раўнд	913
стст	912
бога	912
узроўні	911
энэргіі	911
акторка	910
выкарыстоўваюць	910
мастака	910
фасад	910
конкурсу	910
гміна	910
кіраўнікі	909
увесь	909
аддзелы	908
история	908
удзелам	908
маючы	908
----	908
лічаць	907
этап	907
абвешчана	907
крыху	906
валоданьні	905
лес	905
пастанову	905
дамы	904
ідзе	904
асноўная	903
княстве	902
вітаўта	901
задачы	901
паведаміў	901
слуцкага	901
навуковай	900
запіс	900
дрэва	900
рым	900
іл	899
ўвагу	899
указаў	899
часопісу	897
лад	897
каталіцкай	897
перш	897
вопросах	897
узроўнем	896
роднай	896
гаспадарка	895
ўзровень	894
лёндан	894
адсутнасьць	894
клясыцызму	893
стадыёне	893
акадэмію	892
белая	892
правапісу	891
раку	891
варшава	890
пэдагог	890
фонд	890
ўладзімера	889
хваробы	889
партрэт	889
аўгуста	889
забесьпячэньне	889
вырашыў	889
падзеяў	888
зьвязаныя	888
лясы	888
часопіса	887
грамада	887
даведнік	886
парадак	886
порт	885
запар	885
зусім	884
выкладаў	884
мастацкая	883
разьдзел	883
складалася	882
месцах	882
гісторыкі	881
рэдка	881
адпавядае	880
раду	880
вызваленьня	880
выканаўчы	879
навукоўцы	879
македоніі	879
уваходзіў	878
зорка	878
француская	878
мадэлі	877
уладзіслаў	877
складаў	877
палаты	877
вайскоўцаў	877
тэхнікі	876
братоў	876
служба	876
стылю	875
менскае	875
тыдзень	875
вырабаў	875
плыні	875
зараз	875
хутчэй	874
работы	874
гомельскага	874
афіцыйнай	874
выхаду	874
працягласьць	873
відаць	873
гарадзішча	873
ван	872
пытаньнях	872
касьцёле	871
заходняя	871
акторы	871
койданаўскага	870
кіеў	869
гульню	869
летувіскія	869
стадыён	868
аснову	868
дата	867
пачаліся	867
атрад	867
належаў	867
мовамі	867
аповесьці	866
заснавальнікаў	866
нацыянальнае	865
рукі	864
вучэльні	864
артыкуле	864
гарадзкі	863
органы	863
прасторы	863
вадазбору	862
сучасная	862
эміграцыі	861
дасягнуў	861
дадатковыя	861
аршанскага	861
валодаў	861
войнаў	860
сьведчыць	860
адносяцца	859
лёс	859
сэрыя	859
малая	858
вынік	858
па-беларуску	858
курс	858
прэм’ер-міністар	857
музычны	856
горы	854
генэрала	853
шлюб	853
эз	853
рэчышча	852
кароткі	852
захоўваецца	852
юзэф	851
украінская	851
прыход	851
маладых	851
рэформы	850
страчаная	849
мужчыны	849
сыноў	849
камісія	849
выхад	849
гістарычнага	848
нан	848
італьянскія	848
драматычныя	848
кпсс	848
рэшткі	847
дасягнула	847
бабруйск	846
выключна	846
ўяўляе	846
ўправы	846
падарожжа	845
жан	845
каталіцкія	845
смі	844
належалі	844
перайшлі	844
туры	844
пачынае	844
мядзельскага	844
праваслаўны	843
зьніклі	843
зноўку	843
артыкулам	843
сяброў	842
прычым	842
грошай	841
групу	841
радок	841
мірнай	840
кітаю	840
посьпех	840
заснаваньня	839
нацыянальныя	839
энциклопедия	839
купала	839
вышынёй	839
дзяржавай	838
санкт-пецярбургу	838
турыстаў	838
будынка	837
его	837
сфэры	837
рэдакцыі	837
пісьменьніца	836
найвышэйшы	836
брытанскі	836
праграма	836
габрэяў	835
перамога	835
жанчына	835
дому	834
нёман	834
фронт	833
канал	832
под	832
войску	832
кваліфікацыю	832
абарона	831
стужка	831
рысы	831
значнай	830
катэгорыі	830
конкурсе	830
маладэчна	829
сьцягу	829
складаўся	828
міхаіла	828
выключэньнем	828
парлямэнт	828
такога	828
датуецца	827
цэнтральная	827
напісаны	827
непасрэдна	827
антоні	826
гарадзенскі	826
ўмовы	826
наяўнасьць	825
транспарту	825
назад	825
батальён	825
заводу	824
абарону	824
былой	823
тэорыя	823
знайсьці	823
падоўжыў	823
гадамі	822
патрыярхату	822
декабря	822
астравецкага	822
выклікала	821
плошчу	821
раённыя	821
белага	820
узнагароджаны	820
выкарыстоўваўся	820
прыблізна	820
адкуль	819
катэдра	819
маса	818
колер	818
валоданьне	817
якому	817
такая	816
мяжой	816
інтэр’ер	816
увагу	816
фонду	815
людзьмі	815
мужчын	815
якуб	815
президента	814
перапіс	814
кдб	814
чалец	814
паэзія	814
літара	813
аповесьць	813
азэрбайджану	813
паказвае	812
страціў	812
гітара	812
кітай	812
актов	811
вядомым	811
меры	811
сход	810
афіцыйных	809
палову	809
трэнэра	809
трапіла	808
спорт	808
служыць	808
радзівілаў	807
моманту	807
неаднаразова	807
гуляць	807
рамана	807
дзяцінства	807
матчу	807
птушак	806
вну	806
рознымі	806
ўсю	805
песьню	805
прымае	805
паўднёвага	804
аўгуст	804
парафіі	804
гішпанія	804
адлегласьці	804
займацца	804
івейскага	804
належаць	803
палітыку	803
навуковец	802
філёзаф	802
элемэнтаў	802
называлі	801
пастаноў	801
мастацкі	800
структура	800
гарадах	800
пакінуць	800
гета	800
паселішчаў	800
дакумэнтаў	799
прынялі	799
шляхецкія	799
хуткасьць	799
паўднёвая	799
перадаў	798
канстанцін	797
воршы	797
сьцяга	797
грамадзянскія	797
буйныя	796
назоў	796
пражывала	796
распаду	796
грамадзкія	795
будучы	795
здабыла	795
аўтараў	794
алімпійскія	794
сойму	794
ваенныя	794
нарвэгіі	794
значныя	793
падтрымкі	793
міцкевіча	793
ягоную	793
палова	793
выкананьні	793
нхл	793
пасьпяхова	792
фінансаў	792
мастацкай	791
супрацоўніцтва	791
малы	790
жыдоў	790
пісаць	790
дэпартамэнт	790
берасьці	789
жанчын	789
высокай	789
вярнуцца	789
браслаўскага	789
напярэдадні	788
прылады	788
крамы	787
тур	787
перайшла	787
манастыра	787
дняпро	787
ўпамінаюцца	787
высокім	786
літаратурны	786
выкарыстаньнем	786
арганізацыямі	786
крыніца	785
сіламі	785
амэрыканская	785
зрабілі	785
асаблівасьці	785
народнае	784
оскар	784
ваенных	784
парлямэнту	784
перакладчыкі	784
хвілінаў	784
нёману	784
дзяржаўную	783
тэмпэратуры	783
вільню	782
русь	782
апавяданьні	782
значэньні	782
палацы	781
дакумэнты	781
цэлым	781
баявых	781
тэрыторыяў	781
рок	781
нафты	780
вымярэньня	779
лацінскай	778
адзінак	778
біржы	778
золата	778
апошніх	777
рэдактарам	777
гурты	777
правілаў	777
лявон	776
традыцыйна	776
колькасьцю	776
дэпутат	776
кожным	776
аўтарам	776
вострава	775
зрабіла	774
раённага	774
выступы	774
мазырскага	774
незалежнай	773
максіма	773
віч	773
апошняй	773
моры	772
артыст	771
ўзброеных	771
беласток	771
графства	771
кожная	770
вольга	769
прымаў	769
вяртаньне	768
палон	768
апублікаваў	768
пераехала	768
пакараньня	768
этапе	768
ўмовах	767
вячаслаў	767
агляд	767
паразы	766
замянілі	766
рэкорд	766
чэмпіёны	766
выспы	765
бронзавы	765
гульцы	765
сьпявак	764
беларускімі	764
прэзыдыюму	764
заходняга	764
архітэктар	763
ніжняй	763
зьвязаных	763
трэцяе	762
палякаў	762
аэс	762
чорнага	761
праўда	761
попісе	761
мэты	761
дамова	761
начальніка	761
драматург	760
краіну	760
прысьвечаны	760
рэпрэсаваныя	760
прыклад	760
чальцоў	759
пераможцам	759
галіна	758
со	758
выкананьне	758
міліцыі	758
манчэстэр	758
кляштару	757
часопісы	757
правялі	756
канада	756
чыгунка	755
сацыяльных	755
аддзяленьня	755
асобнікаў	755
дзеяньня	755
армэніі	754
рэспубліканскага	754
воднай	754
разбора	753
генадзь	752
вітаўт	752
падзяляецца	752
каталіцкі	752
сацыяльнай	752
прызнаны	752
паэткі	752
жывёлы	752
праводзіліся	751
гісторыка	751
паўстанцаў	751
магіла	751
дымоў	751
польшчу	751
работнікаў	750
выкарыстоўвалі	750
інтэрвію	750
метрика	750
аэрапорт	749
падзеле	749
дзейнічалі	749
зьвязаны	749
раўндзе	749
асноўнымі	748
стыль	748
маёмасьці	748
сельская	748
сетка	747
полымя	747
дырэктарам	747
ходзе	747
аршанскім	747
краі	747
мала	747
магдэбурскае	746
правядзеньне	746
мяч	746
литовская	745
праходзілі	745
значная	745
вярхоўны	745
сумесна	745
сьледзтва	745
мэтах	745
ісьляндыі	745
рэжым	744
газу	744
росту	743
далі	743
лідэр	743
малдовы	743
восем	743
вуліцаў	742
сусьветная	742
найбуйнейшых	741
касьцёлу	741
берасьця	741
шасьці	741
адрозьніваецца	741
поля	741
захапілі	740
заходнім	740
тавараў	740
этнічныя	740
дачкой	740
книг	740
сад	739
апошняя	739
гук	739
сакратаром	739
брытанскай	739
загадаў	738
рэдкал	738
шчучынскага	737
мэтро	735
заслугі	735
выконваў	735
нагоды	735
пабудаваная	735
сс	735
цэркваў	734
нацыяў	734
настаўнікам	734
нічога	734
навуковыя	733
др	733
ўладальнік	733
падпісалі	733
вучэльня	732
рб	732
выканаўчага	732
робэрт	732
-ішкі	732
пашырэньне	731
верхняй	731
падзяляюцца	731
уключаючы	731
самой	730
маюцца	730
нарэшце	730
спрабаваў	728
формаў	728
тып	728
сьледчага	728
крытыка	728
вікіпэдыі	728
падтрымцы	728
партыяў	727
сьпявачка	727
віленская	727
самыя	727
паслугі	727
рабіць	727
київ	727
расейскімі	726
надаў	726
статут	726
жанчынаў	726
сьцены	726
тадэвуш	726
сяргея	726
тэхніка	725
асьветы	725
царства	725
склалі	724
валодае	724
райху	724
вяртаньня	724
этнограф	724
плянэты	724
ка	723
саветаў	723
ажыцьцяўляе	723
аўтара	723
прыхільнікаў	723
наук	722
вада	722
выявы	722
зьмяніў	722
п’есы	721
перакладчык	721
уласных	721
дахам	721
сьпеў	721
востраве	721
маскву	720
табліцы	720
храмы	720
вера	719
наведаў	719
ўключае	719
белорусской	717
вызначаецца	717
прадстаўлены	717
насевіч	717
ны	717
шляхта	716
афрыцы	716
харчаваньня	716
архива	716
магілёве	715
вышэйшая	714
перамовы	714
супрацоўнікі	714
заснаванае	714
наконт	714
октября	714
акцыі	713
выкарыстоўвалася	712
правілы	712
ашмянскім	712
паселішчы	711
зацьвердзіў	711
далейшым	711
паэма	711
полацкі	710
радзівіла	710
прызначэньня	710
уваходзіла	710
сымбалі	710
барацьбу	709
спалілі	708
сталася	708
вайсковая	708
налічваў	708
гарадок	708
праводзіцца	708
часова	708
старэйшы	708
сусьветнага	707
здолелі	707
паставілі	707
ахвяраў	707
найлепшымі	707
альфабэт	706
распачаў	706
значны	705
самога	705
мэдалі	705
рэк	704
нясьвіж	704
атрымлівае	704
нямецкім	704
старажытнай	703
тэксты	703
лічыў	703
гішпанскі	703
гімн	702
мер	702
вялейскім	702
народа	701
важным	701
такое	701
віленскім	701
баі	701
ідэя	701
асоба	701
калёніі	701
грамадзянскіх	701
прэзыдэнты	701
раньнія	700
навуковая	700
камуністычнай	700
фронце	700
канфлікт	700
мяне	700
дж	700
групаў	699
ураду	699
мураваны	699
таа	699
папы	699
пб-инфо	699
актовых	699
архив	698
адбываліся	698
ўдзельнічаў	698
падобны	698
сканчэньня	697
урэшце	697
санкт-пецярбург	697
магутнасьць	697
кацярына	697
бацькоў	697
працэсу	697
адзначыўся	697
разьмешчана	697
баранавіцкага	697
асяродзьдзя	696
тэхналёгіі	696
дадатак	696
босьніі	695
голас	695
паўстала	694
фёдар	694
меней	694
юнэско	693
опэры	692
вучняў	692
гледжаньня	692
нямеччыну	692
аднойчы	691
вялі	691
кв	691
штаце	691
слуцак	690
брыгады	690
празе	690
вызвалены	690
поўны	690
адносінах	688
мэдалём	688
пасёлку	688
управа	688
ангельшчына	688
раману	687
запісаў	687
факультэту	686
гістарычным	686
невялікія	686
браты	686
працэсе	686
сюды	686
насельніцтвам	686
умовах	686
юстыцыі	686
казахстану	686
пінскага	685
ўздоўж	685
братам	685
адзначыў	685
спэцыяльнасьці	685
паліва	685
прэзыдэнцкіх	684
прапанову	684
разьмешчаныя	684
карціна	684
заходніх	683
магла	683
характару	683
крытык	682
праваслаўная	682
навуковы	681
мапы	681
абароне	681
бярэ	681
адсутнасьці	681
про	681
перавагу	680
думкі	680
збору	680
навіны	680
вёў	680
нка	680
славянскіх	679
літаратурная	679
ра	679
тэксту	678
вывучаў	678
мужа	678
праграму	677
дырэктара	677
югаславіі	677
старажытнага	676
навасёлкі	676
ападкаў	675
законам	675
драўляная	675
хвіліне	675
альбому	675
знаходжаньня	674
ліпень	674
публікацыі	674
материалы	673
мясцовы	673
ўнівэрсытэце	673
органамі	673
смаленскай	672
пачынаюцца	672
эканамічнай	671
крыніцаў	671
астатніх	671
наваградак	671
аўстрыя	671
нскі	671
спаборніцтвах	671
выкарыстоўваліся	670
сілу	670
вылучаецца	669
парушэньне	669
мясцовым	668
ўвайшоў	668
згуртаваньне	668
киев	668
аблвыканкаму	668
пружанскім	668
вывучэньня	667
грамадзкай	667
перамагла	667
сузор’і	667
белоруссии	666
дакладна	666
дзьвіны	666
малады	666
белай	666
сысуноў	665
сьнежань	665
усходняй	664
палякі	664
эканамічных	664
канадзе	664
раманы	664
гарадзкой	663
выданьняў	663
старым	663
пінск	663
дзейнічаў	663
літаратурнага	663
нідэрлянды	663
бэрліне	662
выходзіў	662
радзіму	662
прасунуліся	661
князі	660
сьмерцю	660
вайскоўцы	660
рэспублікай	660
чальцом	660
дыялект	660
выхаванец	660
ўскі	659
акіяна	659
акадэміяй	659
чыгуначны	658
книга	658
кракаве	658
цяжка	658
рэжысэра	658
ваўкавыскага	658
расею	657
літаратурныя	657
парафія	657
прынята	657
бытавала	656
прыходу	656
ліквідацыі	656
тэрміну	656
-годзьдзя	656
супрацы	656
жыла	656
вярнулі	655
інтарэсаў	655
узяў	655
сыстэмаў	655
стартавым	655
свайму	654
самі	654
правапарушэньнях	654
валожынскім	654
выйшаўшы	654
думка	653
аўтамабіляў	653
тэрмінам	653
піва	653
сакавік	653
маскоўскім	652
сыноду	652
ўкраіну	652
адраджэньне	652
генэральнага	652
корпусу	652
найбуйнейшы	652
разьвіцьці	652
палку	651
аднаўленьне	651
прэм’ер-міністра	651
біскупа	650
магілёўскі	650
набыла	650
летапіс	650
старажытны	649
маладэчанскай	649
распрацоўкі	649
групе	649
тыпаў	649
савецкімі	648
саюза	648
роля	647
генэральны	647
энцыкляпэдыя	647
палкоўнік	647
ізраілю	647
галасаваньня	647
пухавіцкага	647
мовазнаўца	646
досыць	646
выконваць	646
апазыцыі	646
традыцыйнай	645
сэмінарыі	645
статусу	645
дзяржаве	645
ма	645
пошта	645
сі	645
раёнамі	644
мадэль	644
арганізацыю	644
изд	644
міцкевіч	644
пачынаў	644
рашэньні	644
іванавіч	644
славеніі	644
машыны	644
школах	643
празаік	643
рэч	643
футбол	643
замкі	643
верасень	643
сярэднюю	643
сярэднявеччы	643
нахіл	643
вярэнаўскага	643
рэччу	642
абаронцы	642
эканамічнага	642
каталіцкая	641
ваеннай	641
асабіста	641
прыкладам	641
віцебскі	641
адпачынку	641
уяўляе	641
масы	641
запісу	640
эўрапейскі	640
былых	640
археографической	640
каханьне	640
сучаснае	639
восень	639
хвалі	639
бог	639
назваю	639
самага	639
крамаў	638
віталь	638
зьвязана	638
летам	638
малой	638
зычных	638
сямі	637
актыўны	637
рыскай	637
вярнулася	637
названая	637
даўжынёй	637
бакі	637
згадкі	637
чалавекам	636
пісьменьнікі	636
абраз	636
вырабы	636
вайсковага	635
дзее	635
палітычнага	635
сябар	634
студзень	634
раманаў	634
пляну	633
месьцілася	632
трапілі	631
моц	631
штаб	631
слуцку	631
пакінулі	631
трыма	631
швэцыя	631
альбаніі	631
асуджаны	631
вызначае	630
белсэ	630
зьяўляцца	630
рэчываў	630
апосталаў	629
займаюць	629
этнічнай	629
граніцы	629
зьмену	629
сышоў	629
адкрыў	629
наступ	629
плошчай	629
швайцарыя	629
нумарам	629
ўтварылася	628
акадэмік	628
тэмы	628
кітаі	628
закона	628
нямецка-савецкай	628
кухня	628
апавяданьняў	628
катастрофы	627
расьліны	627
калгасу	627
жанаты	627
старажытныя	626
цэнтраў	626
берасьцейскім	626
супраціву	626
поруч	626
чарнагорыі	626
заводзе	626
амэрыканскай	626
носьбітаў	626
шчучынскім	626
меркаваньне	625
папулярнасьць	625
дазвол	624
здымках	624
камітэта	624
отд	624
дачку	624
вага	624
канстытуцыя	624
сэнсе	624
студыі	624
сяле	624
неба	623
палаца	623
героя	623
ангельскага	623
посьпеху	623
уздоўж	622
захаваньня	622
дыплямат	622
мяса	622
сёньняшні	622
словах	622
партыю	622
накіраваны	622
чыкага	621
гэтаму	621
пер	621
выконвае	621
знакі	621
пашыраны	621
комплексу	620
наступнага	620
вядомасьць	620
карыстаюцца	620
летувіскі	620
пяхоты	620
арганізаваны	620
пераходныя	620
ініцыятывы	619
вясна	619
даўжыні	619
раённай	619
пляцы	618
памяшканьні	618
роднае	618
узнагароджаныя	618
дыялекты	618
президиума	617
матэматыкі	617
ейны	617
верхняга	617
адстаўку	617
гарадзкіх	616
рэлігійных	616
дачкі	616
спадчыну	615
налічвае	615
шляхецкіх	615
акт	615
ліда	615
народы	615
паходзіў	615
свабоду	614
намесьніка	614
чэрвень	614
чылі	614
дэбют	614
кодэксу	614
сельскае	614
падпісаньня	613
шляхецкага	613
граф	613
койданава	613
пакаленьня	613
гадзіны	613
лагойскага	613
вяртаньні	612
прычынай	612
піша	612
лісты	612
прызначыў	612
асновай	611
асманскай	611
дыскаграфія	611
драўлянай	610
хаця	610
лягер	610
барысаў	610
здолела	610
адкрыцьця	610
язэпа	609
рэканструкцыі	609
мус	609
марцін	609
жыць	609
атрымалася	609
доля	609
залі	608
асобны	608
абсталяваньне	608
унівэрсытэт	608
сярэднявечча	607
мой	607
узброеных	607
тэкстаў	607
управы	607
каталікоў	606
кампаніяй	606
бацьку	606
пераходу	606
прывялі	605
працягнуў	605
штабу	605
адчынілі	605
эканамічны	604
цэрквы	604
навучальных	604
стэфан	604
вучэльню	604
гледачоў	604
чэлсі	604
адкрытым	604
описание	604
брагінскага	604
зьнішчылі	603
вайсковую	603
аднаўленьня	603
першымі	603
колішняга	603
даўняе	603
пераклаў	603
вярхоўнай	603
польскую	602
троцкага	602
магутнасьцю	602
грэцкай	601
берасьцейскі	601
далучыліся	601
ізраіль	601
кампазыцыі	601
аб’ёму	601
бібліятэцы	601
бацькам	601
петроград	601
начальнікам	601
загінула	600
база	600
код	600
актаў	600
зямель	599
уладзімера	599
газета	599
бераг	599
ляжыць	599
прыняць	599
вацлаў	599
кандыдатаў	599
рэал	599
нам	598
замкавая	598
ладу	598
капітан	598
крытыкі	598
барысаўскім	598
виленского	598
выкарыстоўвацца	597
школаў	597
рашэньнем	597
зьяўляліся	597
сьвятла	597
абавязкаў	597
ўзьнікла	596
ўсходу	596
дзіцячы	596
галоўную	596
галава	596
казахстан	596
лідэраў	595
красавік	595
тыпы	595
стаўся	595
гран-пры	595
антонія	594
манастыры	594
недалёка	594
журналістаў	594
майстар	594
адзінства	594
апублікаваны	594
дысэртацыю	594
спроба	593
літоўская	593
саборы	593
ўдзельнікі	593
банкаў	593
ігуменскага	593
абсталяваньня	592
ўжываецца	592
замуж	592
глыбіня	592
упразднении	592
адв	592
цвк	591
стасункі	591
эпоху	591
выкарыстоўвае	591
сапегі	591
нкус	591
галосных	591
прыводзіць	590
хуткасьці	590
джэймз	590
ўзнагароды	590
адміністрацыйная	589
сяляне	589
камандзір	589
фэсты	589
крыві	589
глыбокае	589
наваградзкім	589
заснавана	589
дасьледнік	588
зацьверджаны	588
витебской	588
моцны	587
урадам	587
панаваньня	587
царквой	587
жамойці	587
вусьце	587
кастусь	586
забілі	586
мяркуецца	586
правам	586
пайшоў	586
маладэчанскага	586
гішпанскай	586
зброя	586
элемэнт	586
мядзельскім	586
цара	585
духоўнай	585
староста	585
шашы	585
швэдзкі	585
месьцяцца	585
крупскага	585
казкі	584
суседніх	584
вярнуць	584
вадасховішча	584
булгак	584
травень	584
альфабэту	584
межаў	583
палескай	583
сялянскай	583
малыя	583
рэгіёнах	583
бытаваньне	583
районного	583
каліноўскага	582
месяца	582
чырвоным	582
вернікаў	582
невялікі	582
ангельскія	582
контракт	582
июня	581
рэгулярна	581
фабрыка	581
дывізія	581
вобраз	581
хакеіст	581
асабовых	581
выступала	580
песьняў	580
кіеўскі	580
ціску	580
адкрыта	580
флёту	580
брамнік	580
караль	579
барацьба	578
захаваньне	578
разьмяшчэньне	578
шлюбе	578
абавязкова	578
кваліфікацыі	578
сядзібы	577
тэрміны	577
дзяржаўнымі	577
працякае	577
адзіная	577
кароны	577
патрабаваньні	577
жанры	577
тройчы	577
стаўпецкага	577
даць	576
маладога	576
птушкі	576
жаўнеры	576
колас	576
фальварку	576
дзяржаву	576
сястра	576
пісьмовых	575
крэпасьць	575
перакладу	575
судзьдзя	575
прыняла	575
спыніць	575
ўзначаліў	575
высокае	574
вывучае	574
их	574
дыялектаў	574
рабіў	574
доктара	574
сакратара	574
кажа	574
парнаграфія	574
буйны	573
магілёва	573
лістапад	573
ісуса	573
забясьпечвае	573
абараніў	573
спосаб	573
слуцкім	573
стэфана	572
італьянскай	572
сельсаве	572
люты	571
самалёт	571
усср	571
пераможцы	571
малюнак	571
пастаўскага	571
местаў	570
зроблены	570
афіцэраў	570
прызнаньне	570
сапегаў	569
бязь	569
грамадзяне	569
нібыта	569
ангельшчыне	569
старонкі	569
абвясьціла	569
музычных	569
пабудавана	569
багдановіча	568
драўляныя	568
весьці	568
ўзьбярэжжа	568
акцыяў	568
камянецкага	568
фрагмэнт	567
езуітаў	567
алеся	567
займалася	567
маркі	567
ўзяў	567
заставалася	567
кары	567
этымалягічны	567
бачыне	567
іншая	566
брестского	566
редкол	566
напалеона	566
спаборніцтва	566
амэрыканскага	566
факт	565
ўзялі	565
дамовай	565
будаваньне	565
тэхналёгіяў	565
супольнасьць	564
абвешчаны	564
вось	564
рашэньня	564
сем’яў	563
невялікая	563
канстантын	563
тая	563
вольны	563
найболей	563
эсэ	563
улікам	562
хіміі	562
курсы	562
краінамі	562
выпуску	562
надпіс	562
сьвятыя	562
центрального	562
пляц	561
адбывалася	561
дастаткова	561
но	561
бабруйску	561
дзеяць	560
валеры	560
пэўныя	560
пашырэньня	560
працягвалі	560
віктара	560
рэлігіі	559
вёскай	559
гал	559
засталася	559
ані	559
веды	559
аддадзены	559
палка	559
возеры	558
наваградку	557
дзеялі	557
ўласнасьць	557
ансамбль	557
пратэсту	557
лічылася	557
ангельская	557
рымскага	557
сучасным	557
міністрам	557
журналісты	557
праходзіла	556
такімі	556
бор	556
прытокі	556
мусіў	556
нямецкімі	556
штатаў	556
сказаў	556
каштоўнасьці	555
аднайменнай	555
фэдэрацыя	555
кпб	555
ко	555
вядомага	555
намінацыі	555
натальля	555
выклікае	555
ле	555
гадзінаў	555
доступ	554
фізык	554
паўстаньні	554
могилевской	554
рыбы	553
фармаваньне	553
залатая	553
прадукцыі	553
суп	553
пінску	552
ажно	552
дэмакратычнай	552
станкевіч	552
аўтары	552
глыбіні	552
старапольскіх	552
лякарня	551
непадалёк	551
сяброўства	551
залежыць	551
ўільям	551
настаўнік	551
ўдзельнікаў	551
культурных	551
продажу	551
опись	551
лагойскім	551
ўсходніх	550
рэльеф	550
палескага	550
камбінат	550
вядомай	550
варшаўскага	549
валодалі	549
расейцаў	549
капітанам	549
гуляе	549
сентября	549
сэзоны	548
паветаў	548
погляды	548
трэцяя	547
бэрлін	547
латвія	547
увосень	547
прынятая	547
ўплыву	547
супрацоўнік	547
асобна	547
сельскіх	547
адкрылася	546
крэпасьці	546
ўтварэньня	546
прафэсійны	546
жыхарамі	546
шлюбу	546
інфармацыю	546
сума	546
вузел	545
мастацтве	545
уладу	545
паранены	545
карныя	545
добры	545
засьценак	545
ры	545
жамойць	545
нямецкае	544
праводзілася	544
зьняты	544
сэрыю	544
паўднёвую	544
ўзвышша	543
ажыцьцяўляецца	543
ваду	543
цэнтральным	543
літаратуру	543
разглядаць	543
грошаў	543
зн	543
альбома	543
культурнай	542
лясной	542
вырас	542
законы	542
душы	542
дадзены	542
слонім	542
сяла	542
нарыс	541
лінію	541
прывёў	541
кашталян	541
канфэдэрацыі	541
данецкай	541
лесу	541
малых	541
адказнасьці	541
арт	541
адрозьніваюцца	540
займала	540
адлегласьць	540
патрэбы	540
сіл	540
ўладзімер	540
прыйшлі	540
сканчэньні	540
упадае	540
траўму	540
прэм’ера	539
стварае	539
уплыў	539
маршалак	539
пачало	539
аўтамабільнай	539
прыбыў	539
сябрамі	539
тэму	539
дзяржавамі	538
фрыдрых	538
саступіў	538
падаткаў	538
кампанію	538
неабходна	538
цкі	538
ірану	538
карных	538
прадстаўляе	537
зачынілі	537
рэчыцкі	537
пазнаёміўся	537
канфлікту	537
пералік	537
жнівень	537
апошняе	537
брамы	536
правесьці	536
распрацаваў	536
павялічылася	536
мовазнаўства	536
белыя	536
графа	536
замежныя	535
нападу	535
заходні	535
фэстывалі	535
князю	535
лідэрам	535
азёраў	535
гаворкі	535
распаўсюджаны	535
ўрадавага	534
эканамічныя	534
групай	534
велічыня	534
званіца	534
партал	534
палітычным	534
складаюцца	534
кавалеры	534
злачыннасьцю	534
зьяўленьня	533
эры	533
навукоўцаў	533
дазволіў	533
дэрбі	533
польшчай	532
радзей	532
долю	532
воля	532
хрысьціянскія	532
амэрыканскіх	532
выкладчыкі	532
германскіх	532
грамадзянства	532
этнічных	531
разьмяшчаюцца	531
суполкі	531
мне	531
працай	531
дэпутатам	531
газэту	531
папам	531
абласны	530
сьцяпан	530
гарадзкія	530
адноўлены	530
вене	530
глебы	530
перавагі	530
дасягае	530
караблі	530
пісьмовы	529
нашых	529
арганізацыяй	529
валюты	529
паход	529
перакладаў	529
распаўсюджаныя	529
займалі	528
распрацаваны	528
джордж	528
творах	528
пражывалі	528
рэсурсаў	527
выбар	527
маёмасьць	527
даліна	527
сэзонаў	527
унівэрсытэту	527
чэскі	527
злучаных	527
пераходзіць	527
высокіх	527
скасаванага	527
краявіды	526
базылянскі	526
адносін	526
ўзроўні	525
ўва	525
рэлігійны	525
днём	525
камуна	525
археалёгіі	524
ліквідаваны	524
названыя	524
выканаў	524
срэбра	524
смаргонскага	524
бальшавікоў	523
грамадзкая	523
срэбны	523
поўдня	523
праектаў	523
набор	523
марк	523
перавароту	523
сытуацыі	523
праводзіў	523
напісаная	523
выйграў	523
буйным	522
эўропа	522
выдавец	522
лічацца	522
прапановы	522
прадстаўніцтва	522
джона	522
апісвае	522
мэтады	521
краін	521
абедзьве	521
рук	521
тэхнічных	521
каралева	521
пражываньня	521
рыму	521
правінцыяў	521
жаночага	520
паэтка	520
дзьвюма	520
губэрняў	520
каралеўскі	520
льва	520
шырынёй	520
лягеры	520
судна	520
белару	520
цар	520
рахунку	520
сцэнарыст	519
тамах	519
пагадненьні	519
уладальнікам	519
пэўнай	518
наступнымі	518
правага	518
скарына	518
сэрбскай	518
сыстэмай	518
мужчынскага	517
татары	517
ўласнага	517
двара	517
высокія	517
сьвятара	517
легенды	516
засталося	516
мужчынаў	516
зборнікі	516
зьехаў	516
пастаўлены	516
найвышэйшую	516
завецца	516
падрыхтоўка	516
хв	516
полацкім	515
фота	515
сьпярша	515
пятро	515
канцэрт	515
высокая	515
карабель	515
эўразьвязу	515
ўнёсак	515
вяртаецца	515
ль	515
мясцовымі	515
прэм’ер-лігі	515
шпіталь	514
сьпісы	514
помніка	514
аддзяленьні	514
прызнаў	514
радзе	514
славаччыне	514
хуткім	514
конрад	514
адкрытая	514
крым	514
дружына	514
душ	514
прыняцьця	513
тэрыторыямі	513
юзэфа	513
праходзяць	513
японія	513
горкі	512
чорным	512
самастойна	512
філіп	512
самалётаў	512
аляксандрам	512
пушчы	512
пухавіцкім	512
хронікі	511
сымон	511
зборах	511
вялейскай	511
міністры	511
шляхоў	510
часьцяком	510
нямеччынай	510
наяўнасьці	510
масавай	510
фэстывалю	510
вызначэньня	510
рэчыва	510
армію	510
сапраўды	510
знайшоў	510
службе	510
бельскага	510
верховного	509
заля	509
ла	509
бачыць	509
сельсоветов	509
асацыяцыя	508
італьянскага	508
характарыстыкі	508
галы	508
туды	508
зьдзецельскага	508
пэўных	507
ўся	507
судоў	507
пагранічнай	507
вызваленьне	507
паўстаў	507
-гадовы	507
бою	507
працягвала	506
ўласныя	506
смаленск	506
капліцы	506
пратэстаў	506
ніхто	506
варшавы	506
старой	506
юрыдычных	506
нагляд	506
асноўную	506
надзвычай	506
сусьветны	506
сетку	506
стаяць	506
замежнай	505
область	505
ўсходнім	505
кветкі	505
запавету	505
траўмы	505
мужчына	505
называлася	504
сталіцу	504
артылерыі	504
канструкцыі	504
мусіць	504
удзелу	504
чэхаславаччыны	504
узросьце	504
доступу	504
здушэньні	503
асобнай	503
фэстываль	503
пол	503
успаміны	503
злучае	503
паэтаў	503
будучыні	503
рф	503
культурны	502
заводы	502
сустрэча	502
дарослых	502
эгіпту	502
вывучэньне	502
ўласнасьці	502
назвалі	502
выраб	502
витебск	502
стаяў	502
газ	502
моладзевай	502
самае	502
выбраныя	502
сапраўднае	502
аўтаномнай	502
турнірах	502
бэрнардынскі	501
прадуктаў	501
філялягічных	501
баявыя	501
пераведзены	501
ацэнкі	501
томас	501
мінулым	500
выдала	500
ганаровы	500
страціла	500
набылі	500
бой	500
фунтаў	500
літаратурных	500
паўстанцы	499
батальёну	499
уключае	499
займаліся	499
лёгкай	499
дыяцэзіі	499
славы	499
летувіская	499
ўкраінскага	499
нельга	499
паўфінале	499
храма	499
усёй	498
дзесяцігодзьдзі	498
аналіз	498
суму	498
гомля	498
галоўнае	498
аб’яднаных	498
ўдалося	498
слонімскага	498
фк	497
супраціў	497
францускіх	497
абслугоўваньня	497
зьмена	497
бразылія	497
з-пад	496
кі	496
цікавасьць	496
вылучаюцца	496
рэлігійныя	496
архітэктара	496
ліцьвіны	496
белым	496
гістарычна-культурных	496
стравы	496
ваенны	496
майкл	496
зьменаў	496
каляндар	496
поўнай	496
рахунак	496
сан-паўлу	496
дасьледаваньне	495
прыродных	495
знайшлі	495
археалягічныя	495
фоне	495
месцамі	495
каралеўскага	495
твору	495
падтрымліваў	495
каналізаванае	495
частках	494
матэматык	494
праблемаў	494
пазыцыю	494
факультэце	494
мэта	494
футбалісткі	494
палітыцы	493
мастацкіх	493
ўліку	493
воласьць	493
ірына	493
камандаваньнем	493
адрасе	493
бакавыя	493
мільёны	492
майстэрні	492
гімназія	492
чорная	492
напалеон	492
георгі	492
вугоршчына	492
выпадкаў	492
падляскім	492
пражываюць	492
адміністрацыя	491
хатнія	491
каштоўных	491
напісаньня	491
басэйне	491
паўднёва-ўсходняй	491
чацьверты	491
паседжаньні	491
падтрымаў	491
вадой	491
будаўніцтве	491
шчыльнасьць	491
мазыр	491
рэспублік	491
смаленску	490
абмен	490
дакумэнтах	490
кобрынскага	490
віцебскім	490
берагі	490
ўкраінскіх	490
наступнае	490
жывапісу	490
гуку	490
затокі	489
аргентыны	489
рр	489
згоды	489
сьпявачкі	489
незалежна	489
па-летувіску	489
музычная	488
налічваецца	488
далучылася	488
выехаў	488
заснаваньне	487
музычнай	487
васьмі	487
шырокі	487
дадатковы	487
захоўваюцца	487
выдадзеная	487
напрамку	487
мэтаю	487
пост	487
кірмашы	486
будучага	486
хацеў	486
гандлёвыя	485
рэвізіі	485
кляштары	485
крыніцай	485
этнічна	485
зьвярнуўся	485
сьвятая	485
прэзідыума	485
зборніку	485
продаж	485
датычна	484
кангрэсу	484
паблізу	484
імаверна	484
руках	484
зброю	484
нярэдка	484
сельских	484
герояў	484
прадусар	484
сьведчаць	484
маладэчанскім	484
запісы	483
прафэсара	483
берасьцейскае	483
нацыі	483
порту	483
агенцтва	483
колькі	483
бамбардзірам	483
пляны	482
лініяў	482
паслугаў	482
прынцып	482
рэгіёны	482
люксэмбургу	482
каханьня	482
левага	482
судзе	482
языка	482
матэрыял	482
адзначыць	481
зялёны	481
спрабавалі	481
высноваў	481
павета	481
усталяваны	481
камуны	481
зборы	481
адпаведнасьць	481
тыдняў	480
вінцэнт	480
валянцін	480
палітычную	480
брала	480
спрэчкі	480
ўлетку	480
рэлігія	480
параўнальна	480
выказаў	480
сеціва	480
запусьцілі	480
старосты	480
вольнага	479
значных	479
сытуацыя	479
выступалі	479
немцамі	479
слуцкі	479
злачынства	479
іншую	479
біржа	479
здольнасьці	479
выд	478
пэру	478
прывяла	478
каталіцтва	478
самакіраваньня	478
безь	478
атраду	478
знакаў	478
футбалістам	478
таварыскім	478
дарог	477
каралевы	477
поўнае	477
паўночную	477
паштовая	477
ціск	477
чальцы	477
троцкі	477
распаўсюджаная	477
выплаты	477
ўпамін	476
установы	476
месьціўся	476
перакладнік	476
дэмакратыі	476
тэрыторыях	476
суполка	476
энцыкляпэдыі	476
найбуйнейшым	476
фірмы	476
пасад	475
камандаваньне	475
складзены	475
львове	475
кантракту	475
пар	475
маскоўскія	474
харчовай	474
віцебскае	474
тэатра	474
ўваходзіў	474
краінай	474
загадчык	474
ўвайшло	473
мастацкія	473
дзіцячыя	473
францыю	473
шоў	473
наадварот	473
кандыдаты	473
мастачкі	473
мэдыцыны	472
асабістыя	472
маёнткі	472
найперш	472
фармаваньні	472
советская	472
культуру	472
перадаць	472
эспэранта	472
выступ	472
ладзіліся	472
дасьледаваньня	471
назовам	471
выявай	471
рэшце	471
эўропу	471
чэскай	471
абвесьціў	471
лёгка	471
плямёнаў	471
лясоў	471
смаргонскім	471
футбалістаў	471
брамнікам	471
кіева	470
сцэне	470
вырабу	470
летувісаў	470
татараў	470
рэвалюцыя	470
масты	470
рэканструкцыя	470
разьмяшчалася	470
роўная	470
прысьвечаная	470
падрыхтоўцы	470
літ	470
сусьветнае	470
малодшы	470
аднайменнага	470
зьдзейсьніў	470
зруйнавалі	469
разьмяшчэньня	469
вызначэньне	469
бэльгія	469
павел	469
раньняга	469
караблёў	469
праўленьня	469
мэксыкі	469
пабудавалі	469
разьмешчаных	468
дзевяць	468
агонь	468
сярэдняга	468
вырашылі	468
рэфэрэндуму	468
брытаніі	468
ладзіць	468
інспэкцыя	468
касьцёлы	467
зона	467
жлобін	467
працоўнага	467
падрыхтоўку	467
шматгадовых	467
перавозкі	467
апэрацыя	467
створанай	467
падаў	467
літаральна	467
адсюль	466
пунктам	466
гімназію	466
дыяспары	466
адлюстроўвае	466
гербы	466
сьцьвярджае	466
карчма	466
сьвятло	466
знойдзены	466
эстонія	466
праекце	466
судом	466
зьяўленьне	465
пісар	465
львоў	465
жаночы	465
прыватных	465
мастацкім	465
спаборніцтваў	465
пасажыраў	465
меншай	465
дактары	465
таронта	465
пацярпела	464
гаспадар	464
атрыманьне	464
справаздачы	464
мэтад	464
пытаньняў	464
заходнюю	464
спрабуе	464
сабору	464
ру	464
гарадзенскае	464
как	463
прыпяці	463
аддзелаў	463
вяршыні	463
тадэвуша	463
прыхільнікі	463
старшыню	462
выставы	462
плаціць	462
прадстаўнікамі	462
чарнобыльскай	462
аляксандр	462
уключаны	462
фінансавых	462
вышыню	462
акторкі	462
друкарні	461
фармальна	461
лацінскага	461
адкрылі	461
чэмпіянаты	461
цягнік	461
каралеўскай	461
перамогай	461
выпусьцілі	461
герцагавіны	461
хвойнікі	461
рашэнне	460
касцёл	460
рокі	460
спыніла	460
ўдзельнічалі	460
скарочана	460
рухавік	460
арсэнал	460
касьцёлам	459
маскоўская	459
жыды	459
камэдыі	459
арміяй	459
сям’ёй	459
надзея	459
навуковым	459
гішпанскія	459
будаўнічых	458
польскімі	458
сотні	458
ніжні	458
аб’яднаньні	458
псэўданімам	458
июля	458
сымбаляў	458
пагатоў	458
зьняволеньня	458
су-	458
францускім	458
футбольныя	457
вадзе	457
мэтаў	457
носіць	457
мэдалёў	457
пара	457
нумары	456
усю	456
чалавецтва	456
патрабуе	456
клясаў	456
баях	456
скульптар	456
эўрапейскім	456
запісаны	456
чын	456
абласьцей	456
івейскім	456
балтыйскага	455
літаратар	455
ільля	455
беларусьсю	455
назіраецца	455
далейшае	455
эдуард	455
нейкі	455
радзіме	455
віду	455
порна	455
ейныя	454
адбываюцца	454
імпэратарам	454
ільїн	454
падтрымлівае	454
грамадзян	454
выступілі	454
кандыдата	454
вашынгтон	454
найлепшыя	454
захопу	454
збірник	454
дамініканаў	453
фармаваньня	453
заснавальнікам	453
сост	453
выпусьціў	453
апавяданьне	453
пражывае	453
шчыт	453
уліку	452
старажытнасьці	452
званы	452
працягвае	452
брытанскага	452
былым	452
старонках	452
судовая	452
траецкая	451
прымалі	451
ваеннага	451
абвяшчэньня	451
пецярбургу	451
прац	451
распрацоўка	451
працаўнікоў	451
стадыі	451
істотна	450
станцыяў	450
залатой	450
руіны	450
некалькімі	450
вырасла	450
магілёўскім	450
вышэйшую	450
характарызуецца	450
сельскагаспадарчых	450
населены	450
разьмяшчаліся	450
ат	450
ува	449
мэтрапалітэн	449
найбольшую	449
дзейнічаюць	449
уласна	449
дазволу	449
пасялковы	449
праекты	448
княствам	448
карона	448
футбольных	448
зьезьдзе	448
грэцкага	448
рэшт	448
лос-анджэлес	448
падобных	447
асобамі	447
вільгельм	447
збудаваны	447
царкоўнай	447
працэсаў	447
спартовец	447
жаданьне	447
месты	447
галавы	447
сузор’е	447
тэлебачаньня	446
ўнутры	446
абвясьцілі	446
ўласных	446
прызначэньне	446
аршанскі	446
мацей	446
адтуль	446
кампаніяў	446
знакам	446
біскупы	446
паветы	446
устройстве	446
калегіюм	445
дзяячка	445
нарысы	445
перамаглі	445
фартэпіяна	445
прыз	445
сьвіслач	444
кастуся	444
перадусім	444
чарговы	444
баранавічах	444
эгіпет	444
мастацкага	444
лікаў	444
правяла	444
захоўваньня	444
здольнасьць	444
прыяднаўся	444
дружыны	443
выявіў	443
пінскай	443
апсыды	443
пачатковай	443
клясыфікацыі	443
тон	443
мясцовасьць	443
динамо	443
административно-территориальном	443
орда	442
захапіў	442
распавядае	442
ахове	442
сіла	442
изменениях	442
асяродзьдзі	441
плямёны	441
зьвязку	441
беларускамоўныя	441
гаспадарцы	441
вуліцу	441
хатнім	441
тытулам	441
ейнай	441
забітыя	441
мазыры	441
нашчадкі	440
галерэі	440
навакольнага	440
тышкевіч	440
бас-гітара	440
дзесяці	440
наогул	440
пачатковым	440
ніна	440
любоў	440
басэйну	440
сьвятары	440
упамінаецца	439
ўтварэньне	439
культурныя	439
працэсы	439
гарадзкая	439
вагонаў	439
палесься	439
авіяцыі	439
ўласнай	439
правядзеньні	439
замяніўшы	439
тэлебачаньне	438
ахова	438
фрагмэнты	438
структуру	438
паставіў	438
місіі	438
корпуса	438
сацыяльныя	437
працах	437
апрацоўкі	437
лесе	437
дух	437
манэта	437
аляксея	437
элемэнтамі	437
прынцыпы	437
аднавіць	437
захаваць	437
санкцыі	437
найлепшую	437
асабістае	437
бальшавікі	436
сярэднія	436
адміністрацыйна	436
грамадзтве	436
перавышае	436
бабруйскага	436
адзінага	436
карэі	436
туронак	436
прозы	436
рымскім	436
ейным	436
біскупам	436
селішча	436
міжнароднае	436
экз	436
аналізу	435
хі	435
усходу	435
каталіцкага	435
рыгора	435
школ	435
рабілі	435
дакумэнт	435
паўнамоцтваў	435
кватэры	435
прывілей	434
алімпійскі	434
баяры	434
брестской	434
ускраіне	434
сымбалем	434
вайсковец	434
імпэрыяй	434
пяты	434
гомельскі	434
гетмана	434
танкаў	434
наваградзкі	434
пэнальці	434
змог	433
грамадзка-палітычны	433
кнігаў	433
апрача	433
паперы	433
залатым	433
пасля	433
франц	433
зьместу	433
асоб	433
статуту	433
пляцоўцы	433
глава	433
праёмамі	433
фальклёру	432
настаўнікаў	432
верхняя	432
коўна	432
ўладаньні	432
покрыва	431
барыса	431
самім	431
белорусский	431
рызе	431
паказаў	431
загадам	431
назваць	431
вайсковае	431
каліфорнія	431
парыжу	431
камітэты	431
славацкай	431
нашчадкаў	431
дзесяцін	431
алімэнты	431
кантролем	430
падзеньня	430
немагчыма	430
вялікімі	430
абвяшчалася	430
каталікі	430
аўстрыйскі	430
каралі	430
рэспубліку	430
тараса	430
сыны	430
журы	430
полісся	430
зборныя	430
першынства	430
трывала	429
кракаў	429
ил	429
выпушчаны	429
юго-западной	429
падатку	428
летнія	428
звычайны	428
адміністрацыйна-тэрытарыяльнага	428
узначальваў	428
міліцыя	428
групавы	428
увогуле	427
адносінаў	427
мусілі	427
ўлік	427
шматлікімі	427
аддзела	427
век	427
скуры	427
прымаць	427
раўнду	427
невялікіх	426
сонечнай	426
чорнай	426
лекар	426
ёсіф	426
дазволілі	426
карысталіся	426
павышэньне	426
сутнасьці	426
разьвіцьцю	426
хрысьціянскай	426
прыбытак	426
ўзросту	426
анішчанка	426
адказнасьць	426
духа	425
афіцыйнага	425
сярэдніх	425
нацыянальна-вызвольнага	425
прыладаў	425
ейнага	425
адрозьненьні	425
арганізаваў	425
інжынэр	425
ўзьбярэжжы	425
атлетыка	425
мо	425
саступіла	425
барсэлёна	425
аўтамабілі	425
папулярных	424
раства	424
прамысловых	424
папярэдніх	424
прыехаў	424
усходняя	424
праграмаваньня	424
падае	424
заклікаў	424
далучэньня	424
капыльскага	424
кіруе	424
тапонім	423
агульную	423
заняпад	423
памеру	423
пам	423
рэзка	423
шлюбам	423
падтрымліваюць	423
танка	422
танк	422
гор	422
марскіх	422
пінскі	422
амэрыканскім	422
банка	422
словамі	422
заказьнік	422
вугоршчыне	422
яўхім	422
паведамляе	422
акругаў	422
дадзеныя	422
шляхі	422
галяктыкі	422
відавочна	422
бытавалі	422
каліноўскі	421
кнігазбор	421
рукапіс	421
пісьма	421
комі	421
гукаў	421
арла	421
історія	421
амбасадары	421
паёў	421
занадта	420
шырокім	420
гаспадара	420
чырвоную	420
выяўленыя	420
прыгоды	420
турэччына	420
невядома	420
намер	420
лічылі	420
крытыкаў	420
тэлебачаньні	420
дмитро	420
пач	419
дзейнічаць	419
тыдні	419
мянушку	419
рэалізацыі	419
кацярыны	419
робяць	419
раймонд	419
вызначыць	419
дыялектам	419
дэпартамэнту	418
установах	418
пазьбегнуць	418
центр	418
ніжняя	418
грамадзянская	418
аб’яднаныя	418
токіё	418
репрессий	418
фіфа	418
рэдакцыя	417
ўзяла	417
саборная	417
багдановіч	417
кангрэс	417
спосабам	417
масавых	417
вядзецца	417
дала	417
прадпрымальнікаў	417
такую	417
распаўсюджваньне	417
робіцца	417
хакейнай	417
дрэваў	416
прастора	416
касьцюшкі	416
пакараньне	416
здабылі	416
каталіцкіх	416
радзіма	416
паводзіны	416
выйсьці	416
беларусамі	416
базыліка	416
панарама	415
поўнага	415
латыскай	415
турмы	415
аўстралія	415
клясыфікацыя	415
сельскага	415
лінгвіст-германіст	415
здабычы	415
косава	415
сцэнар	415
невялікай	414
езуіцкі	414
фізычнай	414
каледж	414
найбольшым	414
падзелены	414
міс	414
падатках	414
баварыі	414
нато	414
грэцыя	414
героі	414
судовую	414
фільма	414
браслаўскім	414
рэйтынгу	414
матэрыялу	413
мітрапаліт	413
хакей	413
грамадзкае	413
падтрымка	413
некаторымі	413
ндр	413
уладальнікі	413
вольным	413
алякса	413
хаты	413
стараверхненямецкага	413
вічы	413
надпісам	412
арханёла	412
эўрапейскія	412
аднавілі	412
міколы	412
сямён	412
мястэчкі	412
сэрбія	412
мілян	412
бургундзкага	412
выбарчая	412
гандлёвых	411
літве	411
гетман	411
ставіць	411
асср	411
маладыя	411
органам	411
баварыя	411
голам	411
збудаваў	410
ідуць	410
ставіцца	410
суперніка	410
маладым	410
размаўляюць	410
мальты	410
кампазытары	410
пачатковая	409
адмовіліся	409
выдаткі	409
бярэзінскага	409
шырокае	409
пані	409
напад	409
руслан	409
македонія	409
наступствы	409
румынія	409
шмітляйн	409
увайшлі	408
іхныя	408
звязда	408
дасьледаваў	408
пагоні	408
схілы	408
жаночая	408
вярнуліся	408
фільмах	408
зьмешчаны	408
сабраў	408
гэс	408
перадачу	408
любы	408
зварот	408
сакрат	408
судовых	408
рэпрэсіяў	407
духу	407
разьмяшчаўся	407
т-	407
ўжываньне	407
паўабаронцы	407
ўзнагароду	407
чэскія	407
характарыстыка	407
забіць	407
снд	406
уклад	406
працяг	406
каналу	406
правапіс	406
залатыя	406
артур	406
здымак	406
напісаныя	406
земли	406
перанесены	405
абмену	405
галінах	405
саветы	405
клясычнай	405
меншасьці	405
кароткія	405
уласнасьць	405
гэтымі	404
канцэпцыі	404
археоляг	404
каналаў	404
нямецкую	404
брытанская	404
стварыла	404
капітана	404
водгукі	404
камянецкім	404
найбольшай	404
рабочых	403
пэдагагічнага	403
ракой	403
аддаў	403
наука	403
-павярховы	403
ўварваньня	403
прадстаўніком	403
янам	403
граматы	402
ўтвараюць	402
уласнасьці	402
юдэйскія	402
пацьвердзіў	402
бэ	402
аўтаноміі	402
этапу	402
фільмаграфія	402
унутры	402
дарагічынскага	402
вести	402
адпаведных	401
сусьветных	401
выбуху	401
кірунак	401
забітых	401
дызайн	401
прыклады	401
нагадвае	401
рудня	401
прапусьціў	401
перадала	400
навучальныя	400
ахоплівае	400
магло	400
прымаюць	400
вусьці	400
партызан	400
турме	400
супрацоўнічаў	400
фізычных	400
ледзь	400
жамойцкага	400
зборных	400
енциклопедія	400
таварыскі	400
стаяла	399
імю	399
пачаць	399
мары	399
трымаў	399
бярэзінскім	399
паўночнае	399
прыпадае	398
дасьледнікі	398
ужываецца	398
ягайла	398
перабудовы	398
лясная	398
марак	398
александр	398
бабруйскай	398
рамане	398
энэргія	398
прадукты	398
паўночных	398
парп	398
славутасьцяў	397
наступнай	397
эдвард	397
выданьнях	397
умовы	397
япархіі	397
стваральнік	397
палкоўніка	397
выстава	397
дыплём	397
ідэю	397
судзьдзі	397
нская	397
працоўную	397
вакзал	396
збольшага	396
даліны	396
перепись	396
увесну	396
рэдактара	396
аднайменны	396
нарвэгія	396
даўжыню	396
прафэсійнай	396
гаворак	396
супрацоўнікам	396
злачынствах	396
гонцы	396
запасных	396
местам	395
вышэйшых	395
дало	395
важную	395
дазваляюць	395
слоўніка	395
сыну	395
індыя	395
стр	395
фасады	395
уся	394
зьнішчаныя	394
го	394
сястры	394
лічыўся	394
факты	394
прызэры	394
швэдзкай	394
злучаныя	393
горны	393
адзіную	393
вясны	393
горных	393
конга	393
людвік	393
арышту	393
грузаў	393
ўладзіслава	393
дзісенскага	393
міталёгіі	393
пашкоў	393
пераўтварылі	392
горкага	392
гукі	392
мячоў	392
зьнішчэньня	392
чэхія	392
розуму	392
выкарыстаньні	392
сьцьвердзіў	392
сталец	391
неабходнасьць	391
магутнасьці	391
камандзіра	391
божага	391
жылых	391
бюджэту	391
працягвалася	391
пакістану	391
настолькі	391
февраля	391
колераў	391
лідзкі	391
украіне	391
дзіця	391
флёт	391
фундацыі	391
апреля	391
суме	391
прычынаў	390
спрыяла	390
доўгія	390
этнаграфіі	390
уласны	390
юнацтва	390
індывідуальных	390
жывых	390
кітайскай	390
канфэрэнцыяў	390
гп	390
мабільныя	390
кваліфікацыйны	390
траецкі	389
глеб	389
ратушы	389
дзеяў	389
тэрыторыяй	389
раўніны	389
духавенства	389
надзеі	389
апэрацыяў	389
барысаўскі	389
аблічча	389
зьяўляючыся	389
праведзены	389
родным	389
хрысьціянскіх	389
слонімскім	389
ўласьцівасьці	389
выклікаў	389
грамаў	389
перайменавалі	388
ніякіх	388
мураваную	388
ігнат	388
рэчыцы	388
карыстаўся	388
сьвятароў	388
будова	388
зроблена	388
прага	388
папярэдні	388
паралельна	387
грыцкевіч	387
усімі	387
лесам	387
дрэвы	387
выкліканы	387
скульптуры	387
гродна	387
забясьпечыць	387
асабісты	387
калекцыі	387
перадача	387
набраў	387
тарпэда	387
гандбалісты	387
вікторыя	386
даліне	386
пастанавіў	386
каталёг	386
дзеяслоў	386
эстонскай	386
часовага	386
бел	386
аўтамабіль	386
яновіч	386
галамі	386
дапамагчы	386
суфікс	385
традыцыйных	385
выявілі	385
жаночай	385
старое	385
ўласна	385
ўласную	385
кот	385
выступіла	385
рэгістрацыі	385
шахцёр	385
сям’ю	385
вугорскай	385
агню	385
рухам	384
горка	384
праводзяцца	384
намесьніцтва	384
канфэрэнцыя	384
прадпрыемствам	384
ўрада	384
грицкевич	384
лекцыі	384
сьледчы	384
наперад	384
вытворцы	384
навуковага	384
пружаны	384
срэбраны	384
швэдзкія	383
агульных	383
уведзены	383
цэнтральнае	383
ві	383
паняцьце	383
рэчышчы	383
гомлі	383
статистики	383
баранавіцкай	383
мікалаевіч	383
бярозаўскага	383
вакал	383
зорная	383
знаходзіць	382
пажар	382
зьвязаная	382
ейная	382
ўкраіна	382
высокага	382
сувязяў	382
нівы	382
малака	382
абраў	382
практыку	382
умоваў	382
страцілі	382
сельсаветаў	382
ваўкавыскім	382
народным	381
литвин	381
прастакутны	381
цяжкасьці	381
карыстацца	381
дзед	381
родны	381
сойме	381
большасьцю	381
замяніў	381
доўга	381
старэйшага	381
пытаньня	381
пабудова	381
ганаровай	381
беластоцкім	381
ігуменскім	381
падпарадкаваньня	380
збудаваньняў	380
эканамічнае	380
дзіцячая	380
пабудаваў	380
лістоў	380
калегіі	379
рэспубліканскі	379
вайсковым	379
генрых	379
яраслаў	379
дадому	379
валянціна	379
заходняе	379
неабходнасьці	379
жыткавіцкага	379
музычнага	379
танцы	379
грамадзкім	379
алей	379
дамэн	379
адмыслова	378
раённых	378
старажытная	378
арганізатараў	378
перамоваў	378
пінскім	378
летувіскага	378
законамі	378
заваяваў	378
марока	378
апарат	378
пасьмяротна	378
праграме	378
дадаткова	378
ціскам	378
прагляд	378
дз	377
раньніх	377
штаты	377
нацысцкай	377
тамаш	377
волю	377
ёзэф	377
іва	377
выпадак	377
жанру	377
гаспадарчыя	377
лігах	377
полу	377
цэнтра	377
інспэкцыі	377
сьведчаньні	376
мерапрыемстваў	376
казак	376
ладзіўся	376
вучыцца	376
дзецьмі	376
вочы	376
далучана	376
хадкевіч	376
хоча	376
восі	376
зрэдку	376
дэбютны	376
памерам	376
працоўнай	375
прапануе	375
дойлідзтва	375
абласьцях	375
рэлігійнай	375
зьверху	375
залатога	375
прэм’ер-міністрам	375
кроў	375
падпарадкаваны	375
смалявіцкага	375
палітычнае	374
люди	374
дзеяла	374
псрл	374
палякамі	374
драмы	374
прадугледжвалася	374
балота	374
падпісаны	374
глёбус	374
званьні	374
іраку	374
лябараторыі	374
нумароў	374
прадметаў	374
вв	374
высновы	374
выканаўцаў	374
акіян	374
дзеячоў	373
вылучаюць	373
хор	373
аўтарства	373
сталіна	373
высьпе	373
гаспадарчых	373
дамініканскі	373
афіцыйнае	373
кааліцыі	373
сельскагаспадарчай	373
крызіс	373
хоры	373
парлямэнцкіх	373
выкананы	373
капыльскім	373
жертвы	373
паліцыя	373
ўка	373
карнае	373
гандлёвы	372
прадмесьце	372
гвалтоўна	372
варшаву	372
запрошаны	372
казакі	372
выяўлены	372
антона	372
настаўніка	372
ірляндыя	372
ўдзеле	372
рэпрэсій	372
пятровіч	372
разгляд	372
генэральнай	371
ўсімі	371
станам	371
ўзор	371
рэжысэрам	371
брытанскіх	371
белоруссия	371
прадметы	371
прафэсарам	371
прадставіў	371
пачынаюць	371
ладзіцца	371
салігорскага	371
юрыдычныя	371
рухавікоў	370
турызму	370
давялося	370
палесьсе	370
ствараць	370
падзея	370
ядзернай	370
душу	370
папулярным	370
дасягнулі	370
жонку	370
баўгарыя	370
абвешчаная	370
важных	370
тапонімы	370
праваслаўнага	369
разглядаецца	369
ягайлы	369
магіле	369
спалучэньні	369
дах	369
традыцыя	369
прызнаньня	369
стаўленьне	369
заменены	369
работу	369
тэхнічныя	369
незалежных	369
мужам	369
прызначаецца	369
бэрнардынаў	368
карыстаньня	368
узровень	368
афіцыйныя	368
жылыя	368
філязофія	368
партрэты	368
спыніў	368
имя	368
данія	368
запрасіў	368
крыжам	368
добрыя	368
італію	368
летувіскіх	368
фасаду	368
пераможным	368
адкрыўся	367
пажару	367
юдэяў	367
юзаф	367
асобным	367
гомелю	367
зьнішчаны	367
веру	367
п’еса	367
дапамагае	367
брыгада	367
ліс	367
агульнае	367
баранавіцкім	367
унутраная	367
спіс	367
історії	367
дубровенскага	367
оўруцкага	367
поўнасьцю	366
спартовых	366
сілай	366
падабенства	366
камандаваў	366
памераў	366
гербам	366
сэнс	366
зямянін	366
папярэднім	366
падзеленая	366
кіраваць	366
эўрапейская	366
славаччына	366
ўключаюць	366
найчасьцей	366
карані	366
ангельскую	366
рэфэрэндум	366
выправіўся	366
пакінуўшы	366
фінансавыя	366
скі	366
раненым	366
напісана	365
зьявы	365
годнасьць	365
выканаўца	365
паходзяць	365
цягнікоў	365
выспа	365
заставаліся	365
ібн	365
морам	365
адправіўся	365
ба	365
заняўшы	365
арэне	365
дачок	365
тэўтонскага	364
дзясяткаў	364
августа	364
кінарэжысэр	364
галасы	364
канстытуцыю	364
віна	364
атмасфэры	364
прыбылі	364
чорныя	364
українська	364
гарадоцкага	364
раус	364
юлія	363
вёсках	363
расьце	363
ленінскі	363
масавыя	363
унебаўзяцьця	363
мірных	363
захоплены	363
януш	363
адкрытыя	363
калектыў	363
сталинских	363
радку	363
карэліцкага	363
аконнымі	363
убитым	363
пропавшим	363
паўднёвых	362
чыгуначнага	362
веснік	362
сьцьвярджаў	362
змаганьне	362
горныя	362
тагачаснай	362
прыйшла	362
сацыяльнага	362
блёк	362
боль	362
ўступіў	362
ксёндз	362
сусьветным	362
пасада	362
птушка	362
бардаўская	362
мёрскага	362
па-падляску	362
именной	362
века	361
рэзыдэнцыя	361
тавары	361
лет	361
крыму	361
мінулага	361
крыніц	361
бубны	361
марскі	361
збожжа	361
меркаваньні	360
пушкіна	360
цэх	360
скрыпчанка	360
зборнікаў	360
трапляе	360
загаду	360
славацкі	360
манака	360
складаныя	360
роўна	360
львоўскай	360
-гадовым	360
рэпрэсіі	360
крыштап	360
любой	360
руси	359
пакінула	359
максымальная	359
кляса	359
паверсе	359
рычард	359
ўдзельнічала	359
насамрэч	359
партугалія	359
падобна	359
міхайлавіч	359
выбарчай	359
пану	359
арабскай	359
україна	359
цэнтральных	358
зьнішчэньне	358
поўным	358
ўдар	358
палацу	358
асобай	358
маршрут	358
гарадамі	358
шляхціч	358
парушэньні	358
макс	358
хлеб	358
перадае	358
ўзбраеньне	358
фрыдрыха	358
зносінаў	358
альбомаў	358
наведваў	358
стал	358
ночы	358
тэлефоны	358
старонцы	357
культурнага	357
акту	357
палі	357
дапамогаю	357
ўдзельнічаюць	357
ўзначальваў	357
аднавіў	357
здольны	357
знаходжаньне	357
гарах	357
тарпэда-белаз	357
вярнуўшыся	357
подписал	357
адзінае	356
вадзім	356
ўзяць	356
адпаведныя	356
паведамленьні	356
удзельнікам	356
адсутнічае	356
абараняў	356
біла	356
валожынскі	356
галяктыка	356
цяперашняга	355
перайшло	355
амэрыка	355
роўны	355
справочник	355
гурток	355
тэлефон	355
адмовіцца	355
андрэ	355
літаратаркі	355
хімічныя	355
пазбаўленьня	355
вырашана	355
нечакана	355
разнастайныя	355
рэспубліканскай	355
рабства	355
хвойніцкага	355
уп	354
прыватнай	354
апісаньні	354
вусьця	354
калісьці	354
склады	354
легенда	354
адносяць	354
кухні	354
досьвед	354
бліжэй	354
паслуг	354
сцэны	354
арэал	354
впс	354
рускіх	353
адміністрацыйна-тэрытарыяльнай	353
атрымліваюць	353
ўказам	353
паловай	353
абласной	353
друкарня	353
ажыцьцяўляюць	353
сьвятлана	353
дробных	353
інстытута	353
сукупнасьць	353
дзяўчына	353
рэформаў	353
захады	353
маёнтка	353
сьпевакі	353
український	353
ачоліў	353
калюмбіі	353
архітэктурныя	352
найбольшы	352
называюцца	352
мясцовае	352
гісторыкаў	352
надалей	352
магчымых	352
германскаму	352
кім	352
формай	352
раёнам	352
аўстрыйскай	352
фінляндыя	352
кнігах	352
калекцыя	352
при	352
апісаў	352
сьцяны	352
літаратурным	352
лідзкім	352
тамака	351
хімічных	351
паўночна-заходняй	351
грамадзянін	351
савецкае	351
джорджа	351
украінскіх	351
прадаў	351
ежу	351
валкавыцкі	351
нясьвіскага	351
руб	351
фабрыкі	350
фара	350
камісію	350
разгляду	350
маёнткаў	350
мусіла	350
генэральным	350
называўся	350
даніны	350
спалучэньне	350
словам	350
раённая	350
ейных	350
выдавецтве	350
канцэрты	350
вайной	350
дзьверы	350
сьцягі	350
солі	350
стужкі	350
буда	350
рэакцыі	350
галоўнымі	350
культурным	349
патрэбаў	349
асьпірантуру	349
ота	349
хрысьціянаў	349
пушча	349
уваход	349
практыцы	349
эканоміцы	349
рыга	349
народную	349
ковенскай	349
прылада	349
ўжываньня	349
якасьць	349
гадзін	349
заканадаўствам	349
зьмяшчаецца	348
ўвялі	348
дзяніс	348
русского	348
аб’ектам	348
рэгулярны	348
выдаецца	348
міхася	348
харватыя	348
альбэрт	348
аркадзь	348
найлепшая	348
здабыць	348
белае	348
жалеза	348
экспэдыцыі	348
сумы	348
узначаліў	348
бачная	348
нёмана	348
ду	347
наклад	347
партыяй	347
ёю	347
ухваліў	347
пабудаваныя	347
гішпанскага	347
атрады	347
хутары	347
барсэлёны	347
адзеньне	347
пэрсанажы	347
юзр	347
знакаміты	346
зазначае	346
падзеленыя	346
далучыцца	346
моцным	346
захапіць	346
аб’яднаньняў	346
даюць	346
вырашае	346
вугорскі	346
кампазыцыя	346
біблія	346
пабудоваў	346
падразьдзяленьні	346
плянавалася	345
пастановаў	345
тую	345
расьліннасьць	345
тлумачыцца	345
крыжы	345
афіцэр	345
дацэнт	345
распаўсюджаньне	345
вучобы	345
маст	345
адзначаліся	345
дзяцінстве	345
балты	345
караецца	345
бацькаўшчына	344
уступіў	344
кампазытара	344
вызвольнага	344
бываюць	344
лінгвіст	344
зьвяртаў	344
зямлёй	344
генэрал-маёр	344
выканаўчыя	344
аўстрыйскія	344
выразна	344
людвіка	344
клясе	344
чацьвертым	344
саступіўшы	344
інтарэсы	344
машына	344
прыхільнікам	344
кантакты	344
чачэрскага	344
гістарычную	343
значным	343
прыём	343
вобласьцю	343
геаграфічных	343
распаўсюд	343
люблінскай	343
ход	343
гарматы	343
ўсталявалі	343
простых	343
ёган	343
музыцы	343
часопісах	343
называе	343
павышэньня	343
лепшых	343
тэорыю	343
створанае	343
кіеўскім	343
самалёты	343
паказваюць	343
лепшы	343
эпізод	343
важныя	342
бяруць	342
чвэрці	342
повете	342
адмовілася	342
нясьвіжы	342
гвалту	342
астравецкім	342
становішчы	342
талачынскага	342
нарб	342
мартын	341
спосабы	341
блізкі	341
поўная	341
жамойцкай	341
рота	341
выдавалася	341
рамонт	341
паверхня	341
вытоку	341
герман	341
герцагства	341
сэктар	341
сучасную	341
электраэнэргіі	341
рэчывы	341
літараў	341
арол	341
уваходзілі	341
хвілін	341
анг	341
прывілеі	340
пэдагагічны	340
дзіцячай	340
літаратуразнаўца	340
георгія	340
смаленскі	340
машынаў	340
слава	340
найвышэйшая	340
карыстальнікаў	340
вацлава	340
сыбіры	340
грэцкі	340
даты	340
праграмаў	340
націск	340
філёзафы	340
вока	340
рухавіка	340
шатляндзкай	340
волости	340
злучэньне	339
прапаганды	339
фэст	339
мясцовая	339
блёку	339
погляд	339
двое	339
сходзе	339
атакі	339
месцазнаходжаньне	339
журналістыкі	339
мі	339
дыстанцыі	339
пунктов	339
спартовыя	338
спадарожнік	338
павелічэньне	338
жанр	338
зьмяненьні	338
інструмэнтаў	338
аўтамабільныя	338
задачаў	338
падобная	338
карыстаньне	338
ўлучала	338
разьмясьцілі	338
бзфі	338
менскую	337
млыны	337
станцыю	337
працоўныя	337
альфрэд	337
пайшла	337
мазырскай	337
алтар	337
абралі	337
прававых	337
грамадзянамі	337
маладая	337
дэмакратычная	337
кампазыцыяў	337
ўкраінскі	337
склалася	337
пэрсанажаў	337
далёка	337
прысутнасьці	337
рэчыцкім	337
выяўляецца	337
эфэкт	337
лякарні	336
верхні	336
практыкі	336
завяршыў	336
моцныя	336
цяперашняй	336
выраблялі	336
пісала	336
зрэшты	336
прыбытку	336
грузія	336
люксэмбург	336
прадстаўленыя	336
адмысловыя	336
адкрыцьці	336
ваза	335
дыямэтар	335
гасподняга	335
зьмяніла	335
геаграфіі	335
старажытнае	335
цераз	335
старостве	335
прэзыдыюм	335
распрацоўку	335
выкарыстоўваў	335
існаваць	335
абраду	335
імкнуўся	335
часовы	335
майстэрства	335
спрыяе	335
российской	335
племя	335
трэнэры	335
падымнага	335
футбаліста	335
вопросов	335
напалі	334
восені	334
марш	334
стаялі	334
койданаўскі	334
бібліятэку	334
радзімы	334
институт	334
прадстаўніка	334
амбасадарам	334
курляндыі	334
-ых	334
адборачны	334
віленскае	333
аптэка	333
чыгуначных	333
пераважаюць	333
браць	333
канцлер	333
бальшавіцкай	333
вядомае	333
мэталаў	333
родам	333
бяроза	333
сядзібу	333
блізкім	333
надрукаваны	333
нью-джэрзі	333
вучэньне	333
белых	333
выдаткаў	333
радай	333
узьбярэжжы	333
быццам	333
далучаная	333
нідэрляндах	333
сэк	333
згуляўшы	333
забудовы	332
прырода	332
белорусы	332
паноў	332
характэрныя	332
праводзілі	332
бары	332
выходзіла	332
выняткам	332
ўмоваў	332
люі	332
студэнты	332
звольнены	332
рэйтынг	332
музыкаў	332
прыходзіць	332
сустрэўся	332
тэатральны	331
стагоддзя	331
абмежаваньні	331
кшталту	331
тацяна	331
знойдзеныя	331
слуцкай	331
дзяржаўнасьці	331
па-ранейшаму	331
зьмянілася	331
іран	331
карскі	331
пакой	331
прызнала	331
лёндану	331
агінскі	331
ўзнагароджаны	331
праваслаўе	331
балтыйскія	331
сувалкаў	331
сьвіслацкага	331
марта	330
прытым	330
ідэяў	330
абставінах	330
сто	330
рэктар	330
грамата	330
гомельскім	330
партызанскага	330
турызм	330
сэмінарыю	330
уладзімір	330
адзначаў	330
кавалерыі	330
перайсьці	330
ваўкавыск	330
паслом	330
хатніх	330
прызначае	330
галосныя	330
зьвязваюць	329
вольная	329
якаў	329
паведамленьне	329
хваля	329
далучэньне	329
віленшчыны	329
аляксандру	329
ваяваў	329
ўтварылі	329
галаву	329
інтэрнэт	329
футбольная	329
смаргонь	329
аўтаномная	329
верхнім	329
ведомостей	329
прадмесьці	328
атлянтычнага	328
ўвазе	328
эгіпце	328
атрымлівалі	328
канале	328
альгерд	328
гандлёвым	328
клімату	328
надвор’я	328
ўчастак	328
зробленыя	328
трон	328
герба	328
хатняй	328
-ыя	328
беларускамоўны	328
ішла	328
актуальны	328
вязьняў	328
глыбоцкага	328
вынікае	327
будаваць	327
бровар	327
земскі	327
зат	327
коней	327
пілястрамі	327
распрацоўцы	327
рэчаіснасьці	327
навіч	327
бачыў	327
этымалёгія	327
разнастайных	327
апісаньня	327
савеце	327
фінансавай	327
паніжэньне	327
цяжкія	327
цеста	327
камандзірам	327
камун	327
кадраў	326
гербе	326
нацыянальнасьці	326
мінулае	326
невялікім	326
кашталяна	326
рацыя	326
індэкс	326
загінулых	326
стэнлі	326
амэрыканскія	326
часопісаў	326
пагадзіўся	326
моладзь	326
аж	326
песьняй	326
амсьціслаў	326
крымінальнага	326
зьмяняецца	326
муніцыпалітэту	326
росквіту	325
рэфармацыі	325
восеньню	325
каралю	325
расстраляныя	325
купалам	325
стар	325
рускай	325
чатырма	325
аляксандравіч	325
хвост	325
нароўні	325
традыцыйная	324
перанесьлі	324
прамысловыя	324
мячэт	324
заяўку	324
надвор’е	324
мураўёўка	324
гомельского	324
пратэсты	324
жывёл	324
меншасьцяў	324
духоўную	324
членаў	324
посьпехам	324
крызісу	324
дасьледчыкі	324
берагавой	324
самотнік	324
паветры	324
сусьвету	324
прыродзе	324
пастаянна	324
выканкаму	324
розыгрышу	324
пісьмовасьць	324
маскоўскае	323
алены	323
іслам	323
прадметам	323
рэчаў	323
наступу	323
нядаўна	323
геранім	323
смаленскага	323
вадзяны	323
паўторна	323
дзясяткі	323
герцаг	323
пунктамі	323
ушанаваньне	323
інструмэнты	323
гарадзкім	323
варшаўскай	323
казакоў	323
заняць	323
прызналі	323
спэктаклі	323
розыгрышы	323
забіўшы	323
лёгкіх	323
выспаў	323
заліку	323
блізкіх	322
паветраных	322
акіяну	322
паўднёва-заходняй	322
узімку	322
азэрбайджан	322
партызаны	322
выставе	322
амсьціслаўскага	322
палажэньні	322
населення	322
засьведчыў	321
часткаю	321
аб’ядноўвае	321
годнасьці	321
сьцягам	321
згадка	321
называцца	321
туру	321
вядомымі	321
дошка	321
літаратурную	321
сэрбаў	321
крылы	321
нормы	321
захаваў	321
злучэньні	321
распараджэнняў	321
анішчанкі	321
сьвіслачы	320
накіраваў	320
звычайных	320
паўплывала	320
тысячагодзьдзя	320
паказалі	320
здабыча	320
пасялковага	320
заяву	320
называў	320
роднага	320
каралёў	320
усім	320
канстанціна	320
ціхага	320
каліфорніі	320
сродак	320
мазырскім	320
значнасьці	320
пракат	320
прафэсійную	320
границ	319
арлоў	319
шырокай	319
важны	319
работ	319
ноября	319
прайшло	319
інтэлігенцыі	319
пагрозай	319
-гадовага	319
моцы	319
абедзьвюх	319
паўвостраў	319
жамойцкім	319
старшынёй	319
зону	318
палёт	318
местах	318
земляробства	318
ку	318
вялося	318
застаюцца	318
зьмяніць	318
людзям	318
падрыхтаваў	318
проза	318
заўважыў	318
загадчыкам	318
навучалася	318
пазначэньня	318
ангельскім	318
пячоры	318
дробныя	318
славацкія	318
вымушаныя	318
адзеньня	318
шаркоўшчынскім	318
-мм	318
цэнтральную	317
рэгіянальных	317
рухаў	317
вазы	317
драўляных	317
прыналежнасьць	317
шырокія	317
паданьня	317
францыяй	317
сялянскіх	317
узброеныя	317
каштоўнасьць	317
міжнародную	317
паўсталі	317
паўвострава	317
любанскага	317
кісьлі	317
дайліда	317
называць	316
берагоў	316
сер	316
прэміяй	316
высокую	316
казахстане	316
цэлы	316
канчатковым	316
павелічэньня	316
псэўданім	316
дзеі	316
манархіі	316
хуткасьцю	316
драфце	316
бундэсьлігі	316
абласных	315
вядуць	315
малдова	315
настаўнікі	315
камяні	315
мясьціны	315
хата	315
памятная	315
ліста	315
прафэсійным	315
ўдзельнікамі	315
дон	315
атрымліваў	315
зарэчча	315
мэтры	315
супернікаў	315
саступілі	315
сэрыялу	315
вядзеньня	315
решении	315
напісаньне	314
мескі	314
мэтадаў	314
зброяй	314
палёту	314
утварэньне	314
паверхню	314
насупраць	314
апостала	314
падтрымалі	314
бабруйскім	314
шырокую	314
антоніё	314
згуляла	314
чыгунцы	314
садружнасьці	314
кіраваньні	314
мадрыд	314
атрада	314
назначении	314
аўтамабільных	313
навуковую	313
драматычны	313
праспэкт	313
прамысловай	313
ўзьнікненьня	313
скарб	313
дзіцяці	313
заняткі	313
скарацілася	313
чэмпіянатаў	313
паказаны	313
ракеты	313
гадз	313
хаце	313
уцвк	313
марской	313
мастоўскага	313
дык	312
дзіцячых	312
вагоны	312
найстарэйшых	312
что	312
позьняга	312
алі	312
пакаленьне	312
вена	312
сон	312
зімовыя	312
старэйшым	312
паведаміла	312
флёра	312
справамі	312
выканаўцы	312
славянаў	312
губэрнатара	312
выйграла	312
славацкага	312
карную	312
завяршылася	311
указам	311
суднаў	311
асобнага	311
твора	311
валыні	311
марціна	311
нараджэньне	311
адсутнічаюць	311
койданаўскім	311
сродкамі	311
швэдзкага	311
дваццаць	311
магістра	311
выкладчык	311
славацкая	311
пасьпяховым	311
роты	311
пазыкаў	311
прэм’ер-лізе	311
рэнэсансу	310
мэдычных	310
мерапрыемства	310
эвангельле	310
сацыяльная	310
или	310
асаблівасьцяў	310
пагранічнага	310
казаў	310
кароткая	310
спраўляць	310
перасьледу	310
драма	310
ўласны	310
бельскі	310
перадумовы	310
лука	310
ляхавіцкага	310
падразьдзяленьне	310
заявіла	310
ліцьвінамі	309
хімічнай	309
берагах	309
-разовы	309
прысьвечаныя	309
ашмянскі	309
прынесла	309
зборніка	309
прыроднага	309
дэйвід	309
пакоі	309
актыўных	309
хімічны	309
кожныя	309
тыпова	309
накіраваўся	309
арэндзе	309
зайкоўскі	308
ўтварыўся	308
прыпадала	308
чалавечага	308
галінаў	308
аплаты	308
забарона	308
царкоўны	308
гадзіну	308
запасы	308
кубкаў	308
пляцоўкі	308
навуцы	308
вугорскага	308
сапраўдны	308
цяжкіх	308
тлумачыць	308
праблема	308
выведкі	308
ро	308
цябе	308
кітайскі	308
пісьмовасьці	308
мак	308
каралеўскім	308
сырыі	308
разьвіцьцём	308
турэччыне	308
гайнаўскім	308
вышэйшыя	307
мітрапаліта	307
транспартныя	307
некалі	307
мужчынскі	307
руды	307
абвяшчаліся	307
інфармацыйных	307
вызначаны	307
браніслаў	307
прыналежнасьці	307
па-расейску	307
простыя	307
нападніка	307
бульбы	307
радовішчы	307
пошуку	307
найбольшых	306
адкрытага	306
заходнія	306
эканамічным	306
тэма	306
прадукт	306
давід	306
заводаў	306
вёскамі	306
складаньня	306
вецер	306
панізілі	306
найбуйнейшыя	306
нідэрляндзкі	306
мастаком	306
друкаваўся	306
злучэньня	306
выкарыстоўваючы	306
танец	306
традыцыйныя	306
соль	306
дзевяці	305
дыпляматычныя	305
вал	305
апэрацыю	305
маршалка	305
альманах	305
адмысловых	305
фэдэральнай	305
самалёта	305
чорных	305
вярнуў	305
хрыстос	305
эўрабачаньне	305
футболам	305
пісьмо	305
кампазыцыю	305
прессбол	305
вяла	305
абазначэньня	305
ста	305
вялейскі	305
города	304
краёвай	304
жаночыя	304
адмысловы	304
асобе	304
закладзены	304
пэўную	304
заснавала	304
папулярнай	304
бачны	304
зьняў	304
рэжысэры	304
канструкцыя	304
глыбоцкім	304
ін	304
значыцца	303
змаганьня	303
забаронена	303
фартэцыя	303
славянскай	303
філія	303
завуць	303
чэмпіянатах	303
дамэну	303
рэакцыя	303
абіраўся	303
эканаміст	303
францускую	303
старонак	303
пэрсанаж	303
збораў	303
жыткавіцкім	303
выпраменьваньня	303
гандлі	303
кашулі	303
-схільным	303
дзецям	302
беластоцкай	302
міністэрстве	302
захопнікі	302
хімік	302
міндоўга	302
прыродныя	302
чырвонае	302
праезд	302
дамінік	302
пітэр	302
друкаваліся	302
пісьменнікі	302
язык	302
малюнкі	302
вырабляецца	302
герцага	302
зносіны	302
інакш	302
асобную	302
сацыялістычная	302
нагляду	302
министров	302
ўрочышчы	301
выключаны	301
рэчыца	301
месьціліся	301
тураў	301
алега	301
сыстэм	301
райвыканкаму	301
рэспу	301
канцэртаў	301
гішпанская	301
дазваляла	301
ягонымі	301
францускае	301
ахвяры	301
нібы	301
зафіксаванае	301
адміністрацыйнай	300
ваколіцы	300
традыцыяў	300
нізкі	300
ейнае	300
карысныя	300
цэглы	300
клясу	300
дамогся	300
утварылася	300
мастацкае	300
дазволіць	300
аўтамабільная	300
рашэньняў	300
франкаў	300
скасаваньня	300
пашаны	300
продкаў	300
скарачэньне	300
шукаць	300
станавіўся	300
бераставіцкага	300
дэпо	299
мэдыцыне	299
панятак	299
ўлучае	299
асабістых	299
чэмпіёнка	299
грае	299
юрыст	299
цырымоніі	299
фатаграфіі	299
драўляную	299
прусія	299
італьянская	299
верша	299
абарачэньне	299
сэрбскі	299
амбасадар	299
глядзі	299
пакідае	299
ніжнім	299
дасягнуць	299
пайшлі	299
складаць	299
гімну	299
продажы	299
чы	299
нашы	299
сеньненскага	299
ковна	299
задачамі	299
тайме	299
эксплюатацыю	298
тарас	298
пісьменства	298
зімой	298
экзархату	298
науч	298
рэестры	298
аўтарка	298
адлюстраваньне	298
ісьляндыя	298
выкладчыкам	298
выпускаў	298
гістарыяграфіі	298
вярхоўным	298
губэрнатар	298
балаў	298
пункта	298
канцэпцыя	298
нізкай	298
сабраныя	298
баранавіцкі	298
пагрозы	298
мі-	298
веткаўскага	298
трыбуналу	297
сьвядомасьці	297
запісаныя	297
бе	297
вас	297
баёў	297
пасол	297
сьценаў	297
аблогі	297
штодня	297
цэнтр	297
банкі	297
праве	297
судовай	297
лідзе	297
-ці	297
выканаўчай	297
ружаны	297
пас	297
заўзятараў	297
кандыдатам	297
забавы	297
дно	297
жлобінскага	297
апсыда	297
ашмяны	296
азначэньня	296
сакратарыяту	296
духоўнага	296
спартовы	296
хііі	296
дзеячаў	296
габрэі	296
лідэра	296
іхных	296
партызанаў	296
населённых	296
спробу	296
ўсходняга	296
выхаваньне	296
высока	296
кабінэт	296
каменка	296
хрысьціянская	296
пару	296
бацькамі	296
паходу	296
добрай	296
важнай	296
прысьвяціў	296
пограничья	296
спэцыяльных	295
старажытным	295
часткамі	295
цесна	295
жыхарства	295
жылы	295
пазднякоў	295
фігуры	295
работнікі	295
адзначаны	295
пазьняк	295
каменны	295
пазначае	295
дасягненьня	295
зэляндыі	295
бундэсьлізе	295
капліцу	294
просьбу	294
абвяшчаўся	294
бярэзіны	294
стандарт	294
выпусьціла	294
унр	294
археалягічных	294
княгіні	294
выходзяць	294
астраном	294
меч	294
пастаўкі	294
пошук	294
вылучаўся	294
ўрадам	294
дынастыя	294
зьмяшчаў	294
посьпехаў	294
газэтах	294
вырашыла	294
чытаць	294
мікала	294
мазырскі	294
пастаўскім	294
ігара	294
снк	294
гонкі	294
прасунуўся	294
варыянтаў	294
карабля	294
калёнія	293
транспартных	293
сымона	293
блізкія	293
асобам	293
выпадкова	293
асобная	293
узьнікла	293
трохі	293
адміністрацыйнага	293
азначала	293
бел-чырвона-белы	293
традыцыйны	293
перайменаваная	293
груп	293
лукі	293
прымала	293
гаворка	293
ліквідаваная	293
грамадзянскага	293
выдатак	293
завода	293
нізкія	293
хваробаў	292
разьдзелы	292
валодаюць	292
невялікую	292
фартэцыі	292
адноўленая	292
прадстаўлена	292
выступу	292
мітраполіі	292
ньне	292
салідарнасьці	292
карэя	292
эпоха	292
спыненьне	292
войцех	292
разбураны	292
вязьні	292
формулы-	292
паступіла	292
падвойныя	292
сэсіі	291
каштоўныя	291
культураў	291
выдаваць	291
асобнымі	291
асабістай	291
гомельской	291
навукоўца	291
паўночна-ўсходняй	291
акіяне	291
групоўкі	291
літаратуразнаўства	291
касьцюшка	291
жыцьцём	291
сымбалізуе	291
зьнешні	291
ствараюць	291
сынгл	291
крок	291
урочышча	291
капітал	291
арэна	291
беларускаму	290
сядзібе	290
манголіі	290
канфлікты	290
барбары	290
швэдзкая	290
фальклярыст	290
залю	290
армэнія	290
разглядаюць	290
шпіталі	290
шаўчэнкі	290
лацінскі	290
злучэньняў	290
сумесь	290
грамадзянскую	290
перабраўся	290
ўэст	290
патрабаваньняў	290
вартасьць	290
грамадаў	290
івацэвіцкага	290
зацьвердзілі	289
украінцы	289
богам	289
вольных	289
думы	289
хрысьціцеля	289
ліквідавалі	289
вэрсію	289
выклікалі	289
замежная	289
спыненьня	289
судзьдзяў	289
рэабілітаваны	289
турэцкай	289
калгасе	289
апсыдай	289
нижним	289
слоўніку	288
азначэньне	288
кіраваньнем	288
бывае	288
выдалі	288
гадзіне	288
людміла	288
цягнікі	288
колішняя	288
дзеліцца	288
тлумачэньне	288
спынілі	288
чорнае	288
задача	288
вобразы	288
цска	288
мовазнаўцы	288
аднаму	288
краснае	288
чарнігаўскай	288
распрацаваная	288
сыходу	288
салдат	288
цукру	288
артысты	288
чинам	288
валер	287
выдадзеныя	287
прынёс	287
захавала	287
канала	287
лепель	287
академии	287
унія	287
пружанскі	287
выбух	287
айцец	287
выдаваў	287
выконвалі	287
фатаздымкі	287
моваю	287
стэрлінгаў	287
сэрбская	287
транспарце	287
брагін	287
навязкі	287
прэзыдэнце	286
разьвіваецца	286
папярэднія	286
сэкцыі	286
гомельскае	286
мескае	286
рог	286
сьвятым	286
фізыка	286
іране	286
гісторыка-культурных	286
пошуках	286
царкоўных	286
зямной	286
выклік	286
поўную	286
намаляваны	286
характэрны	286
базу	286
выносіць	286
спаганяе	286
ковенской	286
замкаў	285
фэрдынанд	285
пароды	285
арышт	285
здароўе	285
навучальная	285
уласную	285
ўклад	285
далучаецца	285
выступаючы	285
смаргоні	285
расстраляны	285
дзёньнік	285
доўгае	285
сыбір	285
памяшканьне	285
прафэсійных	285
дыялекту	285
прысутнасьць	285
зэльвенскага	285
рухавікі	285
церква	285
фармуюць	284
цяжкай	284
прыватныя	284
шырыні	284
групамі	284
прайсьці	284
творам	284
сэрыял	284
гуртоў	284
мэры	284
народам	284
ўвогуле	284
танкі	284
кс	284
шэрагам	284
мільярдаў	284
тэхнічнага	284
выдае	284
фінальны	284
імені	284
любую	284
ўдзельнічаць	284
самымі	284
ганнай	284
сустрэч	284
добраў	284
само	283
ацэнак	283
тэхнічны	283
дапамога	283
вольскі	283
вінцэнта	283
ўзброеныя	283
суполак	283
кіеўская	283
ленінскага	283
пацярпелі	283
вернасьць	283
соф’я	283
увагі	283
асноўнае	283
маленькі	283
граматыка	283
пятым	283
разьдзелаў	283
барбара	283
твар	283
мукі	283
зноскі	283
заслужаныя	283
ўшчына	283
клюбнага	282
каналы	282
маракоў	282
белта	282
выдадзена	282
працягваецца	282
тэадор	282
маскоўскіх	282
паляваньне	282
спартак	282
жыло	282
ўнутранага	282
заснаванай	282
багушэвіча	282
скасаваў	282
па-ангельску	282
апублікаваная	282
дакумэнтальны	282
друк	282
паэтам	282
адрас	282
выраз	282
зычныя	282
ас	282
плятформы	282
прысутнічае	282
баскетбаліст	282
выклікаць	282
эўрабачаньне-	282
уважаецца	282
пазыкі	282
перамагчы	282
прызначаная	282
ролях	282
вышэйшы	281
паспалітая	281
намаганьні	281
правда	281
ткачоў	281
ўзоры	281
літаратуразнавец	281
бабруйскі	281
абслугоўваньне	281
уласныя	281
кнігай	281
апублікаваныя	281
актыўнай	281
электронная	281
абаронцам	281
пэўнага	281
інданэзіі	281
ганаровага	281
манэтаў	281
вэнэцыі	281
кажуць	281
перамогшы	281
бельску	281
камандаваньня	281
лівэрпул	281
аблогу	280
звычайная	280
усходняга	280
гандлёвай	280
габрэйскай	280
ін-т	280
ерусалім	280
арцыбіскуп	280
новымі	280
братамі	280
злачынствы	280
пасяліўся	280
стандарту	280
пабудаваць	280
захоп	280
зьява	280
дзі	280
дыямэтрам	280
белорусско-украинского	280
утварыўся	279
баяраў	279
повету	279
гатэль	279
будынкам	279
плянэта	279
гісторыяй	279
зруйнаваны	279
працягласьцю	279
рэспубліканскіх	279
балоты	279
лексыкі	279
статуя	279
перапынку	279
літар	279
пераварот	279
ўтрыманьне	279
арабскіх	279
божая	279
выступаюць	279
бюджэт	279
блізкага	279
мячы	279
атрымліваць	279
чэмпіёна	279
забароны	279
бостан	279
вытворцаў	278
крычаў	278
магілёўскае	278
пераходзе	278
тэхнічнай	278
корань	278
рос	278
папулярны	278
аўстра-вугоршчыны	278
савецкую	278
адказаў	278
рукапісу	278
украінскага	278
ведае	278
ворага	278
кліп	278
развіццё	278
узьведзены	278
дзядзька	278
прабіцца	278
ідэалёгіі	277
распрацавалі	277
адольф	277
філіі	277
лепш	277
прынц	277
прыняцьце	277
японскі	277
фрн	277
спосабаў	277
стварэньнем	277
сан-францыска	277
вучобу	277
грэцкія	277
накшталт	277
львів	277
правёўшы	277
экспарт	277
застацца	277
захворваньні	277
фёдара	276
паэму	276
графік	276
энцыкл	276
найважнейшых	276
асабістага	276
магілы	276
кастрычніцкага	276
скончылі	276
меркаваньня	276
літву	276
кобрынь	276
ўхваліў	276
зялёная	276
журнал	276
сваякоў	276
юрыдычны	276
маладосьць	276
плацілі	276
катэдру	276
выглядае	276
арабіі	276
выканкома	276
сэкундаў	276
заканчваюцца	276
св	276
алёхна	276
ўключаныя	276
схіленьне	276
францішканаў	275
вячорка	275
падтрымліваць	275
імпэрыю	275
пасьлядоўна	275
краязнаўчы	275
мэмарыяльная	275
плято	275
яраслава	275
аб’яднаны	275
навакольных	275
цыя	275
сфармаваны	275
мільён	275
вызначаных	275
даўно	275
шосты	275
пастаўлена	275
матэматыцы	275
тбілісі	275
службовых	275
гулялі	275
нешта	275
шэрагі	275
поглядаў	275
перакладаецца	275
прагляду	275
змаглі	274
наступстваў	274
іхны	274
сэнат	274
дзеяньнях	274
рэгіянальнай	274
нквд	274
барысава	274
значэньнем	274
эстафэце	274
вугорская	274
робэрта	274
выданьнем	274
крымінальнай	274
карпарацыі	274
індыйскага	274
пахаваньня	274
давалі	274
война	274
напісала	274
ўрадзе	274
распараджэньняў	274
сыравіны	274
брытанскім	274
прэм’ер-ліга	274
меская	273
бэнэдыкт	273
гуманітарных	273
займаюцца	273
ўзьніклі	273
найменьняў	273
завяршаецца	273
форум	273
уладаньняў	273
тагачаснага	273
французы	273
заявы	273
кузьня	273
выявілася	273
вартасьці	273
казка	273
сан-марына	273
званыя	273
карцінаў	273
моцнага	273
ядро	273
багаты	273
музычным	273
працэсуальна-выканаўчы	273
ковенскага	273
шаркоўшчынскага	273
чарнігаўскага	272
рэформай	272
трамвай	272
вымаўленьне	272
чыгуначныя	272
мужнасьць	272
рэчыцкай	272
караткевіча	272
вод	272
заняўся	272
ствараецца	272
парлямэнце	272
увайшла	272
яўгена	272
паведамлялася	272
зьменены	272
інстанцыі	272
патрапіў	272
рухі	272
вяльлі	272
зьвестках	272
пухавіцкі	272
дубровенскім	272
крымінальна-працэсуальны	272
запрашэньне	271
зьнішчыў	271
хіі	271
фізыцы	271
мастацтвазнаўства	271
штаба	271
ніве	271
двухразовы	271
джэк	271
асамблеі	271
дапамагаў	271
выканалі	271
патрыярх	271
змагацца	271
успамінаў	271
прынятыя	271
джо	271
забівае	271
вылету	271
ўваход	271
камуне	271
моўнай	270
выхаваньня	270
грунтуецца	270
камісар	270
акругу	270
вуліцах	270
карысных	270
магутны	270
падтрымлівалі	270
коўне	270
аддзеле	270
падаецца	270
володимир	270
граў	270
выяўленьня	270
прывесьці	270
карта	270
мур	270
філіпа	270
становяцца	270
прэм’ер-міністры	270
мастоўскім	270
сан	270
карский	270
рана	270
ворагаў	270
адэскай	270
падпісаўшы	270
української	270
калегіюму	269
ельскага	269
броўкі	269
направа	269
скрыжаваньні	269
бізнэсу	269
архітэктары	269
прачысьценская	269
кампазытараў	269
надае	269
драўлянага	269
мастацкую	269
тура	269
скульптура	269
бясьпецы	269
ўтрымлівае	269
матывы	269
выбітны	269
копія	269
праўды	269
календары	269
падзей	269
ужываньне	269
амбасады	269
рубель	269
пахаваньні	269
-з	269
мёрскім	269
асабістым	269
штатах	269
уласнай	269
салігорскім	269
складаных	269
згулялі	269
ішлі	269
верасня	268
забарону	268
мэдыцына	268
утварае	268
усходні	268
арцём	268
фэлікс	268
спартовая	268
малако	268
каленкавічы	268
наданьне	268
імкненьне	268
лясных	268
сапраўдным	268
чарнагорыя	268
працоўны	268
ўласным	268
асяродзьдзе	268
любіць	268
памылкі	268
назовамі	268
насеньне	268
хваста	268
пагражае	268
канфліктаў	267
абаронцаў	267
перавялі	267
ўпадае	267
партызанскі	267
даху	267
удзельнічала	267
выдатна	267
саюзе	267
вечар	267
аргентына	267
п’ер	267
ўсталяваны	267
бранскай	267
доктарскую	267
згарэў	267
станаўленне	267
сьвіслацкім	267
трапіць	267
стандартаў	267
вагі	267
чэмпіёнскі	267
звычайнай	267
эксплюатацыі	267
біятляністы	267
спа	267
хворых	266
сталічнага	266
прамысловы	266
амэрыку	266
літаратурнае	266
місія	266
жизнь	266
вестник	266
кіравалі	266
генэральная	266
красны	266
дзялянкі	266
дагавор	266
залежнасьць	266
лягатып	266
сайту	266
спрыяў	266
пляцоўку	266
багата	266
ўяўляюць	266
въ	266
прастору	266
рымская	266
хвароба	266
водных	266
рысаў	266
гайнаўскі	266
насуперак	266
гродзенскага	266
балтамі	266
баскетбалісты	266
адзінаццатцы	266
грамадзянска-працэсуальны	266
капіталу	265
разьмеркаваньне	265
сп	265
унівэрсытэтаў	265
афіцэры	265
незалежная	265
летувізацыі	265
чырвоныя	265
перешел	265
сялян	265
вядучых	265
паказ	265
пакістан	265
рукапісы	265
маёнткам	265
габрэйскага	265
згадвалася	265
зрабіўся	265
падтрымкай	265
ісус	265
апазыцыя	265
праблем	265
вярэнаўскім	265
бронзавыя	265
ца	265
цягнецца	265
выцякае	265
глеба	264
прынцыпаў	264
лічбы	264
зіма	264
рэарганізаваны	264
вялікаму	264
янаў	264
літарамі	264
дакумэнце	264
актывісты	264
большы	264
рубэнс	264
дацкі	264
сустрэчу	264
крымінальныя	264
дамоваў	264
пазыцыяў	264
кол	264
нясьвіскім	264
экспарту	264
мядзел	264
графікі	264
мелася	264
вучылася	264
гаспадарча-працэсуальны	264
вежаў	263
водаў	263
напояў	263
электроннай	263
прынесьлі	263
адносілася	263
суседняй	263
вугорскія	263
вясной	263
ўтварае	263
гаспадароў	263
рабоце	263
дэмакратычных	263
абмежаваньне	263
хвіліны	263
бс	263
віленскія	263
насілі	263
цыкль	263
издательство	263
чытаў	263
пераможцаў	263
выгляду	263
японскай	263
часопис	263
фармат	263
ндар	263
страва	263
рагачоўскага	263
грамадзка-культурнае	263
баскетбольнай	263
біятляністкі	263
трое	263
белавежа	263
лунінецкага	263
азначылі	263
зьвеставаньня	262
выконваюць	262
ураджэнцы	262
ганаровыя	262
прыгонных	262
працяглы	262
дакумэнтальныя	262
сумленьня	262
раскопкі	262
тэлеканал	262
распачалі	262
адрозьніваюць	262
ажыцьцяўленьня	262
баранавічаў	262
пахаваньне	262
фармаце	262
леанарда	262
ангельскае	262
глыбокім	262
пазбаўлены	262
курсу	262
пасьпеў	262
іхняга	262
саудаўскай	262
паставы	262
нізіны	262
вырабляў	262
замены	262
дэбютавала	262
сэзонам	262
мяча	262
славіі	262
асабовы	262
навучальнай	261
багдан	261
закрыцьця	261
лаўцы	261
дуброўна	261
калінінградзкай	261
баторыя	261
прымяненьне	261
улічваючы	261
сканаў	261
прыкладу	261
дэлегацыі	261
палата	261
інфраструктуры	261
слабодка	261
любога	261
праверкі	261
вырабляць	261
пагрозу	261
падачы	261
праціўніка	261
ўсходнегерманскіх	261
янаўскага	261
прытулак	260
эканоміку	260
эўрапейскае	260
энциклопедический	260
дасьледчык	260
творчай	260
пошукі	260
электрастанцыі	260
нанб	260
уладаньне	260
лясах	260
густаў	260
посьпехі	260
каго	260
побыту	260
ногі	260
музычную	260
абалона	260
аб’екта	260
зьнішчыць	260
запазычаньне	260
сысуны	260
намесьнікі	260
палотнішча	260
панямоньні	260
колаў	259
старабеларускай	259
перабудавалі	259
роўныя	259
мячом	259
паўднёвыя	259
навакольлі	259
ільлі	259
навуковае	259
баявой	259
інтэрнэце	259
канстантына	259
камуністаў	259
сакратарыят	259
здольныя	259
сытуацыю	259
абавязаны	259
камітэце	259
пачатковую	259
памочнікам	259
выяўлена	259
марына	259
турэцкі	259
перададзена	259
відамі	259
папулярнасьці	259
набыць	259
ажыцьцяўляць	259
разьвівацца	259
карыстаецца	259
аўганістану	259
бу	259
іхнія	259
мэханізм	259
лекаў	259
травы	259
моладзевую	259
паверх	259
островецкого	259
геаграфічныя	258
дасьледнікаў	258
эканамічная	258
выкарыстаны	258
парыскай	258
кірава	258
узялі	258
прыпяць	258
па-польску	258
падатак	258
беластоцкі	258
зоркай	258
буйной	258
ўільяма	258
хлопчык	258
ўжываюцца	258
ператвораны	258
актывістаў	258
падразьдзяленьняў	258
ўключаны	258
бэн	258
-монт-	258
грузінскай	258
архіпэлягу	258
гарадоцкім	258
лёгкаатлеткі	258
перадачаў	258
абсэ	257
прэсы	257
рымска-каталіцкі	257
перавозак	257
служылі	257
адзінку	257
вырабілі	257
купал	257
заставацца	257
пецярбург	257
айчыны	257
франсуа	257
скаргі	257
фінансавы	257
чачэніі	257
франка	257
англ	257
электронны	257
відам	257
павялічыць	257
друя	257
мэсье	257
дадаў	257
адзнакі	257
ювэнтус	257
мяшчанаў	256
пэўным	256
цывілізацыі	256
чалавечай	256
імкнецца	256
доказаў	256
вызваліць	256
нацысты	256
пасадаў	256
служаць	256
дзьмітрыя	256
плынь	256
дзіцячага	256
замацавацца	256
аб’яднанай	256
франтах	256
вучылішча	256
рамантызму	256
ісьці	256
спэктакль	256
сярэдзіна	256
сетак	256
столькі	256
рэжыме	256
звон	256
вучэньня	256
мінімум	256
зьнікла	256
пашкоджаньні	256
бка	256
камянёў	256
дэбютным	256
алфавитный	256
писцовая	256
караткевіч	255
далучылі	255
марскога	255
усход	255
сетцы	255
езуса	255
ўдзельнік	255
берагу	255
стваральнікаў	255
сьляды	255
прыватная	255
радыёстанцыі	255
полацкае	255
праводзіўся	255
рэформа	255
тэрытарыяльнай	255
вагаецца	255
славянскія	255
малодшага	255
сфср	255
гіпотэзы	255
сялянства	255
страта	255
турму	255
адказвае	255
прадугледжвае	255
камітэтам	255
мянушка	255
замяніць	255
дэтройт	255
бакавых	255
органах	255
мінулых	254
навучэнцаў	254
структураў	254
аўтобусы	254
зьвяртае	254
апостал	254
левай	254
стол	254
аднайменным	254
спартовай	254
ўтвораная	254
выбітных	254
маёр	254
эрык	254
пэрсыдзкай	254
кіравала	254
кароткіх	254
ядра	254
забаронены	254
ціхаміраў	254
разглядзе	254
розум	254
сказаць	254
злачынстваў	254
гульнёй	254
рушыў	254
найменьне	254
адказны	254
сіні	254
ізраілі	254
вобл	254
кармэлітаў	253
музэяў	253
ўважаецца	253
вызначаюцца	253
зьмянілі	253
разьмешчанае	253
великого	253
белсат	253
воды	253
правай	253
мікіта	253
прыкметы	253
скласьці	253
колерам	253
гаспадарку	253
адчынены	253
выдаваўся	253
адмовы	253
дырыгент	253
энэргетыкі	253
знаходзячыся	253
дарогу	253
інтэр’еры	253
італьянскім	253
рымскіх	253
кірмаш	253
лю	253
іхняй	253
жабінкаўскага	253
адышлі	253
заваявала	253
фінальным	253
алімпіяды	253
фільмам	253
склаўшы	253
дарожнага	253
лёгкаатлеты	253
магчымым	252
захадаў	252
культурнае	252
украінай	252
выкапняў	252
вэрсіяў	252
дэканату	252
прызнае	252
столінскага	252
этнічны	252
запавет	252
зьбіраў	252
ўкраінскую	252
узяты	252
гаспадарчае	252
захоўвае	252
грамадзкімі	252
ведалі	252
першынстве	252
пляцоўка	252
пружанаў	252
сафія	252
гарадку	252
запачаткаваў	252
плод	252
патрыярха	252
іслач	252
захапіла	251
мэдычны	251
домам	251
мерапрыемствы	251
сустракаліся	251
слуцкая	251
ліцэй	251
пашырылася	251
памежных	251
іванам	251
яну	251
горадню	251
сь	251
асаблівую	251
просьбай	251
паехаў	251
кавалер	251
павінныя	251
іхняя	251
бі	251
паўвостраве	251
абмежаваны	251
банкноты	251
дадатковых	251
сказана	251
функцыю	251
пазначаецца	251
постановление	251
марскія	251
кулі	251
алтары	251
сельсовета	251
зьнітаваная	251
адрозьненьня	250
гадзіньнік	250
мескай	250
расстралялі	250
чыгуначным	250
артыстка	250
падыход	250
чыноўнікаў	250
рознай	250
падпалкоўнік	250
ваеннапалонных	250
крыжакоў	250
агінскага	250
доўгага	250
полацкая	250
аршанскай	250
партугальскі	250
актыўную	250
сельскія	250
вынаходнік	250
скончыўшы	250
эстонская	250
адпраўлены	250
возерам	250
пратакол	250
чэскага	250
царкоўныя	250
прызначаныя	250
сангушка	250
скончыць	250
здабыўшы	250
ранейшых	250
ўтворана	250
отв	250
трафэй	250
напоі	250
ладзілі	250
ўгоду	250
эратычныя	250
геаграфічнага	249
кожнае	249
разу	249
тэатральныя	249
гвалт	249
падданых	249
актора	249
жыхара	249
схема	249
летапісу	249
важнае	249
дзьвіна	249
апошнюю	249
амбасада	249
найвялікшых	249
расьлін	249
мэксыка	249
вырашэньня	249
коштам	249
прызнаць	249
рэлігійнага	249
рысамі	249
скарбу	249
сушы	249
старшы	249
хрысьціянскага	249
перасьлед	249
фізычныя	249
актыўным	249
вялейка	249
простае	249
ўрады	249
рас	249
губернских	249
адпаведнай	248
мужчынскай	248
пажары	248
арыштавалі	248
тэалёгіі	248
лячэньня	248
захворваньняў	248
выпадкі	248
адміністрацыйныя	248
годы	248
клясычны	248
растуць	248
рознага	248
напр	248
ноўгарад	248
памятны	248
дыск	248
мэдалямі	248
прыйшлося	248
лёсу	248
падляшша	248
рускага	248
крыло	248
выкарыстаць	248
штаб-кватэра	248
вушы	248
пункце	248
степан	248
формах	248
паўфіналу	248
сілах	248
малітвы	248
любанскім	248
доп	248
расенскі	248
экономии	248
сэнату	247
будучай	247
спаская	247
рэсурсы	247
імкнуліся	247
карціну	247
жыцця	247
карлам	247
функцыяў	247
нормаў	247
канстытуцыйнага	247
актораў	247
легіёну	247
конференции	247
прадстаўленая	247
акупацыя	247
пазыцыя	247
сьвятаром	247
актах	247
працягваць	247
лікі	247
паслоў	247
сыр	247
летувіскую	247
папярэдне	247
анатоля	247
крэўскі	247
схемы	247
мюнхэне	247
гі	247
рэлігійнымі	247
тоні	247
праць	247
адабралі	247
змагаўся	247
пасланьне	247
крупскім	247
згуляць	247
ўспамінаў	246
невядомыя	246
вид	246
пісьмовыя	246
доказы	246
палесьсі	246
ветру	246
імём	246
відах	246
прыродны	246
жорстка	246
лясны	246
бальшавікамі	246
паласы	246
баршчэўскі	246
сафіі	246
кірыла	246
выгнаньні	246
-годдзя	246
хасэ	246
паўночныя	246
ўкраінскае	246
скарападзкага	246
армянскай	246
зьліцьця	246
абраная	246
усталяваў	246
завершаны	246
колы	246
рухавіком	246
единиц	246
будаўнічыя	246
сродкам	246
адзначаюцца	246
адмову	246
турэцкага	246
четыре	246
выбарчых	246
захоўвалася	245
мескія	245
русіфікацыі	245
выпускае	245
музей	245
лякаматыў	245
зямельных	245
прыгажосьці	245
выкарыстаў	245
крыла	245
дамініка	245
рэгіянальная	245
сярэднявечнай	245
тагачасных	245
гатункаў	245
альбэрта	245
аматараў	245
усярэдзіне	245
борьба	245
дуб	245
бэрліну	245
мікалаем	245
перакладам	245
ўнутранай	245
зьявіўшыся	245
слонімскі	245
кропка	245
інструмэнт	245
падобным	245
сустрэліся	245
паказаць	245
дзіва	245
партугальскай	245
папярэджаньне	245
прыгатаваньня	245
маямі	245
фасадзе	245
лагойск	244
ўладаў	244
давала	244
часьцінак	244
мэмарыяльны	244
лідэры	244
бацькаўшчыны	244
абласная	244
берага	244
ўбачыць	244
згарэла	244
рэгіянальнага	244
памяшканьняў	244
заняпаду	244
панаваньне	244
фэдэральнага	244
любым	244
маладэчне	244
паштовых	244
майстры	244
ляхавіцкім	244
рабіла	244
выратаваць	244
ўнівэрсытэта	244
мабільны	244
менаваная	244
сафарэвіча	244
ніводнага	243
гарэцкі	243
акадэмічнага	243
пэрыяды	243
астравах	243
чуткі	243
постаць	243
лясныя	243
ран	243
хімічная	243
тураўскага	243
сустрэў	243
анры	243
пскоўскай	243
вызваленьні	243
перарабілі	243
адлюстроўваюць	243
нарвэскі	243
вэтэранаў	243
электронных	243
багоў	243
адзначылі	243
брамніка	243
міністэрствам	243
высокімі	243
французаў	243
рымскія	243
трымае	243
эмі	243
спэцыяльна	243
белавескай	243
малдаўскай	243
галасаваньне	243
заказьніка	243
гаворцы	242
базылянаў	242
вывучэньнем	242
сьведчаньняў	242
кантэксьце	242
сотняў	242
моцнай	242
адпаведнага	242
агінскіх	242
таварыстваў	242
адпавядаюць	242
розьніца	242
вывучэньні	242
дэклярацыі	242
просты	242
жадаў	242
евіч	242
масіў	242
кансэрваторыі	242
пісьменьніцы	242
нафтан	242
тае	242
зьвязанае	242
атрыманыя	242
церкви	242
пасольства	241
маршрутаў	241
каралеўстве	241
вызначыў	241
замкавай	241
вучні	241
плянуецца	241
аддзелам	241
нашыя	241
росквіт	241
фэсту	241
роляў	241
актыўнасьці	241
самотнікі	241
уладзіслава	241
ўшацкім	241
крыстыян	241
вобласьцяў	241
дадаюць	241
рукапісаў	241
генрык	241
генрыха	241
навучаліся	241
українській	241
працягнуць	241
аўтаматычна	241
стадыёну	241
выпрабаваньні	241
гэнры	241
азёр	241
зрабіўшы	241
набажэнствы	241
парнаграфіі	241
воєводства	241
спадарожнікаў	240
веравызнаньня	240
абвяшчэньне	240
прызначылі	240
белорусская	240
характэрна	240
майстроў	240
дзеяча	240
філязофію	240
каледжы	240
паркі	240
могілак	240
чалавеку	240
супрацоўніцтве	240
зянон	240
мэмарыял	240
прысутнічаюць	240
ажыцьцяўленьні	240
баявы	240
аркестру	240
джэймза	240
хуткага	240
ўпраўленьня	240
засьведчана	240
генэралы	240
грамаце	239
буйнымі	239
хрыстова	239
калёна	239
пагост	239
самакіраваньне	239
ўмове	239
вуліцай	239
дамове	239
опэра	239
альбанія	239
адпаведны	239
трагедыі	239
хрысьціянскі	239
хлеба	239
даніла	239
свету	239
канвэнцыі	239
валынскай	239
чыну	239
арыентацыі	239
здаецца	239
арсэналу	239
дасьледчыкаў	239
крылаў	239
спадарожнікі	239
тэлесэрыялы	239
вызвалілі	238
аркестар	238
менскам	238
спэцыяльнай	238
аўтамабільны	238
халоднай	238
пакроўская	238
княгіня	238
швэцыяй	238
замежжа	238
зьвесткамі	238
пераўтварэньні	238
рэзыдэнцыяй	238
іўе	238
паводзінаў	238
размаўляе	238
горная	238
маладосьці	238
нідэрляндзкія	238
ала	238
добрым	238
летувісы	238
скоропадського	238
адышоў	238
разуменьне	238
антарыё	238
сутнасьць	238
доўгіх	238
губерний	238
лэйкерз	238
ваяводства	237
невялікімі	237
завулак	237
арыгінальны	237
гай	237
званых	237
збудаваная	237
ідыш	237
прапанавалі	237
выкапні	237
вытворцам	237
асобнае	237
ішоў	237
захоўваліся	237
сядзібнага	237
зьнік	237
функцыя	237
прызнаныя	237
пастаўленая	237
дэклярацыю	237
небе	237
матэматыка	237
дзесяцігодзьдзяў	237
маладой	237
тэрмінаў	237
административно-территориальных	237
тэрытарыяльных	237
гуляла	237
трубы	237
упа	237
шкоду	237
вагой	237
мзс	237
стральбы	237
архиве	237
мемориал	237
невядомая	236
юрыдычнай	236
каралеўская	236
выдатны	236
славу	236
ўзбраеньня	236
тканіны	236
пэдагогі	236
аднаўленьні	236
сабора	236
дваццаці	236
пошты	236
вядзеньне	236
маркса	236
тэрытарыяльныя	236
габсбургаў	236
астраноміі	236
даваў	236
апублікавала	236
моўных	236
увёў	236
банкам	236
рушылі	236
дадзенай	236
малога	236
бізантыі	236
павялічваецца	236
заключыў	236
ліды	236
подпісаў	236
вокны	236
кнр	236
круг	236
дадзеным	236
ўваходу	236
храму	236
тытулаў	236
мікалаеўскай	236
току	236
ваеннае	235
мітынг	235
журналістка	235
ваенную	235
грэцкая	235
малі	235
ўспаміны	235
мураванага	235
ключ	235
значнае	235
распаўсюджваньня	235
генэрал-лейтэнант	235
камітэтаў	235
старэйшых	235
раньнім	235
сучаснасьць	235
гняздо	235
драматургі	235
гітарыст	235
набывае	235
чырвоных	235
чальцамі	235
абазначае	235
сьпевы	235
назьве	235
кампутарныя	235
документах	235
папярэдняе	235
нясе	235
шырокага	235
кіеўскае	235
покинул	235
адзнаку	235
складанасьці	235
сутак	235
пнр	235
востраву	235
тытулы	235
канадзкія	235
франтонам	235
рэстаўрацыі	234
захавалі	234
удзельніца	234
афрыканскіх	234
зладзіў	234
біскупства	234
клецкага	234
агнём	234
сэктару	234
вучань	234
скончыліся	234
лос-анджэлесе	234
кіпру	234
харвацкі	234
прадмет	234
ініцыятыве	234
зьбіраецца	234
паведамленьняў	234
складаліся	234
вызначаныя	234
неабходныя	234
камэдыя	234
будучыню	234
нападаў	234
гомелі	234
мюнхэн	234
людовіка	234
надпісы	234
азначаць	234
аграгарадку	234
владислав	234
аркавымі	234
выяўляе	233
менскіх	233
готыкі	233
ведомости	233
кантынэнтальны	233
жалезнага	233
датуюцца	233
усходніх	233
віленскую	233
мужчынская	233
штогадовы	233
браслаў	233
падараваў	233
наўпрост	233
беларусам	233
чытачоў	233
прынятае	233
вяртае	233
мадэляў	233
роўнай	233
сталіся	233
масла	233
улада	233
пераехалі	233
ак	233
лягеру	233
паляпшэньня	233
згоду	233
прадстаўляў	233
рамантычныя	233
сельсавета	233
уус	233
губэрнях	232
славянскага	232
рэдакцыяй	232
слоніме	232
камуністычнага	232
прадпрымальнік	232
жонцы	232
насельнікаў	232
узьнік	232
незалежныя	232
паказьнік	232
чарлз	232
жанчынам	232
быкава	232
прыхільнікамі	232
бразыльскі	232
пісьме	232
саманазва	232
хуткі	232
гетьмана	232
затрыманы	232
чвэрцьфінале	232
сэрбскія	232
намі	232
сеньненскім	232
лацінскім	232
двухбаковая	232
глыбока	231
менска	231
сельскагаспадарчага	231
ростам	231
пісалі	231
далучаныя	231
ручай	231
прафсаюзаў	231
брамай	231
меліся	231
выбітныя	231
югаславія	231
кастрычніцкай	231
босьнія	231
дасягненьне	231
шатляндзкі	231
пратэст	231
сястрой	231
рэцэнзія	231
кампутарных	231
паведамляецца	231
атрымліваецца	231
бугом	231
докшыцкага	231
вуліц	231
пастаяннай	231
ўсталяваньня	231
землямі	231
галавой	231
харчаваньне	231
завочна	231
її	231
білоруського	231
уваходам	231
дуброва	231
буда-кашалёўскага	231
насіў	230
украінцаў	230
кінастудыі	230
набыцьцё	230
шкла	230
затрымалі	230
падтрымлівала	230
касьцельная	230
ладзяцца	230
маршал	230
аўстрыйская	230
замежнымі	230
архіве	230
канадзкі	230
патрабуецца	230
вэрдзі	230
майстра	230
чацьвёрты	230
панам	230
календара	230
ўварваньне	230
палкі	230
фаўна	230
сталага	230
моў	230
заключылі	230
фінішаваў	230
швед	230
ска	230
бельскім	230
смалявічы	230
месту	229
інфарматыкі	229
інстытуты	229
аб’ёмам	229
блакітным	229
канцлера	229
им	229
прадугледжваў	229
акцыя	229
палажэньне	229
правыя	229
філязофскіх	229
караліна	229
прыватным	229
канцылярыі	229
новый	229
падтрыманьне	229
швайцарскі	229
чэская	229
джэксан	229
пасярод	229
хуан	229
біялёгіі	229
публікацыяў	229
студэнцкага	229
ангельшчыну	229
тэхніцы	229
ваенным	229
перакладах	229
творамі	229
носяць	229
абу	229
варшаўскім	229
выканаць	229
просіць	229
грэцкіх	229
карціне	229
складаньне	229
высланы	229
вучэньні	229
хан	229
ўнічыю	229
вядучы	229
жаночую	229
атрадаў	229
акупанты	228
ўвядзеньня	228
адабрала	228
вежамі	228
ахову	228
ўмацаваньні	228
бярэзіна	228
тэхнікум	228
сталым	228
прадалі	228
абіраецца	228
разьдзеле	228
лявона	228
смаленская	228
прыхільнік	228
паспалітае	228
айчынную	228
неадкладна	228
падзеньне	228
абразы	228
прэзыдэнту	228
алею	228
хору	228
продажаў	228
калектыву	228
этнаграфічнага	228
адбываўся	228
заявілі	228
сергей	228
памылак	228
наукових	228
паласа	228
скаўтаў	228
агульнапольскі	228
найлепшай	228
калёны	228
київського	228
сьледчыя	228
контракты	228
тамаша	227
выклікаюць	227
спэцыяльныя	227
эўфрасіньні	227
гербаў	227
доўгая	227
гітары	227
выконвала	227
папулярныя	227
распаўсюджваецца	227
кожную	227
найбуйнейшай	227
лірыка	227
ігнацы	227
тузін	227
партале	227
башкартастану	227
спрэчак	227
каралеўствам	227
трымалі	227
цяжкі	227
рэнэ	227
накладам	227
ўзаемадзеяньня	227
цкая	227
лепельскім	227
храмаў	227
гандболе	227
падставы	227
сб	227
сьцьвярджаюць	227
гектараў	227
запыт	227
змагаліся	227
арганізмаў	227
клясычным	227
вольна	227
прамое	227
складанай	227
лекі	227
статыстыкі	227
лібэртадорэс	227
завяршэньні	227
минска	226
мураваная	226
государства	226
пачатковых	226
рэвіскіх	226
продкі	226
навінаў	226
харчовая	226
летні	226
далейшага	226
дзевы	226
дэталяў	226
пётра	226
зімы	226
адкрытых	226
малдове	226
арабскага	226
камуністычная	226
кандыдацкую	226
хлопец	226
будучым	226
выдаць	226
перастаў	226
праявы	226
фальклёр	226
службаў	226
беларуска-украінскіх	226
державі	226
нарвою	226
жамойтаў	226
пастаноўкі	226
залатых	226
папераў	226
заснаваньні	226
тэрміналёгія	226
даходаў	226
газеты	226
улучаў	226
дрысенскага	226
катлавіны	226
клуб	226
зьняўся	226
мураваныя	225
акадэмічны	225
абавязак	225
помнікам	225
корпусе	225
зьмяшчаюць	225
левыя	225
праваслаўнае	225
сынагогі	225
мяркуюць	225
палёў	225
снежня	225
дыега	225
беспасьпяхова	225
запаведнік	225
паходзіла	225
дапаможнік	225
тацьцяна	225
гародні	225
вільгельма	225
літарай	225
вяршэнства	225
паштовай	225
західне	225
підляшшя	225
асаблівасьцю	225
адкрытае	225
спэцыялістаў	225
шкоды	225
афрыка	225
цікава	225
энэргію	225
гарады-сябры	225
прыналежалі	225
рэйнджарз	225
бібліятэк	224
кастрычніцкі	224
балету	224
мусяць	224
пляцу	224
ўкраінская	224
рэльефу	224
малюнку	224
заснавальніка	224
рэгулярнага	224
разьбіў	224
сем’і	224
падпісаная	224
лепшым	224
загадзя	224
таліне	224
ўвёў	224
літаратуразнаўцы	224
ўвосень	224
министерства	224
сацыял-дэмакратычнай	224
вымаўляецца	224
бераставіцкім	224
блакітны	224
рэзыдэнцыі	224
адсотак	224
даляр	224
квартал	224
якутск	224
січня	224
комплексы	223
менскія	223
мэдычнай	223
латвійскай	223
вольныя	223
шамякін	223
валовіч	223
литовского	223
вішнявецкі	223
слаба	223
прыцягвацца	223
рагу	223
згуртаваньня	223
георг	223
выбару	223
голасу	223
аб’ядналіся	223
аварыі	223
барысаўскай	223
недахоп	223
рэцэнзіі	223
радкі	223
летуву	223
паседжаньне	223
студыя	223
талент	223
вывучаць	223
суаўтарстве	223
сыстэмах	223
біялягічных	223
эвангельля	223
працоўная	223
браслаўскі	223
наведвальнікаў	223
лігаў	223
прынца	223
сэн-жэрмэн	223
се	223
падобнае	223
современная	223
залесьсе	223
ўчасткі	223
законнасьці	223
шасі	223
лоеўскага	223
ірина	223
летапісы	222
падарожжы	222
аўтобусаў	222
замчышча	222
аблога	222
ўкраінскія	222
сялянскага	222
накіравалі	222
драўлянымі	222
падзелена	222
самагубства	222
падпольля	222
лейтэнант	222
гіпотэза	222
параўнаньня	222
эндру	222
экспазыцыі	222
назоўнікаў	222
пашкевіч	222
кошту	222
зьмітра	222
моўнае	222
зьніклы	222
сыходзіць	222
спажываньня	222
восточной	222
пераходны	222
жамойцкі	222
далас	222
кінакамэдыі	222
прафэсійнага	221
асіпавічы	221
зьвязвае	221
інвэнтару	221
вобласці	221
зьмяненьне	221
сувэрэнітэту	221
скасаваньне	221
юрысдыкцыі	221
уладзімерам	221
сэктары	221
ластоўскі	221
дайшоў	221
леаніда	221
атрыманы	221
пуцін	221
бярэзінскі	221
ве	221
падставай	221
групавога	221
клюбны	221
ленінградзкай	221
разнастайнасьць	221
прускай	221
звароту	221
пабудове	221
меркавалася	221
выбаршчыкаў	221
паўфінал	221
мядзельскі	221
дзесяціны	221
московского	220
ўсебеларускага	220
тбм	220
вызначаюць	220
альгерда	220
першамайскі	220
княстваў	220
рагачоў	220
камандуючы	220
рак	220
улучае	220
адмысловай	220
паспрабаваў	220
сысьці	220
канстытуцыяй	220
сапраўднай	220
філялягічны	220
марыяй	220
пашкоджаньне	220
долі	220
згадвае	220
познані	220
простай	220
натуральных	220
падзялілі	220
андрей	220
ангельскіх	220
базавых	220
мэту	220
строга	220
ачольваў	220
баўгарскай	220
гарнізон	220
дэталі	220
флярэнцыі	220
вілейскага	220
прыгонныя	220
назвамі	219
камэрцыйны	219
схілах	219
міхалова	219
алімпійскага	219
найбольшыя	219
таксі	219
агляду	219
швэды	219
аб’ёме	219
майстэрня	219
гаспадарчы	219
званіцы	219
кірыл	219
рэчкі	219
атлас	219
манахаў	219
гедзіміна	219
прынцыпу	219
доўгай	219
закончыў	219
фінскі	219
уладзі	219
юрка	219
вадароду	219
прызнаная	219
талін	219
патрабаваньне	219
міжрэччы	219
пяцігадовы	219
ўтвараюцца	219
ісламскага	219
кто	219
блізка	219
кобрынскім	219
абараніць	219
выбыў	219
люблінскага	219
три	219
чые	219
адстаўкі	219
бцр	219
ваўкавыскі	219
ноччу	219
законных	219
каранавірусу	219
рэалу	219
вылучаны	219
гіндзі	219
оп	219
зьнялася	219
зьдзецельскі	219
ву	219
інстытутаў	218
водныя	218
культурная	218
сфармавалася	218
сапр	218
фракцыі	218
грамадзкасьці	218
сьнег	218
архітэктарам	218
найбуйнейшая	218
дзеюць	218
меркаваньняў	218
гарматаў	218
гандлёвага	218
каталік	218
казань	218
ўстановамі	218
малым	218
палітычнымі	218
запас	218
ордэнамі	218
атамнай	218
завяршыўся	218
заклаў	218
пазначаны	218
трохгадовы	218
актыўнасьць	218
туркі	218
курсаў	218
рэдкіх	218
малое	218
паставіць	218
удзельнічаюць	218
аўтадарогі	218
кляштарны	218
фактараў	218
народамі	218
коле	218
тамоў	218
мг	218
сведениями	218
освіти	218
хранящихся	218
складзеная	217
брацтва	217
ўтварэньні	217
пераважная	217
прыходам	217
тэкстах	217
праіснавала	217
разьвівалася	217
жывапісец	217
паэме	217
прыватны	217
ту-	217
палітыкай	217
тамара	217
абарончыя	217
наданьні	217
слове	217
накіраваныя	217
дзяржавах	217
тамсама	217
вытокі	217
абавязковыя	217
эстонскі	217
лепшыя	217
ўшацкага	217
салідарнасьць	217
камунізму	217
баляслаў	217
забясьпечваюць	217
выпускаць	217
вяскоўцаў	217
любові	217
радовішча	217
мага	217
папярэдняй	217
абраньня	217
лы	217
аўганістане	217
каўказу	217
згадваюцца	217
дрысенскім	217
шырокая	217
кашталяны	217
бойко	217
мястэчак	216
зразумець	216
шчыльна	216
падаткі	216
геаграфічнае	216
нацыянальнасьцяў	216
вяшчаньне	216
моста	216
выходзілі	216
спорце	216
надрукаваў	216
зьбіраліся	216
целы	216
правапарадку	216
дадзенага	216
сягае	216
ул	216
хрысьціяне	216
тэлеканале	216
сёмы	216
аднымі	216
тэхналёгія	216
адзначана	216
ўзору	216
запісе	216
дакладным	216
мікалаю	216
прэзыдыюма	216
рамонту	216
захоўваць	216
розны	216
гульцамі	216
мультфільмы	216
воінаў	216
мозгу	216
вартасьцю	216
кажучы	216
валожын	216
округи	216
затока	216
адзначаюць	215
неўскага	215
эўразіі	215
завяршэньня	215
праведзена	215
камандамі	215
перасякае	215
бараніў	215
мэханікі	215
арганізатар	215
асабістую	215
простага	215
найбольшае	215
комитет	215
ўсяе	215
койданаў	215
пайсьці	215
хаўрусьнікаў	215
будовы	215
альбрэхт	215
выконваецца	215
вылучыць	215
прэсе	215
музыкай	215
ставіліся	215
званая	215
мэталу	215
пэрыядам	215
памірае	215
багацьце	215
зьнешняй	215
міграцыі	215
яйкі	215
хана	215
фізычнага	215
фэльчарска-акушэрскі	215
фінансаваньня	215
супэркубак	215
іслачы	215
незадоўга	215
быхаў	215
зьмяшчала	215
рэ	215
сустракае	215
пац	215
зорных	215
валентина	215
заклік	214
валокі	214
мірны	214
фарны	214
мажлівасьць	214
патрабавалі	214
асуджаныя	214
палонных	214
няхай	214
францішканскі	214
элемэнтам	214
парэшткі	214
чыньнікі	214
італьянскіх	214
грамадзяніна	214
спробе	214
раньняй	214
рыгі	214
анджэй	214
арабскія	214
значнасьць	214
душа	214
ўвагі	214
чатырохгадовы	214
распаўсюду	214
задачай	214
заўжды	214
абшчыны	214
члены	214
гаворыць	214
пазначэньне	214
званай	214
сцэна	214
атрыманых	214
ак-	214
намаганьнямі	213
ганаровае	213
мескіх	213
замежнага	213
падпісаньне	213
практыка	213
ахвярам	213
праведзеныя	213
прасоўваньне	213
забароненая	213
гданьску	213
адборачным	213
пісьменьнікам	213
родную	213
назіраньня	213
патрэбу	213
віла	213
пазьнейшых	213
стб	213
прысуд	213
узяўшы	213
абмежаваньняў	213
апісваецца	213
набыло	213
ўзьнікае	213
ааэ	213
памочнік	213
супольна	212
грамадзянскае	212
падаць	212
юдэі	212
матэрыялах	212
баскетбольны	212
уладзімеравіч	212
тутэйшыя	212
астроскі	212
паўлам	212
наведалі	212
вены	212
падпісала	212
людвіг	212
перакладзены	212
прамень	212
звычайныя	212
перанёс	212
ядзерных	212
зацьвердзіла	212
спосабу	212
граматыкі	212
сьвяткаваньне	212
иван	212
асаблівай	212
прэзыдэнцкія	212
улучаны	212
лепельскага	212
каларада	212
льскі	212
жоўты	212
камісараў	212
вышэйшага	212
матчам	212
крашэўскага	212
кут	212
ўэйлзу	212
мас	212
лу	212
магілеўскае	212
фільмы-драмы	212
будынках	211
ларыса	211
падзеях	211
эвалюцыі	211
срэбным	211
падмурак	211
спынілася	211
войнах	211
зробленая	211
этнічная	211
аўстрыйскага	211
дачыненьняў	211
каляды	211
маладэчанскі	211
публіцысты	211
выхадцы	211
сьміт	211
тоны	211
грыбы	211
рэспубліканскім	211
буйная	211
набыцьця	211
красная	211
летувой	211
багатыя	211
наданьня	211
слоў	211
ская	211
надзвычайным	211
владимир	211
мартына	211
паветах	211
ўтрыманьня	211
моцных	211
ператварылася	211
ўнівэрсытэты	211
карты	211
задач	211
аддзяленьняў	211
дмитрий	211
статей	211
подимного	211
податку	211
прыпала	210
сядзібна-паркавы	210
меншыя	210
рабоў	210
шляхецкай	210
правадыр	210
пушкін	210
сэрыяле	210
тв	210
вішнявецкіх	210
сельскагаспадарчыя	210
крывічы	210
бакавы	210
магчымасьцяў	210
пасьведчаньне	210
ініцыятарам	210
луцкевіч	210
падпарадкаваньне	210
масавага	210
даваць	210
філялёгіі	210
праваслаўным	210
каранёў	210
абсалютна	210
рыба	210
кінафэстывалі	210
ўсходнюю	210
сьвяткаваньня	210
прадугледжвала	210
ключавых	210
прыносіць	210
адпавядала	210
вуп	210
нарматыўных	210
ведамства	210
-нэфавая	210
спрыялі	209
асяродак	209
лекара	209
глядзець	209
кірылы	209
рэдактары	209
працягласьці	209
паходзілі	209
артура	209
марках	209
калюмбія	209
чарлі	209
международной	209
смаргонскі	209
кампутара	209
акупаванай	209
жыровічы	209
адных	209
гу	209
храме	209
нядзелю	209
гаспадарчага	209
электрычны	209
ўладальнікаў	209
игроком	209
прыёму	209
вадкасьці	209
мадыфікацыі	209
харчовыя	209
кубы	209
карт	209
дэпартамэнтаў	209
ігуменскі	209
прибавлениями	209
изданная	209
вылучаліся	208
прафэсійныя	208
время	208
тэатраў	208
пружанах	208
бегу	208
форт	208
баскетболе	208
западной	208
рэгіянальны	208
актывіст	208
дзяржынскага	208
пасьпяховых	208
паразаў	208
увечары	208
сярэдняе	208
трапляюць	208
кавалёў	208
людовік	208
чалавечых	208
вучоны	208
сэрыяў	208
чвэрць	208
нададзены	208
афармленьне	208
руку	208
маладняк	208
львова	208
прагі	208
тэксьце	208
радкоў	208
палатно	208
кітайская	208
горацкага	208
каталіцкім	208
заваёвы	208
гішпанскіх	208
ўключаная	208
удалося	208
райт	208
зара	208
бардо	208
івацэвіцкім	208
добрую	208
пазьнейшыя	208
зялёныя	208
адваротным	208
намесьнікаў	208
докшыцкім	208
трылёгіі	208
інтэрнацыянале	208
відносини	208
літвой	207
прасіў	207
афіцыйную	207
спартовага	207
халодная	207
клясычнага	207
бізантыйскай	207
дваранства	207
праводзіла	207
дзесяцінаў	207
ўжываюць	207
губэрню	207
прысьвечаных	207
шырыню	207
януша	207
этапы	207
дзяды	207
царква-мураўёўка	207
вянок	207
славенія	207
невялікага	207
пятром	207
факультэты	207
ўнутраныя	207
мэце	207
доўжылася	207
арганізацыях	207
пэнсію	207
льюіс	207
фактаў	207
рукамі	207
вызначыўся	207
гвардыі	207
дал	207
здымкаў	207
індыйскі	207
стасункаў	207
богу	207
іхняе	207
журналістам	207
удзельнічалі	207
міжземнага	207
трлн	207
урбан	207
родная	207
ісламу	207
сэзонах	207
клюбах	207
ўладаньне	207
замошша	207
прымяненьня	207
вплив	207
вывезьлі	206
цьвёрдых	206
катэдральны	206
рэвалюцыйнага	206
грэкі	206
мікрараён	206
жаночых	206
пакрыцьця	206
фізыка-матэматычных	206
аўтаномію	206
спрабуюць	206
медзі	206
ракаў	206
русо	206
жывой	206
польска-савецкай	206
стылем	206
альбоме	206
раніцай	206
русской	206
аркушы	206
студэнтам	206
латышонак	206
прысутнічалі	206
сьмяротнае	206
архіпэляг	206
астан	206
бакавымі	206
альжыры	206
адмысловага	206
магазын	206
паездкі	206
дело	206
даступныя	206
набраўшы	206
сава	206
кветкавых	206
расьліна	206
міляну	206
пола	206
радавод	206
зарэгістраваны	206
намінаваны	206
рагачоўскім	206
тагачасны	205
знаку	205
связи	205
маршруты	205
тэатрам	205
прадукцыя	205
верас	205
керамікі	205
крыжакі	205
імпэратарскай	205
культур	205
паўлаў	205
калекцыю	205
кампутараў	205
лютэр	205
дэкрэт	205
выпрабаваньняў	205
грашовых	205
лячэньне	205
пачуцьцё	205
строй	205
лацінкай	205
акупаваная	205
архіваў	205
ўтрымліваюць	205
рыцары	205
чэхаславаччына	205
спадарожніка	205
хвіліну	205
экспэртаў	205
зьняволеных	205
адбор	205
перапрацоўкі	205
жизни	205
чернігів	205
каталёга	205
саміх	204
археолягі	204
захопнікаў	204
машынабудаваньня	204
насіць	204
сталай	204
багдана	204
белапан	204
усевалад	204
ту	204
астроўскі	204
бэльгійскі	204
родныя	204
таемна	204
партыйны	204
малюнкаў	204
электрычнага	204
лютэра	204
васілевіч	204
гатовы	204
факультэта	204
дзель	204
нізкім	204
фінскай	204
прадпрыемстве	204
ўзьнікаюць	204
пахаваная	204
адсутнасьцю	204
анёл	204
казані	204
хет-трык	204
гуляючы	204
масавае	204
древней	204
японскія	204
пачаткова	204
паляваньня	204
служыла	204
заняты	204
падпарадкаваньні	204
адыграў	204
муніцыпалітэце	204
падатковага	204
матяш	204
трэнаваўся	204
карэліі	204
березень	204
верстюк	204
віднянський	204
сходы	203
амстэрдам	203
пабудову	203
япіскап	203
ляжаць	203
тысячу	203
мястэчкам	203
збудаваньне	203
памылкова	203
мацея	203
мастоў	203
вугорцы	203
фэрдынанда	203
мэр	203
загадваў	203
сур’ёзна	203
набору	203
зьяваў	203
франчэска	203
ксяндза	203
перамозе	203
формула	203
трокі	203
парушэньня	203
асобу	203
галасаваньні	203
наяўнасьцю	203
іе	203
праектам	203
бізнэс	203
дванаццаць	203
спаборніцтве	203
актыўныя	203
прызначэньні	203
арбіты	203
нерухомасьці	203
вернікі	203
вылучылі	203
адбору	203
муніцыпалітэт	203
барусія	203
січень	203
пиріг	203
чвэрцьфінал	203
стральцоў	202
ўжывалася	202
перабудове	202
дачыненьне	202
лунінец	202
улучна	202
салдатаў	202
навакольлях	202
маяк	202
драўляным	202
кірункі	202
турыстычны	202
рамёстваў	202
сталічны	202
пісьмовай	202
культурай	202
этапах	202
горнай	202
фэдэральная	202
дзяўчыны	202
ніякага	202
цырымонія	202
вішнявецкага	202
вальтэр	202
наступная	202
вясельле	202
пік	202
названа	202
копіі	202
траціны	202
адзінкай	202
вугалю	202
паклаў	202
радовішчаў	202
сялец	202
шчучынскі	202
камісіяй	202
пазыцыях	202
прапанова	202
тычыцца	202
футбольным	202
стакгольм	202
целаў	202
суадносіны	202
цэнтарам	202
статыстыку	202
окупація	202
східного	202
буда-кашалёўскім	202
порнавырабы	202
электрастанцыя	201
пратэстантаў	201
разуменьня	201
соф’і	201
ўзьвялі	201
прадстаўляюць	201
унію	201
орды	201
традыцыйным	201
земскага	201
жаночае	201
ўнутраны	201
будучых	201
катастрофа	201
фрэнк	201
валодала	201
цікавыя	201
індустрыі	201
жыта	201
раніцы	201
мэдычнага	201
руская	201
гуляюць	201
забараніў	201
гітлера	201
абвінавачаньне	201
магчымыя	201
рэшту	201
-гадовая	201
футбольную	201
абмежаваньня	201
зьніжэньне	201
аргентыне	201
дызайну	201
мл	201
вузаў	201
німеччина	201
вєдєнєєв	201
сіверський	201
зл	201
ваяроў	200
зладзілі	200
витебского	200
адпачынак	200
хакеі	200
традыцыйнага	200
царкоўная	200
хлопцы	200
гучыць	200
аддаць	200
шарль	200
паўплывалі	200
кватэру	200
выбранае	200
самую	200
помніку	200
выхадзе	200
перадаецца	200
фігура	200
работа	200
ўладальніка	200
кіруецца	200
шчучын	200
газэтаў	200
выкананыя	200
старостам	200
украінскае	200
канчатак	200
цяжкім	200
саюзных	200
лагойскі	200
краем	200
дэпутата	200
кодэксам	200
метлицька	200
тимчасова	200
німецька	200
міждержавні	200
казіміров	200
післядипломної	200
зьмяненьня	199
інтэграцыі	199
астатняй	199
таямніцы	199
падзялялася	199
патрабуюць	199
спрабавала	199
палацава-паркавы	199
экспазыцыя	199
аршанская	199
пакаленьняў	199
вярхоўі	199
ленін	199
порта	199
пераважае	199
ўдзельнічае	199
песні	199
граць	199
сьцяна	199
падляскае	199
мішэль	199
узораў	199
манахі	199
ўрэшце	199
патрабаваў	199
роман	199
прыведзены	199
камсамолу	199
ліцэнзіі	199
камэры	199
ме	199
акругах	199
пераўтвораны	199
пасяджэньні	199
выбарцаў	199
дэль	199
лічачы	199
працамі	199
вытворчасьцю	199
суседнія	199
уніяцкай	199
паданьне	198
повета	198
адмыслоўцаў	198
спаса	198
ўсходні	198
дысцыпліны	198
могилевского	198
ніжняга	198
заняткаў	198
вам	198
гіст	198
езуіты	198
ранейшыя	198
ўладальнікам	198
кірыліцы	198
дарогах	198
білі	198
прызнаецца	198
мэтал	198
землятрус	198
таварыствам	198
-го	198
вильнюс	198
гальшанскі	198
азэрбайджане	198
рад	198
белымі	198
ракетаў	198
бруна	198
член	198
чная	198
кандыдатуру	198
старэйшай	198
салігорскі	198
арміяў	198
дзеясловаў	198
нарадзіла	198
напады	198
вестак	198
дыялекце	198
меркавана	198
территории	198
п’янства	198
лясамі	198
паром	198
прыцягнуў	198
бешанковіцкага	198
азэрбайджанскай	198
выкананьню	198
-ярусная	198
лёду	198
скляпеньнямі	198
четверти	198
службовымі	198
кірунках	197
жыццё	197
тэме	197
акіяніі	197
калёніяў	197
разбору	197
абласным	197
курган	197
нді	197
працягваюць	197
міхайла	197
гарадзкое	197
мовазнавец	197
адсоткаў	197
псыхалёгіі	197
падобнага	197
гатункі	197
нарач	197
генэралам	197
значэньняў	197
дзеда	197
адмаўляецца	197
духоўных	197
амсьціслаўскі	197
стакгольме	197
базуецца	197
пашыраныя	197
йскі	197
біскупаў	197
прыехалі	197
нядзеля	197
хлебазапасны	197
балтыйскіх	197
этнасу	197
пераўтварэньня	197
ніжэйшых	197
первой	197
згаданы	197
мёду	197
наміналам	197
луганскай	197
паветранага	197
батальёны	197
духоўная	196
установа	196
выяўленчага	196
гатэлі	196
пётр	196
рэлігіяй	196
заклалі	196
ўсталяваныя	196
султан	196
забаранілі	196
могилев	196
лёгкая	196
скасаваная	196
сямёна	196
бітваў	196
пэдагагічным	196
пародаў	196
ваяводзтваў	196
выдатныя	196
публікацыя	196
ажыцьцяўленьне	196
ніл	196
перакладзеныя	196
фінансавага	196
міха	196
мао	196
мірнага	196
дуда	196
прыцягваўся	196
жанчынай	196
вішнеўскі	196
гарадох	196
раманам	196
запрасілі	196
давіда	196
кілямэтры	196
кароткай	196
індаэўрапейскіх	196
кампутары	196
вугаль	196
захаваньні	196
конь	196
клецак	196
альбомам	196
шклоў	196
ўзрост	196
галосны	196
зялёнай	196
супернікам	196
пракурора	196
ўжываць	196
падкаморы	196
прэміяў	196
аўтамабіля	196
пасяліліся	196
апісаныя	196
канстантынопальскага	196
вузы	196
прававой	196
ўзбраеньні	196
харкаўскай	196
аналізуе	196
прибавление	196
муры	195
сацыяльнае	195
наступную	195
чыньнікаў	195
адбыцца	195
портам	195
канферэнцыі	195
тыдня	195
рэкамі	195
прыстань	195
жыдоўскага	195
-годзьдзе	195
плянаваньня	195
прагноз	195
пасадах	195
луцкевіча	195
энцыклапедычны	195
часовай	195
распараджэньне	195
госьці	195
абрамовіч	195
джузэпэ	195
рэшта	195
паходжаньні	195
турніраў	195
крэва	195
пагадненьняў	195
арганізаваць	195
летувіскае	195
пераходных	195
браціславе	195
вонкавы	195
цягніка	195
расьліннасьці	195
прадугледжаных	195
палётаў	195
сэкс	195
падпарадкаванымі	195
палтаўскай	195
жеменецький	195
вэб-сайты	195
порнавырабаў	195
паказала	194
жыхарам	194
прадмова	194
сфэра	194
тэхніку	194
юрась	194
палажэньня	194
жытла	194
энцикл	194
камісара	194
русский	194
фундаваў	194
панятоўскі	194
забесьпячэньні	194
аддалі	194
расстрэлу	194
зрабілася	194
пэдра	194
машыну	194
рыма	194
белорусского	194
нац	194
бітву	194
ядвіга	194
дэмакратыя	194
злучаны	194
прапановаў	194
хлопчыкаў	194
абвінавачваньні	194
заключэньня	194
распад	194
стаўкі	194
таўн	194
органа	194
прыпынку	194
іваноў	194
назірае	194
ўключала	194
зялёнага	194
лукашэнку	194
накрыты	194
самаходаў	194
эклектыкі	194
эма	194
служби	194
дакладная	193
зьнікненьня	193
адмысловым	193
тымі	193
князямі	193
мільёну	193
салдаты	193
мірныя	193
беспасярэдне	193
рускі	193
пасярэдзіне	193
духоўныя	193
вытокаў	193
барысаве	193
балтыі	193
против	193
далейшы	193
школьная	193
фармаваньняў	193
праваслаўя	193
нацыяналістаў	193
прыгнёт	193
сьцяне	193
пахавалі	193
мужчынскую	193
пакрыцьцё	193
чытаньня	193
выкупіў	193
грэцкім	193
паказчык	193
паветраныя	193
здабыцьця	193
работнік	193
саветам	193
досьведу	193
спыненьні	193
дамагчыся	193
чацьвертае	193
шча	193
рная	193
узьбярэжжа	193
злучаецца	193
каня	193
русіфікацыя	193
татарстану	193
рубэнса	193
тэлесэрыял	193
сакольскім	193
краснапольскім	193
крумкачы	193
зарабіў	193
прастакутнымі	193
надзвычайных	192
петруся	192
рэжымам	192
багатая	192
масквой	192
здарылася	192
габрэйскі	192
налева	192
шчыта	192
зьвязе	192
справядлівасьці	192
самастойнай	192
дыялектах	192
быкаў	192
унутранага	192
праўду	192
царкоўнаславянскай	192
лекарам	192
славяне	192
школьнай	192
хведар	192
парлямэнтам	192
узрост	192
дрэнна	192
фінансаваньне	192
зэльвенскім	192
падручнікаў	192
націскам	192
ісламскай	192
вачэй	192
рэклямы	192
гонка	192
адзначаўся	192
газаў	192
арк	192
эстонскія	192
адэсе	192
ўлучаў	192
праёмы	192
дружба	191
ліцьвін	191
дасьледуе	191
біяграфіі	191
мир	191
складам	191
лічыліся	191
незалежны	191
природа	191
же	191
камяніца	191
параза	191
сталы	191
зафіксаваныя	191
шчасьце	191
гібелі	191
сыгнал	191
знакамітых	191
брату	191
варыянце	191
шэксьпіра	191
гавораць	191
фэсьце	191
басовішча	191
віленскіх	191
іхніх	191
літоўцы	191
лэдзі	191
праграм	191
рэліз	191
жывапіс	191
элізабэт	191
бельск	191
крымскіх	191
зьбіраць	191
ейную	191
юзафа	191
клюбамі	191
прызначаўся	191
вугорцаў	191
сумеснага	191
гр	191
наўка	191
белшыны	191
паданьні	190
выступіць	190
судовыя	190
кінатэатар	190
сынамі	190
плянаў	190
невялікае	190
ватыкан	190
захоўваньне	190
зьвязам	190
падаюць	190
загадзе	190
чарняўскі	190
генры	190
ацэнку	190
магістар	190
насельнікі	190
-гадовай	190
абхазіі	190
распрацаваныя	190
селяніна	190
тэрытарыяльна	190
бюст	190
фізычная	190
кропкі	190
сёньняшняга	190
падтрымала	190
лісьця	190
плянэт	190
культ	190
наведваньня	190
шанец	190
кваліфікацыйнага	190
супадае	190
арганізацый	190
звонку	190
мінскага	189
папскай	189
першапачатковы	189
сады	189
рыцараў	189
цыклю	189
кантакт	189
замірэньня	189
мэдычнае	189
генэрал-маёра	189
ўмацаваньне	189
арэны	189
пашырыць	189
дашкольная	189
каталіцкую	189
зыгмунт	189
роўных	189
зымбабвэ	189
куба	189
пачынальнік	189
імкнуцца	189
сталін	189
рэспубліканская	189
адзначыла	189
зразумела	189
пражыў	189
воўк	189
камэрцыйных	189
патрэбна	189
утрымлівае	189
сабраць	189
аўтобус	189
грузінская	189
выкладчыкаў	189
харвацкай	189
дзядзькі	189
состав	189
выраблены	189
саксоніі	189
незадаволенасьць	189
офіс	189
дэпартамэнце	189
выканаўчымі	189
пяхотны	189
уладальнікаў	189
ігнаці	189
згадаў	189
атлетык	189
чыгунак	188
записки	188
узяць	188
абласныя	188
азія	188
чыніць	188
дазволена	188
арыштаваныя	188
самаабароны	188
канцэпцыю	188
звалі	188
дэлегатаў	188
куляшова	188
складаньні	188
перамогаў	188
пабачыць	188
советов	188
масу	188
сэрбы	188
запатрабаваў	188
томаса	188
вершах	188
дасюль	188
ззаду	188
апрацоўка	188
тагачасным	188
паведамілі	188
парады	188
праграмнае	188
асаблівасьць	188
кангрэсе	188
казаць	188
вольнай	188
інстытутам	188
ўандэрэрз	188
супрацоўнікамі	188
сакрата	188
кваліфікацыйным	188
лёнданскага	188
імігрантаў	188
хацелі	188
даходы	188
бітвах	188
сядзібай	188
фінальнай	188
манастыру	188
разводу	188
шкі	188
карае	188
пракуроры	188
ўтоку	187
назоўнікі	187
шыльда	187
ўвага	187
датай	187
познань	187
пілсудзкага	187
надалі	187
ганс	187
изданные	187
фабрыку	187
прарока	187
адэса	187
рушчыц	187
вялася	187
тэрору	187
хаўрус	187
ёгана	187
абмеркаваньня	187
жывы	187
мусульманаў	187
этэры	187
выкарыстаныя	187
джозэф	187
вашынгтоне	187
статусе	187
папулярная	187
чыста	187
хэльсынкі	187
абвінавачаны	187
мусульмане	187
зачынены	187
кіт	187
цукар	187
хлопчыка	187
эліты	187
еще	187
цячэньні	187
абмежаваная	187
джаваньні	187
рыскага	187
рпц	187
кантынэнтальнай	187
апарату	187
участку	187
гішпанію	187
судамі	187
экіпажу	187
чисельність	187
украину	187
центральном	187
барусіі	187
трэнавацца	187
летувіскім	186
перабудаваны	186
адамовіч	186
ваенная	186
племені	186
эканоміі	186
славянскае	186
васільевіч	186
акцыянэрнае	186
задачу	186
княствы	186
студэнцкіх	186
валун	186
манаграфіі	186
косткі	186
каталёніі	186
ігната	186
нацыянальнымі	186
эміграваў	186
дадаць	186
адны	186
асамблея	186
мыш	186
узвышша	186
страх	186
прэтэнзіі	186
пачуцьці	186
ркп	186
памерах	186
ўведзеныя	186
гарадзеншчыны	186
пашыраная	186
квт	186
восьмы	186
гадзіна	186
утварэньня	186
нейкай	186
дэманстрацыі	186
пастаноўка	186
пэкіне	186
знайшла	186
ўчыненьне	186
будапэшце	186
лёсаваньне	186
інжынэраў	186
каралеўскіх	186
ляўрэатам	186
посуд	186
сярге	186
зазнала	186
склону	186
звычайнага	186
змагла	186
швэдзкім	186
кінарэжысэры	186
трэк	186
элітным	186
державної	186
вобласць	185
ноўгарадзе	185
прадстаўніцтвы	185
харчовых	185
алімпійскай	185
жак	185
недзе	185
скірмунт	185
бронзавага	185
палату	185
бізантыйскага	185
васі	185
перажыў	185
мэтру	185
нататкі	185
дзявоцтве	185
скот	185
багаслоўя	185
знаёмства	185
каменнага	185
кузьма	185
сетках	185
рэктарам	185
павольна	185
звычайным	185
багуслаў	185
империи	185
парушэньнем	185
літаратараў	185
экіпаж	185
лібіі	185
баршчэўскага	185
нігерыі	185
выходзячы	185
выпушчаная	185
даданьнем	185
баках	185
інститут	185
агента	185
супрацу	185
село	185
трансфэру	185
натуральнай	184
ініцыятыва	184
хуткай	184
стадыёны	184
могільнік	184
устаноў	184
супрацьстаяць	184
габрэйскіх	184
сш	184
вырабляюць	184
прыйшло	184
ўжывацца	184
цэнтрамі	184
сухі	184
лугі	184
спартоўцаў	184
водны	184
глыбокай	184
гаспадарчая	184
спэцыялізуецца	184
найвышэйшых	184
абараняць	184
інфармацыйнай	184
ірак	184
патрабавала	184
пазначаныя	184
судовага	184
вокладка	184
прыцягнуць	184
паэзію	184
маладосць	184
родных	184
палічцы	184
выбраны	184
працягам	184
ўкраінскім	184
доўжыцца	184
асаблівы	184
карткі	184
слоўнікі	184
пляменьнік	184
даведаўся	184
афрыканскага	184
румынскай	184
ліцэнзію	184
распаўсюджанай	184
антанты	184
амбуляторыя	184
паўночна-заходняга	184
быхаўскім	184
ацэньваецца	184
будову	184
кітайскія	184
дакладней	184
агаё	184
вырабляе	184
левых	184
старэйшая	184
забойствы	184
рыю-дэ-жанэйру	184
праводзяць	184
наявного	184
гонках	184
аглядаў	184
разыграныя	184
найбольшага	183
жамойцкая	183
мінску	183
скасавалі	183
навучальным	183
плоці	183
дасягаюць	183
аднавіла	183
трактат	183
сельскі	183
села	183
паказьнікам	183
пунктах	183
дунай	183
аўстрыяй	183
народжаны	183
паразай	183
хатняя	183
стывэн	183
зроку	183
тэхас	183
пабачыў	183
сабралі	183
папулярнасьцю	183
звычаі	183
перасяленцаў	183
страваў	183
гімнам	183
журналіста	183
грэка-каталіцкай	183
гітлер	183
зьдзецельскім	183
жыдоўскай	183
экспэдыцыя	183
напісаць	183
адпаведным	183
шахцёра	183
сабака	183
саюзам	183
содні	183
бульба	183
алеі	183
саўгасу	183
эмблема	183
дэпартацыі	183
балтыйскім	183
пячора	183
сцэнічнае	183
ресурсы	183
манрэаль	183
прадпрымальнікамі	183
перакрываецца	183
дбя	183
рэгулярныя	182
рэдкія	182
сутыкненьні	182
мастачка	182
валоданьня	182
створанага	182
ансамблю	182
найстарэйшы	182
асноваў	182
называліся	182
узнагароду	182
згубленыя	182
канстытуцыйны	182
гародніны	182
дакумэнтальных	182
глебаў	182
прэм’ер	182
зэляндыя	182
беларуска	182
захварэў	182
знойдзена	182
занятыя	182
езьдзіў	182
армянская	182
ўзнагарода	182
селянін	182
надта	182
маскоўскую	182
ілюстрацыі	182
назіраньні	182
радзівілам	182
законов	182
пакрытыя	182
пагроза	182
папрасіў	182
кітая	182
набыты	182
будапэшт	182
штата	182
арганізму	182
хваробу	182
галаве	182
віно	182
ніка	182
ўезд	182
лары	182
афіцэра	182
патрон	182
маларыцкага	182
кінакіпа	182
сацыяльны	181
вызначэньні	181
падтрымаць	181
дэ-факта	181
ахоплівала	181
ацэнка	181
космас	181
карэнных	181
прадпрыемствамі	181
прыгажосьць	181
драматычнага	181
айца	181
бакамі	181
спыніўся	181
зьмешчаныя	181
патрабаваньнем	181
індыйскім	181
падручнік	181
публічна	181
друкавацца	181
раньні	181
жывыя	181
адкрытай	181
напісаньні	181
расейцамі	181
войсках	181
канцэрце	181
актыўнага	181
ужываньня	181
акупаваных	181
агент	181
ўведзеная	181
смалявіцкім	181
прыцягненьня	181
званьня	181
абставіны	181
касьмічных	181
лацінскае	181
райвыканкам	181
ўтвараецца	181
сьцяпана	181
вароты	181
бас	181
блізкая	181
моладзевага	181
грэмі	181
вачыма	181
сумесі	181
старажытнагрэцкай	181
’слава	181
бешанковіцкім	181
кіроўцы	181
інжынэрам	181
ігнацыя	181
індывідуальнымі	181
эгф	181
вежу	180
студэнт	180
паэтычны	180
сучаснасьці	180
прамым	180
атрыманьні	180
далучэньні	180
каталёгу	180
швэдаў	180
параненых	180
руцэ	180
самуэль	180
варыянту	180
меркаваць	180
крытыку	180
гаспадаркай	180
ставяцца	180
суседзяў	180
знаходкі	180
хімія	180
малітва	180
іваноўскі	180
гуртка	180
сапраўдныя	180
склоне	180
буры	180
зможа	180
гайнаўка	180
зьмене	180
столінскім	180
амсьціслаўскім	180
стандарты	180
ўправу	180
запуску	180
прамовы	180
вонкавай	180
аднае	180
платы	180
дэвіз	180
канаду	180
талачынскім	180
бялыніцкім	180
фасадаў	180
стоўпцы	180
спаборнічаў	180
віньніцкай	180
пласт	179
мураваных	179
выступленьні	179
садзе	179
ххі	179
патэнцыял	179
беларусьфільм	179
каталікам	179
рэгіянальныя	179
працягваўся	179
грунвальдзкай	179
кальвінскі	179
падрыхтаваны	179
камандаю	179
вядоўца	179
относящихся	179
навучальны	179
божа	179
заробак	179
граніца	179
таварыствы	179
новости	179
узьнікненьне	179
падзяляюць	179
зьдзецел	179
праверку	179
касьмічны	179
герцагавіна	179
накіраваная	179
спрабуючы	179
газы	179
все	179
зьбіраўся	179
апавядае	179
андрэевіч	179
заключаецца	179
зьнізу	179
стужцы	179
сутыкнуўся	179
разумее	179
сноў	179
паставіла	179
бераставіца	179
абраза	179
каўказе	179
кароткага	179
чыньнікам	179
дапамагаюць	179
выяўленьне	179
сымболікі	179
вымушаная	179
драўніны	179
дзяячкі	179
гэтмана	179
споры	179
летапісе	178
мескага	178
адноўленага	178
мядзьведзь	178
эканамічную	178
дэкрэтаў	178
лацінская	178
павятовага	178
прамысловым	178
пал	178
северо-западной	178
абарончай	178
складзеныя	178
гомеля	178
бранск	178
сьведчаньне	178
бсрг	178
паўтара	178
пісьменнасьці	178
прынцыпе	178
духоўны	178
прымусіла	178
бліка	178
аднесьці	178
абраныя	178
прысвоена	178
нашмат	178
перастала	178
абвяшчае	178
сустракаўся	178
джонсан	178
архівы	178
день	178
захоўваўся	178
кветак	178
ілюстрацыя	178
блог	178
размовы	178
лекары	178
джонам	178
стаўпецкім	178
летапісец	178
валюта	178
маленькія	178
ідэалёгія	178
спробаў	178
казаскай	178
праведзеная	178
ног	178
замежны	178
цьвярской	178
іа	178
трэцюю	178
геалёгія	178
таўшчыня	178
бялыніцкага	178
маларасейскай	178
гаспадаром	177
воласьцяў	177
вежай	177
губэрнатарам	177
падзяліць	177
пакараны	177
спаленыя	177
прапаноўваў	177
ажыцьцяўлялася	177
лукаш	177
ператварыўся	177
дату	177
перавагай	177
харвацкая	177
кава	177
замову	177
паліцыяй	177
алан	177
культу	177
аргентынскі	177
выбраная	177
сацыялёгіі	177
марская	177
знаёмы	177
жытомірскай	177
дыску	177
сьценах	177
сюжэту	177
гітоў	177
гасьцей	177
даведаўшыся	177
атаку	177
мяркуе	177
розным	177
грэкаў	177
ўведзена	177
мясцовую	177
нафта	177
прычыне	177
выкладаньня	177
рскі	177
маё	177
падгрупы	177
стратаў	177
марскім	177
гатовыя	177
доўгім	177
жанчынамі	177
палёты	177
прыналежала	177
адноўлена	176
ельскі	176
пераемнікам	176
злучаюць	176
эўрапейцаў	176
стратэгіі	176
хмяльніцкага	176
інфармацыйны	176
штучнага	176
жадаючы	176
распачала	176
каменныя	176
пасёлкі	176
сувэрэнітэт	176
нізкая	176
раўніна	176
каэфіцыент	176
напісаных	176
сусьвет	176
ёсць	176
ўчастку	176
выявамі	176
рабочы	176
зьнятыя	176
поль	176
аркуш	176
чарзе	176
фірма	176
брагінскім	176
кара	176
фондаў	176
клецкім	176
рэгуляваньня	176
ўласнае	176
пакуты	176
зьнятая	176
міталёгія	176
гаспадары	176
літоўскую	176
валімонт	176
квэбэк	176
харвацкія	176
постаці	176
саха	176
хлебазапасная	176
прапойскім	176
державна	176
речицкой	176
змаганьні	175
распачаўся	175
выпадае	175
тэатральнай	175
камунікацыі	175
мясьцінах	175
канчатковы	175
молатава	175
ўмацаваньня	175
аблозе	175
творчая	175
заможных	175
маніфэст	175
вкп	175
исполнительный	175
здаўна	175
рэфэрэндуме	175
дэклярацыя	175
панятоўскага	175
судовы	175
харватаў	175
крыме	175
ціхім	175
варты	175
духоўнае	175
сучаснымі	175
даўніх	175
гедзімін	175
марсэль	175
сястру	175
петраградзе	175
ведамасьці	175
дзейны	175
зьнешніх	175
дэні	175
сасланы	175
ордэны	175
моцную	175
мэтар	175
рухаецца	175
будуецца	175
адзнакай	175
багі	175
забалочаныя	175
альфонса	175
уласным	175
падобнай	175
паэтычных	175
істоты	175
грыбоў	175
аб’яднаць	175
сумеснай	175
бразыльскія	175
паўнамоцным	175
україні	175
бярозаўскі	175
вая	175
гамбургу	175
гамбург	175
падбораў	175
даних	175
манастыроў	174
мінска	174
вакзалу	174
вадасховішчы	174
ўстановаў	174
сельскагаспадарчая	174
прадпрыемствах	174
памятныя	174
батанічны	174
завяршэньне	174
эвакуацыі	174
был	174
перамовах	174
спэцыяльны	174
юльян	174
карчмы	174
самалі	174
славакі	174
зьвязда	174
надрукаваная	174
атака	174
каронны	174
барсэлёне	174
кардынал	174
фондавая	174
серыя	174
табе	174
тытулу	174
ўсталяваная	174
пятай	174
моўныя	174
чачэнскай	174
пракурор	174
падзеямі	174
перавага	174
рангу	174
манархія	174
хмызьняком	174
рыбалоўства	174
войск	174
ўжытак	174
верх	174
краснапольскага	174
дадзеная	174
выпраменьваньне	174
сыгналу	174
ажыцьцяўленьнем	174
ганаровым	174
сэрбскага	174
прызнана	174
лац	174
абрад	174
магчымасьцю	174
дэпартамэнты	174
гаспадарчай	174
нак	174
знаходзяць	174
-ма	174
сымболіка	173
незалежнага	173
міндоўг	173
калектываў	173
пратэстанцкія	173
маёнткамі	173
кірункаў	173
цягнулася	173
арка	173
краязнаўца	173
касьцёлаў	173
пэрыядычна	173
адмова	173
рэзыдэнцыю	173
алтарнай	173
чэхі	173
абавязку	173
густава	173
дасягненьняў	173
створаных	173
ўступілі	173
аўганістан	173
мвт	173
кампутар	173
паўшар’і	173
забітымі	173
ставілі	173
спэцыяліст	173
праграмнага	173
сэкунды	173
віслы	173
шостым	173
артаграфіі	173
парэформавы	173
супрацьстаяньне	173
смак	173
сяргеем	173
тле	173
пасяленьне	173
стамбуле	173
гэтаксама	173
дасягала	173
леон	173
узроўню	173
русінаў	173
карцін	173
зьняць	173
пуціна	173
дванаццаці	173
сан-антоніё	173
дунілавіцкага	173
франшызы	173
правапарушэньняў	173
рсдрп	172
вс	172
транспартная	172
пр	172
прадставілі	172
плямёнамі	172
ёсіфа	172
археографический	172
сьвятое	172
ажыцьцяўлялі	172
бабруйская	172
памерлых	172
дайшлі	172
большае	172
вуліцамі	172
выдадзеных	172
нава	172
вонкавага	172
прымусілі	172
лойка	172
ірляндзкай	172
матывах	172
сховішча	172
ордэнаў	172
вылучэньне	172
архітэктурных	172
далучаюцца	172
голад	172
здаў	172
багушэвіч	172
ашмяншчыне	172
хату	172
парталу	172
падрабязна	172
книги	172
эндзі	172
ангельцы	172
выбарамі	172
паўднёвае	172
камянец	172
сумеснае	172
сынод	172
тэрэза	172
крыштапа	172
падножжа	172
торфу	172
нараў	172
зьменамі	172
стандартызацыі	172
магнатаў	172
суткі	172
атамаў	172
будаўніцтвам	172
султана	172
зацьвярджае	172
мін	172
земля	172
часовым	172
сталае	172
знакамі	172
жывёла	172
трыбунал	172
навіцкі	172
грашовыя	172
-мунд-	172
-мунт-	172
кайзэраўскай	172
гульцу	172
эквадору	172
аблігацыяў	172
майкла	172
тышкевічаў	172
вішнеўскага	172
лэну	172
івянец	172
таварыскіх	172
фінішавала	172
клясычных	171
сытуацыях	171
прагрэс	171
ходу	171
шамякин	171
уцекачоў	171
занесены	171
габрэйская	171
астроўскага	171
дамамі	171
спыніцца	171
вопыт	171
канцэрту	171
краязнавец	171
абэліск	171
ўвесну	171
прыходзе	171
пачуцьцяў	171
саюзьнікаў	171
дружбы	171
скарачэньня	171
сярэднявечных	171
разглядаў	171
вылучыў	171
жывым	171
лагойску	171
ўпраўленьне	171
калускай	171
коды	171
ўступіла	171
ватыкану	171
парод	171
інвэстыцыяў	171
пераезду	171
адступіць	171
адрозьненьняў	171
машын	171
ягор	171
грашовай	171
партызанамі	171
рэпутацыю	171
сцэну	171
цана	171
курсе	171
хада	171
аформіў	171
тотэнгэм	171
люстрацыі	171
историко-юридические	171
ўжытку	170
вязьніцы	170
драматургіі	170
цэнтральныя	170
ўсталяваў	170
архітэктурны	170
разглядаюцца	170
спынены	170
дунаю	170
харкаў	170
скрыпка	170
он	170
рука	170
партнэрства	170
блізкасьць	170
прыкладзе	170
дошкі	170
лягераў	170
інданэзія	170
ліхтэнштайн	170
брусэль	170
варшаўскі	170
вучнем	170
драздовіч	170
клявішныя	170
напэўна	170
кожнаму	170
простым	170
брацкай	170
вядомую	170
памяти	170
фэрма	170
гіт	170
чачот	170
пачатковага	170
салігорск	170
сьвятыні	170
шклоўскага	170
меншая	170
карэліцкім	170
это	170
гісторыка-культурнай	170
масай	170
лунінецкім	170
ідэнтычнасьці	170
ўплывае	170
зялёным	170
трохразовы	170
цяпла	170
тарту	170
ша	170
---	170
вікторыі	170
імёнамі	170
россия	170
абсэрваторыі	170
географический	170
спалучае	170
галаўны	170
’моц	170
імкненьне’	170
’гарлівы	170
палкі’	170
належыў	170
зыходзячы	170
лукашэнкам	170
перадач	170
скляпеньні	170
извлеченные	170
падкрэсьлівае	169
ліцэі	169
гарадзкую	169
разьбілі	169
ствараліся	169
флёры	169
транспартны	169
ўтварыліся	169
пагранічны	169
інвэнтары	169
сельскагаспадарчы	169
яўстах	169
намаганьням	169
расьці	169
балет	169
апавяданьня	169
мэксыцы	169
прадухіленьня	169
вырабляла	169
хай	169
трасе	169
аякс	169
гаворыцца	169
дысэртацыі	169
царкоўнага	169
ўсьлед	169
харугвы	169
акадэміка	169
званага	169
ланцуг	169
адлюстраваньня	169
нобэлеўскую	169
размаўляць	169
японскага	169
грузавых	169
рэакцыю	169
нараўка	169
арґанізацыі	169
назіраць	169
пераважалі	169
арабская	169
сэзона	169
крашэўскі	169
паходаў	169
рускім	169
логвінаў	169
іхні	169
узнагародаў	169
замена	169
плады	169
пяцьцю	169
шэрагах	169
арганічных	169
батальёнаў	169
замкам	169
пам’ятки	169
партызанскай	169
эгідай	169
фэдэрацыяй	169
алімпіядзе	169
лёзьненскага	169
пераводзіць	169
адміністрацыйнае	169
пе	169
гульнявы	169
вільбут	169
статистичний	169
дэкламатарскі	169
жаданьні	168
лібрэта	168
гару	168
рэчак	168
гледача	168
падземных	168
сеткай	168
зьяўленьнем	168
праблемамі	168
падпісаньні	168
калегіюме	168
піяніст	168
пяскі	168
рынкі	168
витебске	168
бесьперапынна	168
павялічылі	168
мужчынскіх	168
прыватнага	168
забароненыя	168
восіп	168
туркаў	168
абвесьціла	168
пісара	168
пашпарт	168
экранізацыі	168
агні	168
большага	168
службоўцаў	168
станіславам	168
вырак	168
мальдзіс	168
мяккі	168
падзелаў	168
зарэгістравана	168
паслужыла	168
зале	168
пашырыў	168
чэскіх	168
сьлед	168
выбіраецца	168
жаўнер	168
штаб-кватэры	168
індыю	168
малодшым	168
звароце	168
арды	168
паштовы	168
традыцыю	168
дэлегацыя	168
зносін	168
бярозаўскім	168
ўведзены	168
ўзімку	168
ерусаліме	168
мадрыдзе	168
сьвянцянскага	168
плоскасьці	168
сьвятаў	168
дыпляматычных	168
апісаны	168
аўтамат	168
удзельнічае	168
буйнога	168
приложение	168
’рука	168
крэўнасьць’	168
спачыў	168
шклоўскім	168
ганаровая	168
выканаўчых	168
холдынг	168
заданьне	168
абагульняе	168
лельчыцкага	168
суседнім	167
станаў	167
кампутарная	167
спалены	167
аб’яднаная	167
дождж	167
магчымы	167
срэбныя	167
баскетбол	167
агрэсіі	167
абсалютнай	167
радыёстанцыя	167
зямельныя	167
сонечны	167
рок-гурт	167
вуглы	167
займаць	167
траса	167
унутраны	167
варонескай	167
дзяўчынак	167
парлямэнцкай	167
рэвалюцыйнай	167
блізкай	167
меўся	167
сацыялізму	167
прадм	167
ірляндзкі	167
мірная	167
цэзара	167
мацьвея	167
эдўард	167
адчыненая	167
ступеньню	167
дню	167
дапамагло	167
датаваны	167
заключэньне	167
дазваляў	167
жанраў	167
натуральны	167
кампутарнай	167
бокам	167
граніт	167
валынь	167
імпэратары	167
дэмакратычнага	167
развал	167
франк	167
зьнешняга	167
су	167
зьніжэньня	167
аскерка	167
разьліку	167
удар	167
траціць	167
утрыманьне	167
дзейным	167
дзеяньнямі	167
маравіі	167
бедных	167
кап	167
карэспандэнтам	167
алімпік	167
бяруцца	167
быхаўскага	167
гісторыка-культурныя	167
нафтану	167
летапісах	166
прадаваць	166
ген	166
буг	166
прамысловага	166
зьнішчана	166
казлоў	166
нямала	166
лекараў	166
аркі	166
крыніцамі	166
маёмасьцю	166
чацьвер	166
леапольд	166
складаны	166
заклікае	166
татарстан	166
акадэмікі	166
заслаўе	166
шатляндыя	166
эдуарда	166
геамэтрыі	166
жэнэве	166
абрадаў	166
тэкстам	166
падзяляе	166
геніюш	166
выканала	166
любіў	166
заклікам	166
патрэбныя	166
балоце	166
жахаў	166
альянс	166
нясьвіскі	166
томаш	166
брусэлі	166
царом	166
скарбы	166
лясьніцтва	166
прафэсіі	166
адчувае	166
электронныя	166
пшаніцы	166
жодзінскага	166
газа	166
ха	166
сочы	166
цяжкае	166
спартоўка	166
вокнамі	166
унізе	166
асьвятленьня	166
насяляюць	166
групавым	166
части	166
столетия	166
палітыкаў	166
гішпанскім	166
прыбыцьця	166
паветранай	166
найменшы	166
рыхтаваўся	166
бмп-	166
прынцыпах	165
сабраліся	165
смаленскае	165
гадавая	165
моладзевы	165
кпзб	165
раскопак	165
ўтвораны	165
зазнаў	165
здагадку	165
мёд	165
прыроду	165
кармэліцкі	165
фёдаравіч	165
канфэдэрацыя	165
праблему	165
паходзе	165
рэдагаваў	165
мэтадам	165
ўзыходжаньне	165
асьпірантуры	165
ўзьдзеяньня	165
разнастайнасьці	165
пояс	165
утвараючы	165
даніну	165
жадалі	165
добрых	165
характэрная	165
дарогай	165
знака	165
камісіяў	165
горнага	165
значнымі	165
андоры	165
паклала	165
юпітэра	165
паказу	165
барабан	165
буды	165
трупы	165
філялягічнага	165
выяўленьні	165
здабычу	165
няўдала	165
вэнэсуэлы	165
спэктар	165
гэту	165
сцэнарысты	165
прадаць	165
зьбіраньнем	165
міры	165
плацяць	165
геральт	165
габрэйскія	165
раднік	165
мораў	164
будаваньня	164
гандлёвая	164
сясьцёр	164
опэрны	164
падзяляліся	164
бярозаўка	164
рыб	164
дзіцячым	164
рамесьнікаў	164
гасьцініцы	164
лініяй	164
прапановай	164
ўкраінцаў	164
націску	164
стрэлы	164
захопнікамі	164
геаграфічны	164
абарончых	164
мтс	164
русская	164
нашу	164
рымлянаў	164
рудольф	164
колах	164
кавы	164
супольнасьцяў	164
браніслава	164
курсах	164
айчыннага	164
віетнам	164
вылучэньня	164
мільёна	164
гравюры	164
адказу	164
моцная	164
палаце	164
купіць	164
гурце	164
края	164
кніжнай	164
захапленьне	164
большым	164
амэрыканцы	164
бар	164
ударныя	164
корпусам	164
гадавы	164
прапаганда	164
зм	164
мови	164
пікаса	164
флорыда	164
пятніцу	164
прыкладаў	164
любых	164
кручэньня	164
вагон	164
прадухіліць	164
ўніз	164
электронікі	164
агароднікі	164
монтгерд	164
саду	164
турэцкія	164
яновіча	164
пераноснае	164
квэбэку	164
указов	164
шыда	164
этимологический	164
нэфы	164
арлоўскай	164
янъ	164
рыбу	163
вытворца	163
філёляг	163
рэлігіяў	163
друкаваных	163
узьдзеяньнем	163
язафата	163
хадзілі	163
многімі	163
дабрабыту	163
насеньня	163
очерки	163
губерния	163
тураўскі	163
спэцыяльнага	163
дацкага	163
аўстра-вугоршчына	163
ставілася	163
любыя	163
свабоднага	163
пэтэр	163
акторам	163
румынскі	163
творчасьцю	163
народов	163
распачалася	163
уласьцівасьці	163
клясычная	163
недастаткова	163
вызначылі	163
абвінавацілі	163
апублікавана	163
музэем	163
тома	163
прагу	163
германскім	163
найлепшага	163
школьнага	163
пустэльні	163
нь	163
апэрацыйнай	163
азію	163
музэя	163
лодзі	163
унук	163
кішкі	163
вадаёмаў	163
жывёлагадоўля	163
рэестар	163
гарадзец	163
часьцінкі	163
кішка	163
асьвета	163
гонару	163
зьмяніўся	163
ўварваліся	163
шэрагаў	163
вернуты	163
камуністы	163
мира	163
ўзыходзіць	163
алькаголю	163
кітаем	163
выставах	163
заблудаў	163
валенсія	163
перашкоды	163
страту	163
астатнім	163
распараджэньні	163
абрады	163
басэйна	163
научных	163
распарадчымі	163
бялградзе	163
абсталяваны	163
вінтоўкі	163
ўцянскага	163
дятловского	163
замацавалася	162
разьвітых	162
пасьведчаньні	162
нацыстаў	162
тэхналягічны	162
формамі	162
надаецца	162
перавышала	162
сустрэць	162
голаду	162
мэдаля	162
разглядалася	162
градусаў	162
машынабудаваньне	162
пасажырскіх	162
нараджэння	162
зьнялі	162
блізкасьці	162
непасрэднай	162
чэхаславаччыне	162
рынкавай	162
прыходзіцца	162
арнольд	162
міжнароднымі	162
дыктатуры	162
студыйны	162
цяжкага	162
захапляўся	162
наглядам	162
дэр	162
натальлі	162
піюс	162
града	162
сутычкі	162
плянэце	162
падпісана	162
крокі	162
зьмененая	162
саюзнай	162
шырокімі	162
выкарыстоўвала	162
ладзіў	162
расы	162
дасягненьнем	162
капітуляцыі	162
складоў	162
рама	162
забіта	162
малекулы	162
днк	162
горацкім	162
займеў	162
ток	162
інструкцыі	162
зазналі	162
мэталы	162
кантон	162
турэцкая	162
пярэдняй	162
стамбул	162
-гер-	162
наглядаць	162
мардовіі	162
далёкіх	161
скасаваньні	161
прыбыткаў	161
статыстычныя	161
нарады	161
мэліярацыйных	161
плянам	161
масковіі	161
зялёных	161
шчыльнасьці	161
падтрымліваецца	161
інжынэра	161
унесены	161
беларускамоўных	161
асаблівае	161
вывезены	161
матэрыяльнай	161
адольфа	161
візыту	161
філіял	161
янушкевіч	161
сталічным	161
даручыў	161
індзейцаў	161
дасьледаваньнях	161
паблё	161
литературы	161
вяліся	161
дзеячамі	161
пекла	161
плошчаў	161
бізантыйскі	161
крымінальны	161
жаль	161
знакамітага	161
памерамі	161
кампанэнтаў	161
сьвецкіх	161
баявога	161
гаўс	161
нашчадкамі	161
распаўсюджаных	161
тэатральнага	161
бег	161
спасылка	161
ведаць	161
намеры	161
багатых	161
объединении	161
баўгарскі	161
дантэ	161
альфабэце	161
румынская	161
міра	161
кая	161
адрозьніваліся	161
шыі	161
куце	161
абавязвае	161
грамадзе	161
агентам	161
прыводзіцца	161
кра	161
белавежы	161
інфэкцыі	161
камеральное	161
единство	161
тлумачэньня	160
полацкія	160
койданаўскай	160
кінатэатры	160
раньняя	160
шырокіх	160
падалі	160
пераехаць	160
малочны	160
пераходам	160
изд-во	160
рыцар	160
мураванай	160
аглямэрацыі	160
церковь	160
танцаў	160
паны	160
архіву	160
ўлучылі	160
татарскі	160
юнацкія	160
малую	160
кааліцыя	160
суполку	160
рэвэрс	160
творчы	160
васілём	160
адчыніў	160
эўрабачаньня	160
ням	160
янаўскім	160
маршалкам	160
стваралі	160
мірскі	160
каштавала	160
назвала	160
чэслаў	160
землятрусу	160
меншчыне	160
тэатральная	160
акад	160
пішацца	160
ўздым	160
лічба	160
затоцы	160
утвараецца	160
кк	160
прызначаных	160
садавіны	160
рымскае	160
вынайшаў	160
пракуратуру	160
трымаць	160
космасу	160
чакаць	160
осьлё	160
падпісаць	160
баявая	160
прапанаваны	160
надаць	160
палітбюро	160
пакту	160
чацьвертай	160
страчаны	160
рэстаўрацыя	160
прэзыдэнцкай	160
трапэцападобная	160
гродно	160
верхов	160
ярмолович	160
жыгімонтам	159
тэндэнцыя	159
зачацьця	159
выкладаньне	159
анастасія	159
смоленск	159
рынкавая	159
зьнішчаная	159
выдавалі	159
багатую	159
пачаткі	159
библиотека	159
населенымі	159
эва	159
сны	159
аб’яднанага	159
перыяд	159
рабіліся	159
пашырэньні	159
кіраўнікамі	159
вярхоўная	159
інфармацыйныя	159
бакаляўра	159
адправіў	159
іхным	159
героем	159
фанэтыка	159
ўсходнія	159
чысты	159
быхаўца	159
ваяводзтвы	159
прапойскага	159
вытворчыя	159
петрыкаўскага	159
зычны	159
партыйных	159
андрэем	159
рымляне	159
банкаўскай	159
дайшла	159
стужку	159
прадстаўнічымі	159
моды	159
печы	159
аказалася	159
нарысаў	159
дыяпазоне	159
высьветлілася	159
райн	159
артыстаў	159
памешчыка	159
списки	159
купалам-цыбулінай	159
инвентарь	159
картлійскага	159
чаргі	158
ўрачыста	158
адзнака	158
фатограф	158
бугу	158
каталіцкае	158
мапах	158
нешматлікіх	158
значнага	158
політэхнічны	158
паркаў	158
тэлеканалу	158
этэр	158
неафіцыйны	158
марыю	158
муроў	158
харкаве	158
летапісаў	158
забойстве	158
трасы	158
школьны	158
хроніцы	158
зьбег	158
зьявіцца	158
мацьвей	158
прызнаньні	158
нарбут	158
баляда	158
параненыя	158
кінг	158
альфрэда	158
працяглай	158
вольгі	158
вядучым	158
падарунак	158
карэспандэнт	158
якава	158
ваўкавыску	158
хадзіць	158
бясьпеку	158
коду	158
мэра	158
сьпеваў	158
гуртом	158
перасяленьня	158
радасьць	158
запасаў	158
жыткавіцкі	158
комплексаў	158
содняў	158
парэчча	158
імпэрскай	158
галакосту	158
заява	158
лепей	158
пераўтварэньне	158
самагубствам	158
атлянтычны	158
ален	158
клімавіцкім	158
цэны	158
яек	158
блюз	158
волгі	158
палітычна	158
ман	158
цюрскіх	158
генэрал-губэрнатарства	158
абрала	158
мэблі	158
камунаў	158
манарха	158
каштоўнымі	158
працуючы	158
русских	158
льны	158
выкліку	158
бтр-	158
фарэрскіх	158
стромкія	158
століття	158
закарпацкай	158
чрезвычайного	158
гарыйскім	158
пракурат	158
расьсяленьня	157
прагаласавалі	157
брацкая	157
радыюс	157
філязофскія	157
генэалёгія	157
юрыдычна	157
пахаваньняў	157
навукова-дасьледчы	157
святога	157
пашыраецца	157
тэмпэратурай	157
абаронай	157
гетманам	157
чалавечыя	157
забралі	157
асяродку	157
санкт-петербург	157
чэхаў	157
цэнаў	157
свабодна	157
авэрс	157
мясьцінаў	157
біябібліяграфічны	157
амэрыканскае	157
залежаць	157
псэўданімы	157
улік	157
атрадам	157
унутранай	157
майго	157
контексте	157
цэнтрах	157
валагодзкай	157
адхіліў	157
ворагам	157
ваяводам	157
пасьлядоўнасьці	157
грыб	157
жывёлагадоўлі	157
складнікі	157
жадае	157
брытанскае	157
сегодня	157
туркамі	157
перамяшчэньня	157
каманд	157
разбурэньня	157
выявіць	157
административно-территориальное	157
сьвір	157
расьсьледаваньне	157
аддае	157
вырашыць	157
насіла	157
круглы	157
распаўсюдзілася	157
сэрбскае	157
адрыян	157
штомесяц	157
разьмеркаваньня	157
ну	157
кітайскіх	157
працягваліся	157
стралковай	157
адпаведнасьцю	157
чашніцкага	157
забойстваў	157
аднастайным	157
прэм’ер-лігу	157
расфармаваны	157
факультэтаў	157
нявыплату	157
выпускалі	157
эклектычнай	157
дпк	157
полномочного	157
гарыйскага	157
щучинского	157
грунце	156
гравюра	156
дворышча	156
кан	156
вязень	156
інтэрнэту	156
сялянамі	156
адмысловая	156
друкарню	156
шляхецкая	156
ўрочышча	156
колькасць	156
славянскі	156
павятовы	156
аўтарамі	156
прафэсійная	156
пасажырскі	156
маргарыта	156
мінэральных	156
добрае	156
выпускнікоў	156
вену	156
эмігрантаў	156
эрнст	156
паўль	156
адказным	156
акіянам	156
зборніках	156
карпарацыя	156
пастанавіла	156
фабіян	156
научной	156
аляхновіч	156
нябожчыка	156
паэтычныя	156
кісялёў	156
грамадзкую	156
выглядам	156
гарэцкага	156
ганну	156
чашнікі	156
стратэгічных	156
грады	156
адышла	156
марса	156
бульбу	156
сьветам	156
камянецкі	156
справай	156
ярус	156
анімэ	156
жук	156
лексыка	156
чавускім	156
сд	156
правіць	156
банкаўскіх	156
удзельнічаць	156
спосабамі	156
кінафэстывалю	156
эманюэль	156
рамвольт	156
спрынце	156
ўдару	156
разводзе	156
круглянскага	156
зімовы	155
творчых	155
іхнага	155
галіну	155
стыляў	155
выдаваліся	155
чэмпіёнкай	155
второй	155
вусякоў	155
жлобінскім	155
тутэйшых	155
сродках	155
кальварыя	155
пратока	155
тэатральных	155
наведвае	155
піліп	155
патрык	155
жалезны	155
арыгінальных	155
навуку	155
хадкевіча	155
ягады	155
жытло	155
асьвяціў	155
кампартыі	155
глыбокага	155
кракава	155
даецца	155
справядлівасьць	155
ганарысты’	155
літаратурай	155
скобла	155
маленькая	155
грамадзянскі	155
ўвядзеньне	155
вячаслава	155
залозы	155
фактары	155
вяльля	155
гліны	155
статуі	155
бабуля	155
саксонія	155
распавёў	155
галаўнога	155
дэйвіда	155
ежа	155
этапаў	155
лебедзь	155
жамойтамі	155
разьбіты	155
пятага	155
начны	155
вытворчага	155
тэадора	155
вярхоўную	155
віта	155
драпежных	155
візыт	155
трыццаці	155
пастаянным	155
даведваецца	155
гардзіенка	155
дзялянак	155
інформаційний	155
панъ	155
супэрлігі	155
карысталася	154
урадаў	154
заказьнікі	154
месьцічаў	154
экалёгіі	154
свабодная	154
вынаходніцтва	154
гвінэі	154
праведзеных	154
правамі	154
вітаўтам	154
нарадзе	154
масавы	154
сфармаваўся	154
чэмпіёнамі	154
віцебшчыны	154
бунт	154
гарвыканкаму	154
утвораная	154
хваляваньні	154
суднаходзтва	154
гадавіны	154
лівоніі	154
людей	154
друкавалася	154
выяву	154
алея	154
прысягу	154
фэдэратыўнай	154
дапамагаць	154
абмежаванай	154
выдатным	154
мера	154
таджыкістан	154
манах	154
вузкім	154
ступеняў	154
ладзілася	154
андэрсан	154
складанкі	154
выдатных	154
афарбоўка	154
чаэс	154
зьвяртаецца	154
дар	154
фр	154
віленшчыне	154
паштовыя	154
чумы	154
складацца	154
запасу	154
службовыя	154
атэны	154
ўсходняя	154
крокам	154
спрычынілася	154
сэр	154
пятае	154
выканаўчым	154
аказаў	154
этнічную	154
ляхавічы	154
дарагічынскім	154
выявіла	154
аўтадарога	154
сышлі	154
бярозы	154
вышэйшым	154
баўгарская	154
абраць	154
увядзеньне	154
канчатковага	154
рай	154
арган	154
жаночым	154
сы	154
бялку	154
грудзі	154
разглядалі	154
уласнага	154
фондавай	154
рэгулярным	154
абфф	154
бэк-вакал	154
мужчынамі	154
славія	154
чс-	154
покинули	154
адміністрацыяй	153
гістарычнымі	153
кантактаў	153
пячатка	153
мітынгу	153
раньняе	153
арх	153
общества	153
гута	153
прылеглых	153
нуль	153
харунжы	153
плюс	153
первая	153
пэрыядычных	153
любая	153
цэласнасьці	153
рэлігійная	153
п’есу	153
борце	153
нікаля	153
пуэрта-рыка	153
папраўкі	153
мэтаду	153
сьмяротнага	153
рыс	153
сэрцы	153
закінуў	153
групоўка	153
немец	153
якой-небудзь	153
пераліку	153
асаблівага	153
спад	153
ўвесьці	153
апавяданні	153
настаўніцай	153
мабільных	153
зьмяняць	153
чашніцкім	153
легендарны	153
мужчынам	153
аляксандры	153
капыль	153
божае	153
панядзелак	153
прыватнае	153
пакараных	153
выкананая	153
аднолькавыя	153
частасьці	153
правадыра	153
целам	153
паляпшэньне	153
хатні	153
пасьпяховы	153
апытаньня	153
вялікабрытанію	153
даход	153
гётэ	153
электрычных	153
сапраўднага	153
меншы	153
выгнаньня	153
п’ера	153
паслы	153
амбасадара	153
забясьпечыў	153
выканаўцам	153
боепрыпасаў	153
завіша	153
алімпійскім	153
каленкавіцкага	153
днепровский	153
сэлтыкс	153
ньюкасл	153
-граннай	153
каралявецкім	153
продлил	153
адгуляўшы	153
пошліну	153
гандбалісткі	153
падмуркі	152
беззаганнага	152
утварэньнем	152
перадачай	152
добрая	152
стольнік	152
умацаваньняў	152
галоўнакамандуючага	152
паводкі	152
шэры	152
аркадзя	152
прадмесьця	152
вагу	152
стагоддзяў	152
далёкім	152
бэрнардынская	152
тлумачэньні	152
патоцкі	152
наваградзкае	152
утварэньняў	152
фрэдэрык	152
размаўлялі	152
вялікабрытаніяй	152
скандынавіі	152
нацыстамі	152
ластоўскага	152
замірэньне	152
гісторыка-дакументальная	152
квантавай	152
правілах	152
гутаркі	152
матываў	152
незалежнае	152
бялынічы	152
лідзія	152
аўстралійскі	152
апэратар	152
перасталі	152
сухотаў	152
разе	152
выкладаць	152
паняцьці	152
зьвярнуў	152
паслаў	152
мікелянджэлё	152
рухацца	152
вывеў	152
набажэнства	152
літару	152
цьвёрдага	152
калі-небудзь	152
цру	152
сант’яга	152
чэ	152
нёманам	152
вытворчых	152
арганізаванай	152
пакараныя	152
прэзэнтацыя	152
камунікацыяў	152
ўхваліла	152
вызначалася	152
патрэбны	152
вэнэцыя	152
псв	152
нэаготыкі	152
прадукту	152
гімны	152
множнага	152
спажываньне	152
дарадца	152
перасяліліся	152
льле	152
заклікалі	152
дамовіліся	152
вясковай	152
дзіркі	152
пасялковыя	152
петреченко	152
потенціал	152
звальняецца	152
зьявай	151
абмеры	151
перапісам	151
рыхтуе	151
захоўваюць	151
забруджваньня	151
шляхецтва	151
традыцыйнае	151
пагоняй	151
лацінскую	151
краявід	151
сабакі	151
вольнае	151
цукровы	151
ўздыму	151
указатель	151
івацэвічы	151
падарожнік	151
тэрміналёгіі	151
сьцёк	151
уа	151
тб	151
сфэрах	151
вонкавых	151
знакамітыя	151
ленінград	151
зорныя	151
архіяпіскап	151
удзельнікамі	151
канстантынопаль	151
уладыслаў	151
цікавасьці	151
друкаваў	151
сан-хасэ	151
патэнт	151
супярэчнасьці	151
разнавіднасьць	151
ровенскай	151
марыё	151
надзею	151
ўжываліся	151
аказалі	151
ідэяй	151
акупаваны	151
францыска	151
гармат	151
кароткім	151
дзяленьня	151
прымусіў	151
культурніцкія	151
грэцкае	151
шылер	151
грузінскі	151
дыпляматы	151
татарская	151
собрание	151
абласьцямі	151
эканамічна	151
участкаў	151
прыведзеныя	151
кабыльнік	151
зьвярнуліся	151
маўленьня	151
страху	151
лельчыцкім	151
злачынцаў	151
прычынах	151
судны	151
скончаны	151
адную	151
заваявалі	151
кушаль	151
гучаньне	151
укр	151
супрацоўніка	151
тата	151
выставу	151
наўзамен	151
прадпрымальніцкае	151
прайграў	151
базылікі	151
рэсурс	151
афіцэрам	151
газ-	151
природное	151
хэрсонскай	151
стакгольму	151
блуд	151
выхаванцам	151
карнізам	151
пошліна	151
назвах	150
япархія	150
эўрапейскую	150
разумеюць	150
ягонаму	150
княжества	150
кавалі	150
чайка	150
чыгунку	150
дапамаглі	150
шкло	150
рэлігійным	150
дубровенскі	150
дзьвінск	150
историческая	150
перамяненьня	150
франсіска	150
правінцыяй	150
цяжкую	150
калегія	150
добраахвотнікаў	150
казлоўскі	150
адхілены	150
падмурку	150
государственный	150
парлямэнцкія	150
каранацыі	150
бачылі	150
роўнасьці	150
пакрыты	150
жорж	150
моцнае	150
п’есаў	150
гора	150
ляйпцыгу	150
сэнсу	150
пяхота	150
сонечнага	150
зьняволены	150
карыбскага	150
атамны	150
аркестра	150
зъ	150
рэкамэндацыі	150
даслоўна	150
вятрак	150
залічаны	150
прыпаў	150
жанчыну	150
штутгарт	150
батальёна	150
вяшчаньня	150
перавысіла	150
сэнаце	150
картак	150
уладаньні	150
фінскія	150
кёльн	150
грамадамі	150
гэм	150
’валодаць	150
гаспадарыць’	150
палкоў	150
сур’ёзныя	150
грузу	150
алімпія	150
рось	150
трывалым	150
сузор’яў	150
нэф	150
чачэрск	150
бельск-падляскі	150
адноўленаму	150
бамбардзіры	150
освобождении	150
крымінальна-працэсуальным	150
аброк	150
дазнаньні	150
набярэжная	149
юрыдычнага	149
багатай	149
распаўсюджаным	149
масавым	149
сьпісаў	149
ініцыятараў	149
рот	149
аэрапорту	149
леанард	149
дняпры	149
ему	149
прэзыдэнцтва	149
хакейны	149
будаваліся	149
чыя	149
асьвятленьне	149
гандбаліст	149
кобрынскі	149
польны	149
расклад	149
наваполацак	149
рэальных	149
баярскага	149
вугоршчыну	149
найвялікшым	149
-ай	149
клявішы	149
беларуса	149
мадэрнізацыі	149
мінэралаў	149
стагодзьдзем	149
штатамі	149
побыт	149
паўстанцамі	149
публічнай	149
параўнаньне	149
тэндэнцыі	149
выбарчага	149
зьмясьціў	149
проблемы	149
сумежных	149
заканчваецца	149
пі	149
эвалюцыя	149
пагадзіліся	149
мабільнай	149
кабінэту	149
жыдоўскіх	149
венскага	149
лига	149
адбываў	149
азёрамі	149
аказала	149
дасягаць	149
матча	149
валенсіі	149
плату	149
заўважае	149
спрыяюць	149
крымскага	149
выхоўваўся	149
напой	149
укл	149
арэалу	149
самцоў	149
глыбіню	149
партнэрам	149
пітэра	149
займаючы	149
засяленьне	149
плянаваньне	149
статусам	149
мажнасьць’	149
каштоўным	149
курганны	149
ствала	149
набліжае	149
мэсі	149
аконныя	149
сямействы	149
вк	149
партугальскія	149
яп	149
агароджай	149
чачэрскім	149
уласьніку	149
карупцыяю	149
паспрыяла	148
разьвіты	148
ўстанову	148
нерухомасьць	148
пятая	148
юрый	148
абапіраецца	148
размова	148
мікрараёне	148
мікольская	148
цьвікевіч	148
сьвецкія	148
швэдзкіх	148
документы	148
прачыстай	148
сажалкі	148
заяц	148
зьбіралі	148
сож	148
ўзьвядзеньне	148
бюлетэнь	148
грамадзка-палітычная	148
боны	148
имени	148
важна	148
простая	148
дубавец	148
стрэлаў	148
вызваліў	148
кыргыстану	148
баркоўскі	148
архітэктараў	148
папулярнымі	148
карэйскай	148
сацыялістычных	148
губ	148
вакаліст	148
вывад	148
паўплываў	148
дадатковага	148
наноў	148
уначы	148
драматычным	148
ўзмацненьня	148
армянскі	148
акце	148
паказвалі	148
мультфільм	148
назіраньняў	148
паказана	148
вэртыкальна	148
пісьмовая	148
рушыла	148
наў	148
цікавіўся	148
соймы	148
вынікамі	148
будоўлі	148
бірмінггэм	148
ханства	148
буэнас-айрэс	148
есть	148
шайбай	148
голу	148
прасоўваньня	148
гарэлкі	148
дзяўчынка	148
рка	148
каўказ	148
нацыяналізм	148
шатляндзкая	148
даверу	148
вэстготаў	148
папская	148
прасунуцца	148
караюць	148
браціслава	148
ўзьдзенскім	148
збудаваньня	148
прыхаджанамі	148
абрамовіча	148
рытанскі	148
дасудовае	148
царскай	147
грамадзянам	147
многа	147
малітоўныя	147
праспэкце	147
абслугоўвае	147
известия	147
атлетыцы	147
абанэнтаў	147
вылучалася	147
па-нямецку	147
паўночнаатлянтычнай	147
едзе	147
мэхіка	147
рэй	147
сара	147
жыцьцю	147
незалежную	147
імпэрскіх	147
пашырылі	147
ажыцьцявіў	147
кінуў	147
сялянская	147
файлаў	147
слово	147
пандэміі	147
утвараюць	147
пытаньнямі	147
афрыку	147
падпольнага	147
супрацьстаяньня	147
мароз	147
праграмай	147
ядзернага	147
давыд	147
сялянскае	147
пастаяннага	147
меншых	147
зьехаць	147
орля	147
уплывовых	147
нясуць	147
гданьск	147
гішпанскую	147
баляды	147
бруге	147
выток	147
генрыка	147
паўвостраву	147
азэрбайджанская	147
калянізацыі	147
бк	147
астэроід	147
электрычныя	147
сан-дыега	147
лёгкія	147
складзеным	147
атакавалі	147
карону	147
улучыў	147
аднолькавай	147
прапанавала	147
тарнопальскай	147
укладальнік	147
дастаўкі	147
хвойніцкім	147
стараісьляндзкага	147
основных	147
капэнгаген	147
здымаўся	147
ўзбэкістану	147
абавязваюцца	147
взаимодействие	147
хмяльніцкай	147
смоленской	147
папярэджаньню	147
езуіцкага	146
ракета	146
воднага	146
лютэранская	146
расьціслаў	146
брак	146
прадставіла	146
лічбавых	146
грэка-каталіцкая	146
падскарбі	146
выступленьне	146
станавіліся	146
кірмашоў	146
транспартнага	146
вострая	146
часовае	146
адмысловую	146
раўніне	146
украінскую	146
валодаць	146
сумесных	146
філярмоніі	146
зьвяртаўся	146
надрукаваныя	146
абраньне	146
альжыр	146
мальта	146
ліквідаваныя	146
газэт	146
небясьпеку	146
адправілі	146
фінансавым	146
гандлем	146
ерусаліму	146
сапраўдных	146
дне	146
анталогія	146
паўночна-заходнім	146
цімафей	146
добрага	146
зьмяняе	146
урывак	146
чакаў	146
цудоўны	146
чыстага	146
павялічыла	146
каму	146
кадры	146
дадатковай	146
ўскрайку	146
канфэрэнцыю	146
кантонаў	146
улад	146
пакідаюць	146
роджэр	146
нехта	146
тлену	146
суправаджаецца	146
япіскапа	146
цяперашнім	146
мноствам	146
сілавых	146
затрыманых	146
крупкі	146
абшар	146
мура	146
озёр	146
режима	146
попул	146
расходамі	146
калгаса	146
фасада	146
спраўляюцца	146
алькаголікі	146
рабочай	145
курапаты	145
дзесяцігодзьдзе	145
нацыяналізму	145
разьвіваюцца	145
аб’ектамі	145
абяцаў	145
максымальна	145
маршала	145
вузлоў	145
штурм	145
алексей	145
сл	145
мышы	145
існых	145
заснавальнікі	145
піяраў	145
глыбокі	145
замежным	145
татарамі	145
спэцыяльная	145
курорт	145
рыгоравіч	145
рек	145
жыдоўская	145
мапу	145
канвэнцыя	145
партыйнай	145
творчага	145
кавалак	145
ўладкаваўся	145
працягнулі	145
шылера	145
байкі	145
перадаваць	145
паведамляў	145
чытача	145
абвінавачаньні	145
моўная	145
атэнах	145
ляўрэатка	145
тракт	145
клецку	145
ляснога	145
аэрадром	145
нэаліту	145
займела	145
рузвэлт	145
праходжаньня	145
праблемай	145
дасягнуўшы	145
іканаграфія	145
палягае	145
гальшаны	145
заўзятары	145
выразы	145
занятая	145
пэрсанажа	145
здарэньня	145
дапам	145
некаторым	145
дзеляцца	145
верхнія	145
ападкі	145
рэгіёнам	145
угнаеньняў	145
дацкай	145
грашовая	145
днепрапятроўскай	145
прычына	145
шумілінскім	145
асуджаных	145
ляды	145
станоўча	145
ярусы	145
зазвычай	145
сьвірскага	145
запароскай	145
баскетбольныя	145
любанскі	145
ёды	145
парнаграфічныя	145
расходваць	145
апэратыўна-вышуковае	145
начала	144
асаблівасьцямі	144
разьвітая	144
напрамкі	144
дакладныя	144
абмежаваныя	144
частыя	144
прыкметна	144
сонечных	144
географ	144
исследования	144
умовамі	144
выказаць	144
зорны	144
российская	144
весьнік	144
ант	144
чалябінскай	144
падзеяй	144
суб’ектаў	144
сродку	144
найбуйнейшымі	144
майстрам	144
кніжкі	144
гутарка	144
англіі	144
японская	144
рус	144
знаёміцца	144
ўсталяваць	144
сга	144
паўночна-заходні	144
адміністрацыйна-тэрытарыяльныя	144
сьнегу	144
юна	144
чны	144
прысуджаны	144
абавязковым	144
эміграцыя	144
даводзілася	144
павялічыўся	144
зміцер	144
узьнікае	144
справаздачу	144
фіналіст	144
вылецеў	144
прапусьціўшы	144
карпаты	144
сталь	144
рычарда	144
інспэктарам	144
ўільямз	144
ўзаемадзеяньне	144
губляе	144
валерыя	144
прыстаўкі	144
напалову	144
вытворныя	144
сьпісах	144
артыкулу	144
разьдзелу	144
дацкія	144
топ-	144
анто	144
абарачэньня	144
назіральнікаў	144
мар’іна	144
рыю-грандзі-ду-сул	144
брагінскай	144
правапарушэньні	144
мпз	144
спаганяюць	144
кампетэнцыі	144
абьяднаньнямі	144
вугляроду	143
іна	143
іхная	143
багацьця	143
дакладнае	143
характарызуюцца	143
славян	143
зьмяшчаюцца	143
масівы	143
склаўся	143
фрыдэрык	143
купцы	143
цэху	143
асіпавіцкім	143
княскага	143
віцебска	143
павіннасьці	143
паравы	143
канструкцыяў	143
мітрапалітам	143
скандал	143
венскі	143
прытулку	143
камандуючага	143
стыў	143
індывідуальнай	143
вэнэсуэла	143
кіпр	143
франс	143
плятформа	143
складанка	143
паступіць	143
сучасьнікаў	143
узнагарода	143
выказалі	143
ева	143
па-над	143
генадзя	143
цемры	143
разумець	143
прыёмы	143
палях	143
іванавіча	143
зацьверджаная	143
фінансавую	143
выкладае	143
гімна	143
скліканьняў	143
сібір	143
таварыстве	143
асаблівыя	143
грашовую	143
дадалі	143
крытыкаваў	143
з’яўляецца	143
гандбол	143
старт	143
беластоцкае	143
жыльлё	143
ула	143
сэсія	143
эўропай	143
абнаўленьне	143
блёкаў	143
наймітаў	143
студыю	143
плянуе	143
цяжкая	143
вышэйшае	143
адносіліся	143
падарожжаў	143
ўяўляла	143
групах	143
карце	143
занятасьці	143
імпэратарскага	143
арганізавана	143
малінаўка	143
спэцыяльнасьцях	143
-валд-	143
мара	143
поверхностных	143
дарадцам	143
руус	143
кваліфікавалася	143
вармінска-мазурскага	143
касьцюковіцкім	143
чвэрцьфіналу	143
цдіаук	143
паі	143
спраўляе	143
людеи	143
міліцыяю	143
праваахоўнаю	143
вякоў	142
цяперашняя	142
мапаў	142
дыскусіі	142
купцоў	142
аспэкты	142
дзейнасць	142
рэвалюцыйных	142
друкаваць	142
ізраільскі	142
пераносу	142
суботу	142
цагельня	142
багеміі	142
франца	142
фэдэральны	142
адкрыла	142
кароткамэтражны	142
прарыў	142
пецярбурскай	142
габрыель	142
пецярбурскага	142
арыгінальнай	142
манэ	142
маленькай	142
арыгінальныя	142
пэўная	142
энэргетыка	142
чарговага	142
ўзьдзеяньне	142
зубоў	142
далейшыя	142
роўнасьць	142
старагерманскага	142
прозьвішчам	142
суаўтар	142
песьнямі	142
лімарыус	142
нападнікам	142
віетнаме	142
каронай	142
круга	142
гарадзея	142
ўлучалі	142
адпу	142
дварах	142
науки	142
лепшая	142
паўстае	142
невядомага	142
ажыцьцяўляў	142
напрамак	142
нашае	142
минское	142
уладар	142
школай	142
арабскі	142
адзіночнага	142
зарад	142
перавысіў	142
цёмны	142
добраахвотна	142
падзелам	142
вызначанай	142
квадратных	142
томах	142
паўлавіч	142
-алд	142
-олт	142
каменскі	142
бобр	142
сцэнару	142
жодзін	142
пярэдняга	142
бафала	142
нароўля	142
устройство	142
историко-культурное	142
чэмпіёнства	142
д-	142
платаздольнасьці	142
наймальнікамі	142
блудніцамі	142
безьбілетны	142
харугва	141
крымскія	141
родом	141
гурткі	141
нумару	141
адукацыйных	141
руп	141
зонаў	141
купалу	141
дунін-марцінкевіча	141
ахвяра	141
станаўленьне	141
радзімай	141
іхнае	141
брэст	141
сухапутных	141
карнікі	141
баторы	141
выдаўцы	141
пяску	141
прызэрам	141
меншчыны	141
экран	141
прызначаліся	141
музычнае	141
глебе	141
пацярпелых	141
спас	141
крывіцкага	141
астроскага	141
наваградзкай	141
зьдзейсьніць	141
фашызму	141
вучэньняў	141
завершаная	141
пабачыла	141
патрапіла	141
ір	141
актыўная	141
ўваходзе	141
ствараюцца	141
партрэтаў	141
выяваў	141
г’юстан	141
лірыкі	141
хадзіў	141
дым	141
літаратара	141
философии	141
прыцягненьне	141
дасьледаваньнямі	141
дзікіх	141
турнэ	141
руда	141
касьцюковіцкага	141
клімавіцкага	141
кіра	141
сатурна	141
жана	141
вызначаная	141
навасёлкаўскі	141
глыбінёй	141
мацней	141
былое	141
праўдападобна	141
сумской	141
варыянтах	141
аўтарытэт	141
вадкасьць	141
милости	141
хмызьнякі	141
трапічных	141
лаўры	141
дзяржаў	141
спалучэньня	141
вучыліся	141
вілы	141
славацкіх	141
авечак	141
ліён	141
шукаў	141
ліпск	141
крыстыяна	141
бялград	141
прадстаўлялі	141
управление	141
аргентынскія	141
узгадваецца	141
фольксваген	141
трансфэр	141
-петербург	141
супрасьля	141
баскетбалісткі	141
мэдвыцьвярэзьніку	141
прадпрымальніцкаю	141
пацярпелым	140
аховай	140
тэлевізійныя	140
няміга	140
вырабляюцца	140
сфэру	140
царкоўным	140
государственного	140
мынца	140
перанесьці	140
сем’ямі	140
спартовым	140
голуб	140
арцыбіскупа	140
асьветнік	140
прамысловае	140
петрапаўлаўская	140
ведаючы	140
роў	140
залескі	140
рускія	140
ізраіля	140
грамату	140
прытокаў	140
найстарэйшым	140
чыноўнікі	140
перабудова	140
масальскі	140
крыжом	140
падобную	140
акупавалі	140
прысутнічаў	140
ніякай	140
невядомых	140
ліквідацыя	140
камуністычны	140
пэн-цэнтру	140
дзьвярэй	140
кітайскага	140
азёрах	140
адценьне	140
раптам	140
рэдакцыю	140
чачота	140
зьвярнулася	140
тэматыкі	140
цэрквах	140
пакет	140
падпольнай	140
доктарам	140
важнасьць	140
камянцу	140
разьлікаў	140
падлягае	140
насельніцтву	140
вяршыня	140
слонімская	140
юрэвіч	140
перавезьлі	140
рэкордаў	140
ўдвая	140
ўключана	140
забясьпечваць	140
альянсу	140
кераміка	140
дарэчы	140
абірае	140
штучна	140
адчуваньне	140
дрэздэн	140
шчасьця	140
германскі	140
дружыну	140
палестыны	140
брытанцы	140
сыграў	140
крымінальных	140
багданаў	140
унутраныя	140
дададзены	140
наўгародзкай	140
поўныя	140
станавілася	140
адрозьніваць	140
апаратаў	140
асманская	140
правінцыю	140
імпэратару	140
правільна	140
жамойты	140
застава	140
чарговае	140
напружанасьць	140
сьвянцянаў	140
спартоўцы	140
равіч	140
тэлевізійных	140
чыгункай	140
левалт	140
шуйскага	140
цывільных	140
японскіх	140
пісталет	140
швайцарскія	140
расчёты	140
гэльскай	140
спэцыяльнасьць	140
выдавецтвам	140
ельск	140
лебедев	140
безпакарана	140
человек	139
гарызонт	139
вузлом	139
усходнія	139
рыя	139
большыя	139
асьветніцтва	139
хуткае	139
сусьветныя	139
сацыяльную	139
галіной	139
ўлучаюць	139
ўказу	139
дазвалялася	139
нарада	139
пацей	139
университета	139
зьмясьцілі	139
нясьвіскай	139
зб	139
императорской	139
лёд	139
салавей	139
разьвітыя	139
капліца-пахавальня	139
граніцу	139
далёкага	139
тодар	139
збудаваныя	139
сталінскіх	139
ёмістасьць	139
бэнэдыкта	139
крыжакамі	139
стандартам	139
сусьветна	139
воршай	139
субота	139
унівэрсытэтам	139
разуменьні	139
іхнай	139
астатняя	139
зьмешчана	139
сымбалю	139
фізыялёгіі	139
ванкувэр	139
браўн	139
настаўніцкай	139
хрост	139
участках	139
магдалена	139
смоліч	139
аповед	139
даступная	139
выснову	139
доказ	139
місію	139
другія	139
юр’евіч	139
ірляндзкія	139
рысай	139
кэтрын	139
адпаведную	139
мэт’ю	139
яйка	139
бар’ер	139
будзьма	139
эдварда	139
нізіна	139
падляшшы	139
мэлёдыі	139
арганізатарам	139
спыненая	139
пашкоджаны	139
ўражаньне	139
кіта	139
прыняўшы	139
ан-	139
фазы	139
пазнаёмілася	139
мінэралы	139
бракавала	139
выбарнікаў	139
прыбыла	139
нафту	139
прызваны	139
імпэратараў	139
ўская	139
аблігацыі	139
выступам	139
глазга	139
пераходзяць	139
сядзіць	139
ахоўныя	139
энцык	139
характеристик	139
тэрмінал	139
кляштарнага	139
послом	139
хвойніцкай	139
райаддзел	139
грамадзяскіх	139
археалягічны	138
перакладніца	138
дысцыплінаў	138
пэрспэктывы	138
выкліканыя	138
цэлыя	138
кейстута	138
адміністратар	138
авіяцыя	138
будынкамі	138
прэзідэнта	138
настаўніца	138
сталыя	138
танца	138
берасьцейшчыны	138
наведваць	138
сагановіч	138
кракаўскага	138
ўзьнік	138
дамах	138
плаваньня	138
жукоўскі	138
катэгорыяў	138
вільготны	138
забароне	138
сваякі	138
аповесьцяў	138
даклад	138
плаваньне	138
выпушчана	138
сярэднявечныя	138
краўцэвіч	138
зьдзейсьнілі	138
натуральна	138
небам	138
энтані	138
судовым	138
зьвярнуцца	138
забясьпечыла	138
сюжэты	138
балівіі	138
повесть	138
фэрмі	138
атрымлівала	138
пераклалі	138
згараньня	138
ўзвышшы	138
парлямэнта	138
каса	138
каналам	138
прадавалі	138
расьсьледаваньняў	138
эфэкту	138
небясьпекі	138
мірнае	138
завяршаюцца	138
лацінскія	138
марфалёгія	138
чоловеки	138
рысу	138
двухгадовы	138
дыяспара	138
дзеяньнем	138
паходы	138
дэманстрантаў	138
імігранты	138
минские	138
мама	138
працэдуры	138
замужам	138
тэмпэратуру	138
карма	138
заснаваць	138
скрыпкі	138
апад	138
рокам	138
должности	138
брамнікаў	138
клічаўскага	138
псіхіятраў	138
балтыйскае	137
сквэр	137
наземных	137
важная	137
тэхналягічнага	137
недахопу	137
разрабавалі	137
жывёльны	137
спэктакляў	137
браме	137
сацыялістычнага	137
исторические	137
выдавала	137
позна	137
белую	137
грду	137
русіны	137
стандартнай	137
рэальнасьці	137
выхадам	137
пэўнае	137
рунь	137
шукае	137
вершамі	137
нагадваюць	137
праекта	137
гарадзішчы	137
амстэрдаме	137
электроннага	137
дзяленьне	137
лічбаў	137
сямёнавіч	137
брытанія	137
тэлефонаў	137
цьвёрды	137
прырост	137
штатам	137
паступае	137
цэзар	137
сьпяваць	137
ўзброенага	137
этыёпіі	137
каменная	137
суседнімі	137
прапаганду	137
дэкан	137
этнаграфічных	137
прыняцьці	137
гарадзеі	137
ажыцьцявілі	137
затое	137
звычаяў	137
базай	137
канцэртах	137
сынглы	137
мажліва	137
заканадаўчы	137
бура	137
адстаўцы	137
візыты	137
адкрыць	137
моладзевыя	137
паўстаньняў	137
колерамі	137
хат	137
шахматы	137
пастаўлялі	137
фіналы	137
хо	137
сумяшчальніцтве	137
верхнее	137
цягліцы	137
наваполацкага	137
калёнамі	137
райкаму	137
нараўлянскага	137
аскеркі	137
михаил	137
а-	137
войцеха	136
дакумэнту	136
паўсюдна	136
траецкай	136
усталявалі	136
эўрапейскімі	136
зьняволеньні	136
арсень	136
натуральнага	136
пропуску	136
міхайлаўская	136
лістом	136
камбінату	136
чытаньні	136
пратокі	136
архітэктуру	136
шацілавіцкага	136
рэдкалегія	136
настроі	136
беспрацоўя	136
вершам	136
ен	136
зьлёгку	136
сыцыліі	136
бурундзі	136
фабрыцы	136
дрэве	136
хочуць	136
назіралася	136
артыкулах	136
кароткае	136
выбраных	136
мэтамі	136
перадаюцца	136
старшым	136
сьведкі	136
свабодных	136
загады	136
раўнаньняў	136
смаленскім	136
ленінградзе	136
гама	136
разглядацца	136
прытрымлівацца	136
праваслаўнымі	136
зьведаў	136
уцёк	136
курганы	136
абутак	136
будаўнічай	136
збройнага	136
курскай	136
дасьледніка	136
падлеткаў	136
ўніяцкай	136
заканадаўчых	136
напісалі	136
нейкія	136
растлумачыць	136
анёлаў	136
гасьцях	136
прадстаўляць	136
моладзевых	136
чытаньне	136
вучэб	136
пазначана	136
валасы	136
літоўцаў	136
згаданая	136
фэдэральных	136
мадыфікацыя	136
лістападу	136
наймаладзейшым	136
адбывацца	136
пражываў	136
поднепровье	136
нідэрляндзкай	136
кампэтэнцыі	136
размоўнае	136
маладзечанскага	136
чарнобыльскага	136
цягліцаў	136
-гранным	136
выканкому	136
абараніла	136
чрезвычайным	136
полномочным	136
міг-	136
гараддзел	136
камплектаў	136
пуховичского	136
мазавецкага	135
вільняй	135
сэмінарыя	135
штучныя	135
дынаміка	135
патрыярхат	135
міласэрнасьці	135
заснаванага	135
будызм	135
расейскаму	135
выказваў	135
гарадзеншчыне	135
запіскі	135
стаўка	135
могілкавая	135
прывілеяў	135
роўным	135
прадукцыю	135
рэвалюцыю	135
фото	135
нішы	135
дзяржынскі	135
пашырыўся	135
пасьпяховай	135
румынскія	135
вялікдзень	135
трагедыя	135
конан	135
філіповіч	135
экспанатаў	135
навукоўцамі	135
ўяўленьне	135
ударам	135
дажджоў	135
узорам	135
распрацоўкай	135
вобразаў	135
фатаздымак	135
ўсталявана	135
імкнучыся	135
рэформе	135
звод	135
гішпанцы	135
баляслава	135
тыповы	135
сыру	135
антонавіч	135
докшыцы	135
плябанія	135
запуск	135
слуцка	135
прамысловая	135
пілёт	135
жыдоўскія	135
рэарганізацыі	135
лынтупы	135
эвангельлі	135
ужытку	135
парадкавы	135
школьных	135
астэроідаў	135
папярэджаньня	135
фармуецца	135
хтосьці	135
троцкім	135
официально	135
будет	135
ічкерыі	135
ўдзельніка	135
станоўчыя	135
крыс	135
партыямі	135
гвалтоўнай	135
інвалідаў	135
зносінах	135
дакладнай	135
па-рознаму	135
адлюстроўваецца	135
тагачасныя	135
галоснымі	135
вугорскіх	135
арышты	135
асабістая	135
мадрыдзкага	135
нія	135
кавярні	135
заяўкі	135
пэрыядычнай	135
расонскага	135
нападзе	135
пэрсіі	135
эрэдывізіі	135
асіпавіцкага	135
жомойтской	135
беніца	135
трэнэрскі	135
кантракта	135
ўзьняцьцё	135
корсак	134
пашыранай	134
маз	134
яўгенія	134
минске	134
дакладнасьць	134
акадэмічным	134
уезд	134
актыўнае	134
замкавы	134
батарэі	134
базавая	134
дамініканская	134
хваёвыя	134
брыль	134
баскетболу	134
землякам	134
наваградчыны	134
кантраляваць	134
ровэрз	134
зьмяненьняў	134
крытыцы	134
высоцкі	134
масавая	134
ісьляндзкі	134
пусьцілі	134
настаўнічаў	134
прыводзяць	134
заклікала	134
станкевіча	134
скульптара	134
падзяліў	134
крыніцу	134
маркс	134
захворваньня	134
квадрат	134
узор	134
матэрыяламі	134
перамагае	134
найменьні	134
казімерам	134
манарх	134
землю	134
звацца	134
вывесьці	134
станіславу	134
падліку	134
рэлігійнае	134
новые	134
геаграфічна	134
асудзілі	134
надзвычайнага	134
вясковых	134
пераадолець	134
засьценку	134
аляхновіча	134
зьмяняюцца	134
пу	134
фігураў	134
гораў	134
перасяленьне	134
сталічнай	134
зарэгістраваная	134
латвійскі	134
ча	134
прыладамі	134
інтэрфэйс	134
він	134
прапаноўвалі	134
турма	134
удзеле	134
сонечная	134
парушэньняў	134
членам	134
рэальнай	134
ізаляцыі	134
ради	134
паставак	134
мэй	134
інтэр	134
сажалка	134
бамбардзіраў	134
выкладала	134
гульнявой	134
калгары	134
спрогис	134
глускім	134
сьвіслацкі	134
ўпарадкаванага	134
неабходных	133
супадаюць	133
кантынэнту	133
антычнасьці	133
каталікамі	133
ішло	133
налічвалі	133
праразаюцца	133
раманава	133
магістраль	133
казакамі	133
прадпрымальніцтва	133
творчыя	133
залатое	133
чакае	133
праваабаронца	133
лё	133
міжраённы	133
прыбыткі	133
ним	133
юнацкай	133
татарскага	133
любча	133
турыстычных	133
традыцыяй	133
іванаўна	133
пастаянныя	133
джымі	133
віцэ-прэзыдэнт	133
маляваў	133
дэн	133
прыпынак	133
замаху	133
салігорску	133
абалонкі	133
мёртвых	133
віртуальная	133
лепшай	133
европы	133
падрыхтоўкай	133
адыходзіць	133
карляс	133
сена	133
рэальнага	133
паказчыкі	133
эмілі	133
разабралі	133
інтэр’еру	133
валерый	133
прагаласавала	133
выдадзенай	133
долу	133
гаварыць	133
працоўным	133
ўгоды	133
верыць	133
вызначыла	133
жабінкаўскім	133
крымінальная	133
рабілася	133
трыццаць	133
таджыкістану	133
арабаў	133
выспу	133
баўгарскага	133
канстытуцыйнай	133
супольнай	133
прыгожых	133
частасьць	133
прыхільнасьць	133
украінскім	133
матэрыялам	133
сала	133
пазбавіцца	133
плянаваў	133
бялкоў	133
адмены	133
заказ	133
швэцыю	133
стаўку	133
робяцца	133
арнамэнтам	133
сучаснасць	133
радаў	133
выхады	133
тэрытарыяльная	133
пазней	133
фундацыя	133
главаў	133
пастаўку	133
прадстаўляла	133
льная	133
совет	133
українського	133
прыгодніцкія	133
адзначалі	132
збройны	132
пастанавілі	132
трусаў	132
павелічэньнем	132
мэдычная	132
рабамі	132
даходу	132
палеская	132
дняпром	132
арганізатары	132
вытворчае	132
магілёўскую	132
надала	132
паслугамі	132
стагодзьдзямі	132
сафійскі	132
ранейшага	132
колішняй	132
ігумен	132
альбрэхта	132
захопленыя	132
кампазытарам	132
паўлінка	132
дублін	132
староствы	132
кракаўскі	132
армянскага	132
дакладных	132
ермаловіч	132
віетнаму	132
тэарэтычнай	132
ўдзельнікам	132
аповесць	132
расіі	132
арыгінал	132
намінал	132
філязофскі	132
даступны	132
студэнтамі	132
дапусьціць	132
загадвае	132
прыкладамі	132
прызначалася	132
цэлага	132
замах	132
цэлае	132
нашчадак	132
ўрадаў	132
раскол	132
буду	132
абутку	132
схіламі	132
белавеская	132
дзісна	132
остын	132
народзе	132
божы	132
удараў	132
выконваючы	132
рк	132
ружа	132
фактарам	132
дадаткам	132
алматы	132
прададзены	132
думу	132
альжбета	132
архідыяцэзіі	132
сказу	132
нэрвовай	132
апісваў	132
сувязях	132
загубілі	132
хрыбет	132
геральдычны	132
станцыяй	132
правіламі	132
нішамі	132
байцоў	132
дапамагала	132
забалацьце	132
драме	132
мэтра	132
карьеру	132
падзяляўся	132
тарыфу	132
якутии	132
краёў	131
русско-белорусские	131
інтэлектуальнай	131
ахоўных	131
геалёгіі	131
абмяжоўваецца	131
уплыву	131
кубэ	131
план	131
аўтобусны	131
палявая	131
выпускі	131
сьвітанак	131
ліра	131
пачынальнікаў	131
дывізію	131
адрозьнівалася	131
перанесеная	131
маршруце	131
станцыямі	131
разьмешчанай	131
карыстаючыся	131
ваявалі	131
роўнымі	131
вугоршчынай	131
наведваюць	131
фігурай	131
-годзьдзю	131
каралевай	131
справаздача	131
ўдава	131
александрыя	131
арабія	131
праграмаваньне	131
антычнай	131
бомбы	131
лістах	131
бэрнар	131
сіле	131
фёдараў	131
срэбраныя	131
свая	131
ставіўся	131
матэрыяльных	131
паведамленьня	131
запазычанасьць	131
камэнтары	131
зямнога	131
папу	131
сумнеў	131
прысягі	131
усталяваўшы	131
водамі	131
барадулін	131
мэт	131
слоніму	131
зьліцьцё	131
выспах	131
падручнікі	131
ставяць	131
пятніцкая	131
магістралі	131
вылучаныя	131
кларк	131
сяржук	131
сяброўка	131
сокал	131
прайдзісвет	131
выбарчы	131
дзіцём	131
прусію	131
паласе	131
сахары	131
публікі	131
містэр	131
міляне	131
авангард	131
няволі	131
полем	131
жуан	131
прымяняецца	131
рыбаў	131
дна	131
холдынгу	131
наших	131
робячы	131
здымалася	131
мэд’е	131
складаным	131
кісьля	131
цэнзура	131
рэзалюцыі	131
схіле	131
посла	131
лёзьненскім	131
асінаўка	131
ганцавіцкага	131
раўнаньне	131
кубамэтраў	131
кілямэтар	130
сканчаецца	130
вялізны	130
лютаўскай	130
абсалютная	130
рэзэрву	130
традыцыях	130
пашырэньнем	130
тэмай	130
мяшчане	130
набываць	130
месяцу	130
назіраюцца	130
сухіх	130
цьвёрдым	130
зэніт	130
рэках	130
белшына	130
вулькан	130
раптоўна	130
этнаграфічны	130
місіянэраў	130
задавальненьня	130
стальцу	130
абвешчаныя	130
заселеная	130
спасылаючыся	130
няўдалай	130
напалеонаўскіх	130
танку	130
тунэль	130
прысьвечана	130
манэтах	130
антысавецкага	130
зьбірае	130
туронка	130
саудаўская	130
філіпіны	130
сынтэзу	130
міхаілам	130
рэактар	130
пачатковы	130
мінуўшчыны	130
дзяўчыну	130
эдмунд	130
мінскай	130
японію	130
афармленьня	130
яскрава	130
лідчыне	130
заваяваны	130
вернутая	130
псалтыр	130
безумоўна	130
пасьлядоўнасьць	130
македонскага	130
народнасьці	130
ведаюць	130
пагоню	130
характэрнай	130
николай	130
кампанэнты	130
вэрсіяй	130
патлумачыў	130
альгебры	130
рэалізацыя	130
касьмічнай	130
латвію	130
бярозка	130
галоснага	130
пэрсаналу	130
хваляў	130
сыгналаў	130
палігон	130
сапраўдная	130
дэлі	130
астравец	130
страціўшы	130
пярсьцёнкаў	130
экранізацыя	130
абацтва	130
абвінаваціў	130
чацьвёртае	130
стужак	130
сказе	130
тоеснасьці	130
разбурэньне	130
выбарчыя	130
любліне	130
румыніяй	130
прыходаў	130
водах	130
анатомія	130
мыс	130
глуск	130
абшчына	130
ракет	130
тэматыку	130
патронаў	130
рэкаў	130
івана-франкоўскай	130
райта	130
пяхотная	130
плаўленьня	130
згуляны	130
ружанскага	130
паліклініка	129
атмасфэру	129
кірха	129
рэлігійную	129
храналёгія	129
палепшыць	129
очерк	129
даўняя	129
палявы	129
праваслаўную	129
тэхнічным	129
валадар	129
тэатр	129
захоўваў	129
малюнка	129
аксана	129
палацам	129
перанос	129
свет	129
дарагічын	129
ніяк	129
паданьняў	129
дакладны	129
завуцца	129
усталяваньне	129
намагаўся	129
ўкраінцы	129
германскай	129
запісалі	129
хіба	129
творчасці	129
вірджынія	129
імкнулася	129
мальдзіса	129
зан	129
адамовіча	129
росы	129
мабыць	129
цёткі	129
атмасфэра	129
наведвалі	129
вызначана	129
пілсудзкі	129
францыск	129
мілаш	129
шы	129
вучыць	129
свабоднай	129
вымаўленьня	129
выдачы	129
ствараючы	129
сыстэмамі	129
бясплатна	129
фінансы	129
важнымі	129
заснавальнікамі	129
штучных	129
чарговым	129
цені	129
прынятай	129
эн	129
ўцёк	129
крыжоў	129
спортынг	129
лёгкі	129
лізавета	129
легіён	129
ноты	129
адкрываецца	129
масачусэтс	129
захоўвалі	129
тэматыка	129
суфіксам	129
распаўсюджана	129
індывідуальныя	129
ўцячы	129
сьвецкае	129
сусьвеце	129
памежнай	129
камянямі	129
мгц	129
загаднік	129
зборнымі	129
мэрам	129
астравамі	129
вэб-сайт	129
аб’яднаньнем	129
тэлеканала	129
вяскоўцы	129
сілкаваньня	129
хакею	129
выбіралася	129
брагинщина	129
праёмаў	129
лапаткамі	129
аліцкага	129
ідэнтыфікацыях	129
узьнікненьня	128
памятники	128
захадам	128
паветраным	128
узвышэньня	128
стварэньню	128
галінамі	128
запісана	128
прыехала	128
гандбольны	128
лётчык	128
верабей	128
сойма	128
чаропка	128
нядоўга	128
штурму	128
найбольшымі	128
францускімі	128
гоман	128
палескі	128
дамоўленасьці	128
дэмакратычныя	128
крывіцкі	128
слупы	128
чацьвертага	128
навучэнцы	128
здольная	128
санкцыяў	128
прусіяй	128
сэбастыян	128
жаўнерамі	128
лютэране	128
медзь	128
браян	128
паветраны	128
усьлед	128
мерапрыемствах	128
рагачоўскі	128
каба-вэрдэ	128
сырыя	128
мэханіка	128
недахопы	128
разрыў	128
эміль	128
пліты	128
сьмілавічы	128
настасься	128
тварам	128
сшытак	128
даслаў	128
фінскага	128
таліну	128
катэдральным	128
вопросы	128
адыход	128
разьвіваць	128
пабраўся	128
нізкага	128
ксавэры	128
узяла	128
сярэднявечная	128
дрыса	128
скрозь	128
ўзначальвае	128
сядзібны	128
мікалаеўская	128
сок	128
молат	128
аўгустам	128
катэдраў	128
грунтуючыся	128
бэрлінскага	128
ўсталяваньне	128
кеніі	128
сьцяну	128
віталя	128
мастацтвам	128
першапачатковая	128
ката	128
хрышчэньне	128
фунт	128
доўжыўся	128
прасьвятой	128
некаторай	128
падобнымі	128
лос-анджэлесу	128
здушэньня	128
буйную	128
тэрор	128
палявых	128
шчытом	128
сьцягоў	128
выпушчаныя	128
праўленьне	128
кратэр	128
дзесяцігодзьдзя	128
крынкі	128
палігоне	128
конрада	128
прататып	128
абменены	128
коні	128
петрыкаў	128
сёлы	128
голдэн	128
заселении	128
карэлія	128
фіба	128
барабане	128
гродского	128
аренду	128
захаваных	127
де	127
лекавых	127
многім	127
адная	127
прымушае	127
інтэрпрэтацыі	127
вип	127
гарнізону	127
пінская	127
аўстрыйскім	127
замярзае	127
украіну	127
гаворках	127
названае	127
адкідаў	127
адрозьнівае	127
марціновіч	127
рыгу	127
фэнтэзі	127
кані	127
магчымае	127
надзвычайны	127
ун-т	127
цудаў	127
абіраюцца	127
пляжы	127
супрацоўнічае	127
арыштаваных	127
псэўданімамі	127
форд	127
кевін	127
шахматах	127
кіраваградзкай	127
мэн	127
інжынэры	127
нашым	127
герархіі	127
альманаху	127
пачаўшы	127
сялянам	127
памяшканьнях	127
ноўгараду	127
мацкевіч	127
дапамагалі	127
высылкі	127
выключэньне	127
град	127
апэрацыях	127
назоўнік	127
луцкі	127
выдавецтваў	127
распаўсюджаньня	127
неабходны	127
люк	127
распрацоўвае	127
блакітная	127
прымусіць	127
йская	127
армянскія	127
малітоўны	127
уласнае	127
гераніма	127
юстиции	127
гарадзішчанскі	127
экспэрымэнт	127
ўсходняе	127
канчаткаў	127
падкрэсьліў	127
картка	127
пратэстоўцаў	127
рубля	127
ангельцаў	127
жорсткі	127
дакладнасьці	127
кліўлэнд	127
паляўнічых	127
цмок	127
сьцьвярджаецца	127
спэктру	127
здымацца	127
будзем	127
сантымэтраў	127
гатуюць	127
перац	127
юрыем	127
таўшчынёй	127
эрыка	127
этымалёгію	127
паказаныя	127
змушаны	127
згодзе	127
немцам	127
марыяна	127
падпарадкоўваецца	127
кінастужка	127
памяшканьня	127
сельского	127
ракетныя	127
івянецкага	127
рвз-	127
кдк	127
расстрэл	126
адміністрацыю	126
унікальны	126
юнага	126
узьніклі	126
палітоляг	126
дыялёгу	126
магутныя	126
арганізаваная	126
прадставіць	126
чалец-карэспандэнт	126
шаша	126
жылога	126
багаслова	126
танцу	126
дасьледваньняў	126
пратэстанцкіх	126
славянская	126
ісак	126
вінакурня	126
гаспадарскі	126
залатымі	126
невель	126
касцёла	126
па-першае	126
ніжагародзкай	126
сну	126
спадчыне	126
ўнутраным	126
вэнэра	126
выказвае	126
рукой	126
маляваньня	126
матэматычных	126
каханоўскі	126
выгнаньне	126
чырвонымі	126
маёй	126
патрэба	126
вывучала	126
гаспадыня	126
ініцыятыву	126
зіму	126
каменя	126
падлягаюць	126
вучнямі	126
вываду	126
пасла	126
базавай	126
уласьцівасьцяў	126
аказвае	126
дадзенае	126
ахвяраваў	126
традыцый	126
настаяцель	126
сустрэчах	126
пакрыцьцём	126
селішчы	126
пакістане	126
заліў	126
найменш	126
пазначаюць	126
разьвівае	126
адгэтуль	126
арабскім	126
псыхалёгія	126
абараняе	126
хвалю	126
менскаму	126
прысутных	126
зазначаў	126
найвялікшы	126
свабодаў	126
ладзіла	126
зьмясьціць	126
рэкордам	126
складальнік	126
чалавечае	126
арганізм	126
нік	126
бясьпека	126
дэмакратычны	126
ператвараецца	126
літраў	126
матыў	126
ляхавіцкі	126
между	126
ўзгадваецца	126
запаленьне	126
ковенскі	126
насялялі	126
антонаў	126
каштоўнасці	126
пісьменнікаў	126
северной	126
графам	126
вмс	126
майстэрню	126
індыйскія	126
фрэскі	126
гародня	126
лужкі	126
ізраільскія	126
назіраньне	126
кейт	126
гатычныя	126
форвард	126
выдуманыя	126
зэльва	126
астраглядавічы	126
адстаўлены	126
юрацішкаўскага	126
дарт	126
джэдаяў	126
маскалізацыі	125
юрыдычным	125
праведзенага	125
культурную	125
фальсыфікацыі	125
абламейка	125
лебедзева	125
падпарадкаваныя	125
камісарыяту	125
сярэднегадавая	125
комплексе	125
савіцкі	125
манаграфія	125
электрычнай	125
беліца	125
маз-	125
мельнікаў	125
магутных	125
мэханізмы	125
мэханізмаў	125
столін	125
балотаў	125
пятніцы	125
пацьвярджаецца	125
актам	125
падтрыманьня	125
рск	125
старую	125
назаўсёды	125
італіяй	125
падпісанае	125
сыракомлі	125
малер	125
гаіці	125
п’есе	125
лібан	125
дэвід	125
вайцюшкевіч	125
пасадкі	125
расэл	125
самасьвядомасьці	125
кантакце	125
клясычныя	125
ставіў	125
прынцыпам	125
зьбіраюцца	125
генацыду	125
наймацнейшых	125
біяграфічныя	125
ло	125
литовских	125
нейкім	125
названага	125
выдавецкай	125
распадзе	125
гарадоцкі	125
турцыі	125
усходняе	125
андрэа	125
ракетных	125
ключы	125
прамой	125
разьмясьцілася	125
бласьць	125
карупцыі	125
індаэўрапейскай	125
дзявяты	125
ахвяр	125
умерана	125
эфэкты	125
лінгвістычнага	125
лім	125
зорнага	125
бачаць	125
пацьвердзіла	125
па-француску	125
рома	125
жоўтага	125
арганізаваныя	125
звычай	125
жорсткія	125
макар	125
дзяўчынкі	125
камандуючым	125
хімічнага	125
нацыя	125
слухачоў	125
мігрантаў	125
заключаны	125
дзюба	125
дрэў	125
базыль	125
волава	125
астатнімі	125
фізычны	125
забаранялася	125
фінансавая	125
экспанаты	125
паток	125
газпрам	125
фасадам	125
зьвілістае	125
твару	125
выпускала	125
друеўскага	125
скляпеньнем	125
-вежавая	125
серад	125
далейшай	124
перасяленцы	124
утварылі	124
галін	124
джаз	124
пасьпелі	124
эпізодзе	124
першапачатковага	124
украины	124
паверхі	124
праіснаваў	124
наваполацку	124
жывая	124
эсэіст	124
выводзіць	124
антарктыды	124
сацыяльным	124
тэрміна	124
турэцкім	124
аўстрыйскіх	124
сацыял-дэмакратычная	124
прытрымліваецца	124
надрукавана	124
зьдзейсьнены	124
ізабэла	124
мілан	124
часовая	124
крыстына	124
нясьвіжу	124
выратаваньня	124
веданьне	124
рэальным	124
александровіч	124
шаўчэнка	124
зонай	124
трымаецца	124
абарончага	124
краму	124
натуральным	124
сэрвіс	124
сьпяваў	124
канкурэнцыі	124
памерлага	124
дыпляматычнай	124
адказы	124
прэфэктуры	124
зьняволеньне	124
экраны	124
пісьмом	124
эрнэст	124
асудзіў	124
вокладцы	124
акцый	124
марс	124
оўруч	124
сэкунду	124
мінэральныя	124
праектаваньня	124
дасягаецца	124
сыракомля	124
дапаможнай	124
эмігранты	124
асаблівым	124
рэлігію	124
заваяваць	124
першынство	124
працягнула	124
касьмічнага	124
сапегу	124
кхл	124
зборкі	124
пакладзены	124
рэалізму	124
утворанае	124
вырабе	124
рэха	124
тлушчу	124
вугорскім	124
падышоў	124
здольнасьцю	124
выклаў	124
вількамірскі	124
памежныя	124
масе	124
дыяпазон	124
палону	124
манархі	124
прыгавораны	124
нда	124
эстонскага	124
драматурга	124
астрог	124
грунт	124
ўласнасьцю	124
даводзтвам	124
клічаўскім	124
уніяцкая	124
здолеўшы	124
аўтаномнага	124
калена	124
кінгс	124
аркестрам	124
мальмё	124
навасёлкаўскага	124
дубай	124
схематычным	124
рытмічна	124
івейскі	124
васілішкаўскага	124
дзянісаў	123
ўрачыстае	123
страйк	123
лёсік	123
ваганьні	123
халодны	123
парыскага	123
балянс	123
тысячагодзьдзі	123
скарачэньні	123
вымушана	123
кампэнсацыі	123
каралеўскую	123
разьмясьціўся	123
тырана	123
прыгожы	123
адпаведнымі	123
аднайменныя	123
вачах	123
спэктаклю	123
тайлянд	123
люблю	123
тарашкевіч	123
роспуску	123
чытае	123
пастаноўцы	123
народзінаў	123
рафаэль	123
узоры	123
казімір	123
барон	123
кісель	123
мысьлі	123
савіч	123
закрыты	123
адказваў	123
лацінскіх	123
того	123
гарбаты	123
аб’явіў	123
пастаўленыя	123
скалы	123
чан	123
запушчаны	123
мяккай	123
каратэ	123
выратаваў	123
літоўскімі	123
храптовіч	123
галоўнакамандуючы	123
міхалам	123
ліпа	123
мэбля	123
рывэр	123
навумчык	123
паказьнікі	123
матэрыі	123
мысьленьня	123
рэзалюцыю	123
любань	123
арыстакратыі	123
шасьцю	123
апалён	123
цюрых	123
ўлучыў	123
эўракубках	123
пераклала	123
шахтер	123
распалася	123
квадратны	123
лёнданскі	123
малодшая	123
швайцарскай	123
прадпрымальнікі	123
абраных	123
македонскай	123
великой	123
ядуць	123
вогнішча	123
нарвэскія	123
дробнымі	123
іхную	123
падводных	123
зьбіты	123
аўстралійскія	123
цаны	123
вырасьлі	123
тышкевіча	123
александра	123
узроўняў	123
мэмэлю	123
пяткевіч	123
княскі	123
консульства	123
некаторая	123
мэханізму	123
выйграць	123
вылучэнцаў	123
сатурн	123
акцыях	123
гонак	123
порце	123
кляс	123
драфту	123
трыкутным	123
ураднікі	123
чэ-	123
сэтах	123
мястэчках	122
сходаў	122
камент	122
после	122
рабін	122
патэнцыялу	122
сьвятаслаў	122
супрацьстаялі	122
дарослыя	122
сураж	122
искусство	122
імкліва	122
серия	122
выкупу	122
зьменшылася	122
палосы	122
рэвалюцыянэр	122
аўстрыю	122
георга	122
кветка	122
вобразе	122
арлова	122
падкрэсьліваў	122
кейстут	122
вінчы	122
сярэднявечнага	122
надаваў	122
фэрары	122
бін	122
палічыў	122
выбіты	122
цётка	122
боб	122
навукоўцам	122
дакумэнта	122
каралеўскія	122
типография	122
крытыкай	122
склон	122
барсукі	122
інвэстыцыі	122
лорд	122
высланыя	122
праверка	122
сінім	122
рэпэртуар	122
сьпявае	122
прастакутныя	122
ўспамін	122
рэформу	122
эдзі	122
функцыянаваньня	122
дастаеўскага	122
прыйсьці	122
абразу	122
хлопца	122
чакалі	122
сакратары	122
істотаў	122
харвацкага	122
клюба	122
крымінальную	122
дзісны	122
касакоўскі	122
эл	122
электронаў	122
будучыня	122
праблемах	122
атлянтычным	122
арганізуе	122
печ	122
місысыпі	122
пасяленцаў	122
максымум	122
складана	122
катаваньні	122
каляровых	122
латвійскія	122
фондавы	122
вымярэньняў	122
збыту	122
турын	122
дывізіёны	122
ліль	122
інгела	122
віцкі	122
ґётэ	122
браціславы	122
мастоўскі	122
кіндэр	122
чаркаскай	122
обл	122
панявескага	122
виленских	122
литература	121
сьвідрыгайлы	121
гадавіну	121
фізычна	121
студэнцкай	121
жыльля	121
адметныя	121
прадстаўленьне	121
стварыўшы	121
плянэту	121
ўмовамі	121
суворава	121
гарадзенскую	121
абарот	121
вызначаў	121
вожык	121
адкрыцьцём	121
сфармавалі	121
інтэрнат	121
краязнаўцы	121
валы	121
гарт	121
прытоку	121
дваром	121
аўторак	121
чарговай	121
белорусские	121
захопленых	121
іконы	121
паўгады	121
паэтычнай	121
ганконг	121
прускага	121
віктарам	121
атакуючы	121
распрацавана	121
штабе	121
чужыне	121
маўра	121
памылка	121
зла	121
спыніліся	121
уладзе	121
служэньне	121
ўвечары	121
абапал	121
ўдары	121
арабы	121
мяцельскі	121
заканадаўчая	121
прызначана	121
абавязаныя	121
прэзэнтацыі	121
память	121
мікашэвічы	121
блакітнага	121
існаваньні	121
зьмяншэньня	121
мухамада	121
залатую	121
амэрыканцаў	121
склаліся	121
экспэрымэнтальнай	121
хартыі	121
напрамкаў	121
непасрэдным	121
муру	121
иванович	121
возглавил	121
уладам	121
мэдычы	121
калектыўнай	121
рыфма	121
нкі	121
целе	121
роднасных	121
зьнікае	121
аналёгіі	121
забясьпечвала	121
міт	121
затоку	121
заробку	121
божым	121
акцэнт	121
самцы	121
ключа	121
магнітнага	121
рыцара	121
слуга	121
лукаша	121
масіву	121
званіцай	121
свавольны	121
флігель	121
сабраны	121
церквей	121
дзейнасці	121
рознагалосьсі	121
мандат	121
чыне	121
заграб	121
салён	121
расьліннасьцю	121
апярэдзіўшы	121
млс	121
быцень	121
супэркубку	121
сморгонского	121
стали	121
супэрліга	121
даліну	120
курапатах	120
рэабілітацыі	120
падыходу	120
блёкі	120
асаблівая	120
парад	120
выставаў	120
сэнатар	120
цывільнага	120
правая	120
карпусы	120
сьценамі	120
параскевы	120
город	120
кастрычніцкая	120
позьняй	120
фатаграфія	120
ваньковіч	120
калёнію	120
сьвятую	120
харваты	120
дзясятку	120
вуха	120
праглядаў	120
партызанскім	120
табага	120
каранаваны	120
біялёгія	120
натуральныя	120
характары	120
тэхнікуме	120
даніель	120
паўстанцам	120
родзе	120
арыгіналу	120
падала	120
рэж	120
раніца	120
сэ	120
перавыданьне	120
пісаньня	120
лічыла	120
прыходзяць	120
распаўсюджвацца	120
складнікаў	120
запісаць	120
адыграла	120
вікінгаў	120
адпавядаць	120
каардынацыі	120
выстаўка	120
асыстэнтам	120
ніводнай	120
кропак	120
радзівілы	120
дуды	120
люстэрка	120
латвіяй	120
лодкі	120
случчыны	120
пастаянны	120
казлова	120
наўмысна	120
сярэднявечны	120
накіроўваецца	120
канчатковай	120
даўжэй	120
прапаноўвалася	120
тэўтонскім	120
вопратку	120
паабяцаў	120
замяніла	120
наколькі	120
элітны	120
калюмб	120
маска	120
сайтаў	120
губэрнскага	120
падставу	120
паспрабавалі	120
заявак	120
суседзі	120
буйное	120
размах	120
моцнымі	120
асьвяцілі	120
смалявіцкі	120
бешанковічы	120
паверхняй	120
тар	120
дазвалялі	120
грэнляндыі	120
дывізіёнаў	120
сфармаваць	120
эстонію	120
рабочага	120
зорку	120
хуана	120
ўпаміналася	120
маршалкі	120
пастаянных	120
адрасам	120
выступамі	120
брыґады	120
рэчка	120
скрыжаваньня	120
раўнаньні	120
рода	120
займанай	120
шарашоў	120
условиях	120
слаламе	120
тэхналогія	119
эпідэміі	119
узроўнях	119
біялягічны	119
сялянскія	119
носьбітамі	119
ягайлам	119
багаслоў	119
арганізавала	119
булак-балаховіча	119
ўжывалі	119
рэгулярных	119
литва	119
падпольле	119
район	119
вадзіма	119
пацьвярджае	119
ваяводу	119
глінскі	119
дзявятае	119
колішняе	119
зарэгістраваных	119
паўтары	119
лін	119
каноэ	119
ёзэфа	119
драматычных	119
першапачатковай	119
твой	119
гаўрыла	119
рыгорам	119
будны	119
навуковымі	119
назаўжды	119
рэвалюцыянэры	119
паступленьня	119
амністыі	119
патрапілі	119
сыры	119
магілу	119
главное	119
лех	119
заканчэньне	119
беларусізацыі	119
прозе	119
грашыма	119
скура	119
дай	119
быдла	119
ўласьцівыя	119
ужываньнем	119
дэвіс	119
ўладзіслаў	119
турэччынай	119
атэнаў	119
зубра	119
ляшчынскага	119
ахрышчаны	119
паветам	119
р-	119
палатна	119
меншасьць	119
сэрбскім	119
ге	119
калініна	119
сьвядомасьць	119
законе	119
косаў	119
маларыцкім	119
зацікавіўся	119
распрацоўваў	119
адноўленыя	119
умовай	119
новаму	119
экспэртызы	119
акцыю	119
прысутнічала	119
абавязковай	119
складаную	119
крымскай	119
запазычанасьці	119
кндр	119
чавускага	119
янава	119
забароненае	119
аэрапорце	119
можам	119
шостае	119
рэактараў	119
зафіксаваны	119
рытм	119
віны	119
нёмане	119
забараняе	119
мяркуючы	119
наркотыкаў	119
каштаваў	119
велічыню	119
аўтарскіх	119
трэ	119
адборачнага	119
’жвавы	119
аніводнага	119
вішнеў	119
нетраў	119
бара	119
квартале	119
схеме	119
кія	119
экране	119
стратэгічнага	119
сьвято	119
дзярэчын	119
життя	119
совете	119
камэдыйныя	119
традыцыйную	118
присвоении	118
водная	118
выкарысталі	118
папуляцыі	118
піраміды	118
кляштара	118
ільлінская	118
намаганьняў	118
казалі	118
іканастас	118
пачатковыя	118
разьлічаны	118
адыходу	118
магутнай	118
лепшую	118
рок-гурты	118
суперніцтва	118
моўнага	118
чэскую	118
тыповыя	118
кнігарня	118
рыхтаваў	118
му	118
галяндыі	118
сэра	118
кардынала	118
каледжу	118
прынцэса	118
выпрабаваньне	118
выказаўся	118
паломніцтва	118
аналягічныя	118
наведаць	118
царстве	118
сьцьвярджалася	118
пробашч	118
кракаўскай	118
большых	118
тому	118
фаза	118
маланка	118
карыстальніка	118
грэцыю	118
заканадаўчай	118
хрысьціянскае	118
партугальская	118
атляс	118
адзінаццаць	118
суправаджэньні	118
літвінаў	118
дужа	118
ўласьцівасьцямі	118
малочныя	118
сэм	118
пасланьні	118
мінейка	118
формулы	118
апісваюць	118
ідэнтычнасьць	118
прыгатаваньне	118
сэнатараў	118
адпаведнае	118
бойкі	118
блікі	118
афіцыйнымі	118
сыход	118
-гадовую	118
праход	118
гарамі	118
змовы	118
ужываюцца	118
румынскага	118
асыміляцыі	118
абумоўлена	118
своеасаблівы	118
наукова	118
аздабленьне	118
турэцкіх	118
весткі	118
сапраўдную	118
ўстаноўчы	118
няўдачы	118
станцыях	118
лукашенко	118
зьнішчальнік	118
лыжах	118
вэрмахту	118
-гайл-	118
-гел-	118
краме	118
уяўляў	118
трэнэрскую	118
аун	118
даўят	118
забітага	118
гледачы	118
бэнфіка	118
дварэц	118
адгуляў	118
аказваў	118
адвагу	118
сіетл	118
ляйпцыг	118
йкі	118
орг	118
лунінецкі	118
лыскаў	118
наименований	118
праглядзе	118
мэталюрг	118
прысёлак	118
рымска-каталіцкай	117
канцэнтрацыі	117
канстантынопальскі	117
зацьверджаныя	117
прыметнік	117
нядзелі	117
адзначаныя	117
гродзкі	117
канцом	117
лічбавы	117
абсэрваторыя	117
кавалкі	117
наверсе	117
гандлёвую	117
паўлава	117
выпускнік	117
тбш	117
фартэцыю	117
пасажырскія	117
серада	117
уладальніца	117
каранацыя	117
крыламі	117
падаваць	117
эўразьвяз	117
суб’ект	117
нізкіх	117
сьведчаньнем	117
архіва	117
-ым	117
антычных	117
аб’ядноўваюцца	117
усяе	117
джын	117
сэкцыя	117
прускі	117
ураджай	117
крытычных	117
зьбіралася	117
струны	117
хворы	117
старанна	117
пераважнай	117
нос	117
сорак	117
традыцыямі	117
лепшае	117
намаляваў	117
табліцу	117
пэркусія	117
ўнівэрсытэтаў	117
установай	117
заробкі	117
невядомае	117
глыбокія	117
ўяўленьні	117
люка	117
газэтай	117
акадэмічнай	117
абласное	117
мар’ян	117
фрэнсіс	117
гунтэр	117
голасам	117
трупа	117
кароннага	117
люблінскім	117
садавіна	117
трапічны	117
гарачы	117
старына	117
габрусь	117
лізаветы	117
ссрб	117
ўмоўна	117
плятэр	117
зьехала	117
лічбавай	117
лёнданскім	117
школьнікаў	117
прасунулася	117
змагалася	117
бдэу	117
зборам	117
плоцевы	117
публічных	117
віцэ-прэзыдэнтам	117
манпэлье	117
любое	117
тарашкевіча	117
мовам	117
пражываньне	117
этнічнымі	117
ляцыё	117
адбудзецца	117
мінэсота	117
падаткаабкладаньня	117
патрапіць	117
даручана	117
пробашчам	117
галоўнакамандуючым	117
герольд	117
падвышэньне	117
зьдзяйсьняе	117
ваяваць	117
паліцыянты	117
чый	117
-гард-	117
абмежавана	117
часопісам	117
капеек	117
відзігайла	117
зважаецца	117
пераканаць	117
скоп’е	117
пітсбург	117
альбіён	117
бока	117
издание	117
годны’	117
бэльгійскія	117
готспур	117
баявое	117
хвойнікаў	117
качэрыцкім	117
прабіўся	117
каранавірус	117
плоцкія	117
спарта	117
торпедо-белаз	117
исторический	116
манюшка	116
луг	116
гумару	116
рэйсы	116
эвм	116
асабовага	116
пазбавілі	116
разьвіваўся	116
істотных	116
аўтамабільнага	116
будавалі	116
траціну	116
вірус	116
фондам	116
тэарэтык	116
нашчадкам	116
звалася	116
ашмянах	116
студэнцкая	116
школьныя	116
самастойная	116
публікаваліся	116
ялавічыны	116
акопы	116
публіцыстыка	116
канфлікце	116
джонз	116
паказваў	116
канфіскавалі	116
банглядэш	116
фінская	116
экспэрымэнты	116
ньютана	116
маю	116
разьбітыя	116
галасаваньнем	116
угодзьдзяў	116
фрунзэ	116
сянкевіч	116
падарожнічаў	116
змагар	116
алексіевіч	116
цыкл	116
пакінутыя	116
падыходзіць	116
наборы	116
сьвятле	116
пакрытая	116
паўлу	116
заявіўшы	116
шрыфтам	116
шэрага	116
лічбавае	116
свабодныя	116
фэрнанда	116
дзейных	116
жыдоўскае	116
бона	116
бегчы	116
джэйн	116
с-	116
загаднікам	116
крыстафэр	116
сяржант	116
ке	116
астранамічныя	116
гедройца	116
дарослым	116
індаэўрапейскае	116
пагадзілася	116
павялічыў	116
характарыстык	116
эліту	116
супернікамі	116
канстантынопалю	116
прыднястроўскай	116
дзёньніку	116
парыскім	116
цы	116
ўвяла	116
папярэднікам	116
надворны	116
дадатку	116
самалёту	116
прапанавана	116
хачу	116
сотавай	116
самастойны	116
наўгародзкі	116
забіваць	116
хатнюю	116
спэцслужбаў	116
сьвяцілавіцкага	116
кашміру	116
відэакліп	116
крыжовымі	116
найлепшае	116
гоцкае	116
збо	116
працоўнае	116
прывезьлі	116
монтгайла	116
мошчы	116
гэры	116
сёстры	116
інвэнтар	116
запольле	116
віну	116
стаўленьні	116
аст	116
гармата	116
нцы	116
посуду	116
невыразная	116
трываў	116
булз	116
расположении	116
прабілася	116
есьман	116
найбуйнейшае	115
запісах	115
кіпель	115
прагрэсу	115
велізарныя	115
попыт	115
подпіс	115
тызэнгаўз	115
дзьвінску	115
забясьпечваў	115
гардзіцкі	115
набегаў	115
машэрава	115
-павярховыя	115
дзялянках	115
заўважыць	115
латвійская	115
геоляг	115
садовая	115
маскоўскаму	115
валасная	115
тэрытарыяльнае	115
нейкага	115
песьнях	115
штосьці	115
леапольда	115
сфармаваная	115
моцарт	115
абставінаў	115
загадчыка	115
штучны	115
гвінэя	115
біл	115
неабходным	115
советской	115
павагі	115
назваўшы	115
вандроўкі	115
паліталёгіі	115
студэнцкія	115
электрычнасьці	115
праспэкту	115
адлюстраваны	115
чатырохразовы	115
крапівы	115
фразы	115
прыёмаў	115
сяргеевіч	115
трыццацігадовай	115
зыходу	115
самастойнасьць	115
магчымай	115
золатам	115
захопе	115
цыганы	115
блытаць	115
распачаць	115
іхнюю	115
сядзеў	115
дуэт	115
апостальскі	115
узвышшы	115
сельскагаспадарчую	115
штогадовая	115
даччынае	115
патрабаваньням	115
сыгналы	115
увялі	115
пераабраны	115
брод	115
падземныя	115
акружаны	115
эра	115
кангрэгацыі	115
балятаваўся	115
миру	115
захаваньнем	115
адрозьніваўся	115
дазваляецца	115
соку	115
страчаныя	115
братэрства	115
гіне	115
абвяшчэньні	115
ўначы	115
сустрэчаў	115
шлюбы	115
шанхай	115
фонды	115
сылезіі	115
тариф	115
смартфоны	115
паседжаньня	115
сьпіне	115
апасьля	115
сьведкам	115
-гал-	115
сфрю	115
зразумеў	115
ўзьведзены	115
раённым	115
абстрэлу	115
івацэвіцкі	115
ачкоў	115
сабаленка	115
першої	115
шарлот	115
кваліфікаваўся	115
франтон	115
чрі	115
кваліфікацыя	115
званіцу	115
менчука	115
местамі	114
мэтрыкі	114
велізарны	114
грамадзка-культурны	114
янкоўскі	114
ідэямі	114
абмеркаваньне	114
генэрал-губэрнатара	114
земскія	114
зямяне	114
несьці	114
берасьцейскую	114
копію	114
спыняўся	114
левая	114
епархии	114
зафіксавана	114
ажыцьцяўляюцца	114
івану	114
вулічных	114
дымы	114
грузавыя	114
езуіцкай	114
па-другое	114
вяртацца	114
аб’яднаў	114
канцлерам	114
герцагавіне	114
зацьверджана	114
повязь	114
міраслаў	114
рамуальд	114
узбэкістан	114
перадгісторыя	114
катару	114
партызанская	114
ўчынілі	114
застанецца	114
дар’я	114
джэсі	114
ахвярамі	114
чэхава	114
зьяву	114
люіс	114
праскай	114
ленінградзкага	114
атрымае	114
отечественной	114
карэл	114
эфэктыўнасьць	114
аўтаномны	114
дадаецца	114
алекс	114
дзяржаваю	114
ніла	114
адміністратарам	114
зьдзяйсьняецца	114
беднасьці	114
вышынёю	114
ключавым	114
фундамэнтальных	114
макса	114
адамам	114
дрэздэне	114
комитета	114
коратка	114
шкалы	114
каір	114
пераможны	114
прамых	114
захоплена	114
закарпацьця	114
люсі	114
сэвільля	114
материалов	114
сымбалямі	114
ната	114
ўжываўся	114
чыстай	114
печані	114
набой	114
патрабаваць	114
супрацьпаветранай	114
дадзена	114
тулава	114
санкцый	114
урада	114
опыт	114
ваганьняў	114
кэпіталз	114
цароў	114
вызваленыя	114
роса	114
слабадзкі	114
бюджэце	114
пакояў	114
хуніёрс	114
казлоўшчынскі	114
зорнай	114
катлавіна	114
улучала	114
чча	114
графстве	114
пинского	114
санскрыту	114
харунжага	114
уездам	114
прасьценках	114
навукова-фантастычныя	114
гандбольнай	114
выдадзеным	113
ратушу	113
мэдыя	113
арганічныя	113
выдаюцца	113
азначэньні	113
собранные	113
сталых	113
акруговага	113
абарончы	113
ее	113
сухога	113
дывізіяў	113
дадаткі	113
бронзавым	113
імпэратрыца	113
кантынэнтальнага	113
сарака	113
столінскі	113
тураўскай	113
бронзы	113
стабільнасьці	113
дачцэ	113
ўзброенымі	113
жалезнай	113
венскай	113
паэту	113
паспалітую	113
шар	113
кастыліі	113
ўайлд	113
нігерыя	113
толкіна	113
хакейная	113
камісарам	113
дудар	113
апазыцыйных	113
авіякампаніі	113
пытаньнем	113
сыднэі	113
-летию	113
максымальнай	113
прапанове	113
невядомым	113
апазыцыю	113
друкаваны	113
прадмове	113
канстанцыя	113
загаловак	113
паштоўка	113
пасьпяховага	113
скаргу	113
кірылічныя	113
ісьляндзкага	113
апэрацыйная	113
нуля	113
яніна	113
аль	113
рычы	113
сумесныя	113
цягніку	113
беласточчыны	113
ліду	113
уругваю	113
упраўленьня	113
азот	113
населеным	113
нумара	113
камуністычных	113
дзясяты	113
сьветлавы	113
апостраф	113
іо	113
рухаюцца	113
прававы	113
вопраткі	113
ажыцьцявіць	113
даляра	113
маёра	113
вясельля	113
брус	113
дзеячам	113
наведваньне	113
аляксе	113
здавалася	113
падпарадкаваных	113
друі	113
тканак	113
полный	113
верхнюю	113
уключна	113
індыйскай	113
паркам	113
бэсарабіі	113
заражэньня	113
альжыру	113
стральбе	113
цацкі	113
рэкордныя	113
якутыі	113
ляліва	113
патрабавалася	113
манаграфіяў	113
кіраўніцтве	113
петрыкаўскім	113
барсэлёну	113
верных	113
сэрбскіх	113
дел	113
двухпавярховы	113
аўтамата	113
сэксуальнай	113
-ер-	113
ганцавіцкі	113
половини	113
эўра-	113
боепрыпасы	113
петръ	113
падляшскім	113
адліку	112
напалеонам	112
альфа	112
цёмныя	112
маленькіх	112
сямейных	112
верхніх	112
уключаныя	112
готаў	112
рачны	112
беластоцкая	112
падстолі	112
асаблівых	112
мэталюргіі	112
малярства	112
жанрах	112
жыдоўскі	112
валам	112
прыбораў	112
дулеба	112
князям	112
скандынаўскіх	112
паняцьця	112
аўтамагістралі	112
аднавілася	112
дробнай	112
заклікі	112
майк	112
мянушкай	112
мусаліні	112
васілеўскі	112
дошцы	112
лесота	112
арганізма	112
пратэстанцкай	112
рэканструкцыю	112
грунвальд	112
шаблюк	112
фарбы	112
былую	112
запаведніка	112
зьместам	112
боскай	112
хрысьціянскім	112
прачытаў	112
прыватную	112
юнак	112
ажэшкі	112
ірляндзкая	112
капэнгагене	112
аркушаў	112
выратаваньне	112
становішчам	112
наперадзе	112
ольса	112
цэлых	112
разрадзе	112
адмірал	112
мечыслаў	112
пустыні	112
склонаў	112
радка	112
матэматычнай	112
бэрнард	112
элемэнту	112
андрэю	112
рачных	112
зарэгістраваныя	112
дзікі	112
выехаць	112
забалочаная	112
кры	112
пашкоджаньня	112
выконваюцца	112
сутыкненьне	112
параў	112
эўрарадыё	112
скараціць	112
працягнулася	112
вайскоўцамі	112
натоўп	112
злачынцы	112
партугальскага	112
працяглага	112
ўінгс	112
нікі	112
камэрцыйнай	112
намінацыя	112
ранейшай	112
расла	112
захоўвала	112
зычнага	112
арабскае	112
квас	112
жаданьня	112
маленькім	112
кельцкіх	112
мсап	112
эўрапейцы	112
разгрому	112
часавы	112
зайцаў	112
пратэктарат	112
вызначалі	112
турэччыну	112
карыбут	112
прадусарам	112
ставіла	112
прыцягвае	112
бачныя	112
часавыя	112
копіяў	112
мужу	112
хр	112
вайсковымі	112
неман	112
скарыстацца	112
водным	112
державний	112
дэкаратыўныя	112
ўзвышаецца	112
дзіцем	112
’войска	112
населенным	112
маскалізацыя	112
києві	112
допіс	112
кантона	112
алімпійцы	112
цмокі-менск	112
матрыкуле	111
пятру	111
пешка	111
паўстаньнем	111
падвышэньня	111
трактар	111
нарвэскай	111
вераніка	111
мэтадамі	111
апісаньнем	111
чартарыйскіх	111
мірную	111
пагадненьнем	111
гідраграфія	111
саве	111
машынабудаўнічы	111
крычаўскім	111
талачын	111
захаваныя	111
съ	111
ізяслаў	111
іхнім	111
будаўнічы	111
будаваўся	111
вясёлка	111
нанесьлі	111
мэханічны	111
прадстаўленьні	111
люцыян	111
земская	111
гандляроў	111
сяброўкай	111
ганса	111
славаччыну	111
японскім	111
славенскі	111
круглянскім	111
пэрсыдзкі	111
нікарагуа	111
рэдкімі	111
кандрат	111
мілер	111
біскупу	111
харэўскі	111
дэмакратычную	111
кінастужкі	111
даведацца	111
вітольд	111
ствараў	111
аддаваў	111
свабодны	111
хадановіч	111
невядомай	111
эдгар	111
канчаткі	111
лівонскага	111
студыйныя	111
заклад	111
языки	111
палічылі	111
прамова	111
вокнаў	111
накіравана	111
ўступленьня	111
апрацоўцы	111
трымаюць	111
далінах	111
гарачым	111
моладзевая	111
сказ	111
вызначаўся	111
калегіяй	111
запрошаныя	111
аўгустын	111
зробленых	111
вырошчваюць	111
нічым	111
варыянтам	111
траплялі	111
малодшых	111
вырошчваньня	111
лябараторыю	111
інтэрв’ю	111
аб’екту	111
супрацоўнічаць	111
сольны	111
астатняе	111
лёнданскай	111
дэмакратычнае	111
казаская	111
якраз	111
бальніцы	111
кааліцыю	111
александрыі	111
ўверх	111
валадарства	111
коштаў	111
латышоў	111
задняй	111
расколу	111
сэрцам	111
аўтаномных	111
абапіраючыся	111
прозьвішчаў	111
канструкцыю	111
багатым	111
смартфон	111
карысна	111
згадваў	111
стварала	111
уласнасьцю	111
чорна-белыя	111
основы	111
мясьціна	111
абарачэньні	111
манэт	111
кілямэтрах	111
-від-	111
ўроцлаве	111
паверху	111
жупаніі	111
матэрыяльнага	111
лёгкага	111
індзейцы	111
грозны	111
арыштаваная	111
алтай	111
дортмунд	111
уфа	111
вадазбор	111
нідэрляндзкага	111
загон’	111
-гранная	111
гарадзішчанскага	111
’добры	111
аграгарадок	111
приходам	111
еврейским	111
обществам	111
народонаселении	111
опрацював	111
ўпамінаўся	111
заставе	111
шавельскага	111
зруйнаваныя	110
даведніку	110
сакральнай	110
заапарк	110
прыродазнаўчых	110
адрозьнівацца	110
канкрэтных	110
прысудзілі	110
мяккая	110
акупантаў	110
валуны	110
працяглым	110
задума	110
аддзеламі	110
клясыка	110
партызанскіх	110
злучанае	110
прызначаюцца	110
прывілеем	110
вуснай	110
арэнай	110
змагаецца	110
віцебскам	110
колішніх	110
сьветлы	110
выправы	110
прыцягнула	110
бэрлінскай	110
янкам	110
подпісам	110
прыметнікі	110
калёніяй	110
перавыдадзены	110
дуглас	110
катар	110
лёгікі	110
роза	110
касьцюшку	110
зьмешчаная	110
граніту	110
канфіскацыі	110
юліюс	110
пэўна	110
тайна	110
сустракалася	110
ўзьнікненьне	110
грэцкую	110
пазьбягаць	110
памятаць	110
эпізоды	110
дакладнага	110
пскоў	110
бухарэст	110
марцы	110
абмываецца	110
зьвяза	110
жанна	110
кліентаў	110
асьвячэньне	110
унівэрсытэтах	110
канцэртны	110
іса	110
рэгіянальным	110
ціхі	110
багіні	110
мар’яна	110
савічы	110
касьмічныя	110
спрыяць	110
прадстаўнікам	110
рэальнасьць	110
зараду	110
сэнатары	110
спагнаньня	110
жэнэва	110
схільнасьць	110
саковіч	110
рэвалюцыйны	110
ельня	110
ліца	110
шатляндзкага	110
львоўская	110
лютэранства	110
сёмае	110
прыметнікаў	110
набрала	110
дасьледваньні	110
канчатковае	110
прасочваецца	110
аналягічны	110
сутыкненьня	110
прапусьціць	110
ідэнтыфікацыя	110
круглае	110
заваяваньня	110
імпарт	110
разлад	110
лічбавага	110
утрыманьнем	110
мазавецкім	110
ўраджэнцы	110
апошнімі	110
другіх	110
сьцьвярджалі	110
кабінэце	110
баючыся	110
шахты	110
тарыфе	110
рэжысэраў	110
дацкая	110
беласточчыне	110
кір	110
вілейка	110
мядзельскай	110
страхаваньня	110
ўулвэргэмптан	110
розьніцы	110
паліцыянтаў	110
рэйтынгам	110
выдавецтвы	110
вымусіла	110
гільдыі	110
інжынэрыі	110
зо	110
местностям	110
списках	110
мілўокі	110
шатровым	110
польска-беларускае	110
порнаакторкі	110
фільмы-камэдыі	110
конца	109
маршруту	109
даручэньне	109
тэлеканалы	109
супраца	109
быцьця	109
пэрыядаў	109
ўплываюць	109
водгук	109
данбасе	109
относящиеся	109
урачыста	109
шчупак	109
шубэрта	109
полацкіх	109
лёзна	109
прыроднай	109
литвы	109
жорсткіх	109
гогаля	109
шацілавічы	109
тэхнічную	109
рафала	109
аўтаномныя	109
унёсак	109
прадмовы	109
песня	109
тэйлар	109
канструктар	109
самоа	109
аўтаномія	109
крыжовы	109
сцяг	109
олівэр	109
грамаду	109
паўстанцкі	109
ехаць	109
кунцэвіч	109
архіўных	109
допісы	109
найважнейшыя	109
ваяры	109
паступілі	109
грант	109
фантастыкі	109
скараціўся	109
мэлёдыя	109
найвышэйшыя	109
геамэтрыя	109
погляду	109
філёзафа	109
смаленскам	109
папскі	109
апостальскай	109
юта	109
пясок	109
ганконгу	109
вечны	109
запісаных	109
небакраю	109
дэмакратыю	109
званую	109
стрыечны	109
чайкоўскі	109
навастворанага	109
уласьнік	109
крычаўскага	109
ўладзе	109
аб’ёмы	109
рэстаран	109
легендаў	109
далучыў	109
запатрабавала	109
рагвалод	109
дадатковым	109
вяртаюцца	109
шахцёрам	109
ўласьнік	109
паказваць	109
львоўскага	109
чацьвертая	109
рок-музыкі	109
знойдзеная	109
нагамі	109
істотную	109
балтыйскай	109
аналягічна	109
голова	109
адхіленьне	109
плятформе	109
неафіцыйна	109
прыбярэжных	109
багуслава	109
айцоў	109
выслалі	109
застаючыся	109
ўсталявала	109
прылеглыя	109
лябараторыя	109
беларусазнаўства	109
сакалова	109
незалежным	109
шыбека	109
даўжынёю	109
спажыўцоў	109
рэгістрацыю	109
сямяціцкі	109
вышынях	109
рынкаў	109
мировой	109
самуэля	109
прамога	109
наведнікаў	109
бнп	109
супольнасьцю	109
міністэрству	109
квіткі	109
сэлтык	109
авіяцыйнай	109
інжынэрнай	109
перашкодзіла	109
сараева	109
ацаніў	109
датэрмінова	109
карцінах	109
федерации	109
баха	109
канадыенз	109
кідкоў	109
пляніроўка	109
апорнага	109
трабы	109
каардынаты	108
пячаткі	108
поп	108
калектывы	108
маніторынгу	108
главного	108
генэральныя	108
рэпрэсаваны	108
пераводу	108
супольны	108
рэктара	108
тэхнічная	108
магутным	108
кацярынай	108
жывёльнага	108
труды	108
краязнаўства	108
настаўніцкая	108
зінаіда	108
ружанцовай	108
пісьмовае	108
ахвяраваньні	108
жыткавічы	108
гіпотэзу	108
салагуб	108
пасяленьня	108
рымскую	108
канфэдэрацыю	108
скульптары	108
творчасць	108
паэтычнага	108
усходнім	108
ніводны	108
моманты	108
тэоляг	108
вытворчы	108
хорхэ	108
мустафа	108
разьвітаньне	108
пасьлядоўнікаў	108
айнштайн	108
крымінальнае	108
фішэр	108
гурткоў	108
органу	108
шлюбаў	108
кольцы	108
ўхвалілі	108
гармоніі	108
ой	108
адзеньні	108
філадэлфіі	108
перавод	108
звальненьня	108
распрацавала	108
цесныя	108
пакінуты	108
супраціўніка	108
графаў	108
армяне	108
галіцкі	108
італьянскую	108
востравам	108
радасьці	108
паляўнічы	108
дырэктараў	108
шарля	108
конкурсаў	108
клімэнт	108
эль	108
ксенія	108
папярэдніка	108
клясах	108
лягерах	108
караліны	108
самапомачы	108
бабулі	108
надмагільле	108
ўзнагароджаньня	108
падазрэньні	108
гучаньня	108
выехала	108
фанэмы	108
намінацыях	108
груповак	108
прыпісваюць	108
прыпісваецца	108
сьвіней	108
вугорскае	108
пладоў	108
польск	108
рынках	108
джэксана	108
геры	108
патрыётаў	108
козел-паклеўскі	108
нараўне	108
эўрапарлямэнту	108
пячаць	108
манумэнт	108
пдв	108
сары	108
переписи	108
плата	108
пк	108
астраномы	108
куты	108
купіў	108
сэксуальных	108
’меч’	108
барановичского	108
міхалішкаўскага	108
шальке-	108
дэбютаваўшы	108
архивное	108
лгбт	108
старадаўніх	107
антаніна	107
беларускамоўнай	107
дом-музэй	107
аэрапорты	107
янку	107
навуках	107
перажыла	107
прамежак	107
анэксіі	107
шляхцічы	107
пазбаўленыя	107
вайскавод	107
разьмясьціліся	107
разьмяшчэньнем	107
габрэйскае	107
сібіры	107
марку	107
марозіва	107
кніжак	107
апекі	107
фронтам	107
кварталы	107
дрэваапрацоўчай	107
бард	107
кантора	107
пажараў	107
аб’ёмаў	107
ўскраіне	107
русецкі	107
архімандрыт	107
дзесьці	107
дзяржа	107
апарата	107
аказваць	107
цэнзуры	107
мадэрну	107
кастра	107
тайвань	107
трынідад	107
цюрыху	107
цуд	107
крапіва	107
ўільямам	107
ружы	107
пэле	107
высока-літоўск	107
валынскага	107
рыхард	107
экспэрты	107
пэрсыдзкага	107
ходам	107
свабодзе	107
альба	107
запісала	107
прапанаваныя	107
часть	107
сьвятланы	107
спатрэбілася	107
прадстаўленьня	107
редакцией	107
заўважаны	107
горацкі	107
эфэктыўна	107
камэрцыйныя	107
асацыяцыю	107
арыгінальная	107
лепельскі	107
павялічвае	107
іл-	107
пратэстанты	107
чемпионат	107
сола	107
крамах	107
дзіцячае	107
здраду	107
партоў	107
бальшавік	107
усходнюю	107
адмоўна	107
юбілей	107
расьсьледаваньня	107
працаўнік	107
паляна	107
ганцавіцкім	107
перакл	107
ейнымі	107
ненадоўга	107
накіраваных	107
імёнах	107
гульнявых	107
мудрага	107
конны	107
маргарэт	107
анімацыйны	107
люблін	107
юнацтве	107
дыялёг	107
электронным	107
камэты	107
ідэнтыфікацыі	107
шматгадовыя	107
дыялектамі	107
выдатную	107
лідс	107
муніцыпалітэты	107
забясьпечвалі	107
бпц	107
наведала	107
аўстралію	107
томе	107
вонкавая	107
прыгожая	107
брагіна	107
працаўнікі	107
национального	107
вульканы	107
эканамісты	107
казлы	107
пазначэньнем	107
гібральтару	107
дзея	107
сумесным	107
уварваньне	107
боркі	107
дыханьня	107
абразоў	107
апэратыўнага	107
дэкору	107
прыдатнасьці	107
ёмістасьці	107
заблякаваных	107
этнических	107
слушка	106
дэманстрацыя	106
архітэктурнай	106
археалёгія	106
малымі	106
паселішчам	106
дапаможныя	106
выключэньні	106
пакідаць	106
дзярж	106
шляхтай	106
кантэксце	106
царскага	106
уезда	106
моцарта	106
ложкаў	106
дюсш	106
шляхамі	106
пераходзіў	106
намаляваныя	106
аўтакефальнай	106
паўловіч	106
дачыненьнях	106
малочнай	106
нейкіх	106
шукалі	106
ўладальнікі	106
прытока	106
тытула	106
соф’яй	106
слонімскай	106
чэскім	106
сельскую	106
належыла	106
пецярбурскі	106
арыштам	106
прысьвечаную	106
мануэль	106
туніс	106
фрагмэнтаў	106
артыкуламі	106
уладальніка	106
юліі	106
воблака	106
удвая	106
лепшага	106
аказаўся	106
мужчынскім	106
гандзі	106
беларусістаў	106
зьбігнеў	106
грушэцкі	106
две	106
думаць	106
валасоў	106
пазначаюцца	106
галаўныя	106
высілкі	106
ўстаноўкі	106
падзею	106
пятнаццаць	106
гралі	106
этнографы	106
спаленая	106
пціч	106
брагінскі	106
сумесны	106
найсьвяцейшага	106
мэліярацыі	106
швайцарыю	106
ізраілем	106
прыступіў	106
дубрава	106
барабаны	106
духоўным	106
мэнэджар	106
патрабаваньнямі	106
зьдзяйсьненьня	106
ахвяру	106
лідэрства	106
турнірнай	106
нападнікаў	106
зьнікненьне	106
горват	106
пацэліў	106
індыйская	106
мабілізацыі	106
камісарыят	106
дасьледаваньнем	106
акадэмічныя	106
герцагам	106
актавіян	106
кірыліца	106
тан	106
выключэньня	106
бразыльскага	106
фізычным	106
фляндрыі	106
тону	106
тэлеперадачы	106
вузкія	106
докшыцкі	106
вынайдзены	106
меншую	106
каранямі	106
інтэлекту	106
заводах	106
ачысткі	106
брандэнбург	106
вількамірскага	106
тутака	106
скарбнік	106
супрацоўнічала	106
чырво	106
суседняга	106
праезду	106
мілі	106
крокаў	106
жж	106
шчыце	106
датаваныя	106
епархиальные	106
ўладальнікамі	106
мэмуары	106
скрыні	106
статутны	106
арганізавалі	106
шумілінскага	106
хацела	106
яр	106
супэрлізе	106
прэса	106
рабіўся	106
сцыпіён	106
ліфс	106
крае	106
веткаўскім	106
относящимися	106
необходимыми	106
міхалішкаўскі	106
перехода	106
асвоілі	106
чэмпіёнская	106
скаўты	106
рсча	106
хвойніках	106
дэпартыва	106
предложение	106
воршу	105
пераўтвораная	105
глінішча	105
урбананімічнай	105
гарбачоў	105
замалёўкі	105
навакольныя	105
лёгкаатлетка	105
выдавацца	105
вятры	105
водзяцца	105
карпусоў	105
пляцовак	105
чарнігаў	105
падарожнікаў	105
румянцаў-паскевіч	105
лініямі	105
лініях	105
варожых	105
удава	105
здабываў	105
волга	105
вальны	105
профілю	105
славуты	105
балотах	105
прапанаваная	105
зальцбургу	105
сьледам	105
перавезены	105
прычынаю	105
японскае	105
п’етра	105
сымфонія	105
буркіна-фасо	105
кыргыстан	105
сынгапур	105
крайнім	105
зьвязаў	105
берасьцейшчыне	105
бядулі	105
пералічаныя	105
перакладамі	105
падкрэсьліць	105
вырашэньне	105
аляксеевіч	105
юліянскім	105
закладзеная	105
самастойнасьці	105
адвакат	105
іржы	105
унівэрсытэты	105
прыладу	105
гандлявалі	105
валахіі	105
башкіры	105
засноўваецца	105
цьвёрдай	105
шиллер	105
пакідаючы	105
нясьвіская	105
падчашы	105
пане	105
ахвярай	105
выпускаецца	105
індыяй	105
затрыманыя	105
іўрыце	105
французамі	105
жалудок	105
чаховіч	105
ссылкі	105
асацыяцыяў	105
студэнцкі	105
велічынёй	105
думак	105
штуршок	105
скасаваць	105
пэкін	105
есьці	105
бамбардзір	105
утварэньні	105
кампаніямі	105
юрыдычную	105
вузкай	105
працэсам	105
аўдыторыі	105
спалучэньнем	105
перамір’е	105
мадам	105
тора	105
прыназоўнік	105
адмірала	105
старэйшыя	105
трафэю	105
порты	105
прывёз	105
жоўтыя	105
луцку	105
пакутуе	105
верагоднасьць	105
тысяча	105
вызначала	105
сыстэматыка	105
пэнсіі	105
прадмета	105
экзархат	105
спасылкай	105
выклікана	105
ніжнюю	105
манаграфію	105
лекавыя	105
сіняга	105
мурам	105
нэапаль	105
укладаньняў	105
сэна	105
сьмяротнасьць	105
сэвільлі	105
казаскі	105
карлё	105
размнажэньня	105
законапраект	105
трапляў	105
европейский	105
вырабляліся	105
строі	105
заводам	105
краснапольскі	105
доступа	105
начальнікі	105
варнянскі	105
нбув	105
юго-восточной	105
ўорыярз	105
сенна	105
праверана	105
пруссии	105
мядельского	105
крумкачоў	105
бывшей	105
санько	104
сярэдзіну	104
будаўнічага	104
трактароў	104
ўнебаўзяцьця	104
шушкевіч	104
геаграфічным	104
ўладкаваньне	104
музэях	104
этнаграфія	104
уладамі	104
біблію	104
разбурылі	104
мэмуарыст	104
купца	104
складзенай	104
вадзяныя	104
ласка	104
деревни	104
пэн	104
вучэльняў	104
штогадовыя	104
стваральнікам	104
ся	104
гомсельмаш	104
быхаўскі	104
гандлёвае	104
апараты	104
фондах	104
мосту	104
помніках	104
мэдычныя	104
лазьня	104
заняло	104
кнігадрукаваньня	104
турава	104
хатах	104
парафіяў	104
моўны	104
скарыстаўшыся	104
вольфганг	104
прысьвечанай	104
лесьвіцы	104
мосьце	104
акно	104
чацьвёртым	104
зьнізілася	104
канцэнтрацыя	104
сухоты	104
сьведчаньня	104
песьняры	104
мабілізаваны	104
напісанае	104
навучаньні	104
звароты	104
прэтэнзіяў	104
ягелонскага	104
агітацыі	104
пс	104
лідэрамі	104
графічныя	104
знакамітай	104
накіравала	104
міхалу	104
наяўных	104
кашары	104
слуцк	104
пятроўскі	104
палестыну	104
сасноўскі	104
паўночна-заходняя	104
працаздольны	104
прытокамі	104
дэфіцыт	104
камароўскі	104
малітоўная	104
сьне	104
май	104
абноўлены	104
клюбныя	104
чэхаславацкай	104
тэатрах	104
тэорыяй	104
плыняў	104
асьвету	104
швэдамі	104
прывозілі	104
вясковая	104
тычацца	104
служэньня	104
анёла	104
вядучыя	104
подписали	104
белшыну	104
трыё	104
гутэнбэрг	104
тэры	104
працягваючы	104
альфабэтам	104
выразаў	104
лэстэр	104
прыродным	104
прэзыдэнцкі	104
старонку	104
экспэдыцыю	104
арбіце	104
прададзена	104
даводзіцца	104
прынцэсы	104
меркаваў	104
літургіі	104
манархаў	104
кароткімі	104
гая	104
маладымі	104
рэшткаў	104
мэталюргія	104
электрычная	104
-кратна	104
любарт	104
здымаць	104
разараныя	104
канфэсійны	104
біялягічныя	104
аўкштота	104
гарызантальна	104
вадаспад	104
гнезна	104
вучня	104
ціханоўская	104
ліквідавана	104
аднолькава	104
індыйскіх	104
цану	104
пісарам	104
рымам	104
раё	104
расход	104
філадэлфія	104
анатольевіч	104
прускіх	104
адрыяна	104
ньня	104
моладзевым	104
брагіне	104
заўважылі	104
плаціны	104
аздабляюцца	104
аранчыцы	104
мунд	104
васілішкаўскі	104
аконных	104
эксплікацыі	104
мат	104
трампліну	104
экспансіі	103
дадатковае	103
ясінскі	103
агульнымі	103
азоту	103
функцыянуе	103
лялек	103
абсяг	103
прапануюць	103
ўказ	103
ковель	103
гаварылася	103
цытадэлі	103
фартыфікацыі	103
петра	103
ўспамінах	103
карэнныя	103
імпрэзы	103
крышталь	103
аксм-	103
ярашэвіч	103
наваградзкая	103
ткацтва	103
слуцкае	103
працякаюць	103
шацілавіцкім	103
статыстычнага	103
паказьнікаў	103
піт	103
далучыць	103
старадароскім	103
сальвадор	103
ўэйлз	103
якімовіч	103
стварацца	103
мадонна	103
фантан	103
балі	103
вершаваных	103
атрыманая	103
аўтарскія	103
надаюць	103
заканамернасьці	103
зачыненыя	103
выказаліся	103
рыхтавалі	103
атакаваць	103
паведамляюць	103
адзіночным	103
вучылішчы	103
бежанцаў	103
склікаў	103
дыплёмам	103
лидского	103
сямашка	103
дзейнага	103
крупскі	103
пазьняка	103
урду	103
срэбная	103
таргі	103
выбухнула	103
грын	103
бра	103
глыбоцкі	103
казіміра	103
слоўнікаў	103
-му	103
этнаграфічная	103
паўднёва-заходняга	103
фройд	103
пабываў	103
пацьверджана	103
праціўнікаў	103
аднаўленьнем	103
чаканьні	103
балканах	103
хапала	103
ўнутраную	103
чацьвёртага	103
рабэрта	103
чарлза	103
характарызуе	103
пасьляваенны	103
словник	103
калектыўных	103
электроннае	103
імпэратрыцы	103
суфіксаў	103
хамэйні	103
прыкметаў	103
тыпам	103
сынтаксіс	103
накіраваць	103
уласнымі	103
ладзяць	103
арызона	103
вітамінаў	103
ўтрымліваць	103
саборам	103
стрэлу	103
зубы	103
пяхотнага	103
новадзявочых	103
жамойцкую	103
цяжкімі	103
паўднёва-заходняя	103
дэпрэсіі	103
нябесных	103
палерма	103
ґрупы	103
сельскагаспадарчае	103
прадусары	103
аўтаномнае	103
напругі	103
ураджэнец	103
юнаком	103
славацкае	103
рэйк’явіку	103
сьвяткаваньні	103
ўэмблі	103
хадкевічаў	103
даўгерд	103
сёмым	103
грузінскія	103
пасы	103
навасады	103
пінгвінз	103
бутвід	103
перасяленцамі	103
асуджанага	103
астраглядаўскага	103
інтэгрыцыі	103
збудаваць	102
гуманітарнага	102
мануфактуры	102
цьвёрдыя	102
ўпадаюць	102
лекаваньня	102
археалягічнай	102
валадарскага	102
ўзаемадзеяньні	102
назіраўся	102
фармавацца	102
лічбавыя	102
гістарыяграфія	102
вузла	102
луіс	102
пастар	102
адкрыліся	102
першамайская	102
правох	102
навучальнага	102
крытычна	102
юдэйскіх	102
таварыш	102
лейтэнанта	102
минская	102
парамэтры	102
вузкая	102
акупацыйнай	102
косьці	102
адукацыйнай	102
давыд-гарадок	102
рачная	102
аднайменная	102
грамадзтвам	102
парадкаваньне	102
альпы	102
паказчыкам	102
зьмяшаныя	102
дакладнасьцю	102
зоркамі	102
нікому	102
дары	102
асвета	102
купальле	102
фестываль	102
арбіту	102
мікіты	102
праектах	102
адчуваецца	102
разграмілі	102
ньютан	102
друкаваныя	102
нобэлеўская	102
папярэднікаў	102
сьведчыў	102
ініцыятар	102
скачкі	102
памылку	102
рэальныя	102
інструктарам	102
кнігамі	102
сямейны	102
транспартнай	102
прычын	102
прабыў	102
цікавіцца	102
будучыя	102
зьвязваецца	102
джэры	102
лапацінскі	102
сьпевака	102
наладзіць	102
туркмэністану	102
магнацкага	102
каплічка	102
бжастоўскі	102
сьвятарства	102
вузлы	102
парты	102
закрыцьцё	102
пераназваны	102
гародніна	102
далучыўшыся	102
занята	102
турыстычным	102
паседжаньняў	102
паскарэньне	102
захапіўся	102
вечнага	102
арґанізацыя	102
правапісам	102
далейшых	102
падрыхтаваныя	102
игорь	102
участак	102
хлопцаў	102
дынамаўцаў	102
табару	102
объявил	102
дамовіцца	102
песни	102
паліцыю	102
гандляры	102
займеньнікі	102
сынтэз	102
прытрымліваюцца	102
сутыкненьняў	102
міты	102
кружэлкі	102
каленкавіцкім	102
канадзкай	102
рускае	102
кашы	102
ранейшы	102
страўніка	102
мічыган	102
шыраты	102
аднолькавую	102
рэзэрвовай	102
часьці	102
расказвае	102
подпісы	102
цеплыні	102
фаўны	102
заселены	102
павялічвалася	102
вел	102
паволжа	102
імпэрскага	102
пераўтварэньняў	102
кінатэатрах	102
знамя	102
канстантынопалі	102
пособие	102
выцягнутая	102
давер	102
наземныя	102
схілаў	102
аркуша	102
разьлікі	102
выбралі	102
пояса	102
падпарадкоўваліся	102
жорсткай	102
рашуча	102
эвэртан	102
публікацыю	102
ярусе	102
нача	102
тэхасу	102
джозэфа	102
загор’е	102
рсза	102
ерэван	102
інфантэрыі	102
дарадцы	102
падсямейства	102
мікулічы	102
местечки	102
астана	102
старце	102
зарастае	102
анищенко	102
торпедо	102
игроков	102
сезона	102
мікуліцкай	102
ґрунце	102
плоцевага	102
русификации	102
таямніца	101
духаўская	101
кансэрваторыю	101
экалёгія	101
ператварылі	101
станаўленьня	101
дакумэнтальнага	101
тычылася	101
транспартным	101
вернутыя	101
маліна	101
піку	101
мысьленьне	101
параду	101
далінамі	101
ніжніх	101
карэннага	101
навакольле	101
чыгуначнае	101
каменных	101
жаўнерам	101
тралейбус	101
самуіл	101
ніжнія	101
варыяцыі	101
літвін	101
виленская	101
ашмянаў	101
папярэднік	101
галіцыі	101
урады	101
акупацыю	101
саступае	101
публікуе	101
іўрыт	101
манро	101
варшаўская	101
майкрасофт	101
ўласнымі	101
выяве	101
паўднёва-заходнім	101
эквадор	101
дыктатар	101
лесі	101
выбраў	101
створаным	101
хрышчэньня	101
рэактара	101
інцыдэнт	101
радыяцыі	101
ада	101
тэсла	101
структурай	101
твары	101
міхаілу	101
апеку	101
дадаткаў	101
помнікамі	101
опэру	101
чашнік	101
фантастычныя	101
сайта	101
жузэ	101
патрыка	101
пуслоўскі	101
лаўрэш	101
татар	101
мяцеж	101
соймам	101
даходзіць	101
нагрузкі	101
рэгіёна	101
трапічныя	101
дадатковую	101
маем	101
выглядаюць	101
мангольскай	101
малюскаў	101
тарасевіч	101
ніз	101
брытанцаў	101
парэцкі	101
чарот	101
сумесную	101
ўілсан	101
брандэнбургу	101
паўднёва-афрыканскай	101
вынаходнікі	101
прызначэньнем	101
татарскай	101
этымалёгіі	101
гішпанцаў	101
доўгімі	101
найстарэйшая	101
заменена	101
кома	101
зьнішчэньні	101
чытаецца	101
запрашае	101
моя	101
кіпеньня	101
энэргіяй	101
балы	101
малочных	101
рагатай	101
неабходнай	101
попыту	101
тэхналягічных	101
паказчыку	101
государственной	101
сагі	101
вызначаліся	101
снарадаў	101
паўшар’я	101
матэматыку	101
калібру	101
вызначаць	101
падатковым	101
аб’яднанае	101
пашы	101
чэмпіёнскага	101
норма	101
найважнейшым	101
сфармаваў	101
прэм’еры	101
замененыя	101
ранкам	101
пачыналася	101
уласьнікам	101
дыму	101
падлікаў	101
бярэзань	101
куранец	101
адкладаў	101
інфармацыяй	101
ансамбля	101
ўнізе	101
барок	101
вярнадзкага	101
ствол	101
каменю	101
хатаў	101
адпраўляецца	101
казаскага	101
мэйпл	101
карп	101
сьвятыню	101
історичний	101
злотыя	101
выплачвалася	101
брагин	101
джэка	101
джэноа	101
палмайтис	101
исконных	101
перешедшей	101
рассеянных	101
меньшинств	101
паралелі	100
цітоў	100
сибири	100
дунін-марцінкевіч	100
салдацкіх	100
хірургіі	100
мэцэнат	100
адыгрывае	100
литве	100
прывілею	100
апостальскім	100
здачы	100
занятых	100
ус	100
вале	100
правазнаўства	100
вяшчае	100
скарачаецца	100
дакумэнтацыі	100
сьвідрыгайла	100
полоцкого	100
із	100
спаліў	100
разбурэньні	100
геалягічны	100
маскоўскімі	100
трапіўшы	100
шляхціча	100
садова-паркавага	100
споўнілася	100
рыцарскі	100
блэкбэрн	100
карпатаў	100
скончаная	100
заказьніку	100
марэк	100
бацькаўшчыну	100
суша	100
тэнісіст	100
мсьціслаў	100
справаводзтва	100
сьвядомыя	100
пасты	100
прыгнёту	100
бараніць	100
перевод	100
кенэдзі	100
дабра	100
этнаграфічныя	100
языке	100
схоплены	100
падрыхтаваць	100
намерам	100
дэманструе	100
лінгвістаў	100
функцый	100
разьвязаньня	100
кантэкст	100
дапамагла	100
зладзіць	100
эдўарда	100
школьным	100
лідзкай	100
буракоў	100
мусульманскіх	100
віцебшчыне	100
бярозе	100
масава	100
дарагічынскі	100
тэрэзы	100
молатава-рыбэнтропа	100
ліквідацыю	100
багасловы	100
атлясу	100
адступленьне	100
партрэта	100
шэсьце	100
агароджы	100
саму	100
хрысьціянамі	100
эліце	100
пагоршыліся	100
батарэя	100
вінаватым	100
іс	100
парагваю	100
сьпірту	100
абшары	100
вівальдзі	100
ўяўлялі	100
чарота	100
пэнсыльванія	100
жывога	100
буга	100
дубраўка	100
перашкодзіць	100
кісьляў	100
ракацы	100
разьмешчаным	100
пэйзаж	100
вострыя	100
марыянаў	100
выдалены	100
тэлефона	100
сацыялісты	100
выдатнай	100
урадзе	100
паражэньня	100
конкакаф	100
зяленскі	100
баўгарскія	100
бэрн	100
муніцыпалітэтаў	100
прававыя	100
падатковую	100
чэмпіёну	100
драздовіча	100
старадароскага	100
багародзіцкая	100
распаўсюджанымі	100
цяжкасьцямі	100
юнацкіх	100
расонскім	100
судану	100
прама	100
дадатковая	100
намінацыю	100
зэн	100
р’е	100
ўрду	100
дэвілз	100
тона	100
сакрамэнта	100
люстрації	100
замойский	100
паўфіналы	100
дакрочыў	100
белтэлерадыёкампанія	100
трэнэрская	100
фюльке	100
матэрыяле	99
засьведчылі	99
вытрымаў	99
гарадзельскай	99
слабады	99
штучным	99
дызайнэр	99
пятрусь	99
паваенны	99
адпавядаў	99
вінцук	99
жыдам	99
алімпійская	99
берагавая	99
географа	99
зьмяшчалі	99
павятовых	99
артылерыйскі	99
спартовае	99
рэгуляваньне	99
стрэл	99
спортам	99
састарэлых	99
адступленьня	99
кораня	99
пасёлка	99
востры	99
іркуцкай	99
марозава	99
місіянэр	99
майсей	99
банапарт	99
вугорскую	99
пераемнік	99
курт	99
леапард	99
надзвычайнай	99
стандартны	99
ўпаў	99
бэла	99
бядуля	99
бэрнарда	99
аман	99
мухамад	99
сьвецкай	99
рамантычнай	99
сфармуляваў	99
мп	99
папулярызацыі	99
навакольнае	99
ўрана	99
кюры	99
крытычныя	99
пісьменьнікамі	99
стихи	99
ліцэю	99
рэкорды	99
выхадцаў	99
зьмяніўшы	99
гатунку	99
ярка	99
забаронай	99
русак	99
георгій	99
кірыліцай	99
лінгвісты	99
філёзафаў	99
самому	99
разглядаліся	99
матэматычныя	99
рассказы	99
скарбаў	99
здольнасьцяў	99
жакевіч	99
камбінацыі	99
мытнага	99
гаральд	99
піярскі	99
рэспубліканскае	99
кіравалася	99
цягнуўся	99
клецкі	99
сказала	99
прыгоннага	99
галасаваць	99
мяккія	99
хрысьціян	99
браслава	99
галубка	99
гарбацкі	99
нідэрляндзкая	99
партызанскія	99
кіраўніца	99
экспэрт	99
панскага	99
галяктык	99
карэліцкі	99
праваабаронцы	99
начнога	99
сышла	99
заканадаўчым	99
склікаецца	99
спрыяньне	99
выезьдзе	99
кваліфікацыйныя	99
няўдалым	99
сустрэлася	99
гульцам	99
мянушкі	99
карэйская	99
лібэральнай	99
распаўсюджанае	99
цмока	99
забіваюць	99
атамная	99
усталяваныя	99
наваполацкі	99
пять	99
слой	99
тайны	99
шкода	99
суквецьці	99
палос	99
зерне	99
каровы	99
складаная	99
самкі	99
доўгую	99
навыкі	99
паглядзець	99
нагу	99
мадэльлю	99
сямействаў	99
даўмонт	99
камэру	99
православной	99
чысьціні	99
магнітнае	99
жоўтым	99
клясычную	99
прусаў	99
камэрцыйным	99
кітайскім	99
кароваў	99
здымаецца	99
сямейныя	99
портлэнд	99
азэрбайджанскія	99
шчасны	99
тэрарыстаў	99
сераду	99
катаваньняў	99
дварамі	99
павятовым	99
здымаліся	99
дэкрэтам	99
пазбаўленьне	99
палянэз	99
рухавікамі	99
рабочым	99
нізоўі	99
бал	99
нацыяна	99
гатычным	99
лавы	99
мыта	99
гугл	99
столь	99
сьвярдлоўскай	99
пандэмію	99
канцэрн	99
лаве	99
прытвор	99
хдс	99
набоі	99
дразды	98
ўяўляў	98
музея	98
мадэрн	98
вывучаюць	98
сукупнасьці	98
мітраполія	98
кобрыні	98
вядуцца	98
населенага	98
земнаводных	98
акунь	98
біёляг	98
мду	98
кіевам	98
витебская	98
севастопаль	98
мясакамбінат	98
стратэгічнае	98
базавыя	98
канкурэнцыю	98
расьлі	98
дамагліся	98
гукам	98
журавель	98
кракаўскім	98
абарончая	98
германа	98
акцябарскі	98
легендарнага	98
мантэвідэо	98
амэрыканскімі	98
запытаў	98
курорты	98
хатняга	98
прыезду	98
настаўніцкую	98
індыяна	98
туркмэністан	98
незважаючы	98
нідзе	98
кук	98
закладнікаў	98
ганы	98
самавызначэньне	98
блізкімі	98
сабраных	98
выдавецкая	98
настрой	98
выданьнямі	98
ўругваю	98
всех	98
ведала	98
вылучае	98
эстонскіх	98
нова	98
дактароў	98
пасяджэньне	98
чальца	98
фінансавае	98
магчымая	98
тытульны	98
рамесьнікі	98
далёкі	98
грузію	98
прататыпам	98
джэфры	98
захар	98
структур	98
ядры	98
прычынамі	98
запісам	98
абвесьцілі	98
абрагам	98
нікс	98
слупоў	98
чапскі	98
прадстаўніца	98
самалёце	98
забраць	98
арцыбіскупам	98
паселішчах	98
выглядаў	98
добрускім	98
існуючых	98
інфлянцкай	98
відзы	98
круціцца	98
латыскі	98
дракула	98
клопат	98
хворым	98
тэхнікай	98
складзена	98
эйсмант	98
абаронцу	98
старажытнагрэцкія	98
ўдала	98
маштабе	98
сыходзе	98
багіня	98
карабаху	98
ірляндзкага	98
паўтарыў	98
канкурэнтаў	98
часьціны	98
мія	98
выведзены	98
абкаму	98
уводзіны	98
сьвятам	98
прызначыць	98
фсб	98
сайты	98
пераносіць	98
саступаючы	98
іда	98
інфармацыйнага	98
рык	98
крэўскай	98
разьмежаваньня	98
задняга	98
партыйнага	98
велізарнай	98
вечара	98
аніякіх	98
костак	98
мізуры	98
славакаў	98
сымбалічную	98
мянушцы	98
славенскія	98
блакітныя	98
нацыяналісты	98
якога-небудзь	98
правадыроў	98
прыбярэжнай	98
жамойцкае	98
статыстычных	98
кіеўскую	98
самастойныя	98
лодзь	98
вярхоўнае	98
пэрыядзе	98
візы	98
санкцыйны	98
пасланьня	98
мадрыдзкі	98
пасялілася	98
днястра	98
вмф	98
пчалярства	98
грамадзянінам	98
германавічы	98
бдпу	98
вольфсбург	98
дабудавалі	98
дэкаруюцца	98
дваіх	98
зло	98
шэфілд	98
дыягностыкі	98
ўзьдзенскага	98
старз	98
флаерз	98
тарифи	98
сеймикові	98
лауди	98
глускага	98
ркка	98
кулагін	98
камандным	98
паўднёвакарэйскія	98
славію	98
лівэрпулу	98
гонку	98
прозараў	98
дублі	98
плыўцы	98
псэўдарускія	98
бса	98
чэта	98
фальклёры	97
цёплы	97
хрыстафор	97
месты-сябры	97
сідаровіч	97
сходам	97
место	97
прымусова	97
адзінкавыя	97
ускраіны	97
тутэйшы	97
бусел	97
адзіныя	97
пашырыла	97
названых	97
адбіць	97
вырабленыя	97
гілевіч	97
пераназваная	97
сухая	97
экзэмпляраў	97
ўзрасла	97
перакладчыца	97
падуанскага	97
ленінская	97
банкруцтва	97
вязынка	97
чэхаславаччыну	97
партызанам	97
бутан	97
райхстагу	97
гвардыя	97
паклалі	97
паказаная	97
-а	97
рэалізацыю	97
альфонс	97
азэрбайджанскі	97
рублі	97
аленай	97
гумар	97
зямельнага	97
вісла	97
набываюць	97
болю	97
афармленьні	97
запазычаньні	97
апэратара	97
злачынцу	97
зьмяняцца	97
гібель	97
сямейнага	97
суседзямі	97
навіна	97
даданьня	97
рыскі	97
арда	97
паказваецца	97
ўстаноўка	97
маркай	97
міжземным	97
прапорцыі	97
уцячы	97
фэдэрацыю	97
дошку	97
фармату	97
шчары	97
швайцарскага	97
зьмяншэньне	97
пракаце	97
сельскім	97
прыпыніў	97
тэніс	97
гайнаўцы	97
трылёгія	97
убачыў	97
быстрыца	97
маралі	97
істота	97
казанскага	97
мераў	97
выпускаліся	97
рэктары	97
бхд	97
дахамі	97
стратэгія	97
момантам	97
нявеста	97
бойка	97
табар	97
раіса	97
язафат	97
палестыне	97
распаўсюдзіўся	97
пярсьцёнак	97
памочніка	97
спакойна	97
львоўскі	97
вызваленая	97
заняцьця	97
шостай	97
марозаў	97
казіно	97
плякат	97
атамных	97
ўстаноўлена	97
сындром	97
характэрным	97
выгнаныя	97
кае	97
жы	97
лія	97
рызыкі	97
арганізмы	97
васілевічы	97
вынаходзтва	97
шуйскіх	97
каранавіруснай	97
садок	97
кангрэса	97
дайліды	97
базэль	97
баскаў	97
більбао	97
апэк	97
каштоўнага	97
іншаму	97
дынар	97
атава	97
малодшай	97
паспрабаваць	97
гіп-гоп	97
ўзгорку	97
імпэратарскі	97
маршы	97
эпізодаў	97
ступні	97
галявых	97
фінікс	97
парталам	97
гендрута	97
аказваецца	97
вконтакте	97
абстрэл	97
мэханічных	97
шайбу	97
велічынь	97
свг	97
бакштаўскага	97
алімпіякос	97
кіеўскія	96
заснаваных	96
царскія	96
рыхтавацца	96
піянэр	96
мастацтвазнаўца	96
тэмаў	96
кантынэнце	96
дысцыпліна	96
дума	96
сьцягамі	96
байцы	96
выяўленчым	96
непадалёку	96
міжрэчча	96
зваўся	96
навакольля	96
рухомы	96
ажыцьцяўляўся	96
сур’ёзную	96
сустрэлі	96
прафэсараў	96
эўфрасіньня	96
ажыцьцяўляла	96
камінскі	96
часьціцы	96
замененая	96
дабрацца	96
знакамітым	96
оскара	96
сьвініны	96
акупацыйных	96
акурат	96
паэмаў	96
запаведніку	96
плютона	96
бапц	96
паступаць	96
сцэнары	96
вывелі	96
таварышаў	96
мірановіч	96
афарбоўку	96
арыстотэля	96
факту	96
дзярновіч	96
гавань	96
асэтыі	96
царскі	96
блізкае	96
пэйзажы	96
бэй	96
чарнобыль	96
траве	96
мнс	96
хатка	96
краязнаўчага	96
тунісу	96
сьветапогляд	96
лацінка	96
рыса	96
спэцыяльную	96
заліва	96
выданне	96
заступнікам	96
мудрасьці	96
лятэранскі	96
летувісамі	96
інспэктар	96
кодам	96
пасродкам	96
адзінымі	96
цяперашніх	96
ўнівэрсытэтах	96
сфорца	96
далёкай	96
заалёгіі	96
пакаленьні	96
бэнэдыктынскі	96
каханку	96
эпас	96
сарказі	96
прэзыдэнтаў	96
распушчаны	96
кансэрватыўнай	96
вядучая	96
глыбокая	96
кубе	96
павільён	96
батанікі	96
парушае	96
хаўрусьнікамі	96
мармуру	96
цень	96
слухаць	96
цытаты	96
чыстая	96
перапісаў	96
дастатковай	96
клімаў	96
расна	96
дзеяслова	96
міна	96
патрона	96
сур’ёзных	96
пашкоджаньняў	96
непаўналетніх	96
ухваляе	96
трэнэраў	96
начале	96
канцэртныя	96
македонская	96
вярнула	96
касьмічная	96
дэнвэр	96
галоснай	96
карыстальнікам	96
экрана	96
уганараваны	96
апараце	96
тэ	96
электроніка	96
фізычнае	96
вадарод	96
акалічнасьць	96
мясцовасьцях	96
свабодным	96
уладкаваўся	96
жывёлу	96
прызнаваў	96
скарыстаўся	96
пагражала	96
эўрапейцамі	96
нарва	96
пастанове	96
чэрыкаў	96
косаве	96
мэтрычнай	96
гатычны	96
мучанікаў	96
зьліваюцца	96
кіеву	96
людвікі	96
фёдарава	96
слаёў	96
фундуш	96
змове	96
выйграўшы	96
бнк	96
картуская	96
прамы	96
бутрым	96
аскеркаў	96
плоскае	96
спартоўца	96
распрацаваць	96
сьценкі	96
поўсьць	96
плаваньні	96
бачна	96
кармянскага	96
нежыл	96
архангельскай	96
лэн	96
бабчын	96
парафіяне	96
канстанцінава	96
какаду	96
баер	96
кузава	96
лучковымі	96
таварным	96
адныя	95
ганаровых	95
палацаў	95
юдаізм	95
суправаджалася	95
ахопліваюць	95
гана	95
палічка	95
жорсткага	95
пісары	95
хапіла	95
прапаведнік	95
выдавецкі	95
выдзяляюць	95
эўрамайдану	95
мяжою	95
віленскаму	95
асіпавіцкі	95
абраным	95
зьменай	95
радамі	95
граматыку	95
скуру	95
рэканструявалі	95
юнакоў	95
прыродазнаўства	95
ахапіла	95
заўтра	95
ўвайсьці	95
харвацкіх	95
сабескага	95
дайшло	95
слуцкам	95
пяхотнай	95
пацьвердзілі	95
адсутнічаў	95
выйгралі	95
велізарную	95
адмысловае	95
барадуліна	95
задумы	95
ўзятыя	95
йлавіч	95
батальёне	95
праяўляецца	95
выразу	95
навучацца	95
здаць	95
абсталяваньнем	95
францішкам	95
інтарэсах	95
зьвязанай	95
касы	95
крытыкамі	95
жалезныя	95
замацаваны	95
зьнешняя	95
адказнасьцю	95
жадаюць	95
сымфоніі	95
вясною	95
самастойнага	95
захаваны	95
аказаньне	95
грэка-каталіцкі	95
адыгралі	95
гінэса	95
тэарэтычна	95
біялягічнай	95
вырошчваньне	95
жлобінскі	95
нафтапрадуктаў	95
кропкай	95
незаконна	95
эсэраў	95
паняцьцяў	95
скарочаны	95
вырашаць	95
чымсьці	95
урадавай	95
распачатая	95
текст	95
першапачатковае	95
кіраўніцтву	95
ўрадавыя	95
бізантыйскім	95
рыбакоў	95
пэўнымі	95
чэрыкаўскім	95
вайскоўца	95
правадыром	95
стадыя	95
клінічнай	95
разьлік	95
аўдыторыя	95
ўрану	95
вырашаюць	95
камплекты	95
балтаў	95
чачэнцаў	95
страў	95
сьцяной	95
вадаёмы	95
бялкі	95
ініцыяваў	95
штраф	95
прыборы	95
завяршыла	95
чорнымі	95
ежай	95
тканкі	95
вораг	95
адметнай	95
рымлянамі	95
кітайскае	95
обозрение	95
веча	95
нястачы	95
грамота	95
гідраэлектрастанцыі	95
зьнешнія	95
прымаецца	95
дэпартамэнта	95
люблінскае	95
грузы	95
бухарэсьце	95
параненымі	95
вятроў	95
мальце	95
папаў	95
лётчыкі	95
насельніцтве	95
маўзалей	95
барона	95
дзёньніка	95
дэканат	95
лібану	95
лена	95
кантону	95
зьбегчы	95
чарнаўчыцы	95
артылерыя	95
дыска	95
гарадзенскія	95
ельскім	95
дачыненьня	95
асобіны	95
грамадзка-культурнага	95
падразьдзяленьня	95
чацьвёра	95
управаў	95
выбыла	95
губэрнскі	95
апэратыўнай	95
спаборнічала	95
пассавету	95
кулямёт	95
кулямётаў	95
велічыняў	95
пабыць	95
прамінуў	95
вальмавым	95
ухваленьня	95
аркавыя	95
игроками	95
жодзінскім	95
лыжніцы	95
зьвязкі	94
вокладкі	94
койданаўская	94
сідарэвіч	94
кантралюе	94
датычыцца	94
разьвіваліся	94
нумізматыка	94
зацьвярджэньня	94
рыбэнтропа	94
пайшло	94
трансьлітарацыі	94
зьведала	94
хаўрусьнікі	94
адміністрацыйную	94
сядзібаў	94
старина	94
адметны	94
дзялянцы	94
палкоўнікам	94
будавалася	94
яблыкі	94
пашыралася	94
маляр	94
штурмам	94
лякарню	94
любяшоў	94
лугавая	94
правілам	94
усяслаў	94
гродзкага	94
васілю	94
лёдзе	94
разумеў	94
рэдкі	94
пляцоўках	94
паўнамоцтвамі	94
дзяржаўнаму	94
грамадскія	94
рэгіёнамі	94
зонах	94
якіх-небудзь	94
паездак	94
гэрбэрт	94
сачанка	94
фаніпаль	94
нападам	94
насустрач	94
уругвай	94
вымярэньне	94
практычныя	94
экспэрымэнтаў	94
гофман	94
прасіць	94
каханай	94
пліта	94
палеаліту	94
тыраж	94
здарэньне	94
перавышаць	94
серыі	94
европейской	94
месцазнаходжаньня	94
сымболіку	94
лілі	94
проба	94
гаварыў	94
марыс	94
царстваў	94
міляў	94
гісторыкам	94
гандляваць	94
праскі	94
апісваюцца	94
эмоцыі	94
жорсткае	94
смаленскія	94
паласой	94
асьміна	94
шклове	94
вобразу	94
фальклярысты	94
сьцяпанавіч	94
апэрацыйных	94
рэцэпт	94
сосны	94
лось	94
мэксыканскі	94
кампаній	94
зала	94
апоры	94
былымі	94
эфэктыўнай	94
рэгістрацыя	94
немагчымасьць	94
наро	94
ск	94
кавярня	94
святых	94
вэтэрынарны	94
калінінскай	94
бт	94
ровам	94
дзейныя	94
мэмарандум	94
пераможцамі	94
сьветлавых	94
занесеныя	94
канчатку	94
ніводная	94
сёмухі	94
рабочыя	94
парамі	94
макабі	94
шматкроць	94
бронзу	94
юрий	94
напружанасьці	94
якаб	94
чарговая	94
ст’юарт	94
стараста	94
аграрнай	94
джордан	94
пашырацца	94
несьлі	94
складнік	94
паўсюль	94
дадатковымі	94
дваранін	94
асацыяцыяй	94
дрысы	94
сонцам	94
гомлем	94
пяхотных	94
засяленьня	94
абяцаньне	94
баўгараў	94
хапае	94
тонкай	94
навукова-тэхнічнай	94
раўнінай	94
германія	94
главы	94
катэдрай	94
дона	94
бсг	94
тип	94
сіняя	94
беразьвечча	94
під	94
камсамольская	94
падкаморага	94
рыма-каталіцкай	94
хадзе	94
нізінай	94
дараваў	94
манахам	94
ўверсе	94
формуле-	94
адрыятычнага	94
паўднёва-ўсходнім	94
узбраеньне	94
тлен	94
вывезеныя	94
баявым	94
запрашэньні	94
рская	94
сьвержань	94
ледавіка	94
жары	94
з’езду	94
упраўленьне	94
пацыентаў	94
вучэбны	94
грудзей	94
фэнэрбахчэ	94
карачы	94
двару	94
медысонт	94
прыёмны	94
гайла	94
казахстана	94
мэгават	94
восава	94
ведамстваў	94
рна	94
эвэланш	94
друге	94
спэрз	94
губернского	94
акторкай	94
галатасарай	94
заборскі	94
якуцкай	94
манюшкі	93
нізіне	93
пляцаў	93
антрапалёгіі	93
жывёламі	93
злучаюцца	93
цёплае	93
хрыбетных	93
выдаўцоў	93
езуіт	93
падгрупа	93
мэталічных	93
пляменьніка	93
адбілася	93
крыстал	93
калектывізацыі	93
спартовую	93
згода	93
забясьпечылі	93
нарушэвіч	93
папярэднікамі	93
зямельнай	93
найменьня	93
полацкую	93
выплату	93
саступіць	93
навастворанай	93
скасавана	93
кватэра	93
шамякіна	93
назіраў	93
утворана	93
малаві	93
судан	93
патрабаваньня	93
крыштаф	93
геалягічных	93
цывілізацыя	93
здрадзе	93
архітэктурнага	93
плач	93
рыбак	93
ядром	93
перавёўся	93
прозу	93
бібліятэкай	93
жыцьцёвы	93
каляровыя	93
нарвэская	93
пратаколу	93
вікарыем	93
канон	93
сінія	93
спэцыялісты	93
латышы	93
-гад-	93
тыл	93
множны	93
карыстальнікі	93
распрацовак	93
самастойную	93
дыскаў	93
уключаюць	93
балёньні	93
канцэртнай	93
прыводзіла	93
апэратары	93
узьвялі	93
прынцыпова	93
навукова-дасьледчага	93
вернікам	93
чэрыкаўскага	93
сьвіцязь	93
разьмешчанага	93
спадарыня	93
пшаніца	93
паўночна-ўсходнім	93
турмах	93
чавусы	93
службай	93
шахматаў	93
атрымаўся	93
гішпанскае	93
выяўляюцца	93
спакою	93
гліняны	93
жыцьцядзейнасьці	93
найвышэйшае	93
даючы	93
лава	93
ахоўнай	93
утвараюцца	93
прыстаўка	93
раўнды	93
бэльгійскага	93
актываў	93
заключыць	93
малайзіі	93
эпасу	93
марскую	93
кірылічнага	93
уступ	93
пераходы	93
гц	93
ірляндзкае	93
данецкая	93
фінляндыю	93
гель	93
паасобныя	93
стале	93
кру	93
трапляюцца	93
дэмакратаў	93
надпісаў	93
ператварэньне	93
вяліж	93
зацьвярджаў	93
азначаў	93
спадар	93
мікраарганізмаў	93
супярэчыць	93
немагчымым	93
паласу	93
балтыйскі	93
выручкі	93
юрысты	93
ліпнішкі	93
патоцкіх	93
натуры	93
зацьвярджэньне	93
перамяшчэньне	93
робэртам	93
спыняецца	93
бундэстагу	93
ўбачыў	93
форэст	93
біцьця	93
намаляваная	93
вильны	93
аўтаматычнай	93
калёнаў	93
адамавіч	93
славенскай	93
сустрэцца	93
пазыку	93
барочныя	93
пярэдняя	93
гасьцявым	93
цару	93
разьмясьціў	93
крузе	93
своечасова	93
зарабіўшы	93
турбіны	93
тэхналёгій	93
пакроўскай	93
вільгейда	93
бруінз	93
’гот’	93
таварышы	93
фламэнгу	93
пістанз	93
гісторыка-культурная	93
франтонамі	93
узбраеньня	93
новогрудского	93
павысіўся	93
засялялі	92
паштовае	92
роспросе	92
дыяцэзія	92
дамініканскай	92
сахарава	92
інтэграл	92
мвф	92
тарасаў	92
таварамі	92
тэорыяў	92
асяродзьдзем	92
чакала	92
адступілі	92
этнічнага	92
мас-мэдыя	92
трыбуна	92
львом	92
крэўскага	92
замок	92
рысь	92
паўліна	92
газавыя	92
канторы	92
скорины	92
статуце	92
паўстанцкага	92
сянкевіча	92
севярынец	92
рынкам	92
швэдзкае	92
настрояў	92
зазначыў	92
юрыю	92
бульвар	92
трансфармацыі	92
вонкавым	92
людвіга	92
адпавядалі	92
перакладае	92
алеем	92
бел-чырвона-белага	92
манголія	92
практыкай	92
чэрчыль	92
рут	92
разьбіўся	92
труба	92
сучасьнікі	92
паплечнікаў	92
зацікаўленасьці	92
папера	92
мэталічныя	92
каіры	92
небясьпечных	92
незвычайна	92
зрк	92
тор	92
барысаўская	92
паясы	92
гуртку	92
раян	92
гнеў	92
сувэрэнітэце	92
грані	92
свк	92
пішуць	92
зладзіла	92
зрок	92
падрыхтавала	92
ленинград	92
праявіў	92
дыскрымінацыі	92
асобнікі	92
конт	92
біт	92
уласьцівы	92
пэрсанальных	92
якасьцю	92
вядучай	92
машыне	92
томі	92
хады	92
дадае	92
вечарам	92
ленінградзкая	92
лютэранскай	92
палярны	92
зянона	92
спрыяльныя	92
валокнаў	92
добрускага	92
прызнаюць	92
вашкевіч	92
роўнае	92
маленства	92
пэдагагічнай	92
кірылічны	92
сухой	92
болтан	92
дзядоў	92
сымбалізуюць	92
шляхціц	92
нацыянальнасьць	92
кембрыдж	92
амэрыканскую	92
гэй	92
хворага	92
райх	92
зацікаўленасьць	92
абалонка	92
нэўтронаў	92
мацяш	92
сялянскі	92
стабілізацыі	92
мяккіх	92
нязьменным	92
прадуктам	92
смаку	92
прычыну	92
акіянаў	92
разнастайнасьцю	92
павінная	92
сьвятыня	92
далёкія	92
партнэраў	92
канонік	92
перашкодаў	92
паляўнічыя	92
зьменшыць	92
кастрычніцкім	92
электрычнасьць	92
апісана	92
апэратараў	92
мірам	92
жаданьнем	92
чарвякоў	92
страсбург	92
анато	92
данецку	92
пакараньні	92
мар’інай	92
пчолаў	92
перамагаў	92
ефрона	92
ганцавічы	92
дружыне	92
карлюкевіч	92
дацэнтам	92
мітаў	92
-ярусныя	92
памежнага	92
іншаземцаў	92
верталётаў	92
згуляныя	92
шатляндзкія	92
панна	92
манга	92
артыста	92
мельвід	92
прыбудавалі	92
ркі	92
джэтс	92
сэнатарз	92
переименовании	92
ойлерз	92
гоначнікі	92
кавальерз	92
-бут-	92
-бот-	92
парычы	92
чоловеков	92
паўкруглай	92
карнізамі	92
чэмпіёншыпу	92
камандовец	92
белтэлерадыёкампаніі	92
лыжнікі	92
шапка	91
бінім	91
просьбе	91
глінскага	91
мескім	91
стратамі	91
цяперашнія	91
гарой	91
трамваі	91
ўваскрасеньня	91
рэжымаў	91
найстарэйшай	91
дзесяцінамі	91
балот	91
абсалютную	91
масаў	91
брестская	91
мэмарыялу	91
пэрспэктыве	91
чатырохгадовага	91
наведвала	91
каапэрацыі	91
вырабіў	91
стадыёнам	91
дзюдо	91
прысутныя	91
мостам	91
грузавы	91
колішнім	91
завочнае	91
гаспадыні	91
віцебскую	91
набегі	91
царскім	91
бедным	91
срэбраная	91
койданаве	91
еўропы	91
лёгіка	91
ляндшафт	91
захопленая	91
разьвіта	91
вазе	91
гучаць	91
завершана	91
прарок	91
рок-музыка	91
флярыян	91
пачынаўся	91
ясень	91
арыстотэль	91
янг	91
смалянчук	91
эліс	91
запавеце	91
забруджваньне	91
кэры	91
адчужэньня	91
ўнесьлі	91
духам	91
арнамэнт	91
драматургія	91
паўночна-заходніх	91
надпісамі	91
устаноўлены	91
канадзкага	91
ўжываньні	91
архівах	91
паляк	91
разнавіднасьці	91
лярэнца	91
ўглыб	91
заходнімі	91
шуйскі	91
раўнаньня	91
старадубскі	91
канстанцінавіч	91
закрытая	91
дамінуе	91
перабудову	91
сага	91
вытворных	91
уцёкі	91
крытэры	91
валютнага	91
ода	91
кіроўца	91
фокс	91
парамэтраў	91
чарга	91
запрацавала	91
выгнаны	91
тэкстыльнай	91
мележа	91
плябаніі	91
нарачанскі	91
рыхтуецца	91
цукровага	91
набыцьці	91
шляхах	91
званьнем	91
расьліннага	91
жаўнера	91
зафіксаваная	91
выставіў	91
рэн	91
серп	91
васілішкі	91
адборы	91
галіяфы	91
ідэй	91
пераканаў	91
дабро	91
пачыналі	91
выдаленьня	91
дзьмітравіцкі	91
буэнас-айрэсе	91
кпк	91
здымалі	91
выбірае	91
задавальненьне	91
шкала	91
бул	91
мэдыцынскай	91
журналістыка	91
пылу	91
бэрліна	91
траіх	91
бвк	91
разнастайнымі	91
блю	91
грэм	91
каралеўскае	91
пранікненьня	91
мода	91
абумовіла	91
великий	91
павелічэньні	91
ручной	91
пачуцьця	91
гарачай	91
пададзены	91
печыва	91
вітаміны	91
прыбыцьці	91
вірджыніі	91
функцыяй	91
госпада	91
эда	91
дрэвамі	91
камэрцыйнага	91
эфэктыўнасьці	91
выехалі	91
задоўга	91
адмаўляе	91
абраньні	91
архитектура	91
пасланы	91
ндравіч	91
пераезд	91
чарнавіцкай	91
мінімальная	91
позьнім	91
рэестру	91
разбураныя	91
мандатаў	91
ажаніцца	91
падпарадкоўвацца	91
нумарамі	91
паседжаньнях	91
адвакатам	91
камі	91
плацяжоў	91
паркер	91
трапляць	91
сымбаля	91
скала	91
аўтапартрэт	91
данными	91
кнігапіс	91
нагі	91
лодак	91
гульнявога	91
вінэр	91
слупах	91
узьдзенскага	91
тыгр	91
аздабляецца	91
праваахоўных	91
’воля’	91
поссовета	91
вываз	91
сэксуальныя	91
волма	91
старостваў	91
пастаяннае	91
дудзічы	91
бараноўскі	91
шасьцёрка	91
харлінскага	91
малітоўнай	91
траўмаў	91
подыюм	91
пліскага	91
патроны	91
усебеларускага	90
шупа	90
юбілейны	90
бандарэнка	90
афрыканскія	90
тысячагодзьдзяў	90
лічбавая	90
земскіх	90
запісаная	90
вымярэньні	90
пескі	90
атамана	90
стратай	90
далінай	90
забясьпечваецца	90
галерэяй	90
ходзяць	90
рэйс	90
яўхіма	90
жывымі	90
ансамблі	90
калідор	90
богдан	90
галерэю	90
пераходзілі	90
адаму	90
сацыялістаў	90
славенская	90
дажджу	90
дапаможных	90
правінцыях	90
шчыра	90
жоўтай	90
нобэлеўскі	90
люіджы	90
выканана	90
аб’ядноўвала	90
выдатнік	90
эміраты	90
падпісаньнем	90
даказаць	90
кісялёва	90
знаёмых	90
лісьцем	90
вечнае	90
практычнай	90
бачыла	90
пануцэвіч	90
шукаюць	90
выказваньня	90
інфармацыйная	90
талака	90
дэлегацыю	90
мэдычную	90
выказваньні	90
адносіць	90
тэарэма	90
праваслаўі	90
езавітаў	90
напісанай	90
чаргаваньне	90
паямі	90
дашкевіч	90
абазначэньне	90
вілем	90
робін	90
аглядальнік	90
валынскі	90
падабаецца	90
прадаваліся	90
выручка	90
земского	90
прамыя	90
граюць	90
торф	90
юдаізму	90
сталіцаю	90
уверсе	90
арыгінальнага	90
бабічы	90
памяншаецца	90
імгненна	90
каардынат	90
прыняло	90
адметнасьць	90
грунту	90
разгону	90
маштабу	90
суадносінамі	90
захапіўшы	90
тренера	90
времени	90
роўніцы	90
аранжавай	90
жонкаю	90
графіні	90
сьпявалі	90
маста	90
праславянскай	90
камэта	90
мядзьведзеў	90
шостая	90
брно	90
выбраць	90
апанэнтаў	90
прысутнічаць	90
ахвотна	90
сфармаваліся	90
аб’ядноўваў	90
падатковых	90
нафтавай	90
ісьляндзкія	90
гру	90
цеплавой	90
госьць	90
фа	90
чакаецца	90
рэфармацыя	90
япіскапам	90
нанесьці	90
найменшая	90
плямы	90
цяпло	90
начальнікаў	90
камплект	90
дэмакраты	90
заяве	90
лётнішча	90
прарыву	90
нюрнбэрг	90
страхаваньне	90
жывучы	90
набажэнстваў	90
бэрлінскі	90
вайскоўцам	90
заднім	90
напаў	90
уключыў	90
падначаленых	90
кінга	90
ўхваленьне	90
гагарына	90
гулаг	90
балета	90
пэрыядычным	90
статистическими	90
хрыбта	90
афрыканскі	90
спынена	90
бромўіч	90
зарады	90
старшыняў	90
пандэміяй	90
жыліна	90
казёл	90
сілкуецца	90
дрыбінскім	90
-віл-	90
хутара	90
будслаў	90
імёнам	90
любчанскі	90
сіза	90
бутрык	90
качэрыцкага	90
гомлю	90
прозар	90
дублем	90
гб	90
сямяціцкім	90
мостовского	90
-мант-	90
муку	89
надсан	89
першаму	89
радыяцыйнага	89
дарослага	89
шкале	89
збс	89
сутыкнуліся	89
падлягалі	89
цэхі	89
трынітарыяў	89
урачыстае	89
гераізм	89
войтаўства	89
літоўскаму	89
развития	89
ўсьпеньня	89
станислав	89
разумеючы	89
камэндант	89
ключом	89
хутароў	89
паліна	89
стагоддзі	89
шмітляйна	89
-тысячны	89
францішку	89
сёлаў	89
сьвятаполк	89
мазыру	89
хаўрусу	89
сыроў	89
дапаможнікаў	89
грэцка-каталіцкай	89
вулічныя	89
крона	89
хірург	89
абрам	89
галяндзкі	89
глыбокіх	89
канстанты	89
побытавага	89
сьвіран	89
камуністычную	89
дональд	89
гадзіньнікавай	89
бачаньне	89
спробай	89
сьвятому	89
вяршыню	89
раненьні	89
гра	89
варшаўскае	89
нязьменна	89
вучоба	89
сьцёку	89
даручэньні	89
хадайніцтва	89
матвейчык	89
прывід	89
прадметамі	89
латвійскага	89
істотны	89
станоўчы	89
тва	89
перапынкамі	89
міхайлавіча	89
пісьменнасьць	89
гарантыі	89
флётам	89
ес	89
джавані	89
асьвечаны	89
графы	89
купалоў-цыбулінаў	89
міхалішкі	89
лаціне	89
інструмэнтам	89
раскрывае	89
адміністрацыйна-тэрытарыяльных	89
старэй	89
адклады	89
распасьціраецца	89
форуму	89
сёмага	89
крупы	89
агентаў	89
даўней	89
фурс	89
стылях	89
набліжаецца	89
фэстываляў	89
уласьцівыя	89
старабеларуская	89
карскага	89
казацтва	89
начальства	89
скарацілі	89
першамайскага	89
плятона	89
ліг	89
ладжаньне	89
дастаеўскі	89
запатрабавалі	89
нармандыі	89
сангушкаў	89
зычнымі	89
правінцыямі	89
выбіраюцца	89
давесьці	89
заданьні	89
нябеснай	89
навукова-дасьледчых	89
тыль	89
запазычваньняў	89
мясных	89
разышліся	89
раўнавагі	89
вініпэг	89
урадавых	89
рэгбі	89
гунаў	89
зарабіць	89
заможнай	89
сэрбіяй	89
чорную	89
публічныя	89
гарызантальных	89
соцень	89
прэтэндэнтаў	89
сураскага	89
каштоўны	89
урал	89
напружаньне	89
правых	89
фінскае	89
пярэднім	89
воеводства	89
копысь	89
быўшы	89
дасьледаваць	89
сымптомы	89
ўчынак	89
выведка	89
фальваркам	89
дзьдзе	89
вяз	89
выкананай	89
незадаволены	89
вэстфалія	89
бавоўны	89
мэдыцынскі	89
экватар	89
каменскага	89
ўцы	89
нямецка-фашысцкія	89
шыхтаў	89
архів	89
мовою	89
цел	89
рокетс	89
камсамольскай	89
цыліндрычнымі	89
гепідзкае	89
заслужанага	89
ўкаранілі	89
днепр	89
составленная	89
навадворскага	89
лядзкага	89
ліштвах	89
кляштараў	88
адмоўлена	88
надрукавалі	88
выканкам	88
дашкольных	88
менгарвыканкаму	88
сапрана	88
парадыгмы	88
казаньні	88
шляхту	88
іліной	88
антвэрпэн	88
сав	88
расійскай	88
вільготнасьць	88
стаўленьня	88
парафіяльны	88
пратэстанцкі	88
радоў	88
паўзуноў	88
тэрытарыяльнага	88
забівалі	88
сянно	88
артылерыйскай	88
тэлевізійны	88
мэліярацыйныя	88
кавальская	88
лён	88
суботніцкай	88
узыходзіць	88
пасяленьняў	88
генэралу	88
пабудовай	88
сёння	88
паўнамоцны	88
татарскія	88
дамейка	88
часовыя	88
утвораныя	88
выяўленая	88
фэлікса	88
згаданых	88
фрыц	88
выступленьня	88
заключэньні	88
тычына	88
малдаўская	88
чысткі	88
бізнэсовец	88
бэрлінскім	88
паводка	88
куляшоў	88
ёнас	88
асобах	88
юпітэр	88
скасавала	88
дактрыны	88
капыльскі	88
сябры-карэспандэнты	88
злучанымі	88
славенцаў	88
памежжы	88
прыцягнулі	88
выказваньне	88
нацыянальна-вызваленчага	88
іспыты	88
рэактары	88
глебу	88
загінулым	88
прыйдзе	88
васілька	88
таленту	88
перадаюць	88
любоўю	88
супольнага	88
публікаваў	88
нікола	88
рукапісах	88
дзеясловы	88
абазначаюць	88
азбукі	88
эстонцаў	88
ужываць	88
страсбургу	88
данію	88
пададзеныя	88
радашкавічы	88
уладаю	88
флянгу	88
дочкі	88
ин-т	88
абнаўленьня	88
гішпаніяй	88
валюту	88
аа	88
фрыдрыхам	88
лаўрэнція	88
элемэнта	88
сьпявала	88
сарока	88
ўнітарнае	88
паступовае	88
вялізныя	88
дзялянка	88
ўсеагульных	88
беларусбанк	88
асобнік	88
радаслаў	88
паплечнік	88
тка	88
біржу	88
перанесеныя	88
наваградчыне	88
зана	88
позьнія	88
разглядаўся	88
наладзіў	88
катэгарычна	88
пах	88
сэрыяй	88
паказчыкаў	88
назіральнікі	88
розыгрышах	88
правяло	88
выгуляўшы	88
лігай	88
памежжа	88
гуга	88
мятода	88
выдаўцом	88
це	88
фаналёгія	88
сымфанічнага	88
зыгмунта	88
рыфмы	88
апраграмаваньне	88
стандартных	88
маркам	88
аказвалі	88
уніз	88
мэдычным	88
круглыя	88
рэальны	88
прадугледжана	88
найбліжэйшых	88
дзеях	88
рэно	88
італьянцы	88
гры	88
самааховы	88
сьлядоў	88
вялейцы	88
рэзэрвы	88
абсягу	88
чыстым	88
абрана	88
флярэнцыя	88
воўны	88
экалягічнай	88
гульнямі	88
перапынак	88
ясна	88
муніцыпальных	88
сацыялістычнае	88
грознага	88
рахункі	88
узбэкістану	88
парка	88
союза	88
танзаніі	88
ярданіі	88
баба	88
першапачатковым	88
калінаўка	88
фальваркі	88
карэлічы	88
каждом	88
ўтваралі	88
антоніем	88
тэлефоне	88
ўсярэдзіне	88
вязьнем	88
вернулся	88
купэ	88
бераставіцкі	88
брокгауза	88
суполцы	88
ківі	88
плаціна	88
ліна	88
фінальных	88
тэракту	88
санскрыт	88
сельский	88
прыгараднага	88
акруговай	88
саўгасе	88
размнажэньне	88
адзіночныя	88
зьнішчальнікаў	88
цяжарнасьці	88
фігурным	88
шатром	88
усходнегерманскага	88
бундэсьлігу	88
вінтоўка	88
игрока	88
поразаўскага	88
сунь	88
бэрнардынак	87
зьвязак	87
фіксуецца	87
кавалерыя	87
політэхнічнага	87
адбудавалі	87
сатыры	87
тралейбусы	87
зазначалася	87
кавалёва	87
эвангелістаў	87
бабры	87
канфэсіяў	87
цёплым	87
партнэрамі	87
где	87
хмяльніцкі	87
квіткоў	87
пажыцьцёвае	87
тлумачыў	87
жабінка	87
пацьвярджаюць	87
вечары	87
войт	87
бронзавая	87
анджэя	87
раймонда	87
цэрквамі	87
стэфанам	87
мытны	87
байдарках	87
адсылае	87
ліхтэнштайну	87
вінаграду	87
скончана	87
друкуе	87
кідае	87
біяграфічны	87
ядзерная	87
ёрк	87
каханьні	87
нікога	87
мурашка	87
маладняка	87
фіджы	87
імшы	87
біятляніст	87
соні	87
-гі	87
лукас	87
філяматаў	87
генэральнае	87
антонам	87
выпусьціць	87
любовь	87
лявоніха	87
фраза	87
джым	87
кл	87
пала	87
штандар	87
усталяваная	87
ніцшэ	87
абы	87
пагорку	87
спэцслужбы	87
навічы	87
ужываюць	87
карпарацыяў	87
прайграла	87
ложы	87
выкліканая	87
замойскай	87
ёрш	87
фатаздымкаў	87
штрафу	87
асіпавічаў	87
ірляндыю	87
сіротка	87
газавых	87
пасёлкаў	87
хоцімскага	87
соляў	87
каменнай	87
харчаваньні	87
геаграфічнай	87
разьмеркаваньні	87
інфармацыйнае	87
пятніца	87
законным	87
нс	87
аўгустына	87
катэгорыю	87
назіральніка	87
віртуальнай	87
пераняў	87
зьвяртацца	87
сканчэньне	87
евгений	87
будоўлю	87
вядзеньні	87
тайляндзе	87
кіруюць	87
здарэньні	87
вымаўленьні	87
ўраджаю	87
эўракубкі	87
ажэшка	87
дарыя	87
старажытнымі	87
оксфардзкага	87
тамы	87
паведаміць	87
фактычным	87
званае	87
кукуруза	87
януковіча	87
фрэнка	87
краты	87
сутыкаецца	87
займеньнік	87
установак	87
адмаўленьне	87
дэкаратыўных	87
злоты	87
заплаціць	87
узьяднаньне	87
фармуе	87
перанесена	87
верай	87
цікавы	87
урокі	87
ад’езду	87
цёмнага	87
старымі	87
забесьпячэньнем	87
малекулаў	87
канцлягеры	87
ўключэньня	87
янавіч	87
спэцыяльным	87
ўнутраная	87
паручнік	87
вырашэньні	87
вырашальнай	87
інфраструктуру	87
галяндыя	87
ухвалены	87
договор	87
энэргетычнай	87
райну	87
позьніх	87
гавані	87
пэ	87
япіскапы	87
баўгарскую	87
эпідэмія	87
аб’яўлены	87
кіляват	87
палоне	87
мох	87
ўладаньнем	87
кантракты	87
стайні	87
забраў	87
ірыны	87
поселении	87
вывучэньню	87
бездакорную	87
кіраўніку	87
флёце	87
склеп	87
талентаў	87
самак	87
гісторыка-дакументальныя	87
даставілі	87
нна	87
тэатральна-мастацкі	87
выраблена	87
ласкі	87
зруб	87
магутнымі	87
транспартаваньня	87
аплату	87
прысвойваецца	87
торуні	87
ата	87
гаштольд	87
млына	87
-пасьля	87
дысцыплінах	87
узда	87
православная	87
’корань	87
камель’	87
’камель’	87
верталёты	87
аляксандраўка	87
сэксу	87
ракаўскі	87
слабадзкога	87
вышуку	87
гасьціны	86
сынагогу	86
вала	86
дэлегаты	86
татарскіх	86
рэспубліканскія	86
кніжны	86
броўка	86
кантэксту	86
цэнтральнымі	86
філязофскай	86
даўнія	86
станы	86
палякам	86
брест	86
акруговы	86
чыгуначнікаў	86
дворны	86
вывучалі	86
паклады	86
сонечнае	86
ўзмацненьне	86
абмежаванае	86
магдэбурскага	86
графічны	86
віцязь	86
стайкі	86
балцкіх	86
нем	86
сажа	86
вынаходніцтвы	86
папулярнага	86
срэбраным	86
танкавай	86
ўтрымлівалі	86
навучаецца	86
меншым	86
існыя	86
заслужаная	86
прысуду	86
вопросу	86
выводзяць	86
кузьні	86
суб’ектам	86
сонечныя	86
венскім	86
чацьвёртая	86
кінэматограф	86
штэфан	86
саламевіч	86
альтэрнатыва	86
рэспубліках	86
джыбуці	86
ельцын	86
ўдасканаленьня	86
упаў	86
нт	86
старадаўнія	86
прыходзілі	86
трымаўся	86
алесем	86
тадэвушу	86
шэксьпір	86
яры	86
трымацца	86
вывучыў	86
графічных	86
ціхан	86
друкавала	86
квіток	86
прытрымліваўся	86
статутам	86
трансыльваніі	86
зацьвярджэньні	86
маральных	86
уночы	86
тактыкі	86
віда	86
пакт	86
лазьні	86
кун	86
графіня	86
ляндшафту	86
паўвысьпе	86
прымаюцца	86
пераходнага	86
вызначаным	86
двухбаковыя	86
імпарту	86
гестапа	86
самотніка	86
выняткова	86
мілімэтраў	86
дрысьвяты	86
дная	86
паскарэньня	86
сусветнай	86
ашмяншчыны	86
цунамі	86
клімавічы	86
брытанскімі	86
уключаў	86
элемэнтарных	86
адваротны	86
ведаю	86
неабходная	86
марфалёгіі	86
кася	86
зямельны	86
обществ	86
дэканам	86
пазнаньня	86
йка	86
кароне	86
ускрайку	86
знойдзеных	86
раса	86
установе	86
стараславянскай	86
адукацыяй	86
рэшты	86
глябовіч	86
тысячамі	86
жодзішкі	86
стваральнікі	86
праверыць	86
шпіталя	86
далмацыі	86
іванава	86
сацыялёгія	86
еў	86
абвяшчаў	86
выбарчае	86
выдзелены	86
восьмае	86
падача	86
ўнутранае	86
ўзнагародамі	86
старабеларускае	86
падольле	86
пашырана	86
разумелі	86
ли	86
даступнымі	86
арэхі	86
посту	86
карыбскім	86
кліматам	86
гарачае	86
полаччыне	86
выкарыстана	86
споведзі	86
сустрэла	86
паказаньні	86
затрыманьня	86
азначэньнем	86
галакост	86
узброены	86
шевченка	86
ворагі	86
садружнасьць	86
набраных	86
сыднэй	86
пілёты	86
ленарт	86
цуды	86
манаства	86
кашулю	86
цьвярская	86
заплянаваны	86
сайте	86
ўрадавых	86
вісконці	86
гаазе	86
вырашальным	86
водазабесьпячэньня	86
мячамі	86
вызначанага	86
камандзіры	86
каардынацыйнай	86
імпэрскія	86
адолеўшы	86
фотамадэлі	86
юнацкую	86
фальклору	86
белаз	86
спадчыньнікам	86
цягі	86
лапы	86
алюміну	86
мунтвіл	86
коханаўскага	86
мальтыйскі	86
ягр	86
станиславъ	86
прыпісаных	86
контрфорсамі	86
навязка	86
-гранны	86
маладэчна-	86
втб	86
ізалят	86
штыхаў	85
пастановаю	85
катлярчук	85
ракаўская	85
арбіта	85
корбут	85
мэсапатаміі	85
пальнай	85
генэрал-губэрнатар	85
рэліквіі	85
прытокам	85
спрэчка	85
бел-чырвона-белым	85
канцлягер	85
небясьпека	85
выезд	85
абаранялі	85
царкоўна-прыходзкая	85
жылымі	85
выкладнік	85
сэрвацы	85
каралін	85
здарыўся	85
орша	85
омск	85
оршанского	85
тэўтонскі	85
пашырэньню	85
пратокай	85
спустошылі	85
папоў	85
ваколіца	85
гатоўнасьць	85
усталяваць	85
цеханавецкі	85
альпаў	85
цягнуцца	85
міхаэль	85
вагнэра	85
фармавалася	85
запазычаныя	85
пераяжджае	85
дпу	85
вольскага	85
нямецка-савецкую	85
зачыненая	85
грахоўскі	85
лібія	85
канцэрну	85
гарсія	85
кант	85
этапам	85
рэвалюцыйную	85
грэцыяй	85
павятовай	85
старажытнасьцяў	85
замежнікаў	85
вагнэр	85
набліжанасьці	85
морзэ	85
манрэалі	85
дацкім	85
петраград	85
крэдыт	85
плён	85
ўспрыманьня	85
ўсходнеславянскіх	85
польскаму	85
бітвай	85
ўцёкі	85
мностваў	85
сангушкі	85
адзіночны	85
аматарскі	85
прыдумаў	85
кабінэта	85
мірным	85
кайшы	85
двум	85
арсеньневай	85
бэры	85
клясычнае	85
пазбавіў	85
шалом	85
браслаўшчыне	85
шырэй	85
прыходзілася	85
брэнд	85
млыноў	85
адмысловец	85
ўкладаньні	85
раўніну	85
кукурузы	85
ранга	85
месяцам	85
дадаваць	85
крычаўскі	85
маўленьні	85
цьвёрда	85
споведзь	85
галынка	85
пэдагогікі	85
сталая	85
энэргетычных	85
прыводзяцца	85
дапаможны	85
арыгінальнае	85
айчына	85
фрыдэрыка	85
крыжовага	85
календаром	85
электрасувязі	85
фінальнага	85
менчукоў	85
накіраваліся	85
няўдалага	85
радыкальных	85
знакамітая	85
творчую	85
календару	85
іміграцыі	85
закахаўся	85
аддаюць	85
азбука	85
каляровая	85
высьветліць	85
магчымага	85
ўключылі	85
патрэбная	85
прадаецца	85
жах	85
бактэрыі	85
дададзеная	85
вадою	85
навучаньнем	85
авіялініі	85
дакумэнтам	85
будызму	85
зьбіраюць	85
сальвадору	85
распаўся	85
беларускамоўная	85
традыцыйнымі	85
інавацыяў	85
храмам	85
аднавіўся	85
халодным	85
усьпеньня	85
спаборнічалі	85
тонкія	85
разьвітую	85
мэксыканскай	85
увядзеньня	85
акругай	85
галічыны	85
увосені	85
адказаць	85
тэхнічнае	85
валок	85
станіслававіч	85
смолій	85
падышлі	85
русские	85
здабычай	85
дэльты	85
пакрыта	85
ворагамі	85
транспартам	85
кантынэнтаў	85
аўтаматычная	85
тлумачэньняў	85
унівэрсытэта	85
валейболу	85
выстаўлены	85
прыватызацыі	85
фінансавымі	85
цэнтаў	85
грузінскага	85
ўніяцкія	85
забаваў	85
уласьнікаў	85
росі	85
расейска-ўкраінскай	85
давыда	85
славацкім	85
цяжару	85
лётчыкаў	85
рыбчонак	85
інжынэрных	85
слабасьць	85
хваробе	85
навігацыі	85
общество	85
злева	85
сэрбію	85
кампаніях	85
скачках	85
прапушчаных	85
бруклін	85
выніковы	85
населенного	85
кэнакс	85
флэймз	85
засн	85
карпілаўка	85
ракіцкім	85
биографический	85
крыма	85
кабыльніку	85
васьмярык	85
ашаляваныя	85
фільмы-баевікі	85
рытанскага	85
продлили	85
архангельскае	85
глябальнай	84
самастойнае	84
статута	84
казакаў	84
досьведам	84
падканцлер	84
редактор	84
выжыў	84
начныя	84
мануфактура	84
вакзала	84
баркі	84
занятак	84
інспэктара	84
багацьцем	84
пераправы	84
хвоі	84
службоўцы	84
княжаньня	84
кварталаў	84
ўзбуйненьня	84
барань	84
сабескі	84
чыгуначную	84
камандзіраў	84
ліквідаваць	84
ленінскай	84
адукацыйная	84
базуючыся	84
глебава	84
краўчанка	84
кірыбаці	84
бубнач	84
баброўскі	84
супольныя	84
аліса	84
раскопках	84
матэрыяльную	84
маляваць	84
творчество	84
нэльсан	84
гарачых	84
разьмясьціць	84
один	84
магу	84
пачуць	84
тэатральным	84
саланевіч	84
гадлеўскі	84
загадкі	84
забітая	84
сваяка	84
перакананьні	84
больш-менш	84
актамі	84
геаграфічная	84
лекцыяў	84
адміністратара	84
разьбіць	84
сяр	84
полацка	84
зьмянялася	84
грашовага	84
тагачаснае	84
гатычнай	84
срэбрам	84
ячмень	84
петрыкаўскі	84
індывідуальным	84
кінэматаграфіі	84
валейбол	84
фэдэрыка	84
заяўлены	84
рубеж	84
янавічы	84
італьянскае	84
заняцца	84
сьцежка	84
ісьціны	84
энцыклапедыкс	84
здымае	84
розумам	84
офісы	84
паганства	84
гасьцёх	84
ключавыя	84
стадыю	84
шахтар	84
клёд	84
аналізе	84
сьмяротнасьці	84
тайлянду	84
студэнта	84
колам	84
мірон	84
жабінкаўскі	84
’чалавек’	84
гераіня	84
аэрапорта	84
аўтаматызацыі	84
руінах	84
гарыс	84
аналяг	84
ўзятая	84
малдаўскага	84
партнэра	84
дзеяслову	84
поўных	84
скліканы	84
лыжкі	84
тавару	84
куб	84
маёнтках	84
калю	84
ружанскі	84
гнёзды	84
саната	84
партыйныя	84
умацаваньне	84
жителей	84
горла	84
яўка	84
сьцьвярджаючы	84
дэпутатамі	84
выя	84
перавесьці	84
метро	84
модуль	84
горным	84
торунь	84
змена	84
апублікавалі	84
санта	84
цяжкасьцяў	84
короля	84
верхняе	84
скульптураў	84
аднім	84
выраку	84
падалінскі	84
узвышаецца	84
заснаваным	84
скаргаў	84
правінцый	84
грош	84
рэзэрвовы	84
ажыцьцяўляцца	84
рыбакі	84
камандных	84
найсвяцейшай	84
маршу	84
вершнікаў	84
антонава	84
заробкаў	84
собрания	84
даўгінава	84
рашэнні	84
калектыўнага	84
адміністратыўны	84
адхіленьня	84
паверхаў	84
стывэна	84
дэбютнага	84
зьмен	84
пярэднія	84
таварыскай	84
продолжит	84
участия	84
сьсе	84
баўгарскіх	84
братэрская	84
даўгаты	84
-буд-	84
-бод-	84
руха	84
дзес	84
памяншэньня	84
агароднікаў	84
сэнт-луіс	84
санз	84
дысэртацыяў	84
ахоўнага	84
маскі	84
мешчанін	84
бачэйкаў	84
навядзеньня	84
ислочь	84
аўрэліян	84
тлустасьцю	84
магдалены	83
струкаў	83
халеры	83
ўсебеларускі	83
часовых	83
саўка	83
цывілізацыяў	83
расьлінамі	83
абмяжоўвалася	83
менск-	83
адбіў	83
пазьнейшы	83
выжыць	83
дасягаў	83
вечерний	83
будаўнікоў	83
пракаповіч	83
рафал	83
магутнага	83
чарнігаўская	83
прыбалтыкі	83
жучкевіча	83
выезду	83
базаў	83
пераўтварылася	83
радзівілу	83
хімічнае	83
хвоя	83
гігіены	83
даўняга	83
хаім	83
рлс	83
палосаў	83
полацк	83
ўгодзьдзі	83
сацукевіч	83
парафію	83
капіталізму	83
фэдэральным	83
коламі	83
банкаўскі	83
стагоддзе	83
раскіданае	83
луцэвіч	83
дабіцца	83
стваралася	83
нав	83
этыёпія	83
экспэрымэнту	83
ліквідацыяй	83
выказала	83
сябраваў	83
закранула	83
максим	83
мікалаеўшчына	83
эмілія	83
салжаніцын	83
навучыўся	83
дзяўчынай	83
адчуваў	83
пасьляваенныя	83
бяседа	83
мархель	83
выкарыстаная	83
ціхановіч	83
запусьціла	83
антуан	83
іаан	83
славутыя	83
сямейнай	83
філязофскага	83
чтения	83
сваякамі	83
вымусілі	83
заходнеэўрапейскіх	83
партугальцы	83
адрозьніць	83
бадай	83
зьнізіць	83
старажытнагрэцкі	83
вераць	83
бліжэйшых	83
мікі	83
працэсар	83
хварэў	83
юдэйскі	83
адбудаваны	83
дасталася	83
пабралася	83
патрэбе	83
пляж	83
удзельная	83
студэнцкім	83
мёртвыя	83
сацыялістычную	83
арганізоўваў	83
вечарыны	83
цары	83
садзейнічаньне	83
фактар	83
фондзе	83
фармаваньнем	83
трансьліт	83
ковенская	83
сьведчыла	83
анталёгіі	83
сталом	83
камэнтар	83
нянавісьці	83
навакольным	83
адчынена	83
закранае	83
германовіч	83
лёсаваньня	83
разгортваецца	83
садам	83
паўнавартасны	83
уран	83
вылічэньня	83
ар	83
аб’яўлена	83
апекуном	83
дагавору	83
тэлевізіі	83
ужываўся	83
замове	83
парашэнка	83
своеасаблівым	83
альтэрнатыўнай	83
батсваны	83
сафі	83
узнагарод	83
лаціны	83
полаччыны	83
кампанэнт	83
пропаведзі	83
характарам	83
брытанскую	83
здараюцца	83
адправіліся	83
распавядаецца	83
панавала	83
ўзаемнай	83
абвясьціць	83
шка	83
зваротным	83
касьпійскага	83
рознае	83
публіцы	83
аднагалосна	83
кіруючай	83
беднай	83
манголаў	83
кіль	83
зьмяняліся	83
ўваходжаньня	83
тэрарыстычнай	83
запазычаньняў	83
тактыку	83
банкамі	83
нябеснага	83
андэрса	83
аўдыё	83
аказаньня	83
вершніка	83
вялейкі	83
пэрсыдзкая	83
вэртыкальнай	83
узнагароджанні	83
готы	83
этнас	83
зімовай	83
спагнаньне	83
мэтраполіі	83
балянсу	83
трэкаў	83
личных	83
кошты	83
центра	83
сасновы	83
дубоўка	83
валюце	83
замовы	83
цывільным	83
швайцарскім	83
якутыя	83
сэрвач	83
вальтэра	83
прапойск	83
пацаў	83
генэрал-лейтэнанта	83
руднікі	83
штогадовае	83
курганоў	83
пэрсанальная	83
стамбулу	83
межань	83
страла	83
заходзіць	83
ліштвамі	83
пальцаў	83
чжу	83
голыя	83
чалябінск	83
фін	83
рогі	83
пэлас	83
дубна	83
даччыныя	83
пц	83
зьдзяйсьняць	83
мойшэ	83
робатаў	83
пэрымэтрам	83
хваляваньняў	83
нашэньне	83
гарадзецкага	83
пудоў	83
таварыству	83
рэйкі	83
падпалкоўніка	83
землевладельцев	83
дабі	83
розподіл	83
плэйт	83
друйкі	83
воўпа	83
лиц	83
ракіцкіх	83
папраўчай	83
ўіган	83
цыліндрычным	83
кінакрытыкаў	83
камбайнаў	83
ўзмоцніў	83
валейбалісткі	83
нямігі	82
аляксеем	82
аргумэнтаў	82
разьвітай	82
гасьцініца	82
войнамі	82
вывучыць	82
паказваючы	82
гісторыяў	82
мухаўцу	82
найбуйнейшага	82
аршаншчыны	82
гуманітарны	82
рамёствы	82
мяшчанаў-юдэяў	82
витебских	82
ўлічваць	82
прудок	82
бярэзіне	82
масковіяй	82
шматразовы	82
позьні	82
рэальная	82
баян	82
ракою	82
сімяон	82
касьцельны	82
круглая	82
двухсхільным	82
доўнар	82
функцыямі	82
незалежнымі	82
габсбург	82
памежны	82
ровар	82
асветы	82
плютон	82
ярданія	82
рукапісны	82
кузьмы	82
ніны	82
пасадку	82
інструктар	82
выключаныя	82
малюнкам	82
палескія	82
неяк	82
навуменка	82
патрыярхам	82
цыклі	82
круглай	82
завяршыць	82
вашынгтона	82
японіяй	82
вершаваны	82
цьвёрдае	82
адценьнем	82
піць	82
беларускамоўнага	82
купец	82
распавядаў	82
выявіўся	82
згадзіўся	82
згадваньне	82
анна	82
парыскі	82
космасе	82
распаўсюджваюцца	82
закрытыя	82
крыт	82
публічнага	82
трамп	82
дзяўчаты	82
ружанах	82
выкраданьне	82
рынка	82
архімандрыта	82
случчыне	82
мэдыцынскіх	82
ханам	82
гатычная	82
даўні	82
выйсьце	82
найвялікшыя	82
працяглых	82
сабрала	82
тэлеграф	82
маі	82
вугал	82
нанёс	82
генацыд	82
гарадзецкі	82
алаіза	82
перакладаліся	82
праціўнікам	82
зьнешнім	82
бгу	82
напраўду	82
мінэрал	82
пратэстоўцы	82
змагаюцца	82
еднасьці	82
тэгеран	82
гідраэлектрастанцыя	82
толкін	82
банкаўскага	82
лацінкі	82
генэралаў	82
паўвыспы	82
нешматлікія	82
полюс	82
юрысдыкцыю	82
пісьмова	82
прадуктамі	82
супраціўнік	82
вогнішчы	82
спалучэньняў	82
кб	82
супы	82
мэню	82
сольлю	82
залы	82
ложку	82
адценьня	82
трону	82
дадаўшы	82
ўзброены	82
незаконным	82
ўпадзеньня	82
паменшыць	82
нацыяналістычныя	82
абумоўлены	82
апытаньне	82
латыская	82
ліваў	82
перайменавана	82
зоф’я	82
рэшткамі	82
ціханоўскай	82
пераселеныя	82
жоўтая	82
адкрытую	82
ўстаноўку	82
сямігадовай	82
ўмераных	82
дзіўна	82
выбарам	82
крымскі	82
крытычны	82
нянавісьць	82
жонак	82
індаарыйскіх	82
стыпэндыю	82
лог	82
прымаючы	82
рудога	82
стаянка	82
арланда	82
бывшего	82
зьмяшчаць	82
пілётаў	82
баль	82
нададзена	82
элізы	82
зьмяшчаліся	82
баевікі	82
узнагародай	82
сузор’я	82
парма	82
бэрт	82
выпраўляецца	82
саміцы	82
рамы	82
кулямёты	82
пісьменніка	82
брыґада	82
вілаетаў	82
нічы	82
хоцімскім	82
саўгас	82
юравічы	82
ішкальдзь	82
плоцевых	82
выплачваліся	82
кардыф	82
-с	82
лявонпаль	82
могилевских	82
вязынь	82
кляшчэлі	82
книжка	82
адбіраньне	82
волковысского	82
бэрнлі	82
добасна	82
гандбольныя	82
пружанского	82
дзерман	82
весьляры	82
памянёных	81
адпаведная	81
фундатар	81
езуіцкім	81
сьвяточныя	81
частымі	81
сталовая	81
эстрады	81
басэйнаў	81
мескую	81
каляніяльнай	81
казанскай	81
сходах	81
рэвіскія	81
распаўсюджвалася	81
акупацыйныя	81
амап	81
расьлінны	81
расказаў	81
дзікае	81
гайдук	81
заплаціў	81
здабываюць	81
кунцэвіча	81
скрыжаваньне	81
абгрунтаваньня	81
пералічаных	81
вітаўту	81
зруйнаваная	81
набярэжнай	81
аўтамагістраль	81
манастырскі	81
неаднойчы	81
ґазэта	81
ператварыў	81
ўсеагульнага	81
выбітным	81
бронза	81
віктор	81
адысьці	81
порнаакторка	81
кувэйт	81
жалезная	81
сьмяротна	81
марат	81
мікалаеў	81
выступленьняў	81
хаваўся	81
біч	81
санкт-пецярбурскага	81
ксяндзоў	81
друкуецца	81
ўрокі	81
інфлянты	81
пераадоленьня	81
ніву	81
пяскоў	81
карупцыяй	81
старшынствам	81
укп	81
ранейшая	81
румынскім	81
вопыту	81
зоська	81
польскамоўныя	81
пранікненьне	81
коміксаў	81
пацьверджаны	81
сынонім	81
мысль	81
катэхізіс	81
манеры	81
развагі	81
чачэнцы	81
атрымоўвае	81
гамільтан	81
сталую	81
вэрсіях	81
камуністамі	81
адметная	81
рок-н-ролу	81
узначальвае	81
турыне	81
прафэсары	81
палосамі	81
белорусских	81
рэфэрэндумаў	81
ўласьнікаў	81
кутом	81
калядны	81
дастаўлены	81
адзінкамі	81
сьведак	81
гіл	81
напрамках	81
ражанка	81
зьвяроў	81
альтэрнатыўны	81
варашылава	81
іосіф	81
выяўляюць	81
невядомымі	81
жывое	81
языков	81
перакладалі	81
ладзе	81
статуты	81
жлутка	81
стальца	81
гайнаўскага	81
высокаўскага	81
народжаная	81
рэальна	81
дзяржаваў-удзельніцаў	81
вэктар	81
матэрыяльныя	81
кальвінізм	81
дзераўная	81
няблага	81
мадрыду	81
назьбіраў	81
пагаршэньне	81
палітыкам	81
кальцо	81
прызначыла	81
пасябраваў	81
нарніі	81
філіпінаў	81
шум	81
рэнье	81
чэхію	81
надавала	81
леся	81
магнус	81
чакаюць	81
кіпры	81
выпрабаваньня	81
суфіксу	81
зьмяніліся	81
зваротны	81
тэндэнцыю	81
паходжаньнем	81
що	81
мільярды	81
заяўляе	81
каўбасы	81
адчуваць	81
дапускаецца	81
аддзелены	81
пастаянная	81
падняць	81
аб’ядналася	81
румынію	81
пажарнай	81
ключавую	81
ходзіць	81
мынцы	81
унівэрсытэцкая	81
суботнікі	81
магнаты	81
литовской	81
нафтавых	81
цын	81
троках	81
ўпэўнена	81
будове	81
кінуць	81
брытанію	81
тунэлі	81
справаздачнасьці	81
заселеныя	81
неафіцыйным	81
здароўем	81
каналамі	81
аздоблены	81
дэвізам	81
стужкай	81
клюбных	81
сфармавана	81
смаленшчыны	81
апрацоўку	81
пакету	81
пасяленцы	81
мастацтву	81
вылучэньні	81
тэнэрыфэ	81
юрыдычная	81
выступах	81
сем’ям	81
д’ябла	81
забойцы	81
міністэрстваў	81
вадаём	81
грудзях	81
наста	81
глябальнага	81
дэкаратыўна-прыкладнога	81
гера	81
прастакутная	81
нбб	81
флянг	81
сантус	81
прымяняюцца	81
ўрачыстасьці	81
ушачы	81
наезд	81
сьпевакоў	81
бачачы	81
плянэтаў	81
кроку	81
вылучыла	81
арганізацыйнага	81
паддэмбскі	81
злачыннасьці	81
паляпшэньні	81
перапісе	81
аграрных	81
выпрацоўкі	81
аб’яднаўся	81
аднавіліся	81
парушаюць	81
баварыю	81
пантэрз	81
атланта	81
відмунд	81
торвід	81
менка	81
лемантар	81
пілястры	81
армейскага	81
полаў	81
центральний	81
івянецкі	81
рідною	81
амбон	81
лэп	81
верталёт	81
фарм-клюб	81
юкітэру	81
індывідульных	81
берагам	80
цяперашняе	80
падарожнікі	80
камяніцы	80
узрасла	80
лінгвістычны	80
інтэнсіўна	80
панаваньнем	80
аўтобусных	80
турыстычныя	80
скарыну	80
шахматыст	80
гісторыкамі	80
стабільнасьць	80
тэхналёгіях	80
геральдыка	80
грынявецкі	80
замацаваў	80
стварэння	80
здалі	80
арганізацыйны	80
штучнае	80
фотамадэль	80
они	80
чартарыйскі	80
императорского	80
кніжная	80
адукацыйныя	80
прыдарожная	80
вір	80
аддзяляе	80
гасьцінец	80
выкладалі	80
хрысьціянскую	80
ўшэсьця	80
ўмацаваны	80
савецка-польскай	80
адбітак	80
падпольная	80
дэкрэту	80
раўнінах	80
кляўс	80
даўніны	80
весці	80
жахлівага	80
люксэмбурскі	80
кута	80
капэрніка	80
фактам	80
кананізаваны	80
грабоўскі	80
археалягічнага	80
каталог	80
беручы	80
палявыя	80
эвангельскіх	80
ухваліла	80
сьведка	80
вясёлы	80
гутарковай	80
саламона	80
данііл	80
неабходную	80
вяршыняй	80
створаную	80
абапіраўся	80
вывазу	80
палком	80
крыле	80
баўгары	80
аповесці	80
міліцыяй	80
сьвядома	80
вяртаўся	80
зацікаўлены	80
амсьціславе	80
ляўрэатаў	80
молата	80
расейскамоўныя	80
эразм	80
асыстэнт	80
абмежаваным	80
антонію	80
ванда	80
раманах	80
ўключаў	80
ўводзіць	80
атамныя	80
дама	80
пальцы	80
мінэральнай	80
аўгустоўскі	80
азёрны	80
груз	80
камянецкая	80
вэнэры	80
бэльгію	80
амсьціслава	80
янаўскі	80
шклоўскі	80
міхаі	80
вымяраецца	80
хросту	80
бадэн-вюртэмбэрг	80
выплаціць	80
ўнутранымі	80
урочышчы	80
дэцэнтралізацыі	80
хрысьціянстве	80
філіпінах	80
трывалі	80
няўдалых	80
тэмп	80
інтэртота	80
пасьпяховыя	80
уроцлаў	80
коледж	80
падарункі	80
мытні	80
кент	80
рэспубліканскую	80
кейн	80
адмаўляў	80
царкоўнае	80
крывой	80
цыбуля	80
абмене	80
варожасьці	80
памяншэньне	80
сялянка	80
кайнэ	80
розьніцу	80
сувязьзю	80
пазбавіць	80
вітамін	80
гадавой	80
фэдэральныя	80
натру	80
карлу	80
самец	80
святой	80
місіянэры	80
велізарная	80
нансі	80
рахункаў	80
баёх	80
узаемадзеяньне	80
выгналі	80
заснаваную	80
простымі	80
эканамічнымі	80
вт	80
хаваецца	80
бум	80
данілы	80
труны	80
весялоўскі	80
тыле	80
дэ-юрэ	80
троччыны	80
баскетбольная	80
эстонскім	80
сьмерцяў	80
дабрабыт	80
бананы	80
атрымана	80
рэалізаваць	80
галісіі	80
алтара	80
пабудаваных	80
ўцёкаў	80
зьездам	80
атрыбуты	80
вывозілі	80
’дрэва’	80
артылерыйскіх	80
томпсан	80
сёстраў	80
друкарскія	80
патрыёт	80
ўгодкі	80
перашкаджае	80
азначаюць	80
камароў	80
марфэмы	80
лэне	80
артымовіч	80
рамонце	80
выйграваў	80
прыгарадны	80
свобода	80
праходу	80
слупамі	80
пагаджаецца	80
алтароў	80
руанды	80
алтаром	80
энд	80
негарэлае	80
сэйбрз	80
заданьняў	80
фанэмаў	80
малера	80
чіасср	80
церахаў	80
прылегласьцямі	80
астралёгія	80
вылецела	80
ліпнішкаўскім	80
вясьляркі	80
вікі	79
траецкага	79
ракаўскага	79
крывічоў	79
смерти	79
кірункам	79
авіяцыйны	79
спадчынай	79
адметнасьці	79
колавых	79
надавалася	79
памор’і	79
глыб	79
утварыліся	79
вулька	79
слабым	79
дарогамі	79
бгк	79
солтан	79
ксавэрыя	79
ўмацаваньняў	79
пакроўскі	79
алегам	79
настаўніцкі	79
мяшчанаў-хрысьціянаў	79
штодзённая	79
гаспадараньня	79
літаграфія	79
бярэзіну	79
барысаўшчыны	79
кобрынская	79
струмень	79
спэцыялізаваных	79
ваеннымі	79
дзяўчат	79
мажэйка	79
срэбнай	79
згубіў	79
падзялілася	79
наваельня	79
разрыву	79
дмахоўскі	79
панятку	79
сьцьвярджаць	79
гатовая	79
раўнінны	79
замежную	79
аказаліся	79
саша	79
рудольфа	79
акупантамі	79
кал	79
кінаактор	79
наагул	79
бэніта	79
юнэска	79
меравіч	79
рускую	79
астраномія	79
навукай	79
мэдыцыну	79
пашыраным	79
высадзіўся	79
біятлёне	79
македонскі	79
пасажыры	79
трубяцкі	79
трызна	79
рэвалюцыйная	79
добраахвотнікі	79
выступе	79
міжземнамор’я	79
ліставаньне	79
ідэалы	79
нейкую	79
выдаўца	79
брашуры	79
агляды	79
рэдактараў	79
ічкерыя	79
данііла	79
адное	79
настаўнікамі	79
тылу	79
нюрнбэргу	79
зьлічэньня	79
эгіпецкай	79
зьдзейсьніла	79
горках	79
рыма-каталіцкі	79
сацыялістаў-рэвалюцыянэраў	79
каганец	79
таў	79
файлы	79
апэрацыйныя	79
клён	79
крытэраў	79
рэгулюе	79
перакладзеная	79
лоўрэнс	79
архіяпіскапа	79
джоні	79
фірмай	79
ўзбэкістане	79
строительство	79
прэпаратаў	79
флейта	79
іскра	79
протаярэй	79
гарадзе	79
чыстыя	79
адзінаццаці	79
пратэстанцкая	79
падводнай	79
павятовыя	79
вэтэран	79
будуюць	79
умоў	79
крывіцкай	79
фактычны	79
замежнае	79
лоеў	79
фанэтычныя	79
царкоўную	79
віцэ-прэзыдэнта	79
ранг	79
паліцэйскі	79
завяршэньнем	79
прызначаць	79
польнага	79
опэраў	79
дыскі	79
разбураная	79
характэрнымі	79
форуме	79
вернікамі	79
мусульманскага	79
трус	79
адправілася	79
джэймс	79
яскравых	79
нашая	79
цюрскія	79
славянскім	79
аргумэнты	79
сказы	79
пакрывае	79
выправіць	79
нумарацыя	79
недахопам	79
ўкраінай	79
спалена	79
човен	79
адменены	79
прысуджана	79
кельцкія	79
русьсю	79
кансалідацыі	79
старадуб	79
складзеных	79
путь	79
глухіх	79
слабыя	79
прымыкае	79
лапаткі	79
вячэра	79
кветкамі	79
гарэлку	79
сухім	79
льская	79
середины	79
рэзкі	79
насяляе	79
куплі	79
адправіць	79
сак	79
атрыманай	79
прамянёў	79
скону	79
заступніцтва	79
дысцыпліне	79
хань	79
ліпкі	79
штодзень	79
субтрапічны	79
рэвалюцыйныя	79
хартыя’	79
падзеленае	79
кваліфікацыйных	79
сур’ёзнай	79
ўзгадненьні	79
мастакамі	79
кашталянам	79
малпаў	79
літаў	79
катэдральнага	79
змогуць	79
банкнотаў	79
айчынных	79
савы	79
коцел	79
крыштафа	79
тэатральную	79
грэц	79
вучыў	79
гусары	79
кляштарная	79
костел	79
урублеўскіх	79
старасельле	79
салёне	79
капліцай	79
пошукаў	79
фіна-вугорскія	79
разрабаваны	79
бялграду	79
пліса	79
задніх	79
рэмбранта	79
мельнік	79
пакала	79
’повязь	79
моцнасьць’	79
прыхаджанаў	79
театр	79
панядзелак-пятніца	79
образования	79
залескага	79
брагинского	79
нараўлянскім	79
пружана	79
ступеню	79
старажытнагрэцкая	79
нэшвіл	79
приходов	79
зьвестка	79
астуджэньня	79
ўладальніцай	79
тэлефоннай	79
жырмуны	79
бандынэлі	79
стольлю	79
восьсю	79
заражэньне	79
забегу	79
беніцы	79
прозара	79
-ман-	79
сельсавету--	79
бутавай	79
бмр	79
пішуцца	78
пераможнай	78
майстэрняў	78
функцыянуюць	78
карповіч	78
акадэмічных	78
распаўсюдзіліся	78
працэсах	78
дакумэнтамі	78
пласты	78
авалодаў	78
інтарэсам	78
атачэньні	78
музы	78
дыяпазону	78
басэйны	78
псыхоляг	78
корчмаў	78
кансультацыі	78
далучаліся	78
ўнікальны	78
гандлёвымі	78
тот	78
ўладар	78
іркуцку	78
узьвядзеньне	78
стралковага	78
глускі	78
прашэньне	78
саламон	78
павятовая	78
аліна	78
старажытную	78
цэц	78
тэкстыльная	78
адназначна	78
індэксу	78
валютай	78
зімовага	78
клясык	78
трынаццаць	78
памятных	78
тт	78
нашэньня	78
заключаная	78
паядынку	78
запусьціў	78
творчым	78
ружовы	78
дашчэнту	78
кінаакторка	78
княжаньне	78
ведамі	78
белорусов	78
сэктара	78
джакама	78
калюмбійскі	78
купэр	78
ігнатоўскі	78
аўтабіяграфіі	78
турэмнага	78
национальной	78
некрашэвіч	78
хуткія	78
успамін	78
творчае	78
святлана	78
публіцыстыкі	78
горш	78
максімам	78
складанае	78
асманскага	78
волкаў	78
канадзкая	78
зямных	78
продкам	78
браку	78
буш	78
сведения	78
пазначаная	78
шрыфт	78
паасобку	78
скарга	78
даўгі	78
падаюцца	78
іёнаў	78
трынаццаці	78
носа	78
плятформаў	78
лінда	78
працэдура	78
фэміністкі	78
камуністычныя	78
платон	78
пласьцінкі	78
антысавецкай	78
цяжар	78
помста	78
ужывалася	78
закрытым	78
безвынікова	78
паста	78
астранамічных	78
судзіць	78
паўднёва-заходні	78
перагляду	78
воўчын	78
крыжовых	78
круглага	78
абвінавачваньне	78
рэдкім	78
саслоўяў	78
немагчымасьці	78
кёльну	78
энэргетык-бду	78
дасягалі	78
калядаў	78
мэльбурне	78
поразаў	78
палітвязьняў	78
вылічэньні	78
аповеды	78
рэспубліканцаў	78
жывапісе	78
захарка	78
маўленьне	78
пакутаваў	78
пратэстанцтва	78
разумеецца	78
януковіч	78
ленінградзкі	78
разыходзяцца	78
мінаў	78
прыставак	78
лексыцы	78
выбіраць	78
ўручэньня	78
нскія	78
праіндаэўрапейскай	78
накіроўвае	78
зьмяшанай	78
салаты	78
тварог	78
гішпанцамі	78
аляскі	78
зьніжаецца	78
індустрыя	78
политика	78
сьпіны	78
герою	78
здольнасьцямі	78
складанымі	78
вершнік	78
называючы	78
мудрасьць	78
яўстаха	78
хораў	78
экватару	78
кагалу	78
скота	78
міністэрствы	78
таварыскія	78
мэльбурн	78
сьцьвярджэньне	78
-він-	78
кілька	78
саюзьнікі	78
нацыянальнаму	78
збожжавыя	78
зьехалі	78
адмаўляўся	78
дэйв	78
прызнаваўся	78
архітэктурным	78
харвацкім	78
ровары	78
аўгусту	78
праліў	78
нелегальна	78
акцыямі	78
варту	78
цеплыня	78
шостага	78
тытунь	78
ранейшым	78
альжбеты	78
самара	78
бярозкі	78
сельсаветах	78
асінторфскі	78
рабіна	78
петербург	78
сэрбскую	78
апавяданьнях	78
лягчэй	78
беспарадкаў	78
трубкі	78
ліштвы	78
адтуліны	78
легкавых	78
мэтрычных	78
адзначыўшыся	78
немаўля	78
сау	78
зацікаўленасьцяў	78
настаўніцы	78
цэле	78
футбольнае	78
жодзінскі	78
левантэ	78
сёламі	78
дывізіяй	78
держ	78
сьветлавым	78
паве	78
дывізіё	78
пучыні	78
бота	78
лякаматыва	78
сапоцкін	78
начы	78
камандах	78
гераіну	78
трубаў	78
пталемэем	78
складах	78
арандаваны	78
дипломатического	78
даных	78
выпускаўся	78
захад-	78
галявую	78
баравы	77
арлом	77
пажарная	77
тэлефонная	77
кіроўны	77
навінкі	77
таленавітых	77
цырк	77
шырма	77
ўзнаўленьня	77
адкрыцьцяў	77
прынятых	77
земляробствам	77
перадаваліся	77
тапоніму	77
брыгітак	77
прызначанага	77
апазыцыяй	77
віцебскія	77
лісоўскі	77
рт	77
шматлікім	77
юр’я	77
бабруйскую	77
пэдагагічных	77
рускімі	77
паступовага	77
кадэцкі	77
князёўна	77
турак	77
дрэс	77
сьледчым	77
канцылярыя	77
зальцбург	77
ўзьяднаньня	77
халодныя	77
прамовай	77
чыквін	77
дэмабілізацыі	77
мёртвым	77
кенія	77
рамкі	77
юбілею	77
распачалося	77
коннай	77
рэвалюцыйным	77
стралковая	77
супрун	77
адлюстравана	77
антрапалёгія	77
бярэцца	77
юнака	77
службовай	77
абурэньне	77
марлі	77
стануць	77
маякоўскага	77
нанова	77
нажом	77
касьцёлах	77
разьмеркаваныя	77
просвещения	77
ўскосна	77
пазоў	77
майсея	77
пасадзілі	77
разьвітым	77
сьвятарамі	77
розную	77
натхнёны	77
трыюмф	77
эстонцы	77
працягваюцца	77
бэнзін	77
мінят	77
зьвядзеньне	77
дэльта	77
распаўсюджваць	77
каштарыс	77
вінаград	77
апытаньні	77
вострай	77
дагестану	77
заканадаўчыя	77
гуманітарнай	77
чацьвёртай	77
асноваю	77
эвангельскай	77
завершыўся	77
гармонік	77
апэратарам	77
мабільная	77
саманазвы	77
официальный	77
жукаў	77
мантаж	77
лахва	77
бурага	77
адселеныя	77
ісламская	77
тэрарызму	77
закінуты	77
праскага	77
тызэнгаўза	77
дададзеныя	77
сваяк	77
напою	77
журналісткі	77
паца	77
яўге	77
вучоных	77
газе	77
сьвятлом	77
шара	77
расеец	77
разьвілася	77
зьездаў	77
анталёгія	77
першаснай	77
лідскі	77
чартарыйскага	77
пабудаванай	77
баруны	77
дугі	77
трэція	77
партугальскім	77
мюлер	77
найменшай	77
паказьніку	77
галоўнаму	77
самалётам	77
генэрал-палкоўнік	77
вояджэр-	77
джэйсан	77
зьбілі	77
злучанага	77
солы	77
незалежніцкай	77
квадрата	77
генуі	77
паветраную	77
ана	77
кале	77
актывы	77
хартыя	77
схаваць	77
малдаўскі	77
авечкі	77
ахапіў	77
дэкор	77
фінляндыяй	77
неад’емнай	77
ктар	77
начным	77
джорджам	77
апублікаваных	77
пэрыядычныя	77
сваяцтва	77
сур’ёзны	77
сказа	77
адмовіў	77
нараду	77
разьмежаваньне	77
істотнай	77
самастойным	77
рэцэпты	77
непасрэдны	77
штук	77
рэсурсамі	77
фінаў	77
летняга	77
корм	77
жорсткім	77
начыньне	77
тысячагодзьдзе	77
мажлівасьці	77
ідэалягічнай	77
стральба	77
нож	77
вызначыліся	77
упіцкі	77
асацыюецца	77
кгб	77
выкліканых	77
прыбярэжныя	77
аўтастрада	77
камісары	77
гарантавала	77
квітнее	77
ўдавы	77
падрыхтавалі	77
прыладай	77
дзікай	77
наяўныя	77
падкарпацкае	77
пераломе	77
бэрклі	77
пераможцай	77
загінуўшых	77
зьліцьці	77
трамвайных	77
ўрадавай	77
амстэрдаму	77
дэкады	77
адправіцца	77
арсэнала	77
вытворчай	77
здабыцьці	77
службовая	77
лясох	77
падскарбія	77
разбурана	77
вульканаў	77
курса	77
рудакоў	77
патэнтаў	77
брыгаду	77
старобінскага	77
ратацыі	77
рухамі	77
троцкія	77
п’ес	77
нададзенае	77
каналізаваная	77
штабам	77
портыкам	77
партызана	77
сьмецьця	77
заднія	77
шатляндзкае	77
галявыя	77
карабах	77
спадабалася	77
пэрсыдзкае	77
дзьмі	77
будапэшту	77
стральцы	77
сергій	77
харужы	77
лео	77
дэлегат	77
распрацоўнікаў	77
каапэратыў	77
блэкгокс	77
магілеўская	77
шаркс	77
эдмантан	77
вігунт	77
сьвірскі	77
б’е	77
тайм	77
атлетыку	77
касьцюковіцкі	77
чароўны	77
-яруснай	77
радунскага	77
хойникского	77
футболистов	77
грунтавалася	76
саборнай	76
наладзілі	76
ўстановах	76
валоў	76
роха	76
вайніловіч	76
садзейнічаў	76
калянізацыя	76
вторая	76
лук	76
данных	76
навальніцы	76
воднымі	76
пануе	76
садоў	76
рухомага	76
акі	76
заможныя	76
базар	76
вытворчая	76
национальный	76
маркаў	76
беліцкага	76
аўтарскай	76
грамыка	76
школа-інтэрнат	76
публікацыях	76
інфляцыя	76
хуткіх	76
вызнаньня	76
вараць	76
хрышчэньні	76
канфіскаваны	76
нізка	76
мэмарыяльныя	76
някляеў	76
тэрарыстычныя	76
пералом	76
дземідовіч	76
туман	76
эрых	76
праабражэньня	76
сэнэгал	76
багатага	76
вільгэльм	76
сьветапогляду	76
схему	76
міколу	76
новікаў	76
лісабоне	76
другай	76
каласы	76
правядзеньнем	76
вакзале	76
знайшло	76
востра	76
насычаная	76
драўлянае	76
даніэль	76
кандрата	76
прыказкі	76
падпарадкавалі	76
фрэдзі	76
празаічныя	76
скланеньня	76
буйніцкага	76
патрыятычныя	76
ўладзімерам	76
заможнага	76
наўрад	76
закрылі	76
задаволіў	76
кніжных	76
цікавых	76
даступнай	76
абуховіч	76
разгром	76
народнасьць	76
падручніка	76
адмоўны	76
статкевіч	76
шлема	76
катастрофе	76
будаўнік	76
жук-грышкевіч	76
праграмах	76
пастаўляць	76
узростам	76
гордан	76
сялянска-работніцкай	76
зьменных	76
арыгінале	76
падароск	76
жадала	76
гаварылі	76
стафан	76
канфэдэрацыяў	76
перапрацоўцы	76
вылучылася	76
калгасы	76
мусульманскай	76
ўгнаеньні	76
крывая	76
маланкі	76
агароджа	76
паразе	76
ларысы	76
клімавіцкі	76
казуліна	76
казацкага	76
спрычыніўся	76
нязначна	76
парадокс	76
кіраваліся	76
пераўзыходзіць	76
ўплываць	76
курапатаў	76
мітынгі	76
сабралася	76
пляцоўкай	76
падзеленых	76
найробі	76
міграцыя	76
схільныя	76
пятнаццаці	76
абмежаваць	76
жодзіна	76
шахцёру	76
тарына	76
адчынілася	76
забіла	76
пярну	76
дрэвах	76
канфіскацыяй	76
ўайт	76
тэалёгію	76
выказваўся	76
завершаныя	76
карыстальнік	76
рэалізаваны	76
каўнці	76
перавышаў	76
вэнэсуэле	76
задзіночаньня	76
прыналежныя	76
кронаў	76
складанасьць	76
ми	76
ўніяцкая	76
цыбулі	76
нямногіх	76
глыбокую	76
каляністаў	76
дыпляматаў	76
збаўцы	76
убачыўшы	76
цячэньня	76
рагвалода	76
дзетак	76
праведзенай	76
сілам	76
шэрая	76
рэзкае	76
насеньнем	76
маракова	76
таленавіты	76
ўводу	76
цывільнай	76
ревизия	76
зьвярталіся	76
крызы	76
дыханьне	76
відзэмэ	76
заліве	76
ставак	76
гімназіях	76
індэксы	76
барысам	76
ўладыслава	76
штогадовым	76
ротмістар	76
астатнюю	76
праектаваньне	76
хлопчыкі	76
надзвычайнае	76
горах	76
республика	76
падатковыя	76
баўгарскім	76
грам	76
звычайнымі	76
пасьпяховымі	76
кватэраў	76
калекцыях	76
тлумачаць	76
напругай	76
літаратурна-мастацкі	76
мэ	76
рудзі	76
электрычнае	76
экалягічных	76
акцыйнае	76
бяро	76
дзкі	76
даўгер	76
шпіталю	76
баявымі	76
суахілі	76
атрадамі	76
падаўжэньня	76
аўтаматы	76
бюджэтных	76
тэлефонных	76
дубічы	76
выгнаў	76
пяхотныя	76
дакумэнтальная	76
канадзкіх	76
днікі	76
трампа	76
валкавыцкага	76
сакольскага	76
дм	76
лябараторыяў	76
дп	76
жалудоцкага	76
паўабаронцам	76
юравіцкага	76
шатровая	76
загнаў	76
брестское	76
зямянка	76
івейскай	76
березинского	76
мангерд	76
рэцэнзіях	76
міжзем’я	76
гедыміна	75
канцэртамі	75
ўласная	75
шары	75
пуск	75
мікрараёны	75
самастойных	75
хадыка	75
выключана	75
пісалася	75
рымска-каталіцкая	75
сымфанічны	75
дываны	75
человека	75
ўсерасейскага	75
хавалі	75
спэцыялізаваныя	75
шміт	75
кірункамі	75
віртуальны	75
кейстутавіч	75
арэну	75
прызэрка	75
каардынатар	75
гродненская	75
ліцьвінам	75
рыбнай	75
лельчыцы	75
прызнаных	75
прыпыніла	75
рп	75
канстанцыі	75
бальшавіцкага	75
прафэсійнае	75
заслаўскага	75
маўр	75
нэпал	75
сьера-леонэ	75
хімічным	75
філ	75
здагадкі	75
ральф	75
бываў	75
стаянкі	75
антычныя	75
выяўленчае	75
манэту	75
сілкуюцца	75
графіцы	75
палесся	75
джорджыя	75
кніжка	75
аўтарскага	75
франко	75
клясыкі	75
сатырычныя	75
пэдру	75
паехала	75
вярэнаўскі	75
нэапалю	75
гатычнага	75
тлумачальны	75
падуі	75
штодзённай	75
датаваным	75
інцыдэнту	75
доўг	75
советский	75
антычнага	75
прынцыпамі	75
падляскі	75
конныя	75
трафэяў	75
падлік	75
альгебра	75
чыгрын	75
суб’екта	75
академия	75
працаздольнага	75
дызэль	75
пакласьці	75
зрух	75
аднайменнае	75
биография	75
пазбавіўся	75
алёнса	75
абліччы	75
баранавіцкая	75
ахвяраваньняў	75
гадавых	75
адною	75
тэнэсі	75
этнаграфічнай	75
клімаце	75
зэльвенскі	75
нью-йорк	75
юшчанка	75
зоя	75
характэрных	75
радунь	75
перападрыхтоўкі	75
баўгарскае	75
інтарэс	75
граматычных	75
чалавечы	75
вішнявецкай	75
склікаць	75
тлумачылася	75
стратэгію	75
паводзінамі	75
спалучаюцца	75
фіярэнтына	75
выбітыя	75
рс	75
только	75
подписании	75
сьмяротны	75
лодка	75
оксфардзе	75
эмануэль	75
шт	75
калюмба	75
сёмуха	75
пераходзіла	75
шэлі	75
этнасаў	75
будзь	75
іншамоўных	75
бобі	75
тэлевізійнага	75
унутранае	75
раство	75
тэлесэрыялу	75
мастаку	75
тэст	75
тагор	75
пакістанам	75
дра	75
пэрсыдзкія	75
штучнай	75
паездку	75
ўзнагародаў	75
ізраільскага	75
стара	75
параўн	75
граматыцы	75
слабых	75
маім	75
крайняй	75
мэджык	75
падрабязнасьці	75
гарэлка	75
бабы	75
жамойцкія	75
страціць	75
тлушч	75
заліву	75
чаргуюцца	75
эдгара	75
бракуе	75
гаспадарамі	75
жыльлёва-камунальнай	75
газавай	75
вырошчваецца	75
сядзяць	75
падаваліся	75
цёмная	75
міколам	75
амбасаду	75
аглядзе	75
вымерлыя	75
ірэна	75
скарыстаць	75
вильно	75
адпомсьціць	75
зваць	75
выправе	75
званым	75
прусы	75
штогадовай	75
будуюцца	75
политических	75
балёньня	75
выдаленьне	75
хлопцам	75
ґазэты	75
увайшло	75
радавін	75
часів	75
армэнію	75
плянавалі	75
помсты	75
прымусовыя	75
зрынуты	75
сэксуальная	75
сабраўшы	75
дробнага	75
ланцуга	75
пакрова	75
фанатаў	75
пленум	75
тэнісе	75
катастрофай	75
раварысты	75
герархію	75
развод	75
расарыё	75
мэханічнага	75
грузавікоў	75
банках	75
павялічыліся	75
геранёнскім	75
віктаравіч	75
ўступіць	75
міла	75
рэйк’явік	75
якаўлевіч	75
рэгент	75
ковенскім	75
асі	75
камунікат	75
губерні	75
таблічка	75
здымаў	75
археолягамі	75
бабінец	75
арсэналам	75
адсутнічалі	75
чаканьня	75
сменил	75
радунскі	75
дэндзі	75
прастакутнай	75
гар	75
разрад	75
багажу	75
эльфаў	75
ухваленьне	75
айлэндэрз	75
камітэ	75
анагайм	75
еврейского	75
радзейка	75
трыкутніку	75
эўралігі	75
прыстасавалі	75
мэдыкі	75
веляцін	75
іканастасам	75
гномаў	75
дызі	75
плыўчыхі	75
солдатам	75
парнаграфію	75
забудову	74
слабы	74
хроника	74
валуноў	74
юбілейная	74
другасныя	74
засялілі	74
заваяваўшы	74
кантынэнт	74
разважаньні	74
ніжэйшыя	74
наборам	74
зямлёю	74
кораню	74
ўніяцкага	74
авалодалі	74
ранейшую	74
мухавец	74
сімяона	74
падольлі	74
сказался	74
академией	74
кампэнсацыю	74
зьвязанымі	74
мэталюргічны	74
комиссии	74
задзьвіньне	74
заляў	74
страт	74
знаходак	74
кольца	74
путешествия	74
глуску	74
музыкант	74
прыходзкая	74
вежа-званіца	74
папулярнае	74
летапісны	74
прэстыжных	74
панскі	74
ўзбраеньняў	74
славянамі	74
выжываньне	74
францам	74
эмігравалі	74
кліматычныя	74
сыстэматычна	74
драму	74
андрыёлі	74
рэзананс	74
плянах	74
электрычным	74
рэзалюцыя	74
д’івуар	74
хобіт	74
паняткі	74
пабачылі	74
ідзі	74
альбанскі	74
право	74
гарошка	74
шчыльнасьцю	74
палотны	74
надрукавала	74
завішаў	74
іспыт	74
салістка	74
казімеру	74
заступнік	74
падаўленьня	74
ни	74
пакідалі	74
спадзяваўся	74
аўстрыйцы	74
повести	74
мозаг	74
мэмуарысты	74
нязначныя	74
кода	74
атон	74
парлямэнцкая	74
скалістых	74
цэмэнту	74
сасноўка	74
замосьце	74
надбудовы	74
голь	74
рэпартаж	74
умацаваны	74
высьвячаны	74
гайна	74
дзярнова-падзолістыя	74
сыравіна	74
станкі	74
трыкутнік	74
кароткую	74
паўлюк	74
збыт	74
сёньняшняй	74
ракетны	74
аддаленых	74
народнасьцяў	74
аднолькавы	74
разьмяшчэньні	74
шанцы	74
пэйдж	74
символов	74
саступкі	74
міліцыю	74
пацьверджаньне	74
згаданае	74
праваабарончага	74
вандалаў	74
багданава	74
усталяваньня	74
запісвае	74
зробленае	74
льюіса	74
чо	74
пантыфікату	74
калгасаў	74
мэркель	74
згаджаецца	74
ромэр	74
гаворку	74
высунуў	74
эгіпецкі	74
найвялікшай	74
ўзяцьця	74
ласла	74
зэўса	74
панэлі	74
абнародаваў	74
вылічальнай	74
займеньнікаў	74
рэакцыяў	74
неадназначнасьць	74
просьбы	74
зьведалі	74
прывядзе	74
набывалі	74
памерці	74
імпэрскі	74
адказалі	74
высьвечаны	74
афарбоўкі	74
футра	74
дзіды	74
тэрапіі	74
своего	74
дэлегатам	74
чорт	74
атаман	74
заяўляў	74
учыніў	74
апекай	74
торэс	74
паражэньне	74
размове	74
арганізьме	74
розная	74
геральдыкі	74
вобразам	74
колерах	74
злачынствам	74
дамінавалі	74
сухое	74
мальера	74
жуана	74
гераіні	74
перасялілася	74
бялізны	74
атрыманьнем	74
нант	74
ракетамі	74
апраграмаваньня	74
м-	74
раненьне	74
прэзідэнт	74
камэдыйны	74
зышоў	74
хрыстом	74
пухавічы	74
леніну	74
арэнбурскай	74
кіпрыян	74
сумай	74
суправаджаў	74
крылом	74
беркут	74
мёры	74
сэмінары	74
адзінках	74
апорных	74
злучыла	74
думае	74
анонс	74
артылерыйскія	74
анёлы	74
артэфакты	74
аматарскай	74
мэханізацыі	74
фулгэм	74
кошык	74
слон	74
бмв	74
багацьцяў	74
палёце	74
сэйляр	74
шчаснага	74
размову	74
маскаль	74
наўскі	74
українські	74
тампа	74
именя	74
ср	74
кліпэрз	74
друеўскі	74
сьцен	74
брагінскіх	74
гапаэль	74
навадворскі	74
гуда	74
ювэнтусу	74
иванъ	74
санкцыйныя	74
кузьніца	74
фіцінгофа	74
лошніцы	74
белшынай	74
нфк	74
славгородского	74
ляхоўскі	73
шляхтич	73
месьцічы	73
звания	73
выразная	73
чарнаморскага	73
знос	73
белкамунмаш	73
опэрная	73
здабывалі	73
мэханічныя	73
агульнаадукацыйных	73
ствараўся	73
паўднёва-ўсходні	73
пародамі	73
плотка	73
лешч	73
карась	73
русское	73
адмыслоўцы	73
каледжаў	73
арон	73
мікуліч	73
палескае	73
гаранскі	73
барані	73
рок-гурта	73
зьвязвалі	73
талстога	73
рачныя	73
раў	73
тонкім	73
хаваліся	73
кішынёў	73
назове	73
вырабленая	73
жыльлёвага	73
кіруючы	73
замацавала	73
аказаць	73
умоўна	73
салодкі	73
свэн	73
жлобіне	73
пакаралі	73
абхазія	73
бахрэйн	73
малайзія	73
гэлена	73
шры-ланка	73
грыгорыюс	73
храмах	73
спуску	73
ісламскі	73
веліч	73
прамове	73
бранску	73
размаўляў	73
пасьпяховае	73
піянэраў	73
нэаклясыцызму	73
задзейнічалі	73
студыяй	73
бонда	73
турэц	73
пачаткоўца	73
пастаноўку	73
іўрыту	73
душамі	73
зарабляць	73
жупраны	73
філязофская	73
пасьпела	73
вясковыя	73
фанэтыкі	73
дыялектныя	73
прыхільнасьці	73
ўнесены	73
кроніка	73
лівонскай	73
эстоніяй	73
магнітных	73
каганца	73
супала	73
прароцтва	73
патрыятычнай	73
іванова	73
коньніцы	73
правае	73
сцыпіёна	73
фальклёрных	73
цыгане	73
мунда	73
праведзенае	73
лазар	73
гадзіньнікаў	73
карусь	73
каляда	73
кодаў	73
заканадаўчую	73
мігель	73
утварыўшы	73
іранам	73
беспарадкі	73
стрэлкі	73
мілейчыцы	73
опэрныя	73
тэлескоп	73
кейстутавіча	73
дзіцячую	73
латгаліі	73
сялява	73
цукровых	73
чачэрскі	73
выпускаюцца	73
мясныя	73
падыходы	73
намагаліся	73
вокам	73
фармальнай	73
пазьнейшай	73
папова	73
джонатан	73
зьмяшаных	73
адноснасьці	73
падольскага	73
гмінаў	73
пратаколы	73
адступіў	73
вае	73
куля	73
заявай	73
цна	73
макараў	73
крытыкавалі	73
прыняцьцем	73
цяжкасьцю	73
ходзька	73
хаду	73
ігарам	73
чаплін	73
галяндзкай	73
лямпы	73
эвангельляў	73
асобінаў	73
іштван	73
прамову	73
каваленка	73
рынкавую	73
абяцае	73
увядзеньні	73
багародзіца	73
первый	73
падпольную	73
прыкметамі	73
бэт	73
саксонскі	73
засваеньня	73
папярэдняя	73
клінічная	73
зьмененыя	73
конкурсах	73
котак	73
ўзяты	73
суфіксы	73
множным	73
аддаваць	73
некаторую	73
тэмпы	73
траціна	73
катэгорыях	73
складанага	73
акалічнасьці	73
ягайлу	73
рызыку	73
гвалтам	73
побыце	73
мясам	73
кладуць	73
гатоўнасьці	73
халоднага	73
бутану	73
аднабаковым	73
транспартнае	73
газам	73
аказвала	73
строю	73
була	73
намеру	73
шанцаў	73
некаторага	73
сьвіньні	73
спэцыялістам	73
яленскі	73
фэрмы	73
валынская	73
манархам	73
жывую	73
аэрапортам	73
граматычныя	73
туд	73
аўстра-вугорскай	73
ледавік	73
тычыліся	73
шукаючы	73
бялок	73
российских	73
канэктыкут	73
ісьляндзкай	73
электрамагнітнага	73
зьбіцьцё	73
вузкімі	73
застаўка	73
апублікаваным	73
астравох	73
сацыял-дэмакратаў	73
’моцны	73
дыя	73
алёхны	73
уладаньнем	73
выходныя	73
вучэньнях	73
пэрсанал	73
гамэра	73
карляса	73
апускаецца	73
ўная	73
капітальны	73
шанхаі	73
істотным	73
мураваным	73
палівам	73
каламбус	73
сабак	73
башкартастан	73
незадаволеныя	73
комплексам	73
прадаюцца	73
залік	73
ўласьніка	73
вагона	73
трэнт	73
бізантыйская	73
советского	73
слуп	73
маркетынгу	73
дэйман	73
большой	73
ўзбэкістан	73
якасьцяў	73
падоўжаны	73
метраў	73
караблях	73
наносіць	73
рэклямных	73
надзелы	73
комплексны	73
кыргыстане	73
пошту	73
харкаўскага	73
валейболе	73
сытуацыяў	73
анголы	73
скрынкі	73
падзеям	73
пасяленьні	73
плятформу	73
двох	73
узростаў	73
астэроіды	73
кантэйнэры	73
кармянскім	73
арлоўская	73
кваліфікаваліся	73
прызначанае	73
дабрынёўскі	73
кембрыджы	73
разьмешчанымі	73
баевікоў	73
речицкий	73
-к-	73
гокс	73
стэйт	73
гімнасткі	73
апусьціўся	73
вырабам	73
выязным	73
сборной	73
выніковасьці	73
завішы	73
пасьведчаньняў	73
лядзкі	73
богушевичского	73
рэнэсанс	72
парнасе	72
рэдактарка	72
шасьціразовы	72
прыбыцьцё	72
знутры	72
судах	72
еднасьць	72
шматразова	72
ужывацца	72
азначаецца	72
сымболікай	72
калекцыянэр	72
марзалюк	72
авалодаць	72
южной	72
спыняе	72
штодзённыя	72
ўзьвіжаньня	72
рачной	72
здацца	72
муз	72
пятроў	72
рэальную	72
вынес	72
схавацца	72
пабудовамі	72
барунскі	72
гаспадарчым	72
місіянэрскі	72
адносіўся	72
краўцоў	72
рачнога	72
дуба	72
пісьменьнік-фантаст	72
фармуюцца	72
маральныя	72
выклікаўся	72
раманоўскі	72
сталінскай	72
стыпэндыі	72
дан	72
прысуджаецца	72
ізатопаў	72
даказаў	72
тынта	72
прысьвечаным	72
малюнкамі	72
панамы	72
сухія	72
нараджаецца	72
маладое	72
сюжэтаў	72
артаграфія	72
прадэманстраваў	72
александрыйскі	72
выявіліся	72
кт	72
продак	72
склонах	72
другому	72
быцьцё	72
князей	72
паслужыў	72
вышук	72
будучая	72
рэчцы	72
вёрстаў	72
альбанская	72
нейкая	72
аўстра-вугоршчыне	72
энрыка	72
складанку	72
ўсталёўкі	72
эканомікай	72
скарочаная	72
грамадзянскім	72
аглямэрацыя	72
уведзеная	72
виктор	72
пратаколаў	72
альбэр	72
сэйму	72
гульнёвага	72
елка	72
стравінскі	72
філію	72
маголаў	72
бухты	72
графу	72
расьсьледаваньні	72
датэрміновых	72
паплаўскі	72
нэўтрына	72
бабілён	72
палажэньняў	72
даўняй	72
матывамі	72
нэапалі	72
рыкарда	72
лэйблам	72
расстраляных	72
пракурорам	72
яўгенам	72
віталі	72
паварот	72
закрыцьці	72
выхаваньні	72
аказваюць	72
лібане	72
вясковага	72
камандны	72
пэр-ляшэз	72
апынуўшыся	72
энэргетык	72
ўтвораныя	72
саўндтрэк	72
таджыкістане	72
дзмітрый	72
бачаньня	72
зьбірацца	72
бах	72
панесьлі	72
прыднястроўя	72
рагуля	72
родзька	72
мадэрнізму	72
паклаўшы	72
захворваньне	72
скульптуру	72
мифы	72
ператварыць	72
рэчывамі	72
езьдзіць	72
кітайскую	72
дахаты	72
электрастанцыяў	72
ірана	72
трывалай	72
народнымі	72
закладзеныя	72
арыгінальным	72
адаптацыі	72
маштаб	72
парода	72
выраблялася	72
штодзённае	72
здрады	72
абавязковы	72
строгі	72
вялікадня	72
торт	72
дыпляматычную	72
хаўрусьнікам	72
фбр	72
дробны	72
трокаў	72
беспрацоўе	72
сьвяткуецца	72
бытавога	72
тэрытарыяльны	72
нарвэскага	72
самка	72
падвяргаўся	72
філіпам	72
далёкасьць	72
маціцы	72
вярталіся	72
датаваная	72
прыродай	72
глебазнаўства	72
аўтаматаў	72
аса	72
жалігоўскага	72
паўднёва-ўсходняя	72
бачным	72
джэймзам	72
он-лайн	72
павысіць	72
квадратныя	72
эмблемы	72
пано	72
балеслаў	72
тэнісісты	72
пярэспа	72
павязаныя	72
наступленьня	72
расло	72
послание	72
сяліцца	72
віцень	72
гарады-пабрацімы	72
чартах	72
верны	72
нармандыя	72
ангельшчынай	72
крадзеж	72
штуршком	72
захаваўшы	72
малітву	72
славоніі	72
пэрэс	72
ветрам	72
происхождение	72
вікімэдыя	72
спэцыяльнае	72
мэрк’юры	72
царкоўнапрыходзкая	72
сьпераду	72
сцэнаў	72
гватэмалы	72
аляксандраўна	72
дырэктароў	72
абараняючы	72
руднянскі	72
снід	72
каханьнем	72
чарговыя	72
структурных	72
-даў	72
’годна’	72
’здольны	72
марфэмаў	72
сістэмы	72
кальяры	72
герд	72
гётэборг	72
здабывае	72
бактэрыяў	72
палягала	72
мікрабіялёгіі	72
іп	72
прыналежыць	72
дасталіся	72
кром	72
ара	72
бэльгійскім	72
ліндэман	72
пагоркаў	72
крытэр	72
вонкавае	72
кіраўскі	72
путчынскі	72
станькаўскі	72
войскім	72
баравая	72
зьняла	72
купалы-цыбуліны	72
юрій	72
дакс	72
башкартастане	72
крывое	72
гіганцкім	72
радашкавіцкага	72
даўгінаў	72
воспоминания	72
кінаактораў	72
рудабельскага	72
сапоцкінскага	72
чоловековъ	72
бояре	72
закрысьціямі	72
распалубкамі	72
цэц-	72
шацкага	72
дыстанцыях	72
грузападымальнасьцю	72
бродецкого	72
высокогорского	72
каменноборского	72
ляжинского	72
якшицкого	72
капланецкого	72
погостского	72
поплавского	72
селибского	72
ушанского	72
сучасної	72
похилевич	72
точка-на-карте	72
скоталожніцтва	72
чоловекъ	72
публічная	71
часовую	71
горцы	71
грамадзка-палітычнага	71
сямейнае	71
ўражаньні	71
камуністычным	71
рэканструяваны	71
кузьміч	71
чарняўская	71
падавалі	71
магілёўскія	71
сустракацца	71
сдюшар-	71
сдюшар	71
даслед	71
ператварэньня	71
перавёў	71
нашэсьця	71
нізкую	71
падпарадкоўвалася	71
ідышы	71
падпольныя	71
падпарадкоўваўся	71
распачаліся	71
атачае	71
самадзейнасьці	71
мечнік	71
сапраўднымі	71
рэдкай	71
зааршыньне	71
стрыйкоўскага	71
адваката	71
унутраным	71
тракту	71
заляй	71
біятляністка	71
разгарнулася	71
альпах	71
кіроўнай	71
адлюстраваў	71
камэдыю	71
адмоўныя	71
прах	71
аўт	71
армій	71
крамбамбуля	71
падраён	71
ангола	71
дапаможа	71
абгрунтаваньне	71
гюнтэр	71
паўстанец	71
уварваньня	71
уяўленьняў	71
аляксееў	71
суайчыньнікаў	71
вобласьцях	71
перамены	71
пазнаёміліся	71
ацаніць	71
панчанка	71
монтэ-касына	71
канапацкі	71
лінгвістычная	71
самасьвядомасьць	71
дудка	71
аўтару	71
тыповым	71
выконваліся	71
напрацягу	71
першапачатковую	71
навукова	71
экзамэны	71
пагоршылася	71
гімнаў	71
павагу	71
індывідуальнага	71
друці	71
кітайцы	71
каспар	71
урыўкі	71
пісьменнік	71
фі	71
праектамі	71
гукавы	71
выканаўчую	71
юра	71
каляровай	71
вясковы	71
спадарожнікам	71
лічбу	71
злучыў	71
дарожны	71
свята	71
скандынаўскія	71
вакна	71
мыла	71
вільготным	71
элен	71
пастаўскі	71
тэрасы	71
д-р	71
мужыкі	71
новое	71
забойца	71
раманавіч	71
адкрывае	71
дрыбінскага	71
навукаў	71
тыповая	71
ядраў	71
злучана	71
набліжэньне	71
бераставіцы	71
уяўляюць	71
датычныя	71
пластоў	71
перажывае	71
халоднае	71
неабходнасьцю	71
хмары	71
найлепш	71
краінам	71
цікавіць	71
бясконца	71
валовічаў	71
чарговую	71
пераможаны	71
паок	71
стадыёна	71
паводак	71
футбо	71
страйку	71
міля	71
морган	71
чыноўніка	71
канцэнтрацыйны	71
як-	71
нью-ёрскай	71
чужых	71
лічэбнікі	71
апісаная	71
ўчынкі	71
творцы	71
табу	71
ўключаць	71
працяглыя	71
дзіўныя	71
амністыя	71
шчасьлівы	71
уга	71
гукавыя	71
харків	71
бэтыс	71
карпаў	71
андрэас	71
прадусара	71
чатырнаццаць	71
дапаўненьне	71
зьмяншаецца	71
надзейнасьці	71
карпатах	71
сёмай	71
забараняецца	71
спакой	71
флорыды	71
пятую	71
распараджэньня	71
алана	71
васалам	71
удзельніка	71
амінакісьляў	71
чужыя	71
даўшы	71
мабілізацыя	71
рэчаіснасьць	71
проект	71
котка	71
заключыла	71
абодвума	71
рэчывам	71
нарвід	71
структурах	71
нового	71
ўсяму	71
тонкі	71
сьледзтвам	71
датаванай	71
адноўленым	71
рэстаранаў	71
уварваўся	71
мірскага	71
кваліфікавацца	71
экстрэмісцкім	71
забараніць	71
наведвальнасьці	71
дывізіёнах	71
набралі	71
папскім	71
максымальны	71
прыпыніць	71
сьцьвярджэньні	71
па-гішпанску	71
сэзар	71
альбанскай	71
пэдагагічную	71
бронзавых	71
вылучана	71
місіс	71
плоцевыя	71
люба	71
прададзеныя	71
чаркасы	71
сьвятаполка	71
гуртам	71
тэлесэрыяле	71
магістрам	71
перасячэньня	71
кашмір	71
прысудзіў	71
аздабленьня	71
зьмяя	71
іхнымі	71
яркі	71
кій	71
байрана	71
рагачова	71
рагачове	71
зьвярнуць	71
дыскваліфікаваны	71
парослыя	71
глыбінях	71
шанаваньне	71
баламі	71
пераконвае	71
ушачаў	71
папярэджвае	71
нілу	71
калябарантаў	71
батумі	71
ветракі	71
ручаі	71
быть	71
былому	71
альшанка	71
вашку	71
дагестан	71
увесьці	71
ком	71
сэнатара	71
рудні	71
снб	71
саратаўскай	71
банды	71
хоцімск	71
лайтнінг	71
кажушкі	71
юго-западном	71
шацкі	71
курганскай	71
пачата	71
крышталі	71
мэханічная	71
лінейных	71
вадаёма	71
лынтупскага	71
зьнята	71
олег	71
гарматай	71
вішнева	71
зодчество	71
краснаярскага	71
жылінскага	71
таварыскага	71
киевской	71
адр	71
ютубе	71
гудагайскага	71
астрынскі	71
прадмесьцяў	70
старажытнасьць	70
іпацьеўскім	70
магістрату	70
юраўская	70
ўшчэнт	70
трансьляцыі	70
мінская	70
мяст	70
вывучаецца	70
узьнікненьнем	70
развалу	70
канкрэтнай	70
улучаючы	70
прызнаваць	70
няправільна	70
кіеўскіх	70
ляшчынскі	70
імперыі	70
ўмерана	70
маркевіч	70
творцаў	70
хк	70
рослаў	70
вольф	70
ўтварыла	70
фэўдалаў	70
люду	70
церазь	70
ўнікальныя	70
своеасаблівай	70
аўтобусныя	70
падземны	70
новаўтворанага	70
навокал	70
перадавалі	70
рок-гурту	70
заезны	70
пашырыліся	70
літвіны	70
калёну	70
районный	70
легендзе	70
жалезабэтонных	70
станькаў	70
галіцка-валынскага	70
аўстрыйскае	70
дэпрэсія	70
дакументы	70
эдыкт	70
цяга	70
грамадзкасьцю	70
крык	70
парадоксы	70
дэпартацыя	70
консул	70
кіеўскаму	70
заслаўскі	70
емэн	70
тога	70
сьміта	70
нацызму	70
паўторнае	70
энэргаблёку	70
відэагульні	70
істотнае	70
верыў	70
слуцкія	70
падштурхнула	70
народного	70
публікаваўся	70
прыкметай	70
сяброўскія	70
экзарх	70
нанесла	70
бясплатны	70
замежжы	70
заняткам	70
друкавалі	70
кругу	70
коп	70
валадара	70
матэматычны	70
-мін-	70
’менаваць	70
любіць’	70
камарова	70
капа	70
стандартным	70
баўгарыяй	70
рому	70
заможным	70
альбін	70
зьменнай	70
пачуў	70
суседні	70
жыгімонту	70
ранейшае	70
зьліваецца	70
гарбата	70
далоні	70
адданасьць	70
рэйд	70
канчатковую	70
сбм	70
шляхціца	70
наўмыснае	70
янішчыц	70
сацыялізм	70
даведка	70
зьняцьця	70
ўны	70
фізычнымі	70
анлайн	70
заметки	70
гаспадарства	70
вэ	70
казанскі	70
працэсамі	70
даччыных	70
лясным	70
выяўленых	70
валют	70
багдад	70
выніковае	70
-бду	70
падняўся	70
ралян	70
любляна	70
біяхіміі	70
каваль	70
тэарэтычныя	70
паліцыянт	70
раны	70
ўзводзіць	70
хрыстовага	70
зерня	70
нерэгулярна	70
прэзэнтаваны	70
гомасэксуальнасьць	70
каза	70
узору	70
спадзеючыся	70
кёльне	70
відавочным	70
аддзяляецца	70
звычайную	70
водар	70
прыпадаюць	70
штогадовых	70
мацерыка	70
спрэчку	70
тэхасе	70
штотыдзень	70
картку	70
ніжняе	70
нараджальнасьці	70
спадзістыя	70
пасьвечаны	70
паліцэйскія	70
мясцоваму	70
пагражаў	70
паўторнага	70
пыл	70
баяцца	70
няроўнасьці	70
арэнда	70
тэрарызм	70
кіруюцца	70
вірусаў	70
даўмонта	70
пратэктаратам	70
михаила	70
адзеньнем	70
мядзьведзя	70
чэскае	70
шаўлі	70
ровараў	70
ўтрымліваецца	70
кіслароду	70
палямі	70
суадносінах	70
галовы	70
мікалаева	70
вузкі	70
сток	70
дрозд	70
клюбным	70
аматарскім	70
газдава	70
аўтаномную	70
электра	70
знтш	70
фінскім	70
плянавала	70
імпульс	70
цацак	70
слых	70
фінішаваўшы	70
характэрнае	70
ледавікі	70
падданыя	70
восьмым	70
тахарскіх	70
алену	70
клімэнта	70
падлогі	70
водгукаў	70
каляніяльны	70
выпісу	70
валадараньня	70
астроўна	70
прыгарады	70
ізабэлы	70
самакіраваньні	70
васільеў	70
паніжэньня	70
попытам	70
палескім	70
сэны	70
франкфурт-на-майне	70
жытомір	70
страляць	70
матэйкі	70
геранёны	70
адвакатаў	70
трываласьці	70
мінуў	70
парыжа	70
сёлета	70
дынараў	70
герадота	70
косаўскага	70
раналду	70
іслаччу	70
інтэр’ераў	70
сабакаў	70
зы	70
эфэктаў	70
выніковая	70
закліку	70
камэруну	70
аз	70
багаслоўе	70
бразыльскай	70
прызначаў	70
дэманаў	70
кіева-пячэрскай	70
нэптуна	70
карыят	70
лічы	70
аднапавярховы	70
скаўцкі	70
видавництво	70
кузьмічы	70
дублюючы	70
плоцкага	70
каётыз	70
чаргаваў	70
пцічы	70
вішнёўка	70
платнае	70
-ярусны	70
барабанам	70
норыдж	70
хутару	70
цалі	70
трабскай	70
волостей	70
мікашэвіцкага	70
сілавікоў	70
пружане	70
миколаи	70
пагалоўна	70
эбрр	70
прыцэл	70
мэрта	70
аек	70
джамбары	70
бэнэдыктынак	69
герасімовіч	69
спэцыяльнасьцяў	69
хуткая	69
сквэры	69
паляваньні	69
глябальнае	69
скіраваныя	69
купляць	69
назовы	69
сапегам	69
гарадзенскіх	69
зак	69
адносная	69
шапэна	69
галаўная	69
балтыйская	69
згарэлі	69
вэтэрынарнай	69
дамініканскага	69
электронную	69
шагала	69
шкляная	69
мсьціслава	69
малітоўных	69
святого	69
магутная	69
натуральная	69
лінгвіста-германіста	69
готыка	69
ўладара	69
тураве	69
банкаўская	69
даніяй	69
танкам	69
нэўтральнай	69
турыстычнай	69
адмове	69
гатаваньня	69
сталіну	69
шаранговіч	69
арсеньнева	69
звольніўся	69
заслаўі	69
улучылі	69
міны	69
барысевіч	69
гіпотэзаў	69
філязофіяй	69
спалучаецца	69
рэдакцыях	69
летапісных	69
прысвоены	69
шын	69
зносу	69
паўстанне	69
спэцыфічныя	69
падводная	69
блякаду	69
шыман	69
міцкевічам	69
выказвалі	69
казімеж	69
забруджаных	69
паўраспаду	69
кінулі	69
вершаваныя	69
ратуючыся	69
закаханы	69
гайнрых	69
цытата	69
зьнесены	69
эрыксан	69
ураднік	69
іранскі	69
віслоцкі	69
выдадзенага	69
маштабах	69
языком	69
практычнага	69
-мен-	69
аба	69
валютны	69
юльяна	69
дис	69
бак	69
актывістка	69
гандляр	69
скасаванае	69
завулку	69
перажылі	69
брамамі	69
фэадалаў	69
неафіцыйная	69
гадаваўся	69
прыбраць	69
парныя	69
застаўшыся	69
ўладкаваньня	69
амсьціслаўскае	69
выведзеныя	69
ўсеагульнай	69
дэніс	69
навучаюцца	69
энрыке	69
сака	69
анархісты	69
жукава	69
шторок	69
чымся	69
амбасадзе	69
музыкамі	69
дзьмітрыем	69
слабодкаўскі	69
выкладнікаў	69
лінгвістыкі	69
саслоўя	69
разанаў	69
швэдзкую	69
абавязкам	69
паўночна-ўсходняга	69
пахавана	69
ліхаманкі	69
дзядуля	69
патрыятычных	69
загадала	69
грамадзкасьць	69
жертв	69
жорсткая	69
катары	69
тренером	69
клуба	69
перамогамі	69
гарадзею	69
адкліканы	69
адводу	69
стрыечным	69
трактары	69
троцкае	69
консула	69
агенцыі	69
шон	69
кропку	69
ўплывы	69
інтэл	69
дакладную	69
геаграфію	69
стралкоў	69
дысыдэнты	69
тэматыцы	69
выкуп	69
эліза	69
дужках	69
дка	69
выглядала	69
дзя	69
фэстывалях	69
прафэсійна	69
дастасунак	69
прапанаваць	69
садзейнічаньня	69
канстанці	69
асновамі	69
нейкае	69
пераўтварыўся	69
рэгістру	69
прывітаньне	69
ўключна	69
рыбай	69
аб’яднанымі	69
рызыкай	69
пажыцьцёва	69
ўважаюцца	69
сша	69
культурах	69
прасілі	69
ства	69
бальшыня	69
вугляводаў	69
маладую	69
алень	69
палявой	69
дваранскага	69
лягероў	69
сачыць	69
поглядах	69
датычных	69
званьняў	69
выміраньня	69
малекул	69
латыскіх	69
вылет	69
выслаў	69
выставіць	69
варожыя	69
зьяўленьні	69
нэгатыўна	69
чавускі	69
ліній	69
сэрвісу	69
ўчастка	69
упаўнаважаны	69
муроўкі	69
атачаюць	69
падтрыманы	69
крывы	69
поўдню	69
грызуны	69
рэжысуру	69
юркенас	69
трамваяў	69
тапонімаў	69
зализняк	69
забава	69
адмена	69
ўмяшаньня	69
аўтаномным	69
пазбавіла	69
належылі	69
мерах	69
выкладнікам	69
біржаў	69
яраш	69
чакаючы	69
нанясеньня	69
элеанора	69
ор	69
джаму	69
пяціразовы	69
навыкаў	69
энцыкляпэдычны	69
валынцы	69
статьи	69
кірмашу	69
ручаёў	69
меркавалі	69
жылым	69
лісабон	69
трыбуналам	69
фэдэральную	69
кантакту	69
дабіўся	69
навошта	69
арганізаванага	69
дзірак	69
зьменена	69
днр	69
конскіх	69
экскурсіі	69
гнязда	69
таварышам	69
левандоўскі	69
акуляры	69
скідзель	69
рны	69
драпежныя	69
блакітнай	69
замбіі	69
сялом	69
прыцягваць	69
крымінальным	69
высадкі	69
віруса	69
антонаўка	69
таямніцаў	69
руднянскага	69
боства	69
мясцовасьцю	69
сааўтарстве	69
аркавых	69
канструктараў	69
гімнасты	69
баявую	69
сьмілавіцкага	69
українських	69
нотынггэм	69
чацьверыку	69
якимович	69
перадачамі	69
салжаніцына	69
ліман	69
размешчаных	69
даўгінаўскі	69
азначнік	69
селений	69
вороновского	69
миколай	69
дыямэнтавай	69
більба	69
кімунд	69
расейскамоўных	68
супраціўнікаў	68
ўзарвалі	68
волат	68
пл	68
гарвыканкам	68
аспэктаў	68
адзначыўшы	68
інфляцыі	68
уніяцкі	68
рыбная	68
адступленьні	68
задні	68
каро	68
шматгадовы	68
шагал	68
амфітэатар	68
матэрыяльная	68
набліжэньня	68
танкавых	68
яцкевіч	68
надавалі	68
карэ	68
кальвінізму	68
адшукаць	68
езуітам	68
канф	68
аграрная	68
вакзальная	68
нядаўняга	68
разьбіла	68
гайдукевіч	68
фэрэнц	68
вершу	68
героямі	68
гпу	68
непрацяглы	68
партрэтам	68
вітушка	68
грунвальдзкая	68
падзякі	68
макей	68
расьціслава	68
расейскамоўны	68
кінэматаграфістаў	68
падатковы	68
зваліся	68
камэрун	68
ангельцамі	68
ўінстан	68
рыская	68
лінгвістыцы	68
сэктарам	68
имена	68
аўтарскім	68
захадах	68
незвычайныя	68
шк	68
чайкоўскага	68
акінчыц	68
сьлёзы	68
кепска	68
фальклёрныя	68
трымаюцца	68
сяброўстве	68
абат	68
вызваляе	68
доўгу	68
вязьніцу	68
выразнай	68
пашыраць	68
абоз	68
тронка	68
лінейная	68
’памяць’	68
катажына	68
загрузкі	68
вузкіх	68
рэгулюецца	68
фізыку	68
тэхналягічным	68
бальшавіцкі	68
марыў	68
валовіча	68
харчовы	68
адбілі	68
аднога	68
рэштак	68
ледавіковага	68
нафтаперапрацоўчы	68
браслаўскія	68
адгалінаваньне	68
тарнада	68
тэлеканалаў	68
масіваў	68
пазначэньні	68
кубу	68
кузьняцоў	68
намесьніца	68
сіняй	68
пасьпявае	68
гэ	68
зваротнай	68
мікалаеўскі	68
официальных	68
скіраваны	68
вёрст	68
мяккім	68
будаваў	68
фізычную	68
расстрэлаў	68
пацьверджаньня	68
минских	68
атамы	68
усеагульнай	68
місіяй	68
ўласьцівасьць	68
сынковічы	68
акцэнтам	68
італьянцаў	68
павярнуўся	68
выратавала	68
галам	68
крук	68
гарадзкімі	68
правалу	68
вяртанне	68
рэвалюцыяй	68
лёндана	68
чачэнская	68
сьвяткавалі	68
маравія	68
гукавых	68
этымалягічнага	68
эмір	68
раўнамерна	68
фантастычных	68
адметных	68
арыгінальную	68
каталіцтве	68
джазу	68
чыталі	68
словаўтварэньне	68
пераўтвараецца	68
хімікі	68
ўручаецца	68
фэномэн	68
размаўляла	68
намесьнікамі	68
лексэмаў	68
адсутнічала	68
прыстасаваньне	68
были	68
малаком	68
пітной	68
уваходу	68
каштуе	68
шыротах	68
шкілет	68
прынятым	68
рабы	68
расавай	68
нізкімі	68
энэргетычнага	68
сініх	68
сувязямі	68
вопратка	68
супярэчнасьцяў	68
прыбывае	68
барбарай	68
санкт-пецярбурскай	68
паўстання	68
шэф	68
француз	68
баранцэвіч	68
віетнамскай	68
захоўваючы	68
цынку	68
падкрэсьліваецца	68
вік	68
прымусовай	68
анатоміі	68
адноснай	68
шалкевіч	68
рыцарства	68
мэханічнай	68
гарадніца	68
лянгабардаў	68
бразылію	68
бучинський	68
причинків	68
свитригайла	68
курыі	68
кампіляцыі	68
атрымаюць	68
мужчы	68
аніколі	68
супрацьстаяньні	68
вільгаці	68
шырынёю	68
сяліліся	68
расейска-чачэнскай	68
рэкляма	68
перакладчыцы	68
фракцыя	68
выцягнуты	68
клапаціцца	68
лёсы	68
астатняга	68
грозным	68
коста-рыкі	68
суправаджэньня	68
інтэрнэт-партал	68
калектывам	68
сацыялістычныя	68
мяняліся	68
сьцьвердзілі	68
пяцёра	68
видання	68
адступаць	68
леві	68
пятровічы	68
невыкананьне	68
выключыць	68
падпіскі	68
астроскіх	68
кальмар	68
электраэнэргію	68
сачыненьні	68
адэсы	68
драматычнай	68
памежным	68
ўезьдзе	68
дамінуюць	68
смальяны	68
гановэр	68
зон	68
пракату	68
гала	68
патрыятызму	68
пасьвячэньне	68
чайкі	68
кантэйнэраў	68
заплянаваныя	68
прасп	68
роўную	68
школьніцтва	68
каналах	68
абсягам	68
крыгалом	68
бая	68
супрацоўнічалі	68
ветка	68
прыналежаў	68
ўваходы	68
рушчыца	68
прастакутнага	68
прававога	68
кодань	68
-ейка	68
-іка	68
ракіцкага	68
грэскага	68
канфэрэнцыях	68
парэцкага	68
мажэйкаўскі	68
канецпольскага	68
запаленьня	68
юравіцкай	68
краток	68
беларусьфільму	68
астрынскага	68
иностранных	68
палякі-каталікі	68
ліхач	68
хакеісткі	68
менгін	68
’пачатак’	68
выборах	68
выразныя	67
сказал	67
філярмонія	67
тралейбусаў	67
адрэзак	67
летняй	67
глінка	67
мітрафан	67
бон	67
ядвігі	67
иванов	67
аўтавакзал	67
богаяўленскі	67
хроніках	67
гімнастыка	67
выправу	67
наши	67
которые	67
шкляны	67
казацкі	67
шыла	67
кобрыню	67
чынш	67
яловыя	67
магістрат	67
кантралявалі	67
ўнесеныя	67
аддзяленьнем	67
малюнках	67
зьвяртаюцца	67
клясыфікацыяй	67
саюзная	67
грама	67
жазэф	67
таемнай	67
германскую	67
паліцэйскіх	67
цукеркі	67
якубам	67
купалаўскія	67
вярба	67
прыцягнуты	67
акадэмікам	67
ператрус	67
аб’яднала	67
запаведнікі	67
будаўніцтву	67
міжнар	67
зьмітрок	67
байкот	67
ўзбуйненьне	67
практычных	67
буда-кашалёўскі	67
нігер	67
айцом	67
вопратцы	67
сьвяшчэннай	67
кеплер	67
рафаэля	67
мэтодыкі	67
выдача	67
мэмфіс	67
эпох	67
дробная	67
картэр	67
царскіх	67
паветрам	67
урану	67
бліжэйшыя	67
падвяргаліся	67
яраслаўль	67
чужой	67
меня	67
столі	67
напісанага	67
грала	67
спалучаў	67
сабалеўскі	67
падпісаныя	67
тавар	67
першаю	67
нацыяналістычнай	67
муха	67
паказальнік	67
назоўным	67
думаў	67
длугаш	67
мінімальны	67
выхаванцаў	67
яскравым	67
ўспрыманьне	67
бібліятэках	67
маральнага	67
алімпіяда	67
найвялікшая	67
гальмін	67
сталасьці	67
юліян	67
камэндантам	67
турэцкае	67
незаконнае	67
задаволіць	67
устаноўкі	67
носьбіт	67
недаверу	67
спэцыі	67
сьвяткуюць	67
дубліне	67
вялікалітоўскі	67
парыская	67
ўступленьне	67
арабамі	67
юго	67
суправаджэньне	67
мусульманамі	67
княская	67
перакласьці	67
узбраеньняў	67
інструмэнта	67
дапушчаны	67
царскімі	67
парафіянаў	67
клайпеда	67
утрыманьня	67
праваруч	67
шкляныя	67
будуе	67
цімкавічы	67
агітацыю	67
пп	67
шапэн	67
высокаўскі	67
збожжавых	67
густы	67
мінімальнай	67
ляжала	67
рушыць	67
беларусістыкі	67
буднага	67
нябёсаў	67
чыжы	67
збліжэньне	67
геральдических	67
сямейным	67
сьведчылі	67
ведама	67
тэрмінова	67
мтз-ріпа	67
рэгулярнай	67
старту	67
саід	67
піневіч	67
музыкам	67
квадратная	67
торы	67
этнасы	67
оксфард	67
курляндыя	67
ўмову	67
настаўніцкія	67
валіі	67
забірае	67
портсмут	67
акадэмічная	67
бірыла	67
пасьлядоўнікі	67
ўзрастае	67
строгай	67
здараецца	67
саліст	67
акупацыйнымі	67
выбітнага	67
азіяцкіх	67
сандра	67
эгу	67
даступных	67
якуцку	67
запазычаны	67
лёгкім	67
прынесьці	67
ядзерныя	67
клеткі	67
супрацьпастаўленьне	67
трапляецца	67
падняў	67
лоўчы	67
бліны	67
капуста	67
узмацненьне	67
гневу	67
плямамі	67
верныя	67
злучаная	67
гага	67
аўдыторыю	67
крывёю	67
ўбачылі	67
ўпадзеньні	67
севярын	67
яблык	67
капітулы	67
чыстых	67
дасьць	67
дадаліся	67
пешшу	67
мураўёва	67
здушэньне	67
масковія	67
пэн-цэнтар	67
дадзенымі	67
малекулярнай	67
экалягічныя	67
заваяваныя	67
адмысловымі	67
векам	67
малдавіі	67
разьвяліся	67
гравітацыі	67
трывалага	67
паралельных	67
остготаў	67
міжземнаморскі	67
-мі	67
самаход	67
ўлучаныя	67
тэнісісткі	67
кармэн	67
кантраляваў	67
ізраільскай	67
грызуноў	67
спраектаваў	67
чэрап	67
ватыкане	67
дасьледчых	67
букавіны	67
меч’	67
малітваў	67
кіроўцаў	67
аточаны	67
атп	67
кронікі	67
намібіі	67
зьвяржэньня	67
бат	67
ўклады	67
будоўля	67
камбінаце	67
абрамс	67
екацярынбург	67
тэрарысты	67
гербоўнік	67
смалявічаў	67
коледжы	67
чынгісхана	67
выведку	67
земскім	67
накіравалася	67
награждении	67
засьценкі	67
навікі	67
цэнтральнабярэзінскай	67
утрымліваць	67
ўцякае	67
паплавы	67
кроплі	67
шыны	67
мэксыканскія	67
горнымі	67
заграбе	67
мытаў	67
груд	67
танкавы	67
прасьв	67
плястыку	67
выбіла	67
улучыўшы	67
ахемэнідаў	67
цёмнай	67
порту-алегры	67
тара	67
юнацкім	67
мошчаў	67
аркамі	67
настаяцелем	67
гармоны	67
нэтс	67
’’	67
атакаваў	67
говін	67
хакейныя	67
экіпажа	67
гос	67
саўгут	67
асадных	67
національний	67
задыяку	67
бялова	67
парафіянамі	67
вядоўцы	67
паўцыркульнымі	67
сытхаў	67
батальёнам	67
авіяцыйнага	67
ольга	67
янушкавіцкі	67
ільлянскага	67
пагосцкага	67
жодзішкаўскі	67
мэтрапалітэны	67
-гін-	67
-ген-	67
-кін-	67
джокавіч	67
твори	67
гарадскога	66
сьвятаслава	66
отец	66
гаспадару	66
паштовага	66
траецкае	66
гістарычна-культурнай	66
умацаваньні	66
разнастайная	66
трактарны	66
экспрэс	66
ваяр	66
лакотка	66
каралеўствы	66
стратэгічныя	66
беднасьць	66
засядаў	66
аляксандраў	66
базылянская	66
рэпэртуары	66
стражнік	66
чыноўнік	66
магілёву	66
губернские	66
бамбаваньня	66
здабываецца	66
плоскай	66
дажджы	66
асобін	66
публіцыстычныя	66
дзьвіне	66
тула	66
бароўскі	66
зьмяшчалася	66
аптэкі	66
кельцкага	66
кельцкае	66
кобрынскай	66
трымала	66
техника	66
астоя	66
знаходзілі	66
мэнэджмэнту	66
княскай	66
лютэранскія	66
рынкавых	66
крыжовыя	66
нэўтралітэт	66
германіі	66
сувэрэннай	66
ператварыліся	66
эпархіі	66
кургане	66
трагічна	66
завадзкі	66
штучная	66
валошын	66
лічбавым	66
выконвалася	66
праграмным	66
пісьменьніку	66
рагнеды	66
глен	66
стрэлцы	66
спарадзіла	66
ванкувэры	66
крамля	66
рэвалюцыянэраў	66
успамінах	66
партугалію	66
кавалеўскі	66
радыяактыўных	66
выбухаў	66
пляма	66
кліч	66
лёсе	66
лірычныя	66
она	66
хорам	66
таледа	66
хмара	66
канатоп	66
лексычных	66
найбліжэйшыя	66
спасылак	66
друкаванай	66
матэрыяльнае	66
бабіч	66
адказваць	66
тэкстамі	66
адчыніла	66
вылучаная	66
карэлы	66
выдзяляецца	66
літаратурнымі	66
тройкі	66
тэставаньня	66
бягучы	66
каштоўнай	66
гале	66
наталі	66
фірмаў	66
выкуплены	66
пісьмовым	66
авіяцыйных	66
зьмітром	66
гусьлі	66
ператвораная	66
ўзвышэньня	66
жодзіне	66
пасевы	66
беліцкі	66
лідар	66
мядзелу	66
раўнадзенства	66
актавіяна	66
сынонімам	66
адноўленае	66
рэсурсу	66
ўключэньне	66
лок	66
кармавыя	66
загадалі	66
зыходзіць	66
затрымкі	66
інтэграцыя	66
нормамі	66
крыніцаю	66
запрасіла	66
этнічнае	66
дачкою	66
арабскую	66
культурнымі	66
грахоў	66
габрэям	66
разьвіў	66
галечы	66
абсалютны	66
шылавічы	66
паводзінах	66
спартака	66
прагуляла	66
тройку	66
дзялянку	66
пасярэдніцтве	66
здабываць	66
інтэрвэнцыі	66
рамантычнага	66
запісваецца	66
рамантычны	66
пярсьцёнка	66
вэргіліюса	66
трохгадовую	66
пачуўшы	66
матчынай	66
сотню	66
лошыца	66
вяртаньнем	66
гарбачова	66
макарава	66
станісла	66
ваўкі	66
глядзіць	66
вернецца	66
маленькага	66
фінскіх	66
вяршыняў	66
спаць	66
вечна	66
прыгожыя	66
аўтаматычнага	66
асьвятляла	66
пакараць	66
здабытак	66
вікенці	66
набраць	66
лермантава	66
іранскіх	66
покер	66
нарвэскім	66
кандыдатуры	66
нацый	66
цудам	66
спрэчных	66
сьцьвярджала	66
імкненьні	66
захоўвацца	66
тлумачацца	66
шыя	66
адлюстраваньнем	66
падзеньнем	66
ўласьціва	66
фіна-вугорскіх	66
клімовіч	66
гудагай	66
буракі	66
вольнасьці	66
расьлінных	66
дубу	66
сківіцы	66
пралягае	66
сеньненскі	66
сэпаратыстаў	66
дамоўленасьць	66
вучонага	66
выкладаецца	66
землеўладальнікаў	66
мытных	66
хлебам	66
шакаляд	66
мовазнаўцаў	66
швайцарскіх	66
складаючы	66
вусны	66
затрыманьні	66
хаўстовіч	66
акулы	66
кансультантам	66
функцыянаваньне	66
спрэчныя	66
савецкаму	66
маіх	66
латыскія	66
крэмль	66
мітраполію	66
тамтэйшых	66
бунту	66
фантазіі	66
беларуска-летувіскай	66
актуальныя	66
кансысторыі	66
гучала	66
нямецкаму	66
станцый	66
мабільнага	66
бакс	66
масавымі	66
дэкана	66
себеж	66
мучаніка	66
узмацненьня	66
российский	66
каралеўстваў	66
футбола	66
сканчваецца	66
дробным	66
абвешчанай	66
пабудавала	66
смутку	66
старажытнагрэцкага	66
узброенымі	66
самарскай	66
суфікс-пашыральнік	66
бюджэтаў	66
казармы	66
валютаў	66
прадстаўніцтваў	66
выбіраўся	66
камунальных	66
ніжэйшай	66
дварэцкі	66
норы	66
настойваў	66
кіляграмаў	66
армянскіх	66
парай	66
сэнатарам	66
практыкаваньні	66
войскага	66
вярэнаў	66
рэсп	66
адрамантавалі	66
кольцаў	66
генэратар	66
сакрэт	66
прытомнасьць	66
нові	66
мёртвага	66
парадкаў	66
стад	66
бранская	66
атрыманую	66
дзева	66
фарбаў	66
сяброўкі	66
эксплюатацыя	66
статья	66
пацалунак	66
муніцыпальнае	66
нарымунт	66
стратэгічны	66
мячэту	66
віртуальных	66
эскадрыльлі	66
краткий	66
ланцугу	66
гэльская	66
зна	66
переносе	66
стартавага	66
марцэлеў	66
гарадзечна	66
любіч	66
дублю	66
бэрд	66
лксмб	66
трансэпта	66
крыпта	66
стравінскага	66
растоўскай	66
портык	66
эвэртану	66
юда	66
лиге	66
сакалоўская	66
канцэрна	66
шахматнай	66
даўгінаўскага	66
порначасопісы	66
жодзішкаўскага	66
румбольд	66
прафіляванымі	66
камбіз	66
лаз	66
количество	66
’пачынаць’	66
апярэзваюцца	66
жупанія	66
мяккага	65
зьезды	65
заводзкі	65
адрасы	65
адбудаваная	65
паліталёгія	65
стасунках	65
адзначылася	65
мангольская	65
адзначаная	65
рэзкім	65
тэарэтычных	65
уладальнікамі	65
дакументаў	65
мазавецкі	65
езуіцкая	65
ивана	65
наследие	65
нет	65
памылкай	65
шырмы	65
гатэлю	65
пікет	65
бэтону	65
гарачыя	65
тыднёвік	65
маршрутах	65
заклала	65
шчыльныя	65
прадцечы	65
радзімічаў	65
новік	65
саў	65
мудры	65
каліна	65
-клясная	65
вітальд	65
тураўскае	65
пінскае	65
кінэматографу	65
канцэртная	65
хведара	65
адметнасьцю	65
заслонава	65
конная	65
голубеў	65
забітым	65
фрэдэрыка	65
шварцэнэгер	65
радашкавічах	65
пецярбурскім	65
пяро	65
наканавана	65
габрэямі	65
раварыст	65
забароненых	65
бэнджамін	65
юліюса	65
блогер	65
ўолтэр	65
апэратыўнае	65
уздым	65
гандурас	65
гернсі	65
кука	65
рурыка	65
строгім	65
кульмінацыяй	65
адхілілі	65
дасьледчыкамі	65
арлеан	65
адказных	65
аб’яднаным	65
ляпіс	65
нелегальнай	65
чарнецкі	65
знаёмыя	65
ўран	65
эстэр	65
чак	65
прылад	65
памятную	65
дэкарт	65
крысьціна	65
буйнейшых	65
яраслаўскай	65
падзяку	65
форм	65
ўвасабленьне	65
сябру	65
маленстве	65
аўтарская	65
калегамі	65
ланцугі	65
фотагалерэя	65
фармаваўся	65
гуртамі	65
рознагалосьсяў	65
біблейскіх	65
рыштунак	65
лазара	65
рукапісных	65
практычнае	65
заканадаўстве	65
патрэбным	65
фіны	65
запатэнтаваў	65
візытам	65
мікалаеўна	65
падтрымліваюцца	65
пэрсанальны	65
няшмат	65
дасягнута	65
дру	65
праграмаваньні	65
масавую	65
канюшы	65
ўладаньняў	65
лідзкая	65
самаабарона	65
нармальнай	65
шклова	65
пруднікаў	65
леха	65
тэрыторый	65
дубровы	65
агародніцтва	65
лельчыцкі	65
пэрымэтры	65
тэрарыстычных	65
валера	65
сакалоў	65
заўчасна	65
капылю	65
войта	65
цагляны	65
гімнастыцы	65
патлумачыць	65
сэкунд	65
аташэ	65
княжыцы	65
лямус	65
пушчу	65
фундамэнтальнай	65
астраномам	65
надаваць	65
судаводзтва	65
дысэртацыя	65
факце	65
крайні	65
вакаліста	65
арыянства	65
лиги	65
абіраць	65
дзядзькам	65
трапна	65
выплатаў	65
наступленьне	65
ардынат	65
барысавіч	65
спыненыя	65
сягала	65
ліза	65
студэнцтва	65
стваральніка	65
прыслоўі	65
шу	65
ангельскамоўны	65
вашынгтону	65
запазычаных	65
лаўка	65
андэрс	65
навучаў	65
богуш	65
падзяка	65
кратныя	65
рэактару	65
аспэкт	65
рурыкавічаў	65
трэціх	65
фактарамі	65
асыміляцыя	65
землятрусы	65
каву	65
цукрам	65
авёс	65
страву	65
кіляграм	65
незвычайны	65
прадукцыйнасьці	65
кантралюецца	65
лячэньні	65
великом	65
злучыць	65
стэпы	65
паказаўшы	65
базыліцы	65
распачата	65
акрэсьціна	65
прамая	65
ўсюды	65
краях	65
мясцовасьцяў	65
хочам	65
падоўжаныя	65
аргентыну	65
ярдан	65
камунізм	65
сталічнае	65
сузаснавальнікам	65
належным	65
імпэрскім	65
ная	65
аказаньні	65
экспэдыцыяў	65
латыскую	65
чакалася	65
наступнік	65
харугваў	65
сьвянцяны	65
віганда	65
канцах	65
ніжэйшы	65
малдову	65
карэннае	65
публікаваць	65
абрадзе	65
модулі	65
мэтрапалітэне	65
нафтавы	65
ўзначаліла	65
завяршаўся	65
разнастайны	65
устойлівасьці	65
бундэсьліга	65
мыса	65
фракцыю	65
ўзнагароджаная	65
чыё	65
манархію	65
лекцый	65
навэлы	65
чына	65
дзікая	65
пакупнікоў	65
хрыбты	65
стрыечнага	65
перавозіць	65
бундэстаг	65
паст	65
экалягічнага	65
через	65
петр	65
фонда	65
апякун	65
-герд-	65
-герт-	65
’ахоўваць’	65
’агароджа’	65
рой	65
распачаты	65
сбп	65
фрэска	65
выдачу	65
мінула	65
дэнгаф	65
перавозілі	65
забор’е	65
дзьмітрыевіч	65
гармонія	65
касманаўтаў	65
камэра	65
буэнас-айрэсу	65
жыцьцёвых	65
аднолькавых	65
стаўпецкі	65
італьянец	65
сэту	65
хэ	65
зьмяненьнямі	65
перайменаваньні	65
прапаноўвае	65
клічуць	65
палярных	65
казну	65
кабіны	65
сапоцкінскі	65
паніжаны	65
прадстаўнічы	65
спраектаваны	65
кўінз	65
прамерам	65
дапаўненьнямі	65
штутгарце	65
партыйную	65
дыямэтры	65
адведзінаў	65
выкупіць	65
афіцэрамі	65
антыпапа	65
каіру	65
прайграўшы	65
славацкую	65
пашкодзіў	65
паручніка	65
правом	65
угкц	65
псэўд	65
каронамі	65
гульнявыя	65
жака	65
чнае	65
бернат	65
забалаць	65
томаша	65
крывошын	65
жылічы	65
палацык	65
варняны	65
барбароў	65
стус	65
разраду	65
нагетс	65
раўндах	65
управления	65
ясінавацкім	65
аймак	65
фэеноорд	65
уна	65
тэслы	65
ктулху	65
грыўняў	65
аркавым	65
кулямёта	65
асьпірантура	65
галаўных	65
хаценчыцкі	65
ляндскапе	65
каробачка	65
бзсд	65
стрэптавідзіна	65
вучэбна-асьветніцкая	65
ваньковічаў	64
занесеных	64
ўвод	64
язэпам	64
патаемна	64
гедройц	64
матусевіч	64
дап	64
характарызуюць	64
імпэрыяў	64
дамінаваньне	64
тэматычныя	64
кансэрвацыі	64
падставаў	64
чырвонаармейцаў	64
сфэраў	64
прыйшоўся	64
тагачасная	64
аб’ядналі	64
брамаў	64
вільготныя	64
варагаў	64
прыватнымі	64
сьпірт	64
лёгкае	64
плітаў	64
пятрова	64
лірычны	64
рамантычная	64
загадка	64
раманавых	64
колькасна	64
дашкольныя	64
дзённае	64
зарэчная	64
інфлянтаў	64
уніяцкіх	64
валенці	64
дзікага	64
прапануецца	64
краткая	64
індустрыяльны	64
бровары	64
летопись	64
трубяцкога	64
спэцыфічных	64
цэласнасьць	64
устаноўчы	64
заканчэньнем	64
ляўкі	64
касьмічным	64
руслана	64
грунтоўна	64
круглянскі	64
булат	64
чыстае	64
накіроўвалі	64
лынькоў	64
тонга	64
здаровы	64
скончыцца	64
ляжалі	64
аўген	64
ацэнцы	64
прыносяць	64
арыштаў	64
прыяжджаў	64
варшавай	64
кандрусевіч	64
князёўнай	64
стоўн	64
булгакаў	64
апанас	64
чалавечым	64
пятроўна	64
найвыбітнейшых	64
зянковіч	64
глыбей	64
дасканала	64
бамбаваньне	64
пастаноўлена	64
пачуцьцём	64
ціта	64
барысаўшчыне	64
жыцьцёвыя	64
мілы	64
сьмех	64
надоўга	64
паведамляла	64
публіцыстычных	64
дынамічнай	64
ахарактарызаваў	64
аддалены	64
сабраўся	64
свяжынскі	64
вытрымала	64
прадметах	64
землякі	64
крыжу	64
адлюстроўваюцца	64
выяўленчых	64
нязьменнай	64
зводу	64
пераведзеная	64
лацінку	64
складаньнем	64
дзядзьку	64
слоўнікам	64
праграмамі	64
распрацоўваецца	64
канкурэнтам	64
байран	64
люд	64
дроту	64
міністру	64
макоўскі	64
палацавы	64
інструмэнтах	64
обаль	64
паслужылі	64
дыктатара	64
заахвочваньня	64
прызнаўся	64
чаромха	64
галіцкага	64
часлаў	64
фізыялёгія	64
грыгарыянскім	64
паставаў	64
юлі	64
каардынатаў	64
прайшоўшы	64
продкамі	64
паганскіх	64
камуністычнае	64
дны	64
заключалася	64
аддавалі	64
па-літоўску	64
сапраўднасьці	64
зьмяняўся	64
іркуцк	64
университет	64
няўдалы	64
вераваньняў	64
наталля	64
сабрана	64
закрытых	64
глебка	64
банапарта	64
аздабленьні	64
пераможаныя	64
сталічная	64
дрэнны	64
нідэрляндзкім	64
сезон	64
амар	64
мужчыну	64
зблізіўся	64
дэніел	64
гука	64
маладзечна	64
адраджэньні	64
кансэрватызм	64
фэнтэзійныя	64
наса	64
трэнер	64
адукацыйны	64
ранаў	64
брыля	64
альфабэтах	64
кірылічнай	64
эпізоду	64
чалавечая	64
рамэо	64
морыс	64
лістамі	64
кошце	64
выпускам	64
сплаў	64
эдынбургу	64
сырой	64
забараніла	64
ангельскімі	64
запісваць	64
вонкі	64
галіі	64
зізанія	64
ужываліся	64
роляй	64
валынскае	64
прыналежных	64
аднолькавым	64
рыскім	64
зьнікаюць	64
пустэльня	64
рабіны	64
абразом	64
явар	64
трапляла	64
работнікам	64
калёніях	64
прадае	64
дзелі	64
рэалізм	64
наведвальнасьць	64
цёмным	64
абараняла	64
глябальны	64
праціўнікі	64
цікавае	64
генэтыкі	64
неўскі	64
выклікаецца	64
формулу	64
ўсьцяж	64
кітайцаў	64
скінуты	64
оўруцкі	64
конкурсы	64
універсітэта	64
эліта	64
ўніверсітэта	64
бнт	64
апорай	64
быхава	64
акупаваныя	64
ледавікоў	64
шэ	64
нарэла	64
’захоўваць	64
ратаваць’	64
ахоўны	64
перапрацоўку	64
хвалях	64
графіці	64
ахопліваў	64
яцьвягаў	64
сацыяльна	64
паху	64
залежных	64
адрозьненьнем	64
заканадаўству	64
лепеля	64
адказваюць	64
заваяваная	64
днестар	64
звезда	64
любчы	64
лэйбле	64
турнірам	64
прысьвяціць	64
севастопалю	64
крымскім	64
дніпро	64
ўрал	64
дамаглася	64
голае	64
консулам	64
бізнэсовы	64
героям	64
праіндаэўрапейскае	64
судзьдзём	64
галасамі	64
трэкі	64
меру	64
перакананы	64
берасьцейскія	64
люіса	64
кардыналам	64
шуму	64
аздобленыя	64
харчаваньнем	64
падатковай	64
упрыгожаны	64
суправаджаліся	64
имён	64
тэўтыгерд	64
’падпяразваць’	64
’ахова	64
бясьпека’	64
грамот	64
баярамі	64
пілётам	64
давёў	64
куранецкага	64
сьпявачкай	64
вількамірскім	64
пралівам	64
спонсарам	64
ўшанаваньне	64
роту	64
панамі	64
вясельлі	64
камароўка	64
швейная	64
альхоўка	64
лынтупскі	64
эміграваць	64
ракіцкі	64
шчыты	64
дырэкцыі	64
заяваў	64
рэжымы	64
прыстасаваньні	64
ташкенце	64
рэя	64
нпз	64
ёмістасьцю	64
аўгустоўскім	64
гаага	64
шатляндзкую	64
маратгі	64
фарадэя	64
дамаск	64
стэла	64
фірме	64
перапынкам	64
выпушчаных	64
кутах	64
спачуваньні	64
марцыян	64
тэмпэратурах	64
пацьвердзіць	64
прыгарадзе	64
абрывістыя	64
юніёраў	64
кон	64
даручылі	64
іаана	64
рава	64
ленінскім	64
рыхтавала	64
воз	64
выплачваў	64
пасаг	64
рудабельскім	64
таемнае	64
авіяцыйныя	64
бэнфікі	64
калегаў	64
памежная	64
мэталічны	64
івянцы	64
праці	64
акторамі	64
нагрузка	64
іранскія	64
гудман	64
гурская	64
рухавіку	64
геранёнскі	64
лельчыцаў	64
сгс	64
высьвятляецца	64
дэтэктыў	64
атынкаваныя	64
берестовицкого	64
ельску	64
льеж	64
пущ	64
дубля	64
академія	64
информация	64
урср	64
клайпедзкага	64
юґо	64
диалект	64
майдан	64
сдпн	64
пат	64
старажытнагрэцкае	64
тапанімія	64
нулявы	63
уласная	63
твае	63
навучальную	63
далучацца	63
дзядзінец	63
чапскіх	63
дабрачыннага	63
мысьляр	63
індуізм	63
акіянія	63
прапагандзе	63
булак-балаховіч	63
акцыянэрнага	63
перабудаваная	63
тытуню	63
батанік	63
бабіна	63
абозны	63
сфармаваныя	63
фабрык	63
адыходзяць	63
спаскі	63
-тысячнае	63
дзьвіну	63
прылукі	63
расстрэлы	63
кантактнай	63
калінінград	63
тарчы	63
згадваюць	63
тэлевядоўца	63
палескіх	63
целяханы	63
пскова	63
бельчыца	63
паазер’я	63
навум	63
сьцьверджаньне	63
арцель	63
опэрнага	63
жалейка	63
завяршае	63
значок	63
содаль	63
кубінскі	63
мэтэарыт	63
зробленым	63
прыкметныя	63
зьбіральнік	63
ўнёс	63
князёўны	63
камуніст	63
джэрзі	63
мадагаскар	63
позвы	63
запрацаваў	63
мультфільмаў	63
кінамастацтва	63
асэтыя	63
імпэратарскім	63
абмеркаваць	63
сурвіла	63
дзірка	63
залежала	63
электраперадачы	63
інтэлігенцыя	63
голос	63
вячэры	63
рождения	63
ядзернае	63
азямблоўскі	63
мядзьведзічы	63
сатыра	63
жаба	63
адхіленьні	63
беларускаю	63
сацыёляг	63
прадала	63
кодэкса	63
апісаць	63
павышанай	63
самое	63
может	63
артылерыю	63
цярэшчанка	63
рымска-каталіцкага	63
распрацоўваюцца	63
зацікаўленыя	63
культурамі	63
крытэрам	63
пакупніцкай	63
будучае	63
прыдворны	63
пачынаць	63
бягучага	63
фігур	63
штадлер	63
первого	63
уступіла	63
міхайлаў	63
рэпрэсаваных	63
бярозавыя	63
цёплай	63
марко	63
індэксе	63
садзейнічаньні	63
варожасьць	63
тартак	63
паставах	63
якою	63
сьветлая	63
баж	63
пераўтварыў	63
прыкладной	63
арыентацыя	63
прыкмеце	63
хваляй	63
фундамэнтальныя	63
нулю	63
філялягічным	63
збліжэньня	63
капэнгагену	63
дапаможная	63
камоцкая	63
працаздольным	63
выйсьця	63
абмяркоўвалася	63
лягера	63
перайменаваў	63
задуму	63
ташкент	63
найсьв	63
ляхаўка	63
чвэрцьфіналы	63
дрэнныя	63
дасьведчаны	63
шахтера	63
томасам	63
сяднёў	63
рональд	63
акула	63
авіякатастрофе	63
сэрыйны	63
фальклёрны	63
сьпеву	63
піраміда	63
праславіўся	63
прускія	63
постацяў	63
інкаў	63
старасты	63
старасьці	63
джульета	63
выключае	63
чатырнаццаці	63
разнастайнай	63
павышаны	63
элі	63
фаналёгіі	63
дарожныя	63
прэмій	63
ангелец	63
міжваеннага	63
танкавага	63
вандраваў	63
пашыраўся	63
запазычваньні	63
умацаваньня	63
процівагу	63
падзеньні	63
даданьне	63
астравецкі	63
прыправы	63
выразам	63
бык	63
апоўначы	63
распаўсюджанасьці	63
арэхаў	63
мэксыканскага	63
працяглае	63
заканадаўчага	63
мангольскае	63
паляны	63
цёмнае	63
хуткую	63
зьмесьціва	63
выбрана	63
хваробай	63
рымскімі	63
дамагаўся	63
пячаці	63
расейцам	63
разьвязаньне	63
абароту	63
сухапутныя	63
ёганам	63
узьдзеяньне	63
экліптыкі	63
-нар-	63
-нор-	63
бі-бі-сі	63
палестына	63
амплюа	63
гарызантальнай	63
перавароце	63
кантынэнтальных	63
аплатных	63
источники	63
спасылаецца	63
хаос	63
ахоўваецца	63
сур’ёзным	63
аматарскіх	63
бутвін	63
вэнэцыянскай	63
магчымасьцямі	63
ланцугоў	63
усесаюзнага	63
перашкодай	63
зьнішчальнікі	63
аўтарытэтам	63
укладаньне	63
прызнаюцца	63
расе	63
выказваюць	63
вулькана	63
манаскі	63
крыса	63
павла	63
нашого	63
абазначэньні	63
панаваў	63
прыпыненьне	63
спэктры	63
эгіптам	63
заапарку	63
лёсіка	63
разводзьдзе	63
гало	63
накіраваньне	63
нэлі	63
марцінам	63
аддаўшы	63
проф	63
вадкі	63
грамадства	63
кантрольны	63
ізалятары	63
жукоўскага	63
капіталам	63
сцэнах	63
сьцёкавых	63
ґрупа	63
лесьвіца	63
хуткасных	63
галінкі	63
крэсла	63
падмуркаў	63
гіндустані	63
спарты	63
злучала	63
ваяводзіна	63
абірала	63
гандболу	63
студыяў	63
роўз	63
лагас	63
зачынена	63
выканаўшы	63
рокамі	63
стрэлам	63
кішачніка	63
памагатым	63
пасьведчаньня	63
партугальскіх	63
арнамэнту	63
сярпа	63
-віс-	63
арэнбург	63
кацёл	63
ўзмоцненага	63
пратасевіча	63
борт	63
аптычныя	63
трохдыяпазонны	63
фундатарам	63
хата-чытальня	63
багушы	63
зарэ	63
галадамор	63
багданаўскага	63
пружанскай	63
каманднай	63
тэлевядучыя	63
адбываньня	63
данілавіцкі	63
герадот	63
горнэтс	63
плязмы	63
нэймар	63
акружыны	63
іванаўка	63
зунр	63
галічыне	63
плястыка	63
спартоўкі	63
чахі	63
апсыду	63
акм	63
трыкутнымі	63
упц	63
краснаярскі	63
мэц	63
цвз	63
трабскага	63
дварэцкага	63
райвыканкома	63
чатэрлі	63
выказвалася	62
перайменаваньне	62
падпарадкаваць	62
выкіды	62
абслугоўваюць	62
якубу	62
дасьледавалі	62
абшарах	62
дзіўны	62
аднесены	62
павіннасьцяў	62
спаліць	62
засваеньне	62
нестар	62
краязнаўчым	62
чамярыцкі	62
жалезных	62
выйдзе	62
вадаёмах	62
ваш	62
будавацца	62
собаль	62
славянскую	62
ручая	62
глыбокімі	62
генэральных	62
маркава	62
вызваліла	62
акруговыя	62
армянаў	62
літо	62
рышард	62
сфорцы	62
кнігарні	62
прыходзкай	62
ўладзімеру	62
перавозках	62
ліквідаваў	62
прабойная	62
сафійскага	62
трапезная	62
накіроўваліся	62
галяндзкага	62
падлога	62
ўвасабляе	62
даведнікі	62
каледжа	62
дэмакратызацыі	62
расейска-турэцкай	62
аўстрыйскую	62
ўзмацнілася	62
кратамі	62
драматычная	62
эстэтыкі	62
сытуацыяй	62
падпісвае	62
юбілейныя	62
швайцарская	62
аддала	62
матыс	62
вуніі	62
патрыятычнага	62
мроя	62
паменшылася	62
добраахвотнікам	62
тэлефільм	62
міхайлаўна	62
паскаль	62
гукарэжысэр	62
заслаўя	62
ямайка	62
абавязковае	62
пераменаў	62
прыносілі	62
сьвецкі	62
троіца	62
дзяржаўнасьць	62
вывучэння	62
артэфактаў	62
эгіпецкія	62
атрымоўваецца	62
брант	62
афк	62
ідэальнага	62
патопу	62
узросту	62
бачым	62
увядзеньнем	62
жаданьняў	62
комсомольская	62
адамз	62
прыёме	62
выкладзеныя	62
эгб	62
раскрыцьцё	62
моўную	62
гуманіст	62
палатне	62
паэтыкі	62
жыд	62
яко	62
марское	62
змову	62
вылічэньне	62
матэматычная	62
мільярд	62
чувашы	62
старшынства	62
аўдзі	62
інтэрфэйсу	62
кару	62
гатунак	62
рыго	62
перакладчыкаў	62
прэсьлі	62
гарантуе	62
правасудзьдзя	62
цягне	62
гэнрык	62
сталёвы	62
дацэнта	62
апынаецца	62
прафсаюзу	62
сьвяце	62
арцыбіскупы	62
сыравіну	62
радыкальныя	62
дзёньнікі	62
сматрыцкі	62
зьездзе	62
антысавецкія	62
гідралягічны	62
эдмунда	62
антысавецкую	62
котра	62
студэнцкае	62
сымэтрыі	62
магнітным	62
выключылі	62
узаемадзеяньня	62
матэрыяльны	62
учреждении	62
нішто	62
псыхалягічных	62
разлады	62
даі	62
займаючыся	62
перайшоўшы	62
карэйскі	62
патрэбных	62
ісламе	62
гулагу	62
эмоцыяў	62
айчынным	62
жахлівы	62
найбліжэйшы	62
саньнікаў	62
ценю	62
агенты	62
ігнація	62
кэрал	62
уладаньнях	62
шафа	62
углыб	62
рустам	62
сьвятымі	62
далучэньнем	62
талстой	62
фігуру	62
сыч	62
бода	62
чачэнскага	62
бутэлькі	62
вызвалена	62
лёзунг	62
плянаваўся	62
сонечным	62
схаваны	62
нэ	62
эміграцыю	62
славянскімі	62
хатамі	62
зробіць	62
ніж	62
полам	62
колькасьцях	62
заваяваных	62
пераемнасьць	62
інавацыі	62
трактаты	62
пакутнікаў	62
дэпартаваныя	62
грушы	62
нарыхтоўка	62
фэдэральнае	62
наркотыкамі	62
прыцягваюць	62
прэтэндавала	62
дагавора	62
папярэднічала	62
догляду	62
вільготных	62
чуе	62
шкодзіць	62
сякеры	62
управе	62
нэпалу	62
выбухам	62
тропіках	62
дзяржавы-ўдзельніцы	62
завершанае	62
зьбівалі	62
агучыў	62
дасягнуты	62
побытавых	62
коткі	62
исторической	62
русінамі	62
прапанаваных	62
’уратаваньне	62
утрыманьне’	62
часьціц	62
кантынэнтах	62
верагоднасьці	62
аўтарытарнага	62
зьдзяйсьненьні	62
апісвалі	62
фатаздымку	62
саўт-рывэры	62
балканы	62
начных	62
зьніклых	62
яндэкс	62
дактрына	62
антропонимики	62
падпарадкаваў	62
юрыдычнымі	62
раю	62
цудоўная	62
абмежаванага	62
выканаўцамі	62
аркушах	62
прызнавалі	62
муніцыпальнага	62
чутак	62
сёстрамі	62
нястачу	62
кінафэстываль	62
адборачных	62
купалаўскага	62
крэдыту	62
зьнятае	62
гаспадарчымі	62
паэтычная	62
сравнение	62
рэлізу	62
мядзеле	62
абыходжаньне	62
ансамбляў	62
тэд	62
дэфо	62
цэгла	62
зьвязы	62
томск	62
вызначаную	62
канскага	62
нагор’я	62
пагорак	62
глінкі	62
мёрскі	62
перакладала	62
легіёнаў	62
антокаль	62
даклады	62
вучэбных	62
легіянэраў	62
разгортваньня	62
лэйбл	62
пройдзе	62
багацьці	62
шлем	62
какава	62
тыповых	62
дойлідства	62
вяршкі	62
дарослую	62
спаборнічаць	62
гэсэн	62
баскетбольных	62
супольную	62
моўчадзь	62
ісламскіх	62
сымбалям	62
ангел	62
контуры	62
дашкевич	62
арктычнага	62
зарадаў	62
паўгоду	62
электроны	62
аркай	62
шклоўскай	62
захапленьня	62
ивацевичского	62
джонсана	62
красьненскі	62
лаўрын	62
гервяцкі	62
накіраваньня	62
валютамі	62
сэртыфікацыі	62
роце	62
заг	62
гандбольная	62
спартоўцам	62
янчыквін	62
чарты	62
данюшава	62
асырыі	62
зьвяно	62
юніёрскай	62
стужкаартымовіч	62
минском	62
ястрабец	62
карніз	62
айнтрахт	62
шына	62
аршаншчыне	62
шахматная	62
мазырскую	62
вялейшчына	62
хаценчыцкага	62
саўгаса	62
ээрстэ	62
фрыстайлісты	62
жыліны	62
эрэдывізію	62
найстаражытнейшых	61
стадыёнаў	61
канфігурацыі	61
дэманструюць	61
дамінавала	61
узьнікаюць	61
загадана	61
ўтварыць	61
цяперашнюю	61
адмаўляліся	61
вярсты	61
луцак	61
гебіт	61
мэдык	61
новосибирск	61
половине	61
парках	61
пустальга	61
галубовіч	61
вышыняў	61
ўчыніў	61
лёсам	61
севершчыны	61
мадэляваньня	61
крэйды	61
тутэйшай	61
дажынкі	61
клічаўскі	61
дывін	61
штотыднёвік	61
запісаўся	61
тэлефонным	61
сказалі	61
дарожных	61
жамойцкіх	61
камэрцыйная	61
стандартная	61
кліматычных	61
дзеіць	61
вайскова-паветраных	61
зімою	61
уведзеныя	61
галубок	61
касманаўт	61
гарысан	61
жуковіч	61
іначай	61
супольных	61
чарапахі	61
жуль	61
баец	61
василь	61
атрадзе	61
аддаленыя	61
парагвай	61
ягелончык	61
індустрыяльнай	61
пазьнейшага	61
армейскі	61
сэм’юэл	61
інфаркту	61
выкладзены	61
бдт-	61
плятон	61
калечыц	61
славутых	61
медніцкі	61
эдысан	61
период	61
белорусское	61
губэрнскай	61
арганічнага	61
траецкім	61
папярэднімі	61
доляй	61
ўявіць	61
ўжывае	61
кішынёве	61
пэрсаў	61
вулькану	61
філарэт	61
тыпамі	61
аўстралійская	61
фігуруе	61
кананічнага	61
рэфарматар	61
зыход	61
супроць	61
пэрсы	61
данскога	61
саветамі	61
уладзіміра	61
таццяна	61
фізык-тэарэтык	61
ўстанаўленьня	61
аб’ектах	61
роджэра	61
барэль	61
джулія	61
мару	61
салаўёў	61
новак	61
капэлы	61
стандарце	61
прыкметны	61
русском	61
шаўцоў	61
ўзнагароджаньне	61
кішкаў	61
супрацьлеглым	61
заазер’е	61
студня	61
келіх	61
ладзьдзя	61
латыскага	61
губляць	61
руінаў	61
ордена	61
складовай	61
леваруч	61
хвойніцкі	61
этнічным	61
франклін	61
артылерыяй	61
кляўдыё	61
галосным	61
прэтэндаваць	61
пасадзіў	61
старажытнарускага	61
чэхаславацкі	61
сэнэгалу	61
роспуск	61
службоўца	61
сеч	61
пераходаў	61
абмяжоўвае	61
прысвоіў	61
неабходнае	61
наступствам	61
расейска-беларускі	61
аспекты	61
лінкальн	61
-ку	61
дасьледваньне	61
зьнішчае	61
канкрэтнага	61
выкладчыка	61
антарктыдзе	61
кальцавой	61
камбоджы	61
часткаў	61
адрозныя	61
патоку	61
паступленьні	61
гульнявую	61
відавочнай	61
перадапошнім	61
стадыёнах	61
петрапаўлаўскай	61
дудаева	61
формуле	61
любані	61
карэн	61
харватыю	61
камісарыяце	61
перасоўваньня	61
добрымі	61
угоды	61
страйкі	61
навэлі	61
ельцына	61
карт’е	61
дубаі	61
лібэрыі	61
барс	61
істот	61
параіў	61
пазначаць	61
фэдэратыўная	61
дырэкторыі	61
сянько	61
ракако	61
порах	61
ікона	61
ўіл	61
каляровага	61
арганізатарамі	61
назоўніка	61
сарбоне	61
арыштаваць	61
грузінскіх	61
летувіскімі	61
старажытнарускай	61
замацаваньня	61
глас	61
ўдзелам	61
інфарматызацыі	61
капусты	61
дыстанцыю	61
удзень	61
хваёвых	61
недахопаў	61
дэбаты	61
паўплываць	61
литовском	61
харвацкае	61
натхненьня	61
харкава	61
кісялі	61
спыняліся	61
брэндам	61
вадкіх	61
шышкі	61
вымаўл	61
эгіпецкіх	61
фра	61
драўніна	61
межавала	61
пак	61
супрацьстаяў	61
здаўся	61
вырабамі	61
простую	61
бомба	61
вакалістам	61
памочнікі	61
цярпеньня	61
цане	61
абвінаваціла	61
дасьледчы	61
падводныя	61
исполнительного	61
банкнотах	61
казулін	61
падвойнага	61
пэрсыдзкім	61
хадановіча	61
брамнікі	61
прастакутнае	61
цынцынаці	61
вырашальны	61
задаволены	61
данецк	61
эмігравала	61
орденом	61
кама	61
портал	61
назіралі	61
сылезія	61
кандратовіч	61
трамвайныя	61
коледжу	61
пабудаваным	61
срэбных	61
квітнела	61
муніцыпальнай	61
баўгарыю	61
жэнэвы	61
тоўшчы	61
зацікаўленых	61
зьмяшчаўся	61
пуску	61
перагляд	61
соф’ю	61
аздаблялі	61
бояр	61
ўнук	61
рэфармаваньня	61
хэтафэ	61
чашніцкі	61
падарыў	61
грэх	61
пілёта	61
гадавога	61
запаведзі	61
нёс	61
дубянецкая	61
вало	61
лекаваньне	61
мучанікі	61
займелі	61
яніс	61
поры	61
асяродкаў	61
рэкляму	61
стольніка	61
крыстыны	61
пашпарты	61
пясчаныя	61
міцькаўшчына	61
сховішчы	61
градаў	61
шкодных	61
забалоцьце	61
ілюстраваны	61
вусы	61
графікай	61
марты	61
апорны	61
прэс-канфэрэнцыі	61
сустрэты	61
цыганоў	61
кутузава	61
рэакцыяй	61
чараўнік	61
агп	61
надзел	61
атакуючага	61
абарончае	61
брсм	61
апазыцыйнай	61
каты	61
максымальную	61
эдынбург	61
анатоліі	61
праваабарончы	61
львы	61
руставэлі	61
якасці	61
дэманстрацыяў	61
асада	61
чужым	61
гуманітарным	61
-віз-	61
-веш-	61
сэрыяла	61
казаскім	61
дасьледчая	61
ўстойлівасьць	61
тунісе	61
хакеістаў	61
аўтадарозе	61
мінор	61
вярчэньня	61
срэбранай	61
крыпце	61
ганконга	61
абрэвіятура	61
стрыманасьць	61
спондаўскага	61
прэдатарз	61
упоряд	61
гаркаму	61
цаля	61
аднагадовыя	61
прастакутным	61
блэйзэрз	61
франшыза	61
падлогу	61
плешчаніцкага	61
гервяцкім	61
нэфу	61
польские	61
намінацыяў	61
алтарная	61
псж	61
слован	61
закрысьціі	61
угоду	61
водца	61
прытворам	61
бразылец	61
васільева	61
гонтавым	61
штурмбанфюрэр	61
дынга	61
энэргаблёк	61
слонімшчыне	61
селецкого	61
фрыстайлісткі	61
расстался	61
государственную	61
стэтэм	61
бнбк	61
якубъ	61
старавераў	60
аграрны	60
здаровага	60
цягачоў	60
мтз	60
энгельса	60
ждановіч	60
юхо	60
сацыяльнымі	60
рэгіянальную	60
каляніяльных	60
перакананьняў	60
старажытнаму	60
грунвальдам	60
зьдзейсьненыя	60
гітлераўцы	60
зайцава	60
садоўскі	60
выказваліся	60
легенду	60
шклоўская	60
школішча	60
цякуць	60
паўстанцкіх	60
суб’екты	60
прылеглай	60
поясе	60
вялікакняскі	60
водную	60
казацкіх	60
кларка	60
старадаўняга	60
география	60
каменным	60
падпольных	60
рубрыкі	60
індустрыялізацыі	60
навакольнымі	60
пераправа	60
бяжыць	60
адміністрацыйнымі	60
крухмал	60
цэглу	60
найвядомейшых	60
воін	60
кирилл	60
полацкам	60
калодзеж	60
алелькавіч	60
забрала	60
даведаліся	60
війська	60
войшалк	60
гатэляў	60
сулейман	60
нацыяналістычных	60
дагаворы	60
скандалу	60
кухню	60
зьмешчаных	60
адкрытымі	60
хавіер	60
заснавальніца	60
прэзэнтаваў	60
яма	60
ўрачыстая	60
суконная	60
фарэрскія	60
пачатках	60
ламаносава	60
аўкцыён	60
піюса	60
разьвязаць	60
мурамі	60
цытадэль	60
пласьціны	60
з’яўляюцца	60
грамадзка-палітычнай	60
колу	60
твардоўскі	60
басьнійскі	60
максі	60
мавіч	60
пераязджае	60
гайнэ	60
данута	60
выдаткаваў	60
лінгвістычныя	60
паясоў	60
яноўскі	60
ленінградзкім	60
акта	60
жывот	60
кашуля	60
калярыт	60
люцыяна	60
знаходжаньні	60
стывэнсан	60
грунтуюцца	60
зацьменьне	60
падрыхтаваная	60
беларусяй	60
прарокаў	60
перед	60
выдатнага	60
захаваная	60
вобраза	60
мною	60
характарыстыку	60
этыка	60
коньнікаў	60
друцак	60
апэрацыямі	60
правільны	60
інбелкульт	60
базэлі	60
крытыкуе	60
ліўшыц	60
кандидата	60
шнайдэр	60
лінейнай	60
мадыфікацыяў	60
вардар	60
лужанін	60
зьмяняюць	60
скліканьне	60
кантынэнтальным	60
ўзначаліць	60
жыровіцкай	60
адлік	60
юндзіл	60
кармэліцкая	60
юдэйская	60
славутасьць	60
картаграфіі	60
случы	60
хроніку	60
чемпионата	60
ярмошына	60
жывата	60
вакно	60
старадаўні	60
ўкладаньняў	60
ўзгоркі	60
каленкавіцкі	60
плянтацыі	60
дыпляматыі	60
багатае	60
легендай	60
асяродкам	60
альшанскі	60
заступніка	60
рэжысэрка	60
варапаева	60
спрэчным	60
слову	60
мінулы	60
ядзерную	60
ўэйн	60
спаса-праабражэнская	60
звольнілі	60
акустычная	60
траекторыі	60
вялес	60
асноўнаю	60
філёлягі	60
введение	60
андаў	60
жыцьцёвага	60
канфіскаваныя	60
агінскія	60
запыты	60
также	60
прыярытэт	60
садзейнічаць	60
прасоўваньні	60
міро	60
інд	60
паўночна-ўсходняя	60
паўтарыць	60
сасьедад	60
стартаваў	60
чэх	60
пераходным	60
троіцы	60
важнасьці	60
дарота	60
паехаць	60
ядзерны	60
гаваі	60
пустых	60
лінгвістыка	60
аўтарскі	60
пазначала	60
андрэева	60
піліпа	60
ліцьвінава	60
маро	60
сольныя	60
корк	60
аўтаматычны	60
абуджэньне	60
мёртвай	60
канчаткам	60
плоць	60
структурныя	60
небясьпечным	60
почему	60
разьвіліся	60
працяглая	60
ўключалі	60
разьвіўся	60
себе	60
дам	60
кулінарыі	60
дэфіцыту	60
вернасьці	60
бочкі	60
ганчары	60
капялюш	60
пасьляслоўе	60
надзвычайныя	60
мука	60
арыентаваная	60
замацаваць	60
зацьвердзіць	60
прастол	60
падтрымліваючы	60
ядомыя	60
рагнеда	60
пасынкі	60
захоўваньні	60
тульскай	60
музэйнай	60
рубяжы	60
кансэрватыўныя	60
калегі	60
сацыялістычны	60
пераўтворана	60
скарысталі	60
канечнасьці	60
прадухіленьне	60
ўстаноўчым	60
аэрапортаў	60
салі	60
непасрэднага	60
адрадзіць	60
легітымнасьць	60
пагражалі	60
лсср	60
гарантаваў	60
хаценчыцы	60
звычайнае	60
групоўку	60
ілюстрацыяў	60
арыентаваны	60
справядлівы	60
ачоленыя	60
выкідаў	60
аляксандрава	60
запарожжа	60
зах	60
стэп	60
мэйнарт	60
інструкцыя	60
мэрылэнд	60
эпічны	60
антвэрпэне	60
пачаты	60
пастара	60
франкі	60
ўсталяваньні	60
канстытуцыйная	60
гатычных	60
стальцы	60
каталёнія	60
сяброўскіх	60
паўвостравам	60
праскім	60
перакладчыкам	60
ліцэя	60
месьціць	60
рыцарам	60
париж	60
адпраўляюцца	60
паўля	60
важкі	60
зьбеглі	60
маральнай	60
айрис-пресс	60
мундыгерд	60
ізраільскіх	60
прадпрыемству	60
кіраваўся	60
брамс	60
тэль-авіў	60
гадзіньнікі	60
таямніцу	60
пагаршэньня	60
калядныя	60
рашыў	60
дамагацца	60
ехаў	60
ўраднік	60
ветраны	60
старынкі	60
дзьмітраўка	60
кахае	60
дэбюту	60
засяродзіцца	60
кніжнага	60
вызваленых	60
пераведзеныя	60
аўтабіяграфія	60
пале	60
дана	60
мазаіка	60
супрацьлегласьць	60
кантролі	60
боба	60
краёвая	60
дзісенскі	60
балятавацца	60
халопенічы	60
вонкава	60
бнс	60
зьезда	60
апублікаванае	60
вірусам	60
абсталяваныя	60
папярэджаньні	60
скандынаўскай	60
страчанага	60
суднаходная	60
птушкамі	60
гранаты	60
дыялектыка	60
занепакоенасьць	60
зянонавіч	60
прабачэньня	60
сыходзяць	60
натоўпу	60
плаціў	60
лоеўскім	60
размешчаны	60
лацініцы	60
пагрозаў	60
абавязковага	60
лінь	60
павароту	60
аўстралійскага	60
авіябазы	60
мажор	60
мире	60
краснасельскі	60
цкія	60
гудагайскі	60
грозаўскі	60
кутоў	60
крафт	60
ніі	60
эміра	60
слабодкаўскага	60
ковэнтры	60
кармы	60
марыць	60
верховної	60
кісьлю	60
паліўных	60
расторг	60
паралельныя	60
цельшаўскага	60
паўночнагерманскае	60
баршчоўка	60
режим	60
древненовгородский	60
кемелішкаўскага	60
горелецкого	60
краснооктябрьского	60
сергеевичского	60
новоселковского	60
ветеревичского	60
правдинского	60
ганус	60
поразаўскі	60
драмай	60
барусію	60
мазовіі	59
ўтрымлівала	59
ізяслава	59
радыёэлектронікі	59
мусульманскія	59
ўлучаная	59
эвалюцыю	59
дваранаў	59
забараняў	59
пактам	59
меркаваны	59
сажалак	59
праўнік	59
базылік	59
яўленьня	59
быхаўская	59
ластаўка	59
прыпынкі	59
апаратуры	59
княству	59
богаяўленская	59
фэстах	59
варонеж	59
белавія	59
кубках	59
нічыі	59
уладзіславам	59
купаламі	59
вакзалаў	59
талачынскі	59
мэтрыцы	59
сом	59
манькавічы	59
напала	59
кароў	59
літоўска-беларускай	59
алімп	59
карыстаньні	59
падвойны	59
баварскі	59
санкт-пецярбурскі	59
інбелкульту	59
адраджэнне	59
дына	59
картэс	59
праводзячы	59
лукша	59
кінафільм	59
канцэнтрацыйных	59
грэнляндыя	59
лівонскі	59
ядзьвіга	59
грэкамі	59
герархія	59
маёмасных	59
міхасём	59
эскіз	59
могільнікі	59
клясыфікацыю	59
аргентынскага	59
жывапісам	59
гравюраў	59
друскенікі	59
палотнаў	59
доктарка	59
чуў	59
загалоўкам	59
тытульным	59
рэалізуецца	59
экзамэн	59
трава	59
белпошта	59
кшыштаф	59
канцэртам	59
каўка	59
пталемэя	59
тэстамэнт	59
ямы	59
эмбарга	59
льву	59
абласьцёх	59
множаньня	59
парным	59
бэл	59
аб’ядноўваюць	59
рэдагаваньня	59
балканскай	59
удары	59
сальда	59
дональда	59
арганічнай	59
абслугоўваньні	59
паперу	59
нацыяналістычная	59
наняў	59
голя	59
карлас	59
вывяржэньне	59
палец	59
сас	59
летняя	59
дэльце	59
радыёвяшчаньне	59
перагоне	59
крымскататарскага	59
мэркурыя	59
трактарнага	59
акна	59
літбел	59
лойд	59
крывавы	59
слыху	59
вальс	59
заяўлена	59
картограф	59
мэнэджмэнт	59
электрамагнітнае	59
канчатковая	59
робат	59
табой	59
альфабэтаў	59
ваколіц	59
прадугледжвалі	59
эхо	59
прытрымліваліся	59
зьбірала	59
саранчукоў	59
душаў	59
першасныя	59
вызначэньнем	59
зялёнымі	59
халіфату	59
-ая	59
венская	59
падземным	59
шчур	59
гена	59
г’ю	59
замовіў	59
ўсесаюзнага	59
бразыльская	59
пажарам	59
ратуе	59
кірыліцу	59
па-ўкраінску	59
мэлёдыю	59
грым	59
-----	59
ўласьцівы	59
няўхільна	59
вытрымкі	59
государственное	59
пэрсанажам	59
бялінскі	59
папярэднюю	59
пузына	59
відэазапіс	59
грашовы	59
нта	59
рыхтаваліся	59
дзякуй	59
вымаўляюцца	59
атам	59
аміяку	59
лінгвістам	59
бачнасьці	59
эпізадычна	59
канонаў	59
адлюстраваныя	59
змова	59
зладжаны	59
фальваркаў	59
цэха	59
ўказаньня	59
міма	59
гаўрыіл	59
ксяндзом	59
вызнаюць	59
афрыканскай	59
пастаноўках	59
працаўніка	59
наркотыкі	59
фэрдынандам	59
вучням	59
даюцца	59
прыняцьцё	59
мешка	59
тычачак	59
шэрыя	59
тонкая	59
даходзіла	59
пачне	59
цывільныя	59
славістыкі	59
самца	59
брацлаўскага	59
суаўтарам	59
сельскагаспадарчым	59
адзначаючы	59
трымалася	59
стратэгічнай	59
габрэйскім	59
геральдыцы	59
лівонія	59
саюзныя	59
выкліканай	59
вучэбнай	59
перашкаджалі	59
дынастыяў	59
разглядаючы	59
матэматычнага	59
ўручную	59
гарадзенскаму	59
пялёсткаў	59
абранага	59
падпарадкоўваюцца	59
туманнасьць	59
акалічнасьцяў	59
махлярства	59
праспэктам	59
паля	59
гербах	59
пруская	59
інтэлект	59
шляхетных	59
абвінавачваньняў	59
рэспублікамі	59
эрозіі	59
манчэстэры	59
конмэбол	59
вольгай	59
скарбніка	59
монтвін	59
солт-лэйк-сіці	59
бэйнарт	59
штотыднёвіка	59
распавядаюць	59
прызначаным	59
выспамі	59
штогадовага	59
ўсталёўваецца	59
нн	59
таваразварот	59
армянскае	59
склада	59
бостане	59
епархіі	59
прыязджае	59
выстаўленыя	59
мастэрз	59
небясьпечна	59
таварыша	59
выбітая	59
храптовічаў	59
коханаўскі	59
дзённы	59
біржавы	59
написание	59
вісігерд	59
варонка	59
альбэртам	59
расійскі	59
сямёнаў	59
прэснай	59
схаваныя	59
гандляра	59
боепрыпасамі	59
ягадаў	59
сутычак	59
кампазыцыяй	59
дней	59
янова	59
рабочая	59
сьведкамі	59
ажаніліся	59
выпадкам	59
круглым	59
лабачэўскага	59
трасу	59
украінскімі	59
сар	59
гамлет	59
артылерыйскага	59
абвінавачаньня	59
отъ	59
памешчыкаў	59
ўстаноўчага	59
атлетыкі	59
нарвэгію	59
рэек	59
піяніна	59
магістраў	59
сюіта	59
вырашаны	59
готлянд	59
смутак	59
чэрыкаўскі	59
спадарожнікавы	59
пісталеты	59
вілает	59
товариство	59
тэгеране	59
мадэрнізацыя	59
вэртыкалі	59
раскрываецца	59
токам	59
адэсу	59
магістральных	59
галоўчыцы	59
кацярыну	59
караблямі	59
аспрэчваецца	59
унёс	59
пмр	59
прэм’ер-міністраў	59
брылі	59
рыма-каталіцкія	59
кавалерыйскай	59
нагрудны	59
чарце	59
михайлович	59
службамі	59
кіраўскай	59
аркестры	59
кутнімі	59
сынгапуры	59
кашміры	59
візытацыі	59
петрович	59
парэцкім	59
’род	59
народ’	59
авіяцыйная	59
помпы	59
строгага	59
літургія	59
василий	59
срока	59
пензенскай	59
пагладжваньне	59
інгушэтыі	59
гуанчжоў	59
задрафтаваны	59
пушту	59
-гуд-	59
карльсруэ	59
беняконі	59
константин	59
глухавічы	59
камаі	59
алы	59
дортмундзкай	59
астраханскай	59
камбіза	59
панатынаікос	59
эрэбру	59
расенскія	59
прыездава	59
эльфэнгрэн	59
карней	58
замяняе	58
па-лацінску	58
лыч	58
абрысы	58
ешыбот	58
крыніцазнаўства	58
аднадворцаў	58
берасьцем	58
друкар	58
бомбаў	58
берасьцейскаму	58
япархію	58
пакутаў	58
драпежнікаў	58
выдзяляюцца	58
слабадзе	58
злы	58
чачэрску	58
юных	58
вандроўнік	58
навакольнай	58
пётры	58
названия	58
веравызнаньняў	58
піна	58
працоўнымі	58
трыбуны	58
петров	58
панавалі	58
будаўнікі	58
свое	58
каторы	58
тураўскім	58
прыпяцкага	58
каморы	58
правобразам	58
баярына	58
япіскапаў	58
зьвяна	58
соймік	58
цяжэй	58
аб’яднацца	58
місіяў	58
славіцца	58
вучоныя	58
сымбалізму	58
заклапочанасьць	58
зваротаў	58
дапкюнас	58
лялькі	58
сэул	58
стрымаць	58
парыжам	58
бедныя	58
скіраваная	58
архітэктурай	58
пачаткаў	58
распаўсюджваўся	58
астапенка	58
прызямліўся	58
прыгону	58
анатолем	58
храналёгіі	58
статыстыцы	58
метка	58
ілюстрацыямі	58
майстрамі	58
таемныя	58
работаў	58
выводзіцца	58
радыяцыйнай	58
эвакуацыя	58
ямайкі	58
прагучала	58
сакалоўскі	58
жыцці	58
касой	58
франці	58
публічнае	58
найважнейшай	58
цэлую	58
бакавой	58
жыровічах	58
эстаў	58
сэрвэр	58
гусоўскага	58
годах	58
прускім	58
пакінутых	58
бсэ	58
слушна	58
тэмамі	58
румянцава	58
фазе	58
левае	58
вывела	58
засаду	58
ўцекачоў	58
российского	58
палестынскай	58
перакладзена	58
аляксандравіча	58
вугля	58
падпісаўся	58
пошце	58
паэтыка	58
кампутарах	58
заўгодна	58
эгейскім	58
юркевіч	58
наталя	58
агата	58
гуказапісу	58
сэрхіё	58
лятарынгіі	58
ісьціна	58
калыханка	58
партыях	58
эліёт	58
алелькавічаў	58
сырыю	58
капэла	58
харкаўскі	58
зборка	58
лукашэвіч	58
полное	58
атэізм	58
вадасховішчаў	58
пакрываюць	58
калійных	58
аг	58
прыроднымі	58
абіралі	58
школьнікі	58
вызваленчага	58
тра	58
дзяржавам	58
землякоў	58
рыхтаваць	58
рухаўся	58
палянізацыі	58
арґанізацыяў	58
фактычнага	58
перажываньні	58
ніткі	58
убачыць	58
філёзафам	58
гасьцінцы	58
адыйшоў	58
асуджэньня	58
шэсьця	58
зваротам	58
трываласьць	58
адрозненьне	58
набіраць	58
апісаных	58
пагром	58
ройс	58
палепшыў	58
вядучымі	58
рычардам	58
ідучы	58
’бог’	58
лька	58
промыслы	58
другасных	58
-слав	58
цімашэнка	58
паліве	58
праграміст	58
к-	58
золак	58
ідэал	58
узьдзеяньня	58
шатляндзкім	58
незвычайнай	58
курфюрст	58
забойствам	58
танцамі	58
наві	58
прэзыдэнцкая	58
польшчаю	58
перасяліўся	58
густ	58
пададзеных	58
дыягназ	58
рытму	58
тром	58
абуховіча	58
томъ	58
пераважала	58
ўзорам	58
камы	58
цыбулю	58
індывідуальны	58
мідлзбра	58
ляжаў	58
варце	58
таксоны	58
ўхваленая	58
мангэтане	58
прасачыць	58
дыктатура	58
перавышаюць	58
кня	58
тэрытарыяльную	58
апісаньняў	58
слугі	58
каралеўскімі	58
адмовілі	58
хімічную	58
йная	58
занялася	58
супраціўленьне	58
нсдап	58
скрынка	58
узьдзенскі	58
югаслаўскай	58
лякальных	58
мураўёў	58
адмовіла	58
правительства	58
швэд	58
падзяляў	58
згадваліся	58
мэханізмам	58
транскрыпцыі	58
памкненьні	58
мацерыковай	58
тымаці	58
остапенко	58
багам	58
утварыў	58
пагадзіцца	58
борці	58
скарот	58
складнікам	58
пратэстантамі	58
супольным	58
атрымліваючы	58
мэханіцы	58
гусарскі	58
апазыцыйныя	58
ўтрымліваюцца	58
нагадвала	58
ваг	58
трэніроўкі	58
зарэгістравалі	58
тэрміне	58
азоўскага	58
стараангельскага	58
львоўскім	58
дзейнай	58
надыходзіць	58
мадэрнізаваны	58
берагох	58
саарэмаа	58
адмяніў	58
краявідаў	58
накіроўваюцца	58
поглядамі	58
эпл	58
япархіяў	58
арганізаваных	58
кіроўных	58
дарогаў	58
пастаўленых	58
панядзелка	58
паперамі	58
дасканаласьці	58
суперанская	58
пацяпленьне	58
саўтгэмптан	58
рангах	58
альтэрнатыўныя	58
бярэзані	58
дзяржаўца	58
гісторыка-краязнаўчы	58
стрэламі	58
маліцца	58
ганчар	58
лейбарысцкай	58
тактыка	58
прывесіў	58
відзе	58
бацькоўскай	58
адшуканьня	58
надзеяй	58
паэтычным	58
ўніверсітэт	58
ацанілі	58
аповесьцей	58
сустаршыня	58
ільлянскі	58
ціхаакіянскага	58
югаслаўскія	58
мангольскага	58
дзьмітра	58
адхіліла	58
разглядала	58
кадаваньня	58
выпраўлены	58
адкрываюцца	58
аўтамабілях	58
афрыкаанс	58
дыграф	58
атачаецца	58
акторскі	58
зэмбін	58
паверхневых	58
дацкіх	58
генэрал-губэрнатарам	58
алімпіі	58
захарава	58
мазамбіку	58
лунна	58
публікацый	58
леа	58
аблвыканкама	58
паспрабавала	58
прадавацца	58
данілавіч	58
асіповічы	58
занёманская	58
каньён	58
панесла	58
дэйвідам	58
маўрыньню	58
аік	58
емэну	58
сацыяльна-эканамічнае	58
прыяжджае	58
тава	58
якуцк	58
гарадзі	58
списокъ	58
боксе	58
крушэньне	58
разанскай	58
цюменскай	58
купаламі-цыбулінамі	58
нароўлі	58
мирного	58
кліравой	58
бельску-падляскім	58
баравік	58
зубная	58
рэзэрвовым	58
дукора	58
магістратуру	58
вадзянога	58
літра	58
рэптарз	58
аклагома-сіці	58
сов	58
-год-	58
фігурнымі	58
жыдамі	58
горваль	58
кліча	58
пярэдніх	58
лісьцьвін	58
бондаренко	58
жрвк-	58
интервью	58
трансэптам	58
ўчы	58
поласьці	58
леані	58
інтэру	58
попис	58
рызалітам	58
фіярэнтыны	58
набіраў	58
мар’інскага	58
заключныя	58
москвы	58
сэрыйную	58
сбу	58
грозаўскага	58
києва	58
пермскага	58
шэфства	58
мар’інскім	58
олена	58
пользующихся	58
избирательному	58
дэкляматарскі	58
нарматыўны	57
сацыяльна-эканамічнага	57
мяшаныя	57
жылой	57
тэлевізійнай	57
чарнобыля	57
дамінуючай	57
магілёўскаму	57
дэпутацкіх	57
накіраванай	57
абвяшчэньнем	57
кіроўныя	57
казловічы	57
архірэйскі	57
магілай	57
ёзэфам	57
бесхрыбетных	57
стратэгічным	57
вяртаючыся	57
паселішчамі	57
панізоўя	57
інтэрпрэтацыя	57
шашэйная	57
чапаева	57
авіякампанія	57
дворец	57
пачынальна	57
міхневіч	57
археограф	57
сябар-карэспандэнт	57
камоцкі	57
філіяў	57
тэнісістка	57
прычынілася	57
адміністрацыйна-тэрытарыяльную	57
тканінаў	57
назову	57
вінакурны	57
салагуба	57
ўнікальнай	57
растоў-на-доне	57
прававая	57
выпрацоўка	57
глябальных	57
адмяніць	57
сукупны	57
рэстарацыі	57
пастановак	57
апавядаецца	57
архіўныя	57
фартуна	57
грынкевіч	57
ілюстратар	57
маральны	57
паэзіяй	57
рыд	57
патрыятычны	57
голадам	57
білет	57
вануату	57
распусьціў	57
чылійскі	57
паўтараецца	57
распрацоўнік	57
анатолий	57
філіповіча	57
павешаныя	57
сутыкаюцца	57
археалогія	57
задушэньня	57
чарнобыльская	57
аналітычнай	57
скрыпач	57
прымаўкі	57
друкуюцца	57
вацлавам	57
прыгожага	57
зьмітрака	57
ганьне	57
эміля	57
іменем	57
старый	57
вамі	57
сайман	57
ёсіп	57
ўнука	57
філязофскім	57
падаўжэньне	57
накіраванасьць	57
фанэтычных	57
высадзіліся	57
боская	57
згадак	57
рукапісе	57
названай	57
каляровы	57
першапачатковыя	57
якасьцямі	57
вершаванай	57
ўтрымліваў	57
деятельность	57
батыста	57
валынскім	57
васільеўна	57
калегію	57
дыяна	57
выразны	57
автореф	57
вэбэр	57
азіяцкі	57
распрацоўнікі	57
заблудаве	57
джэй	57
раманскіх	57
высілкаў	57
музэйных	57
сэксуальнасьць	57
рэпэртуару	57
белтэлекам	57
мной	57
шчара	57
беларуска-літоўскія	57
ява	57
росьпісы	57
роспачы	57
княжыч	57
случ	57
лань	57
пацягнула	57
перасякаюць	57
расьлінаводзтва	57
кармавых	57
сутыкнулася	57
дабрачыннасьці	57
крычаве	57
флярыяна	57
боскага	57
развіцьцё	57
зрабіліся	57
вялічка	57
велічы	57
стрэльбы	57
праяваў	57
айнштайна	57
папярэднічае	57
паказьніка	57
квяткоўскі	57
грамадскі	57
падрабязныя	57
славянской	57
веков	57
падымаецца	57
прачысьценскай	57
кацярыне	57
дабрачынны	57
машынах	57
мкад	57
актывістам	57
бобрык	57
канут	57
этыкі	57
пазбаўленая	57
электрычную	57
геалягічныя	57
гледачам	57
звальненьні	57
уфы	57
чарнагорскі	57
кубок	57
сталічных	57
дуброўскі	57
латвійскае	57
пазнаёміў	57
перм	57
паўправаднікоў	57
буйніцкі	57
вызнаньне	57
клеафас	57
уладзімеру	57
фэйсбук	57
бранскага	57
тэматычных	57
зьнішчаць	57
расэла	57
мюнхэнскай	57
патрабуючы	57
аб’явіла	57
ваўка	57
кірылічных	57
выш	57
юны	57
ўудзі	57
стаўшыся	57
алькагольныя	57
ірляндцаў	57
галоўкі	57
шатляндзкіх	57
кінула	57
салдата	57
сяргею	57
доказам	57
семяновіч	57
корчак	57
формирование	57
экспэрта	57
аформлены	57
вагаюцца	57
нафтавая	57
дэсант	57
фармаваліся	57
адлюстроўвала	57
прыкметных	57
фанэтыцы	57
сьвежым	57
баравікі	57
прамежкавы	57
словазлучэньне	57
круглых	57
дзеляць	57
ліхаманка	57
абараняюць	57
пераможцу	57
ўхвалу	57
кар	57
хрысьціянізацыі	57
рэгентам	57
маларыцкі	57
накіраванае	57
раскрыцьця	57
псыхалягічныя	57
густая	57
здабыты	57
зьбіраючы	57
уверх	57
проса	57
абіраюць	57
тоўсты	57
культурна	57
абавязковых	57
падкрэсьлівалася	57
ўмяшаньне	57
тацяны	57
патэнцыйных	57
ведаем	57
прадмету	57
старажытнагрэцкіх	57
казахстанам	57
афанасія	57
археографическою	57
карыснай	57
прыехаць	57
патоцкага	57
ўбор	57
дамінаваць	57
гэнрыха	57
абвінавачваньня	57
абвешчанае	57
натуральнае	57
эскізы	57
люіза	57
падазраваных	57
марскімі	57
мілянам	57
букавіна	57
разумны	57
закарпацьце	57
набу	57
далейшую	57
’сябар’	57
рэфэрэндумы	57
надыходам	57
аўса	57
хвастом	57
саамскіх	57
валійскай	57
маршам	57
льевіч	57
валюа	57
ліёне	57
ліса	57
маляга	57
складзенае	57
ртыя	57
фіксацыі	57
спрычыніліся	57
московском	57
агрэгатары	57
падаваў	57
кампраміс	57
штодзённым	57
мазаікі	57
брані	57
кіраўнікам	57
клясыкай	57
набліжэньнем	57
каляністы	57
дамовіўся	57
плацяжы	57
несапраўднымі	57
горадабудаўніцтва	57
рэзкага	57
валадковіч	57
чыншу	57
дзедам	57
пастаянную	57
пасланьняў	57
разным	57
гітом	57
дэкарацыі	57
кліпе	57
сэкунда	57
хэльсынскі	57
гумно	57
рыцарскага	57
жальгірыс	57
вязьнямі	57
кульбак	57
памілаваньня	57
цягніком	57
праву	57
распадам	57
рэдкалегіі	57
парадзе	57
шо	57
германавіцкі	57
ворыва	57
плятэраў	57
паведамленьнямі	57
рыка	57
губэрнатарства	57
амбіцыі	57
правярае	57
прадмесьцем	57
радаю	57
празарокі	57
вечныя	57
баіцца	57
халопеніцкі	57
ліпнікі	57
пёры	57
маўчаньня	57
тубыльцаў	57
турэ	57
галявой	57
тэставаньне	57
кантрольнай	57
круглымі	57
аранжарэя	57
карлавага	57
ліры	57
паплечнікам	57
тэрмінамі	57
алімпіядах	57
выбуховых	57
аўтамабілю	57
запрасіць	57
імунітэт	57
стоўпцаў	57
духаў	57
разгортваюцца	57
карэлаў	57
матрыцы	57
тутсі	57
трыпалі	57
цічы	57
пескаўскага	57
насыпаў	57
фінішавалі	57
радашкавіцкі	57
піцейны	57
праём	57
-дакум	57
найтс	57
оккупированной	57
архивных	57
гент	57
ваяводзіны	57
пацукоў	57
пэйсэрз	57
форварда	57
забалочанай	57
карой	57
зьбіцьця	57
кутнія	57
сапрапэлем	57
-гут-	57
старанны	57
прысязе	57
літвенскі	57
крамяніца	57
аповяд	57
сяліба	57
транзыстары	57
страницы	57
электронный	57
перешли	57
намалявана	57
дунілавічы	57
шахматныя	57
авіцэна	57
дорскага	57
кульбака	57
земль	57
надпарадак	57
ёдзкага	57
тахарскай	57
эўропі	57
значацца	56
дамініканцаў	56
уніятаў	56
царызму	56
трамвая	56
крупскай	56
зьніч	56
каляніяльныя	56
альгарытм	56
пісьмовага	56
адмаўленьня	56
доказу	56
райхам	56
нямецкамоўных	56
ваяводзкі	56
кому	56
барысаглебская	56
меншага	56
вадкім	56
прэтэндуе	56
ўпрыгожвалі	56
прызы	56
процілеглым	56
начало	56
разнавіднасьцяў	56
цагляныя	56
утворанай	56
спэцыялізацыя	56
фэнікс	56
лёгкаатлет	56
эканомія	56
тызэнгаўзаў	56
паплечнікі	56
чэмпіёнкі	56
частковае	56
славутага	56
гарынь	56
ўзаемнага	56
красным	56
лавічы	56
спрашчэньня	56
наўгародзкага	56
віртуальныя	56
габсбургі	56
абедзьвюма	56
сфармавала	56
намінальна	56
спажывецкіх	56
максіму	56
псыхалягічны	56
рагойша	56
бачу	56
макартні	56
рэгенсбургу	56
ждановічы	56
ўтварыў	56
досьледнай	56
магнат	56
думцы	56
вастрабрамскай	56
маніфэсту	56
лпк	56
высо	56
ўжыў	56
ігры	56
лэсьлі	56
джэніфэр	56
чарнобыльскі	56
графіку	56
параўнаць	56
аляксандрай	56
дапаўненьняў	56
мало	56
перакладчыка	56
сквэру	56
балотныя	56
джэф	56
актыўнымі	56
джэрэмі	56
адценьняў	56
боты	56
западно-руссизм	56
жупранскага	56
датчане	56
баз	56
дзьвінскай	56
восьмая	56
бм	56
каруся	56
бліжэйшы	56
прыцягваў	56
мантыі	56
фундатараў	56
подле	56
паляка	56
дыскусія	56
напружаньня	56
франтоў	56
доўнар-запольскі	56
выкарыстаньню	56
марыйцы	56
жылінскі	56
ложак	56
злучаным	56
гэрман	56
сукупнага	56
патэнцыйна	56
баран	56
паслугу	56
гастролі	56
ляціць	56
гандурасу	56
прамысловую	56
разграміў	56
качынскі	56
кліпы	56
маладзей	56
пскоўская	56
будаўнічая	56
станкоў	56
вырошчваньні	56
сожу	56
кардон	56
валокны	56
распрацоўваць	56
вячэрні	56
ўпаміналіся	56
старалітва	56
жылуновіч	56
кастр	56
паляваньнем	56
нарбута	56
рымша	56
фанэтычны	56
смаленшчыне	56
рэдагаваньні	56
сыс	56
валамі	56
рэдактар-выдавец	56
сталінскага	56
пунктуацыі	56
нематэрыяльнай	56
праявай	56
нага	56
дапаўненьні	56
кардынальна	56
территориальных	56
фрайбург	56
гітарыста	56
пісталета	56
ўнясеньня	56
нападае	56
распрацоўвалі	56
жорсткасьць	56
пераносяць	56
вялікасьці	56
адважны	56
менчукі	56
сэрб	56
радавы	56
кругі	56
нічыёй	56
уланаў	56
матрыца	56
белгародзкай	56
вайскова-паветраныя	56
нацысцкае	56
разгон	56
дзявочае	56
раманскія	56
быхаве	56
рэмбрант	56
аб’яўляе	56
власть	56
мальтыйскага	56
апосталы	56
тытус	56
носу	56
тахо-годи	56
прыгажуня	56
пратоку	56
магнітныя	56
ўтворанае	56
лінгвіста	56
прапагандаваў	56
быдгашч	56
зялёнае	56
падзяліліся	56
ўступаць	56
пасольскага	56
суматры	56
гарбату	56
літоўцамі	56
чагосьці	56
патрэб	56
кубкі	56
выдатная	56
сла	56
вострым	56
од	56
засяляюць	56
тваё	56
юрыста	56
дабраўся	56
густа	56
прыбор	56
сулеймана	56
нафтапрадукты	56
дэсэрты	56
кантралявала	56
гамбіі	56
аўстралійскіх	56
лк	56
арабскімі	56
годе	56
шаланда	56
крыза	56
кіруючых	56
папскага	56
выразную	56
московский	56
происхождении	56
пераемнасьці	56
ўласьцівасьцяў	56
канцэнтрацыйныя	56
дарагім	56
фактычнай	56
населеная	56
путчу	56
заняліся	56
клайпеды	56
людвіку	56
эсэісты	56
набытыя	56
няўдачу	56
перавёз	56
жорсткасьці	56
паслалі	56
страце	56
палатаў	56
фашызм	56
камарын	56
глядзелі	56
дыяс	56
данбас	56
бук	56
арлы	56
абменны	56
пакараньняў	56
служачых	56
тытулярным	56
гід	56
данным	56
гішпанец	56
дынастыю	56
заваёва	56
ўварвалася	56
ліёну	56
пазыцыяй	56
францускаму	56
уладароў	56
бухта	56
рокаш	56
контур	56
усерасейскага	56
базавага	56
ля-каруньня	56
дыпляматычным	56
нарис	56
сьведкаў	56
перабудаваў	56
клічаў	56
леччэ	56
унёскаў	56
лаўрышава	56
нацбанк	56
паэтэса	56
канзас-сіці	56
капіталізацыі	56
банда	56
міраслава	56
івашка	56
ўзаемную	56
гелянова	56
корчмы	56
бнту	56
пагоркі	56
рыштунку	56
настойліва	56
прадпрымальніка	56
цэ	56
балаховіч	56
азартных	56
рызыка	56
заахвочваньне	56
пяхоту	56
падпалілі	56
сказаўшы	56
рэкляме	56
ніцца	56
ядвігіна	56
патрыятычнае	56
дзядок	56
паказы	56
карысьці	56
кейнз	56
сочыць	56
прыналежнымі	56
нявесты	56
практыкаваньняў	56
паводзіць	56
падлеткам	56
белорус	56
кні	56
віа	56
брава	56
ліворна	56
камбінацыя	56
рэдагаваньне	56
сўонсі	56
любви	56
замойскіх	56
тэхнічна	56
саранск	56
сталёвыя	56
рудзенск	56
іранскага	56
барацьбой	56
кезгайла	56
адз	56
аднаполыя	56
адзежы	56
груба	56
адлюстроўваць	56
панараме	56
мк	56
прысьвяціла	56
канстытуцыйным	56
дамбы	56
супрасьлі	56
калашнікава	56
насаў	56
парлямэнцкага	56
шас	56
краснапольле	56
важыць	56
алесандра	56
вія	56
акупавана	56
сэксуальнага	56
выставілі	56
самаходы	56
виленскою	56
ізабелін	56
брыгадзе	56
паветранае	56
гвардзейскай	56
баяліся	56
дзяўчынку	56
міста	56
араб	56
’рада’	56
українознавства	56
сморгонь	56
пособников	56
селеменев	56
дрысенскі	56
навапольскі	56
сэзам	56
працаўнікам	56
падборы	56
алімпійскую	56
дастасоўнай	56
-схільнымі	56
кубань	56
харкаўская	56
касьцюмы	56
лаздуны	56
скопішча	56
міжкантынэнтальнага	56
нэфа	56
лапах	56
фінальную	56
халопеніцкага	56
парнаграфічных	56
астэрыкс	56
аляксандара	56
заяўцы	56
кеплера	56
юрацішкаўскай	56
лінова	56
краснадар	56
жупранскі	56
германавіцкага	56
набойніцы	56
защитник	56
дыкірх	56
бабчанкі	56
нутры	56
дрыгавічоў	55
цэхаў	55
электрон	55
парог	55
скараціліся	55
налічваюць	55
сябра-карэспандэнт	55
досьледаў	55
падтрымлівалася	55
экалягічная	55
параўнальная	55
лаўрэнці	55
пасадам	55
бровки	55
магілёўшчыны	55
завулкі	55
бэтговэна	55
дрэваапрацоўчая	55
супольнае	55
ап	55
кінафільмаў	55
захаваньню	55
вінаградаў	55
санкт-пецярбурга	55
прабіліся	55
прызнавала	55
супрацьдзеяньне	55
вяроўкін-шэлюта	55
паўмесяц	55
ракетнай	55
ашмянка	55
ясінскага	55
паўстанцкія	55
асьвятляе	55
тапанімікі	55
станькаўскай	55
кравецкая	55
ягелонаў	55
ўтрымаць	55
славаччынай	55
нідэрляндамі	55
кангрэсам	55
тыроль	55
раўнінная	55
датычыць	55
інвэстараў	55
вілі	55
галівудзе	55
бульбай	55
абуджэньня	55
езус	55
антанас	55
харон	55
андора	55
батсвана	55
вэргіліюс	55
бора	55
галілей	55
тэарэмы	55
галілея	55
рэлятыўнасьці	55
хадзіла	55
канвэнцыю	55
архібіскуп	55
матыяс	55
павесілі	55
вякі	55
інфарматыцы	55
археалягічная	55
-ты	55
таемнага	55
скрыпцы	55
горам	55
намагаючыся	55
падараваны	55
спэнсэр	55
юшкевіч	55
вясну	55
знаўца	55
валяр’ян	55
кніжку	55
аплата	55
дошак	55
ахоўнік	55
вячоркі	55
арытмэтыка	55
дапаможнікі	55
лоб	55
прыезд	55
паездка	55
дарадцаў	55
манэце	55
эгіпецкага	55
сюжэтам	55
зводны	55
ульрых	55
учора	55
гаўса	55
банту	55
адмовіўшыся	55
луцкага	55
іцхак	55
леанідам	55
канд	55
д-ра	55
архіўная	55
ніякі	55
мб	55
эгейскага	55
бору	55
працэдуру	55
кансультацыяў	55
злом	55
калектыўныя	55
паляўнічага	55
мностве	55
подзьвігі	55
супрацоўніца	55
работніка	55
руцкі	55
дамейкі	55
куры	55
пратэктарату	55
сло	55
ўмацаваныя	55
слов	55
барэці	55
ткачова	55
сканцэнтраваныя	55
цаглянай	55
перапрацоўка	55
абмеркаваньні	55
прэстыж	55
касьцюк	55
жабракоў	55
-павярховымі	55
дружынай	55
капылі	55
шыдлоўскі	55
малафееў	55
адстойваў	55
касьцюковічы	55
аколіца	55
згубы	55
асавец	55
павялічвацца	55
часах	55
ілья	55
панства	55
пашкоджаныя	55
ігна	55
клапаціўся	55
агінская	55
булавы	55
яд	55
розгалас	55
нерухомай	55
ўзьвядзеньня	55
гавары	55
тонкіх	55
пошукам	55
штаб-кватэрай	55
афрыканскім	55
структурамі	55
канфэсіі	55
павёў	55
ўнітарнага	55
главным	55
раўнда	55
сумневы	55
вальдэмар	55
амапу	55
мільёнамі	55
сярэднявечнае	55
султанам	55
дзю	55
засьведчыла	55
біржах	55
адпаведнік	55
дасьледчыка	55
эпічная	55
блякады	55
фэліні	55
феномен	55
мэтадалёгіі	55
экстрэмісцкіх	55
ідэалаў	55
выражэньня	55
граху	55
віскі	55
паўсядзённым	55
набліжэньні	55
прыступу	55
перамешчаных	55
дзікія	55
дасьледчыкам	55
мінімуму	55
базавы	55
карыстальнікамі	55
пакеты	55
сьпяваюць	55
твая	55
басьнійская	55
ізатоп	55
канадзкім	55
сшыткі	55
існай	55
аднолькавымі	55
пранікае	55
паўночна-ўсходніх	55
будучую	55
къ	55
ягад	55
ўказаньні	55
сьцябло	55
пірог	55
гатуецца	55
калумбія	55
вытворцамі	55
мужнасьці	55
пакланеньне	55
паведамленьнем	55
твайго	55
хмызьнякоў	55
гвалтоўнае	55
зьбіў	55
лясную	55
пераемніка	55
імшу	55
ваўкоў	55
апынуцца	55
свабоднае	55
дзіцё	55
рэстараны	55
найважнейшы	55
скае	55
біць	55
грыба	55
кансэрватыўна-хрысьціянскай	55
акружэньня	55
амэрыканец	55
коньніца	55
інтарэсамі	55
карэю	55
жамойцю	55
усталяваньні	55
прыбыло	55
прызнавалася	55
палярная	55
пляменьніца	55
фабіё	55
прыморскім	55
пэрспэктыўных	55
сабаку	55
зранку	55
начыньня	55
палярнага	55
адчуваюць	55
лейб-гвардыі	55
сваёю	55
ажыцьцявіла	55
ўмяшальніцтва	55
грэцкімі	55
праектаваньні	55
маскальскай	55
продажам	55
аўтакефаліі	55
цёплыя	55
люцічаў	55
дынамічна	55
мандату	55
піраты	55
гарыць	55
барсэлёнай	55
кансэрватыўных	55
ліцьця	55
сабораў	55
супраціўленьня	55
гукамі	55
падвойнай	55
русско-ливонские	55
удару	55
задумаў	55
біятэхналёгіі	55
цеплавых	55
асманскае	55
перасягнуў	55
кафэ	55
пасылкі	55
ляўра	55
бургундыі	55
саюзаў	55
прымаліся	55
падразьдзяленьнямі	55
фрыз	55
рэкордны	55
канадзец	55
запрашалі	55
армянскую	55
адказныя	55
кампус	55
чужая	55
адпушчаны	55
жытоміры	55
павагай	55
біржай	55
грэск	55
флянзе	55
межаўскі	55
ўзначальвалі	55
ладам	55
шаркоўшчына	55
шаркоўшчынскі	55
адданы	55
што-небудзь	55
зазначана	55
рабі	55
іра	55
рыман	55
забіваў	55
гмін	55
сваркі	55
навальніца	55
пярэдні	55
кідок	55
калізэй	55
выяўляць	55
сьвяточны	55
траўма	55
контракта	55
закліканы	55
мардовія	55
бандарчык	55
прадпрымальнікам	55
дротам	55
незадаволенасьці	55
выключных	55
ножка	55
гарызонту	55
палюбоўнік	55
пратэстах	55
кутаісі	55
нідэрляндзкіх	55
адчыненыя	55
тэлевізараў	55
зьдзяйсьняў	55
натхненьне	55
міл	55
борис	55
афіцэрскі	55
юрыстаў	55
астраўцу	55
энэргетычныя	55
перакрыцьці	55
тэраса	55
вэрсій	55
дандзі	55
магазін	55
сьлізень	55
жжа	55
радрыгес	55
прыладах	55
перакрываюцца	55
самахвалавіцкага	55
преступления	55
дюков	55
харлінскіх	55
грушевського	55
паўшар’е	55
мэтрах	55
рышар	55
гэмілтан	55
выбылі	55
дакрочыла	55
шахматны	55
выгулялі	55
мацаваньня	55
прамяні	55
плоцкае	55
вагонах	55
праёмам	55
тарноўскі	55
эльжбэты	55
шабаны	55
выстаўкі	55
юас	55
койпэра	55
сямятычы	55
накрытая	55
завершаным	55
карнізы	55
акцябарскага	55
серпня	55
гугла	55
кабыльніцкага	55
будслаўскай	55
авіякатастрофах	55
мэдальны	55
мартинъ	55
копъ	55
бішэўскі	55
азс	55
воеводстве	55
аренды	55
юнацтва-менск	55
старажытнаірляндзкай	55
варацец	55
самаробнае	55
пагранкамітэту	55
ауст	55
мж	55
нбк	55
мяняць	54
транскрыпцыя	54
падзелах	54
раманаўская	54
сімвалы	54
сталінскі	54
кінастудыя	54
адносінамі	54
кулік	54
стэфанія	54
абапіраюцца	54
павязаны	54
зьдзейсьнена	54
будаваньні	54
графічнага	54
узьвіжанская	54
загоны	54
ўдзень	54
крот	54
пацукі	54
чарапаха	54
дзіцяча-юнацкая	54
магілеў	54
складзенага	54
альгердавіча	54
ваяводаў	54
сакральныя	54
фары	54
зьвязаць	54
ўцекачы	54
упамінаюцца	54
бабруйскае	54
згубіла	54
экстралізе	54
харчовае	54
новасыбірску	54
скарбніца	54
плыньню	54
него	54
корж	54
романов	54
музэйны	54
канстанцінам	54
-мэтровай	54
валейбольны	54
грамадзка-палітычнае	54
папулярызатар	54
цагляная	54
клімковіч	54
даля	54
карнай	54
дакумэнтальна	54
шалі	54
даведкі	54
турысты	54
скай	54
асманамі	54
нэўтралітэту	54
бэтговэн	54
пчолы	54
вольную	54
эвакуяваны	54
віялянчэль	54
сузаснавальнік	54
веравызнаньне	54
мэмарыяльнай	54
фэльдмаршал	54
касьцельнай	54
імпрэзаў	54
балівія	54
барбадас	54
сахара	54
бас-гітарыст	54
віцьбіч	54
атама	54
атэізму	54
распаўсюджваліся	54
эгіпецкая	54
гімнастка	54
шыбеніцы	54
дасьледнікамі	54
імавернасьць	54
крыкет	54
паняцьцем	54
юстыніяна	54
каталёнскі	54
радавым	54
выдатнымі	54
філярэтаў	54
акварэлі	54
оўэн	54
подзьвіг	54
памяшканьнямі	54
эпохай	54
ўдасканаленьні	54
паўтарае	54
удавой	54
земскай	54
дасылаў	54
рэвэрсе	54
хавацца	54
роздум	54
адценьні	54
гарыбальдзі	54
тумаш	54
дэма	54
даследаванні	54
спэцыялізаваўся	54
румынскіх	54
прыводзіў	54
аблажылі	54
арандаваў	54
брага	54
ўзораў	54
хрысьціянскімі	54
беларусіка	54
парадкі	54
вынішчэньне	54
румыны	54
казахі	54
фашысты	54
настаўніцкіх	54
спальваць	54
проблема	54
матэйка	54
двайны	54
запасамі	54
спажываюць	54
інтэграцыю	54
існага	54
эўразоны	54
франкфурце-на-майне	54
чума	54
культуроляг	54
ўкараненьне	54
слоніма	54
надворнага	54
жыровіцкі	54
прыстасаваныя	54
ляхавічаў	54
чэзарэ	54
яраславіча	54
рыбанька	54
ўрыўкі	54
даказана	54
ліпы	54
нафтаправод	54
ранку	54
іспытаў	54
перамясьціўся	54
інвэстыцыйных	54
адыходзілі	54
аўто	54
норман	54
ўказвае	54
вапны	54
браславе	54
зьнішчыла	54
луцкевічам	54
выкрывае	54
выбітнымі	54
кружэлка	54
мялешка	54
адбыў	54
сыдні	54
шматгадовую	54
аптычных	54
вярцінскі	54
анархізм	54
вострых	54
выпадковых	54
наступіла	54
супярэчлівыя	54
беларуска-польскі	54
нцыя	54
воляй	54
сёмая	54
агародніцкі	54
письма	54
прыгажосьцю	54
дадаткамі	54
аўтарытэту	54
даводзіць	54
прэс-сакратар	54
блякаваньне	54
гоя	54
найму	54
вырабленых	54
мусульман	54
дзявяткавічы	54
алейнікаў	54
прэтэндавалі	54
дыпляматычны	54
бомбу	54
памешчык	54
танкамі	54
гусей	54
апостальскія	54
тэлевізійным	54
эка	54
постсавецкай	54
браўна	54
роберт	54
дыплямата	54
пераадолеў	54
фармальнага	54
дамачава	54
кіры	54
русінская	54
узбэцкая	54
маўляў	54
апублікаванай	54
тыбэрыюс	54
якаба	54
падавалася	54
пораху	54
чалавечую	54
правадыры	54
санэты	54
шульц	54
алькаголь	54
пратаколе	54
коміксы	54
альтэрнатывы	54
падвойная	54
дзеліць	54
рэцэптаў	54
доступе	54
лёгкасьць	54
паўстаюць	54
аятала	54
абышоў	54
лічэбнікаў	54
кагосьці	54
нэўтроны	54
атамамі	54
выбіраюць	54
дзелавой	54
намэнклятуры	54
перасоўваньне	54
мовазнаўстве	54
вылучаць	54
ўзорамі	54
ер	54
кірылічным	54
адыйшлі	54
фэрнанду	54
небясьпечныя	54
гатавалі	54
дрожджы	54
гарох	54
дзясятак	54
дзьвярыма	54
ўпала	54
страваваньня	54
забытая	54
цёмных	54
ккал	54
мыты	54
затокай	54
замацаваныя	54
камэрцыйна	54
дзявятым	54
слоем	54
трысьнёг	54
харчовага	54
бгкц	54
няпоўны	54
каліта	54
міжземнамор’і	54
пасту	54
ўраджай	54
незадавальненьне	54
паспрыялі	54
вільготнасьці	54
вылучыўся	54
надзейнасьць	54
абаронены	54
рэалізуе	54
бсс	54
таўцівіл	54
дакладзе	54
заваяваньне	54
рукою	54
расія	54
уключала	54
кансэрватыўная	54
дзялілася	54
паабапал	54
выказьнік	54
прыходы	54
формування	54
вытворным	54
старадаўняй	54
абіраліся	54
адпраўленьня	54
мажэйкі	54
адмовай	54
меж	54
гедзімінавічы	54
ўтрыманьні	54
татарскае	54
древностей	54
германская	54
папства	54
прыбалтыцы	54
сумесная	54
лічу	54
ўіліс	54
голы	54
росьпіс	54
вартай	54
рэпрэсіямі	54
даслалі	54
міжземнае	54
вэрона	54
агітацыя	54
падвід	54
мармур	54
дзяржбясьпекі	54
карпат	54
танцах	54
люара	54
ляхі	54
прамежку	54
фіна-вугорскае	54
адборачныя	54
макрон	54
ўства	54
ўзвышаюцца	54
раўналежна	54
цырымонію	54
умова	54
адзначала	54
пачынальнікам	54
ісламскае	54
спаборнічае	54
бан	54
натхніў	54
машынай	54
киевского	54
выяваю	54
сямашкі	54
рэйсаў	54
мэксыку	54
ам	54
куплю	54
пяском	54
пасьпяховую	54
паолё	54
зыходзе	54
іванаў	54
фрэнсіса	54
ходзькі	54
-годдзе	54
танкавая	54
вылічэньняў	54
лісоўчыкі	54
расчараваньне	54
лявіцкі	54
друг	54
дысьлякацыі	54
парэ	54
царыцы	54
замойскі	54
царквою	54
станькава	54
тампэрэ	54
таемным	54
рамуальда	54
прыгодаў	54
спробах	54
труп	54
музыкальнай	54
захапляецца	54
катрын	54
забродзьдзе	54
сконэ	54
дарослы	54
ўтрымоўвае	54
забіваючы	54
павысілася	54
рэстаўрацыйныя	54
марчук	54
давалася	54
уладаром	54
лішкі	54
белэн-	54
бежанства	54
незаконныя	54
думаю	54
кейптаўн	54
энциклопедии	54
правал	54
зімовая	54
ганаровую	54
карэйскага	54
арках	54
затрыманьне	54
лаўрышаўскага	54
будслаўскі	54
дыяганалі	54
перапісы	54
трубаправодаў	54
праўкамі	54
другие	54
ф-	54
мангольскіх	54
баравое	54
пробашча	54
жукі	54
карпарацыяй	54
гералт	54
’бой’	54
раённае	54
малоритского	54
прастакутных	54
шахматных	54
кінэматографе	54
флігелі	54
клюбнай	54
р-на	54
давности	54
харлінскі	54
ўстойлівасьці	54
удзельніц	54
летнім	54
асабовая	54
мэркурый	54
выражаецца	54
чжэн	54
здымкамі	54
размалёўкай	54
сьвята-траецкай	54
іёны	54
інтэрнацыянальная	54
вісьбю	54
чэхаславацкія	54
ільва	54
данецкага	54
немана	54
апорныя	54
паўнамоцнага	54
київської	54
цмокаў	54
ордэру	54
кушаля	54
сабанджы	54
бэшыкташ	54
ужгарад	54
сыстэмаю	54
славіяй	54
років	54
камандоўцам	54
бойз	54
загадніка	54
грак	54
чоловека	54
катані	54
марценюк	54
форге	54
гапоненка	53
шпілеўскі	53
завулкаў	53
петрапаўлаўскі	53
рэгулярнае	53
дозы	53
анжаліка	53
публіцыстка	53
поглядам	53
дваране	53
падданымі	53
шляхцічаў	53
пасярэдніцтва	53
памятник	53
рыцарамі	53
её	53
генэральную	53
тактычнай	53
мэльхіёр	53
старабеларускую	53
руд	53
зьмяненьнем	53
цагельны	53
праклалі	53
рэльефам	53
маркаўшчына	53
даўгяла	53
трансьлітарацыя	53
навалы	53
падмацаваньне	53
стайня	53
тэмпамі	53
камбіната	53
дысыдэнт	53
штурме	53
францысканцаў	53
піншчыне	53
падзелы	53
выхаванцы	53
увод	53
архітэктурнае	53
рыторыку	53
фіксавалася	53
патоп	53
пазьнейшае	53
правапісе	53
института	53
жыльлёвых	53
выд-ва	53
іншаземных	53
перайменаванні	53
карэнным	53
ярослав	53
законах	53
трамвайная	53
сплаты	53
непасрэднае	53
данскіх	53
ацтэкаў	53
сэрбамі	53
дэталёва	53
падмуркам	53
абвінавачаных	53
гватэмала	53
паўтараюцца	53
перадаваў	53
пракоф’еў	53
мараплавец	53
дамброўскі	53
лібэралаў	53
называла	53
тваім	53
кляўдыюс	53
здановіч	53
дэманстрацыю	53
лютэранскі	53
узышоў	53
тэлевядучы	53
аўтадарог	53
быль	53
выключнае	53
пасаджаны	53
промні	53
мар	53
эміратаў	53
саўчанка	53
публікуюцца	53
прадзед	53
канстантынам	53
пецярбурзе	53
лібэральныя	53
зьвязваў	53
мазыра	53
адлюстроўвалі	53
сьмела	53
архітэктурная	53
перавыдавалася	53
іграў	53
клявішнік	53
дзеячом	53
разьмяшчэньню	53
эстонскую	53
дасягнутыя	53
глядацкіх	53
выдавецкую	53
доктарскай	53
трактаце	53
друкаваная	53
доктора	53
который	53
адпусьцілі	53
пажадаў	53
дела	53
храніст	53
ўдасканаленьне	53
абласную	53
тытан	53
ўночы	53
аўкцыёне	53
падвіды	53
імрэ	53
будкін	53
зьніжае	53
праграмны	53
аналягі	53
нетрах	53
тыповай	53
кампанэнтам	53
райс	53
аблокі	53
зьнешнюю	53
брэд	53
дадаюцца	53
аляксюк	53
сонцы	53
камбайн	53
паўстагодзьдзя	53
зялёную	53
мінулыя	53
калекцыяў	53
ўладай	53
льну	53
налічваўся	53
ваяводзтвам	53
шчыльная	53
сьмяротная	53
абдул	53
прыкметным	53
падтрыманьні	53
штотыднёвыя	53
колца	53
манаскага	53
сукнавальня	53
праславянскае	53
аднаўляецца	53
прычыненьне	53
кадафі	53
восаўскі	53
смаленскіх	53
дуду	53
гілары	53
ініцыятывай	53
унітарныя	53
салаўі	53
думе	53
анічога	53
конф	53
аранжавы	53
зьменах	53
падрыхтаваных	53
морс	53
югаславію	53
прысуджаная	53
географы	53
перамір’я	53
вучылі	53
канфэдэраты	53
штодзённа	53
прысьвечанае	53
рока	53
парны	53
пустая	53
бывай	53
раіць	53
сілаю	53
дзікарослых	53
путч	53
дзве	53
турах	53
абэль	53
тэле-	53
мата	53
запісваў	53
паказвала	53
блякада	53
мэрылін	53
мірна	53
глаголіцы	53
хрыстафора	53
сэуле	53
яганэс	53
нарвэгіяй	53
ган	53
рытуал	53
лаўскі	53
эспэрантыстаў	53
павук	53
бальшавіцкіх	53
выніковым	53
дзіна	53
бала	53
ўзяцьці	53
бэнкс	53
фармаваць	53
марыян	53
віньніцы	53
гасьцямі	53
парасткі	53
генэтычна	53
літургічных	53
дыялектных	53
мазавецкае	53
адзначыліся	53
належнага	53
рухаліся	53
старо	53
вырошчваць	53
нарвэскіх	53
напісаньнем	53
аўтарскае	53
сьпіна	53
вырабляўся	53
сэнатам	53
дабрачыннай	53
сумесьсю	53
дарагі	53
карычневага	53
малдовай	53
ваявала	53
закарпацьці	53
харватыяй	53
азіяцкія	53
каталіцкімі	53
мякаць	53
маладому	53
тонкімі	53
дзік	53
сьпіну	53
арак	53
пажыўных	53
годнага	53
шчыльнай	53
судак	53
ключоў	53
збоку	53
прачытаць	53
дном	53
грышкевіч	53
арганізацыям	53
дазваляючы	53
паўзуны	53
скарысталіся	53
апаратам	53
эўрапейцам	53
атаясамліваецца	53
перакананьне	53
перадавых	53
нагодай	53
аўганістанам	53
завяршылі	53
здабыткі	53
актуальных	53
мэзаліту	53
комиссиею	53
іт	53
амбасадараў	53
плянэтай	53
вуглякіслага	53
гуркоў	53
ляво	53
псыхічнага	53
нэнсі	53
чэслава	53
паглыбленьне	53
зомбі	53
трафэі	53
дані	53
ганеньні	53
президент	53
надпісу	53
пэтэра	53
бляск	53
брыгадай	53
публічным	53
пляменьнікам	53
пячорах	53
амазонкі	53
падрыў	53
лашкевіч	53
калені	53
зьбегла	53
назіраліся	53
арганізаванае	53
рыё-дэ-жанэйра	53
мініятуры	53
інфэкцыйных	53
грыпу	53
воспы	53
прыморскі	53
шатляндцаў	53
хаосу	53
адпраўкі	53
баболі	53
папаўненьня	53
арыя	53
сёньняшнім	53
самотнікаў	53
перамяшчэньні	53
санкт-пецярбурзе	53
пастарунак	53
нарачанскага	53
абед	53
дубро	53
вэстфаліі	53
кіданьні	53
баранаў	53
эскабар	53
падачу	53
трупу	53
тэкля	53
цаной	53
любамірскі	53
ўстаноўлены	53
смаляны	53
расасна	53
распаўсюджваў	53
планеты	53
паліцэйскага	53
вуліцам	53
віт	53
працэсара	53
азіяцкай	53
каляніяльнага	53
патрыятычная	53
хвароб	53
допыт	53
страчы	53
нараджаюцца	53
політэхнічным	53
стандартнага	53
ромы	53
аўтамабільным	53
система	53
фізкультуры	53
засноўвае	53
адхіленая	53
фронта	53
кандыдатамі	53
біялягічна	53
падпольлі	53
грузіяй	53
нястача	53
галаўной	53
мгу	53
краса	53
тоўстая	53
французам	53
чэнду	53
палкоўнікі	53
гэндэль	53
трагедыю	53
рэзэрвовага	53
тэклі	53
знайшоўшы	53
выказваць	53
пастку	53
ля-каруньні	53
ведамствы	53
лікамі	53
віялянчэлі	53
каціных	53
элементы	53
прыгожай	53
шэсць	53
гадавую	53
пальцамі	53
янушэвіч	53
хаджы	53
ярэмія	53
клан	53
оўруцкім	53
чкі	53
уладзівасток	53
бутгер	53
залу	53
вытворчасьцяў	53
першамайск	53
зьняволеныя	53
выратавацца	53
ўілсана	53
канцамі	53
дзесяціна	53
хадасы	53
арэала	53
жавускі	53
жо	53
зяновіч	53
нацистов	53
демянюк	53
скароднае	53
жытомірскага	53
вірконт	53
саргоўд	53
шведа	53
высоцкага	53
преобразовании	53
варнянскім	53
області	53
дзельныя	53
сыксэрз	53
трэйл	53
высланае	53
гномы	53
опса	53
готарт	53
-схільны	53
коваль	53
пагосцкі	53
салечнікі	53
бакштаўскі	53
отдал	53
бахарэвіча	53
гравітацыйнага	53
аўтаматычных	53
сымэтрычна	53
ваяводзкая	53
луіза	53
фэрме	53
аталянта	53
добруш	53
тыля	53
расінг	53
лікавае	53
вад	53
довідник	53
анархістаў	53
кубападобны	53
паселічы	53
калодзескага	53
пяршайскага	53
вярэйкаўскага	53
юдэнрату	53
воўпаўская	53
васильевич	53
пераганцаўскага	53
набоя	53
расцэнкі	53
старк	53
фрода	53
сасуолё	53
гарналыжнікі	53
гарналыжніцы	53
пнб	53
лінгвістычных	52
кніжнае	52
канцэртных	52
лёдам	52
функцыянальных	52
валоках	52
альтэрнатыўных	52
вольнымі	52
макарэвіч	52
соркіна	52
натуральную	52
ўладары	52
гімназіяў	52
нязначная	52
чыноў	52
лялечны	52
гарнізонная	52
казацкія	52
бурмістар	52
саборны	52
магілах	52
цывільнае	52
цячэньне	52
заходу	52
балотная	52
могилевская	52
лыжных	52
далучаўся	52
продка	52
агрэгатаў	52
крымская	52
субкультуры	52
выгнаць	52
паштова-тэлеграфная	52
маскавітаў	52
ўзнагародзілі	52
роварны	52
ноўгарада	52
мурах	52
магутную	52
бяляцкі	52
реєстр	52
дзяржынск	52
кальвіна	52
варонскі	52
аўтарытарны	52
прылягае	52
прыдатныя	52
паэтамі	52
выдавецкага	52
свеце	52
баксэр	52
злачынец	52
вінчэнца	52
хрысьціна	52
военачальнік	52
крысьці	52
вікінг	52
макао	52
прыднястроўе	52
сан-тамэ	52
зьвязаным	52
дэкарта	52
сахараў	52
свободный	52
нелегальных	52
ваша	52
ўмацаваць	52
граніцай	52
кіркор	52
вэрдэр	52
марылі	52
напалеону	52
перакладаць	52
перадаўшы	52
выпала	52
ізатопы	52
перабралася	52
гучалі	52
дасягнутая	52
леона	52
надзелаў	52
вэрфі	52
стоўпцах	52
пачынала	52
шак	52
казлоўскага	52
лексыку	52
арганічна	52
вывучаючы	52
шыльды	52
турку	52
рэпэтыцыі	52
здагадка	52
прафэсію	52
астралёгіі	52
мюнхен	52
зьвязанага	52
пісаньне	52
таленты	52
дасьледнікам	52
палёх	52
чысьціню	52
біблейскія	52
ласку	52
прывезены	52
адмоўных	52
бранскі	52
усьпенскі	52
падольскі	52
чарнігаўскі	52
мальер	52
практычны	52
рак-міхайлоўскі	52
вінавальны	52
выконвацца	52
агародніны	52
караблём	52
гідра	52
адмену	52
своеасаблівая	52
палатай	52
стаповіч	52
сэкты	52
мастацтвазнаўцы	52
павялічваюць	52
выключнай	52
лекцыя	52
сістэма	52
рэйтынгі	52
саакашвілі	52
сіповіч	52
дываноў	52
сьвецкая	52
нясвіж	52
прыкмета	52
стыва	52
азіяцкага	52
прапойскі	52
шынаў	52
пясковыя	52
шкляных	52
ўдзельніцай	52
індывідуальная	52
шавецкая	52
арцелі	52
масіве	52
момантаў	52
бураўкін	52
уласаў	52
атрымоўваюць	52
жалезным	52
быт	52
анімацыі	52
антановіч	52
канстанта	52
хросны	52
пасьляваеннай	52
цівун	52
пазнаёміцца	52
жаху	52
кодэксы	52
ўжываў	52
сынонімы	52
зацьверджаньне	52
існаваньнем	52
відамлянскі	52
чк	52
супрацьстаіць	52
фармацыі	52
амністыю	52
флемінг	52
страны	52
прыяжджалі	52
паранена	52
гавана	52
абслугоўвалі	52
камандам	52
фінішу	52
супернікі	52
тренер	52
страчана	52
трэнэрскага	52
срэбраных	52
аніводнай	52
габрыеля	52
нільс	52
шаснаццаць	52
фостэр	52
дыктатуру	52
зарэцкі	52
цьвер	52
марый	52
сокэ	52
мумбаі	52
мілаша	52
арагону	52
контрарэфармацыі	52
снайдэр	52
норт	52
бадэн-паўэл	52
пэры	52
дзюма	52
піка	52
нацысцкія	52
празваны	52
атлет	52
гог	52
выбарчую	52
сыльвія	52
мана	52
дырыгенты	52
упэўнены	52
скале	52
прадусараў	52
ўласьцівая	52
назоўнікам	52
карысным	52
пратонаў	52
дырэктары	52
царкоўнаславянскае	52
жыціе	52
прагрэсіўнай	52
знаці	52
частина	52
норму	52
арта	52
марыля	52
рыкі	52
аддзеленыя	52
пастоў	52
рацыён	52
па-жамойцку	52
зьбіраньне	52
сьнегам	52
зія	52
астраўных	52
здабыцьцё	52
будні	52
выбухі	52
штогадовую	52
манархіяй	52
мц	52
вітаміну	52
сюжэце	52
матэрыяльна	52
аналягічных	52
болі	52
шыфраваньня	52
сакрэтны	52
скіргайла	52
люблінскі	52
грахі	52
сем’ях	52
працаўнікамі	52
нарачы	52
адраджэньнем	52
мандаты	52
павешаны	52
тэматычны	52
валадарыў	52
незаконных	52
носьбітам	52
крайчы	52
неарганічныя	52
дону	52
апісвала	52
распаўсюджанасьць	52
выхадзец	52
абвясьціўшы	52
крэдытаў	52
партнэры	52
печать	52
валадароў	52
бортніцтва	52
неадпаведнасьць	52
панявеж	52
пліце	52
союз	52
укладаў	52
шэр	52
выкупіла	52
заранка	52
франты	52
ігумену	52
вар’іруецца	52
першапачатковых	52
футаў	52
спэцслужбамі	52
дынастыяй	52
аргкамітэту	52
сардыніі	52
суполкай	52
франка-прускай	52
лібэральная	52
адмоўнае	52
палявога	52
штрафной	52
адэская	52
полаг	52
архібіскупа	52
д’ябал	52
акцыянэраў	52
зазнаўшы	52
далёкасьці	52
дайсьці	52
кавэр	52
унии	52
базыляны	52
грэка-каталіцкія	52
паэм	52
прус	52
пасяджэньняў	52
маратон	52
калёніямі	52
дуброўніку	52
пратэстанцкага	52
сяльцы	52
найбагацейшых	52
брэндан	52
спрошчаная	52
сяродкрыжжа	52
пасажырскага	52
транснафта	52
ратыфікацыі	52
лінейны	52
ньюфаўндлэнд	52
карпацкая	52
найміты	52
гульнёвы	52
тыфу	52
заяўка	52
актору	52
любамірскіх	52
фасмер	52
здароўю	52
падчашага	52
адступіла	52
стралічаў	52
шумілінскі	52
прапаведаваў	52
гражына	52
падпісваў	52
праваабарончыя	52
заслуг	52
дэмакратычным	52
працэсараў	52
дамінаваў	52
вытворчую	52
ўральскае	52
прасторах	52
слабога	52
цмокі	52
грабніцы	52
вакацыі	52
газавы	52
трэнта	52
бэнэвэнта	52
частасьцяў	52
стась	52
лёгкімі	52
дыхальных	52
галяктыцы	52
сэкцыю	52
разьбой	52
індустрыялізацыя	52
натхніла	52
станоўчых	52
пухліны	52
прыгарадных	52
лётнішчы	52
выбіў	52
адабраў	52
бавоўна	52
электрамабіляў	52
ухілам	52
теория	52
судзьдзёй	52
бачнае	52
аўстралійскай	52
люцыюс	52
карлікавая	52
дэкаратыўнымі	52
тарцы	52
падольскай	52
брэдлі	52
акруг	52
дакладам	52
корпусы	52
рэарганізацыя	52
мдб	52
дапамагаючы	52
арыентаванай	52
уцякае	52
герда	52
фэрму	52
пяціканцовая	52
дамаску	52
прадстаўніку	52
партугальскае	52
падлесьсе	52
олд	52
прыпыненьні	52
агаро	52
выбілі	52
гермонт	52
палонка	52
крыжамі	52
вяль	52
гарадная	52
сутарэньні	52
ручная	52
дракулы	52
тэрміналы	52
бараўскі	52
бэна	52
тэрмадынамікі	52
барда	52
судьбы	52
нумарацыі	52
лаўкі	52
аэрадроме	52
грунты	52
касьцюкі	52
сказки	52
выкана	52
супернік	52
лорда	52
залях	52
скачку	52
абсталявалі	52
маісееўшчынскі	52
пабожны’	52
министра	52
іё	52
загальле	52
пераганцаўскі	52
трабскі	52
бялыніцкі	52
падвескі	52
юркавічы	52
прыпісаны	52
бандарэнкі	52
азэрбайджанскага	52
прафіляваным	52
т’юрынга	52
лівэрпула	52
ўінгер	52
сандэрлэнд	52
катоў	52
граніта	52
міхайлаўка	52
таўроскага	52
прадухіленьню	52
бігік	52
храпкаў	52
ёлча	52
забалацкага	52
гкс	52
гоначнік	52
ясінавацкага	52
новаазоўскага	52
валд	52
трасьцянец	51
дарожнай	51
міцкевічу	51
карпенка	51
аграрнага	51
сусьветнымі	51
ясная	51
матацыклаў	51
пачатковае	51
мысе	51
усходам	51
таргавіцкай	51
тэлерадыёкампаніі	51
газавага	51
маркус	51
вікарый	51
кавальчук	51
лукашук	51
ўручыў	51
ярамі	51
астатні	51
шматгадовая	51
дактарантуру	51
наше	51
калегіюма	51
недатыкальнасьць	51
дольны	51
главный	51
лялька	51
плоская	51
ихъ	51
пячатку	51
байніцы	51
тэнар	51
горскі	51
папяровая	51
ун-та	51
сутоках	51
вакальныя	51
друцкі-любецкі	51
трынітарскі	51
бурса	51
исторического	51
лацінскімі	51
парафіяльным	51
беларускамоўным	51
сымбалічнай	51
запорозького	51
дак	51
фрэскамі	51
пінскую	51
корсака	51
недастатковай	51
даставіць	51
выкліканага	51
улучаюць	51
пісьмовую	51
купа	51
партызанка	51
лісабону	51
одры	51
балада	51
гаду	51
пралетарскіх	51
кітс	51
перасякаюцца	51
скачок	51
накіраванасьці	51
белпошты	51
марын	51
чэхаславацкага	51
сьвіслацкай	51
ўнікальным	51
вывучаюцца	51
дарафей	51
дубровіца	51
аселі	51
цеплавая	51
падвяргаюцца	51
навукова-практычны	51
вестка	51
напісаным	51
сувязей	51
бедны	51
кравец	51
пасьпяховая	51
работай	51
абумоўленая	51
лексычныя	51
існасьць	51
прывязаны	51
стылістыцы	51
прынятага	51
думкай	51
мысьляроў	51
узбраеньнем	51
паняткаў	51
адмоўным	51
царыца	51
дэманстранты	51
ўборы	51
ланскі	51
праф	51
вайтовіч	51
ататурк	51
арыентацыю	51
разьвітой	51
сельскагаспадарчымі	51
прымяненьнем	51
элвіс	51
гусараў	51
урбана	51
досьледы	51
гіём	51
лапіцкі	51
сьпеваком	51
назначен	51
вячеслав	51
публічны	51
карчме	51
тэхналёгію	51
покліч	51
марці	51
прыступілі	51
паўднёва-ўсходняга	51
паслугах	51
капітальнага	51
электраэнэргетыка	51
дыскрымінацыя	51
ўзброенай	51
штодзённых	51
няўрадавых	51
узьвёў	51
арыштавала	51
моніка	51
мендзялеева	51
геалягічнага	51
групавой	51
света	51
дыдро	51
яўна	51
прымусовае	51
мяняецца	51
сямейная	51
каўчэг	51
выпускалася	51
перагледзець	51
магілаў	51
катыні	51
грэбень	51
ленан	51
абумоўлівае	51
міско	51
саюзнага	51
зэніту	51
фаварытаў	51
вільярэал	51
кунцаўшчына	51
запушчаная	51
дамоўных	51
зарабляў	51
студзеньскага	51
азімаў	51
жарты	51
сцэнічнага	51
вылічыць	51
памяцьцю	51
ружаў	51
англіканскай	51
трымаючы	51
мабілізацыю	51
альфабэты	51
ўрач	51
заваёву	51
угодкаў	51
паўгода	51
ярмак	51
жыхарка	51
аддзялілася	51
д’івуару	51
фракцыяў	51
джэймі	51
молатаў	51
новасыбірск	51
сьцяпа	51
чка	51
вісіць	51
ікс	51
заменай	51
сустракаюць	51
ойча	51
рэзкія	51
пэрсанальныя	51
меншае	51
лягерох	51
падрабязны	51
-ой	51
зьліліся	51
некаторае	51
аналягічная	51
альбанцаў	51
ойль	51
гусі	51
пілі	51
перашкаджала	51
звычаю	51
альбіна	51
восьмай	51
зойме	51
індзейцамі	51
скалістыя	51
губэрнатары	51
бочак	51
глябальным	51
даўнюю	51
прыкметнай	51
атрыманае	51
жорсткую	51
няроўнасьць	51
мозг	51
зоры	51
вячэру	51
арэ	51
судзінаў	51
ўсталявалася	51
выдзяленьне	51
кішэні	51
парашок	51
выжываньня	51
піратаў	51
парафіях	51
заахвочваў	51
повязі	51
віцэ-старшыня	51
прыпеў	51
ўніяцкі	51
булы	51
тэрміналёгію	51
покрывам	51
ліепая	51
зьнянацку	51
левабярэжжа	51
сэктараў	51
прыкрыцьцём	51
атмасфэрных	51
густой	51
паглынаньня	51
інтэнсіўнасьць	51
экспэрымэнтальная	51
пераносіцца	51
пэрсанажу	51
па-іншаму	51
ўстойлівага	51
галавою	51
вылілася	51
старшынёю	51
функцыянаваць	51
усебеларускім	51
накіроўваюць	51
левіч	51
чыноўнікам	51
саміце	51
банкнота	51
чыны	51
-гарт-	51
-арт-	51
цьвёрды’	51
мітрапаліты	51
пэрсі	51
ўсеагульнае	51
тулюза	51
лёгіцы	51
нскае	51
дэбютам	51
суправаджалі	51
рахунках	51
прэм’ер-міністру	51
максімюк	51
уласьнікі	51
інструкцыяў	51
кельлі	51
рд	51
рэйтан	51
ярэмі	51
граматамі	51
тытулярны	51
рабэр	51
здаліся	51
адборачнай	51
ацэнках	51
сакрэтнай	51
сэма	51
скасаваных	51
кэмпбэл	51
эканамістаў	51
пакрыцьці	51
макаёнка	51
тэарэтычная	51
аплаціць	51
заголовок	51
ботом	51
вусякі	51
даходны	51
вадзяных	51
штрафы	51
задняя	51
прыдомкам	51
фальклор	51
славістаў	51
партугальцаў	51
мазуры	51
клетка	51
цемра	51
груша	51
сусед	51
субач	51
сьвянцянскі	51
атэісты	51
балканскіх	51
праціўнікамі	51
навучыў	51
выказваньняў	51
маляваньне	51
зьдзяйсьняюць	51
скляпеньне	51
страляе	51
ўнесена	51
упэўнена	51
пачаткоўцаў	51
крыштыяну	51
залужжа	51
вэртыкальныя	51
канцавіны	51
краснаярск	51
байкоту	51
інфэкцыяў	51
высшей	51
парушэньнямі	51
штомесячны	51
людмілы	51
армянскім	51
базыля	51
администрации	51
бастыён	51
езьдзілі	51
ірада	51
здольных	51
бурштын	51
хвілінах	51
карэльскай	51
цудоўным	51
любляне	51
аўтамабілем	51
саюзы	51
рэагаваньня	51
славянских	51
аяксу	51
кандыдатка	51
этылену	51
алегорыя	51
спадчыньнік	51
рэактыўны	51
крас	51
анкары	51
транс	51
індрых	51
зьняліся	51
дастаўся	51
злодзеяў	51
каталёгах	51
цікавая	51
скакуны	51
административного	51
-гар-	51
-гір-	51
’дзіда’	51
гатман	51
лінейныя	51
лае	51
данілаў	51
гармонаў	51
вядучага	51
аздабляліся	51
роль	51
рагі	51
казлоўшчына	51
курская	51
робаты	51
багушэўскага	51
земель	51
гунтар	51
юаняў	51
виталий	51
дусэльдорф	51
сэксуальнасьці	51
вэртыкальных	51
контуру	51
варотамі	51
прасьцей	51
здарэньняў	51
корп	51
мкм	51
гідронімы	51
заўзятарамі	51
выніковай	51
рэалізаваў	51
брайтан	51
ізалятар	51
беларуска-польскай	51
гардзі	51
танто	51
касьцюм	51
дэкоры	51
ялоўка	51
шубэрта-тучкова	51
скупнасьць	51
восеньскія	51
сакі	51
камандныя	51
пойма	51
ўкраі	51
атылы	51
трылер	51
крузэйру	51
дравідыйскіх	51
валгаградзкай	51
гсср	51
рэдактаркай	51
рулі	51
спорт-экспресс	51
марыйцаў	51
лыскава	51
хет-трыкам	51
дэмбраўскі	51
чечерского	51
перабродзкім	51
роскага	51
насілава	51
тарнаполь	51
генк	51
еж	51
абавязуюся	51
шайгу	51
абс	51
шматборстве	51
энакін	51
суботніцкім	51
гладкія	50
абарончую	50
дэкадзе	50
маторны	50
узьнясеньня	50
мартыненка	50
міронаў	50
вераваньні	50
спадзявацца	50
ўзаемаадносіны	50
дваранскіх	50
составе	50
райхскамісарыяту	50
тыднёвіка	50
габрыэль	50
стаха	50
группы	50
садах	50
выпраўляюцца	50
доўгатэрміновай	50
зьбеглых	50
дубовы	50
аркавы	50
інжынэрны	50
майка	50
сакратару	50
маліноўскі	50
органе	50
дасьледніца	50
перайменаваньня	50
расоны	50
пакланеньня	50
бізантыя	50
міль	50
ўладальніку	50
трэсту	50
нск	50
-годдзю	50
атона	50
заняцьці	50
манашак	50
нікалаеў	50
прымусу	50
прадухіленьні	50
залежныя	50
кёпэна	50
шаснаццаці	50
багатымі	50
вэрнэр	50
загляне	50
гей	50
янаш	50
стылістыка	50
ціна	50
сыльвэстар	50
замацавана	50
эрнэста	50
науру	50
руанда	50
атмасфэрны	50
падыходзе	50
д’арк	50
міякарда	50
марсе	50
наркам	50
агул	50
паплечнікамі	50
схапілі	50
шэйх	50
іваноўскага	50
салаўёва	50
адлюстраваць	50
музеі	50
сэрыях	50
відэагульняў	50
амур	50
філязофскае	50
выразнасьць	50
калядная	50
чытачы	50
канцу	50
мэханік	50
экстэрнам	50
застрэлены	50
выводзіў	50
дзяніса	50
сьмяецца	50
аўтограф	50
праграмных	50
ужывае	50
захацеў	50
марфалягічных	50
клінтан	50
паправак	50
вытворчым	50
скорина	50
мех	50
горак	50
месте	50
прапаведніка	50
усходнеславянскіх	50
віном	50
іракам	50
сечы	50
навукова-папулярных	50
азэрбайджанцы	50
ровенская	50
салдатам	50
николаевич	50
каманднага	50
экранізаваныя	50
паўночна-ўсходні	50
фридрих	50
нэптун	50
сямёра	50
спадабаўся	50
суправаджаўся	50
камэрцыйную	50
святло	50
прыбалтыйскіх	50
мор	50
частковым	50
знаходка	50
мозырь	50
сьвёнтак	50
радыёэлектроннай	50
дубовыя	50
прагрэсіўнага	50
нараўлянскі	50
волині	50
прыстасаваны	50
высакосны	50
мэханічную	50
назоўніку	50
тоеснасьць	50
лёнданская	50
саксафон	50
піла	50
вылучаных	50
ряды	50
бардаўскай	50
лямбардыі	50
пэр	50
дыярыюш	50
тодара	50
валасьцей	50
куйбышава	50
флейты	50
абазначаецца	50
працэсары	50
раза	50
басё	50
саверчанка	50
камэнтарамі	50
пануцэвіча	50
кадыфікацыі	50
генерал	50
разьвіваў	50
фактычная	50
базылянскага	50
некалькім	50
даслужыўся	50
ідэалягічных	50
гетманы	50
уводзіць	50
скараціла	50
разгледзець	50
зьдзяйсьненьне	50
абумоўленыя	50
канкрэтныя	50
ўзгадненьня	50
гія	50
сін	50
ісламскім	50
асіна	50
развіцьця	50
чыж	50
дынама-	50
раба	50
ачоленая	50
камунальнай	50
рукавы	50
статую	50
тоўстым	50
міжсэзоньне	50
гелю	50
старажытнарымскі	50
гіль	50
падпісантаў	50
ярэміч	50
клясыкаў	50
гладкі	50
таль	50
умер	50
блок	50
стралок	50
навумаў	50
тору	50
прамежкавыя	50
дамэнаў	50
аналітычная	50
налібакі	50
зьяжджае	50
подпісу	50
начыньнем	50
цьвёрдая	50
рэп	50
сэнсам	50
выглядаць	50
істотнага	50
перадавалася	50
чотыри	50
селе	50
праблеме	50
намесьніку	50
бедзтва	50
базыліку	50
скарачэньнем	50
сокаў	50
сьвечкі	50
ехалі	50
выцягнуць	50
весь	50
арэх	50
паведамлялі	50
расьлінныя	50
тлустых	50
штодзённы	50
плоскія	50
ангельскамоўных	50
любяць	50
канадай	50
ўвоз	50
чацьвертую	50
фэдэрацыяў	50
адсоткі	50
апісваючы	50
галівуд	50
карычневы	50
печань	50
ныркі	50
баярскі	50
нахілу	50
прэтэндаваў	50
гінуць	50
крывяносных	50
науковий	50
рухомыя	50
отношений	50
апавяданьнямі	50
птушку	50
музэйная	50
забалочаных	50
апярэньне	50
канонікам	50
аматарскія	50
генэтыка	50
фэадалізму	50
роднасьці	50
самавызначэньня	50
кормяцца	50
летнік	50
валавы	50
движение	50
прымушалі	50
аўгсбург	50
письмо	50
небясьпечнай	50
стратэгічна	50
вылучаў	50
адказала	50
роўнага	50
вывезеная	50
слабасьці	50
сёньняшніх	50
сун	50
юань	50
прадукцыйнасьць	50
перасялілі	50
бязьдзетным	50
сваяком	50
вішы	50
вадкасьцяў	50
тэхнічнымі	50
каштоўнасьцей	50
рон	50
рухомых	50
каляіны	50
дакладу	50
пашпарту	50
прэзыдэнцкімі	50
райцэнтру	50
памор’е	50
сыбірскага	50
партыйная	50
эмірат	50
генуя	50
засяродзіўся	50
крумкач	50
карласа	50
шэрмана	50
дадзеную	50
далучанае	50
паўднёвей	50
катастрофу	50
палоннымі	50
валу	50
тэлекамунікацыяў	50
мерач	50
вылучалі	50
папяровых	50
біятляністаў	50
зьмесьце	50
пасяліцца	50
кантынэнта	50
грэгары	50
карале	50
міжнацыянальных	50
пеленг	50
ўключыў	50
оптыка	50
кабарэ	50
пляца	50
мікрараёну	50
занятасьць	50
ідэальны	50
гаральда	50
срэбнага	50
прымеркаваны	50
двухбаковы	50
заключаць	50
муніцыпальны	50
мэталамі	50
дададзеную	50
забясьпечыўшы	50
вернута	50
руднік	50
адменена	50
азэрбайджанам	50
гаваяў	50
генрыхам	50
матэрыялазнаўства	50
ляўрэата	50
мюнхэну	50
закаўказьзя	50
кубані	50
шацак	50
утвораных	50
скляпеньняў	50
немаўлятаў	50
выразнасьці	50
выкананых	50
грашовым	50
труна	50
добавлен	50
выхаваньнем	50
лугоў	50
судзіны	50
ўзьнясеньня	50
мурашкі	50
адчуў	50
каленях	50
інтэрнаце	50
літаратур	50
вэртэра	50
бульвары	50
авіябаза	50
ўдаецца	50
карэльскага	50
папоўніў	50
храпавіцкі	50
дзьвюмя	50
поясу	50
прыбываць	50
славенскага	50
прадстаўленых	50
бэз	50
мировая	50
экватарыяльнай	50
прыступкі	50
машыніста	50
класа	50
майклам	50
адчуваньні	50
зьмеяў	50
ніўкі	50
земнаводныя	50
зьмеі	50
падвойнае	50
родзічаў	50
ват	50
современной	50
сумарная	50
мадэрнізацыю	50
дыялекталёгіі	50
мік	50
абмежаваную	50
падарвалі	50
баня	50
испр	50
арцыбіскупства	50
нябесны	50
едуць	50
тэлешоў	50
міліцыянты	50
цімафея	50
абсалютызму	50
форту	50
дыфтонгі	50
славянские	50
разабраны	50
фрызы	50
гронінген	50
маштабныя	50
назіральнай	50
камандаваньню	50
гальшанскіх	50
сорга	50
аналягаў	50
гармату	50
веснавы	50
акруговых	50
заяваю	50
манґа	50
вя	50
васількі	50
дапаможным	50
таварны	50
турынскага	50
ноту	50
рэпартажы	50
атыраў	50
мадагаскару	50
бэльгійскай	50
управай	50
-тэўд-	50
аўтаматыкі	50
мэнэджара	50
берёзовского	50
судне	50
каапэратыву	50
наймацнейшым	50
перавозку	50
негарэльскі	50
лкі	50
авт	50
мядзьведзева	50
вярховіцкай	50
вшсдэ	50
любеч	50
прапаршчык	50
вёдраў	50
пліткі	50
намінаваная	50
ляцяць	50
кінастужцы	50
лютасьць	50
вызваляецца	50
акторскай	50
сэвэнці	50
артыстам	50
кабыльніцкі	50
браславского	50
гімнастыкі	50
рубяжэвічы	50
індура	50
мзкц	50
моему	50
вішнявецкаму	50
даніловічавай	50
астраглядавіцкай	50
войне	50
першамайскай	50
старшага	50
плэйбой	50
клэр	50
аглядах	50
кіна	50
ґо	50
музэ	50
шальке	50
аргентынец	50
совместительству	50
постанова	50
вяршкоў	50
дыстанцыя	50
класса	50
камандоўца	50
мажэйкаўскага	50
гербавым	50
чсср	50
пасялковым	50
барысаўшчына	50
вісбар	50
ветрынскага	50
пакатым	50
футляру	50
гэстапа	50
энакіна	50
кіясакі	50
сашо	50
ґп-	50
рэґіёну	49
аквінскага	49
выкліканае	49
эканамічнаму	49
адпор	49
абалоне	49
радыётэхнічны	49
забудовай	49
нармалізацыі	49
першасных	49
глябалізацыі	49
злучылі	49
павязаная	49
паўсядзённага	49
злачыннасьць	49
асяродзьдзяў	49
шляхце	49
гледзішча	49
аўгустынаў	49
поўна	49
молодая	49
юзафу	49
пугачова	49
балотамі	49
шыманскі	49
алекса	49
сымбалічны	49
распрацаванай	49
ўступае	49
беларускамоўную	49
электрастанцыю	49
витебска	49
ўсяслава	49
упадаюць	49
тройца	49
камунальнага	49
паваеннай	49
уже	49
спажывецкай	49
судьба	49
манэтны	49
прыстані	49
старадаўняя	49
падаткам	49
зычным	49
аршанскае	49
вапняку	49
крамамі	49
жалігоўскі	49
саміт	49
древности	49
жывёлагадоўляй	49
жарт	49
крукоўскі	49
літопис	49
малочнага	49
звесткі	49
нацысцкіх	49
галіцка-валынскі	49
рства	49
абранай	49
штырыі	49
багемія	49
скасаваньнем	49
дырыгентам	49
фрэд	49
спэктаклях	49
панцеляймон	49
някрасава	49
джазавы	49
эжэн	49
сахалін	49
гібральтар	49
коста-рыка	49
танзанія	49
югаслаўскі	49
кальвін	49
мележ	49
валянтын	49
рэгістар	49
лявонам	49
допыту	49
парэшткаў	49
віцэ-прэм’ер	49
прыкметах	49
дытрых	49
стасевіч	49
якавенка	49
шатляндыю	49
мэйдзі	49
сяміразовы	49
аліўе	49
ядвігін	49
выражае	49
макет	49
рэстаўрацыю	49
косы	49
размоваў	49
андрэс	49
нежаданьне	49
магілёўшчыне	49
бібліяграфічны	49
абдула	49
сэрвэры	49
шырын	49
нью	49
капітула	49
гаштольда	49
спрыяньні	49
перакладніка	49
рукапісныя	49
правасудзьдзе	49
рэзэрв	49
айчыне	49
манголы	49
думкамі	49
каралямі	49
еўна	49
музычнымі	49
грэ	49
заняпадзе	49
ўвядзеньні	49
іў	49
кампілятар	49
моўным	49
патронам	49
шырак	49
каміль	49
жан-поль	49
абароннай	49
прымяняцца	49
дыпляматычнага	49
пэро	49
гібсан	49
паштовую	49
лужыцкіх	49
стэк	49
прымяненьні	49
вестку	49
саколка	49
канонікаў	49
вызнавалі	49
сэкцыяў	49
слонімшчыны	49
адыходзе	49
дзям’яна	49
малочная	49
напруга	49
маладзёжная	49
калідоры	49
абслугоўвала	49
мячэты	49
прыпяцкі	49
гаспадарках	49
спатканьне	49
крывавая	49
ракету	49
павлов	49
рыхтуюць	49
цьвікевіча	49
хвіліна	49
верашчака	49
заручыны	49
зізані	49
грозаў	49
разьмяшчацца	49
стралы	49
празрыстасьць	49
рэцэнзіяў	49
апраўданьне	49
па-сапраўднаму	49
патрэбнай	49
друкаваным	49
папулярызацыя	49
работах	49
александровіча	49
вярховіцкі	49
ледзьве	49
речи	49
судовае	49
шахтаў	49
сьмілавічах	49
гітарыстам	49
ерусалімскі	49
зьдзіслаў	49
пратаколам	49
прыпынілі	49
ўругваі	49
глухі	49
зьнешне	49
верылі	49
каталіцызм	49
перанялі	49
адпраўленыя	49
апусьцілася	49
полку	49
прададзеная	49
янкута	49
умоўны	49
баяўся	49
ратыфікавала	49
задзіночаньне	49
тунэлю	49
чачэнскі	49
эвангеліста	49
дыд’е	49
інакенцыюс	49
пестрак	49
дынамікі	49
выключаная	49
літаратары-фантасты	49
тэлевізійная	49
абацтве	49
фабіяна	49
шах	49
кана	49
радрыга	49
ісьляндзкая	49
даляру	49
лірычных	49
расейска-японскай	49
алясандра	49
прэм’ерам	49
лацінцы	49
клявіятуры	49
трактату	49
высылку	49
першаснага	49
альтэрнатыўная	49
манастырах	49
падначаленыя	49
ірляндзкіх	49
графстваў	49
ўсталёўваць	49
аўтаматычнае	49
павышэньнем	49
пашыраных	49
актывістамі	49
дэкаратыўны	49
омску	49
ініцыятыўнай	49
джэкі	49
альгарытмаў	49
асновах	49
склоны	49
абвінавачвалі	49
полюсу	49
шматдзетнай	49
грамадзтву	49
экспэртам	49
дыялектнай	49
казацкай	49
найраней	49
зьніклыя	49
паказаньняў	49
дадавалі	49
апо	49
гусь	49
бярозавы	49
вішні	49
дадаючы	49
супрацьлеглы	49
паліць	49
задавальненьнем	49
радыюсам	49
йны	49
цыбуліны	49
найменаваныя	49
дрожджаў	49
аналягам	49
ветраныя	49
ўладаньнямі	49
кіна-	49
крышталяў	49
ужыты	49
зьдзяйсьнялі	49
холм	49
страхавых	49
людзях	49
древняя	49
шляхетнага	49
рыч	49
другімі	49
інтэнсіўнай	49
гарантаваць	49
сьвежай	49
глушэц	49
нырак	49
пастухоў	49
вырошчвалі	49
зьвярнулі	49
севастопалі	49
ўзьнікаць	49
сабачыя	49
поштай	49
паляпшае	49
узьнікненьню	49
разьвіць	49
скірмунта	49
сякера	49
вэктару	49
небясьпецы	49
адкрыўшы	49
фэадальнай	49
першасны	49
характарыстыкамі	49
хворыя	49
паступалі	49
экспансія	49
паганскага	49
шматгадовай	49
архімэда	49
атмасфэрай	49
постацьцю	49
браніцкіх	49
вікінгі	49
разгарнулі	49
утверждении	49
вітаў	49
дамброўскага	49
вэтэрынарыі	49
краху	49
судзінкавых	49
серкі	49
вучацца	49
камэнданта	49
вывяржэньня	49
усеўкраінскае	49
мароза	49
фармаваньнямі	49
распаўсюджваньні	49
тевтонским	49
ацэньвае	49
летнюю	49
асьцерагаючыся	49
канцлеру	49
карацей	49
ўспрымаецца	49
герцагу	49
перапіску	49
спрычыніла	49
бэнзіну	49
запасе	49
германскімі	49
авэрсе	49
паказальнікі	49
фірму	49
гусітаў	49
арыстакратычнай	49
паверхах	49
вульканічнага	49
каронныя	49
уражаньне	49
нябесным	49
майстэрствам	49
канструктарскае	49
атланце	49
дыскам	49
кен	49
длугаша	49
плешчаніцы	49
провіду	49
аўгсбургу	49
м’янмы	49
дойлідзтве	49
сьвітанку	49
фіналаў	49
узгадненьне	49
абшчынаў	49
фрэсак	49
нагах	49
магчымую	49
вольфа	49
саксонскага	49
дарагабуж	49
пазбаўленьнем	49
почетной	49
айчынай	49
швэдзкімі	49
ясельды	49
бягомель	49
штогоднік	49
перабродзкі	49
ігнатавіч	49
юльюша	49
лёзунгі	49
кум	49
фантастычны	49
-даг-	49
нафтавыя	49
сілавыя	49
павышае	49
жызэль	49
львоўскае	49
вінная	49
седзячы	49
частых	49
слабой	49
ўрэгуляваньня	49
стандартныя	49
абслугоўваецца	49
наукові	49
фігурамі	49
юрысдыкцыяй	49
пагранічная	49
санскрыце	49
еўскі	49
рэкрутаў	49
пасылак	49
дасьведчаных	49
баварыяй	49
пасылае	49
пути	49
дзеючай	49
абеду	49
забароненай	49
парафіяльная	49
вайскова-марскіх	49
выдадзенае	49
выканаўчае	49
баварскага	49
дзеючых	49
тыраспаль	49
майнц	49
заблякаваны	49
абмяркоўваліся	49
прызам	49
зяленскага	49
манґі	49
арашэньня	49
дударава	49
забыць	49
каложа	49
наймае	49
урана	49
дасьледчай	49
ротар	49
шарашова	49
ўзроўняў	49
пухавіцкай	49
док	49
салдатамі	49
біблійнага	49
луцьк	49
університет	49
мэрыдыянальнай	49
разводзьдзя	49
-гунд-	49
бітва’	49
багушэвічы	49
богдана	49
шматзначны	49
аблямоўкай	49
революция	49
бірыбольд	49
атланты	49
трыкутніка	49
ас-	49
цыліндрычныя	49
паўгадзіны	49
сная	49
багданавіч	49
рэкордную	49
валасамі	49
цяцеркаўскага	49
літератури	49
п-падобны	49
бельская	49
работніца	49
сынглаў	49
скідзельскага	49
людми	49
пастой	49
мугафазаў	49
белшыне	49
бч	49
каця	49
сандрыкамі	49
сенька	49
дастаўку	49
каваля	49
франтох	49
бутавага	49
куплены	49
дмитрием	49
миколая	49
рымунд	49
дуку	49
галявымі	49
тэрміналаў	49
паўкруглая	49
стор	49
лоевского	49
дзьмітравіцкага	49
-калённым	49
пружану	49
легія	49
маісееўшчынскага	49
сборную	49
сысун	49
вершаваньня	49
гэлтахтаў	49
масаны	49
панізіліся	49
гераін	49
бумаг	49
капланецкага	49
пагон	49
прыстасамі	49
птб-	49
азначыў	48
ужывалі	48
манастырскіх	48
відавочцаў	48
тэлефонную	48
паўднёва-ўсходніх	48
паўночнымі	48
грушаўка	48
лучына	48
гуманітарныя	48
хваробамі	48
дасягненьнямі	48
казках	48
сур’ёзная	48
неабходнага	48
распрацаванага	48
гвардия	48
сьпевамі	48
недзяржаўныя	48
заря	48
баскетбалістка	48
астафей	48
ігумена	48
сустракалі	48
барсук	48
цягай	48
даніна	48
лукішкі	48
культавых	48
гурскі	48
сербаў	48
ажыцьцяўляліся	48
адклікаў	48
конных	48
чынілі	48
экспэрымэнтальны	48
рыцарскія	48
абслугоўваў	48
гідронім	48
таемных	48
сёлах	48
васкрасенская	48
занальны	48
інвэнтара	48
пінска	48
мітрапалітаў	48
батанічным	48
анатолій	48
гародніну	48
сокі	48
чытанні	48
мытнай	48
адноўленай	48
тракце	48
гедзімінавічаў	48
дружынаў	48
легітымнасьці	48
грац	48
пратэставалі	48
адчуць	48
прафэсійнымі	48
партнэр	48
заходнеэўрапейскай	48
бізнэсам	48
сатырычных	48
мяшчан	48
сцэнічны	48
купалаўскі	48
злучыліся	48
зборным	48
ушацкі	48
саратаве	48
здрада	48
панама	48
уганда	48
матэвуш	48
аслан	48
уругвайскі	48
славіст	48
джына	48
галілео	48
крызісам	48
адказам	48
мялешкі	48
хімію	48
астрогу	48
мужыцкая	48
сярпом	48
даваенны	48
плоскі	48
пэдагогаў	48
пэйзажу	48
люкас	48
клічко	48
злыя	48
забыты	48
дзённага	48
камбрэ	48
рэвалюцыяў	48
пружаншчыне	48
куртуа	48
атэстат	48
гутарак	48
мяккае	48
узгадваў	48
пісьменьніцай	48
галоўліт	48
яроцкага	48
ўведзенае	48
выказалася	48
сымпатыяў	48
жураўскі	48
аналягічным	48
прыдворным	48
слухаў	48
польского	48
ацэнены	48
даль	48
апосталам	48
вырашыўшы	48
камэнтароў	48
незвычайным	48
прыгожым	48
рамяства	48
адраджэння	48
выкрыў	48
ірляндцы	48
альбанцы	48
японцы	48
задавальняла	48
гальшанскага	48
варанецкі	48
шаміль	48
памятнай	48
автореферат	48
вольта	48
паўнавартасным	48
дынамічная	48
родас	48
македонію	48
тэхналягічныя	48
амываецца	48
аддаецца	48
легендарная	48
датаў	48
талеркі	48
выдаліць	48
ачысьціць	48
фелікс	48
вядучую	48
вёўся	48
найранейшая	48
кімбараўка	48
пэрпэндыкулярна	48
дукшты	48
гліна	48
нізінныя	48
мінус	48
буйнейшыя	48
ахмэд	48
прафэсіяў	48
тыдню	48
юдэйскай	48
дойлід	48
мальцаў	48
тагачасную	48
нажы	48
гарачая	48
вымагае	48
летапісаньня	48
правалілася	48
найноўшай	48
каапэратываў	48
ўнівэрсытэ	48
ўзяўся	48
адбіцьця	48
радыкальна	48
нутраных	48
зробленай	48
рэпутацыя	48
гадуцішкі	48
мяжуюць	48
бма	48
вуша	48
обзор	48
крытычная	48
езуіцкіх	48
старадубскага	48
барскай	48
мяняе	48
абавязаў	48
мэмарыяльнага	48
журналістамі	48
настойвае	48
дровы	48
перашкодамі	48
сьмяротных	48
прыдворнага	48
офісу	48
напрамкам	48
прайгралі	48
павялічаная	48
гуса	48
рэактыўных	48
уладыслава	48
нічыю	48
разьмеркаваны	48
юзэфам	48
камянец-падольскі	48
траян	48
аргкамітэт	48
кляшторны	48
кубота	48
курфюрста	48
службовага	48
мангольскія	48
бухце	48
акадэміяў	48
кітоў	48
далейшая	48
памагаты	48
родзевіч	48
бэнуа	48
рубін	48
эстэтыка	48
фукусіма	48
тэракт	48
ўцяклі	48
фо	48
яскравы	48
перасякаецца	48
цыбуляй	48
ўрале	48
асіпавічах	48
эру	48
паразуменьня	48
байт	48
нэпале	48
тыражом	48
парталы	48
працягнуўся	48
структурна	48
самаго	48
дын	48
прамежкавых	48
біцьцё	48
клайпедзкі	48
заходнерусізму	48
адасабленьня	48
падпісваць	48
лёгкасьцю	48
крытэру	48
дураў	48
корвін	48
пшанічнай	48
стравай	48
ячменю	48
меду	48
сядзець	48
сьмяротнай	48
абсталяваная	48
лугах	48
пахам	48
утрымліваюць	48
устрымлівацца	48
дазволены	48
патэльні	48
вісконсін	48
падпольны	48
хрыбтоў	48
суб’ектамі	48
таварныя	48
нэвада	48
сканцэнтраваная	48
цукровыя	48
канарскіх	48
садавіну	48
басэйнах	48
малдаўскім	48
саюзьнікам	48
полаўцаў	48
цьвяры	48
незвычайная	48
тама	48
суцэльнае	48
дукорскі	48
пабудаванага	48
верхам	48
тканіну	48
мінімальным	48
курэй	48
чальцам	48
берагамі	48
паўторны	48
якім-небудзь	48
ваньковіча	48
ўварваньні	48
фатографы	48
каяловіч	48
закладзенае	48
цэнтралізаванай	48
грузавік	48
гвалтоўнага	48
ўральскіх	48
сьцежкі	48
гертруда	48
дамагаліся	48
выправіў	48
спадчынных	48
абшару	48
айчыну	48
ваеннапалонныя	48
адчыніць	48
сталіцаў	48
аблокаў	48
камунальнае	48
дрэвам	48
пачнецца	48
плечы	48
існасьці	48
сураскі	48
стандартах	48
перадавала	48
закладзена	48
згублены	48
перамоў	48
катавіцы	48
движения	48
вопрос	48
данатэльлё	48
арэалы	48
зьбігнева	48
адмене	48
ліпецкай	48
сьнежная	48
адток	48
пэтар	48
апалёна	48
далучаных	48
зыгмунд	48
трактатаў	48
лютэранскіх	48
фэльдмаршала	48
марэна	48
абмежаванымі	48
стандартнае	48
рэзкай	48
апярэдзіў	48
брэтань	48
наступіў	48
слабая	48
працяглую	48
кантоны	48
разумнага	48
навара	48
сацыяльна-эканамічных	48
жыцьцёва	48
быстрыцы	48
спадчынныя	48
прыцягвалі	48
замежнікі	48
дорога	48
муніцыпальныя	48
мусульманскім	48
дуброўнік	48
славонія	48
заграбу	48
дыябэт	48
замінае	48
гродзкім	48
кошыка	48
групавых	48
зьдзелкі	48
сяльцо	48
мастацтвы	48
рухомай	48
кар’ерай	48
фан-сайт	48
пратасевіч	48
коста	48
трыбунала	48
тышкевічы	48
паравыя	48
узнагароджаньне	48
дахаў	48
мэкі	48
горача	48
архідыяцэзія	48
бізнэсе	48
спаборнічаюць	48
выйграных	48
абложаны	48
тэлевізар	48
севярына	48
малітве	48
матка	48
атрыманага	48
павялічаны	48
закрытае	48
магільна	48
грамотой	48
рэпіна	48
глыбоцкай	48
душой	48
мейсца	48
накірунку	48
ютуб	48
спэцыяліста	48
псыхалягічнай	48
інтрыгі	48
барэляў	48
армии	48
лаў	48
люфтвафэ	48
вылічальных	48
мультымэдыя	48
клін	48
тэмпэратураў	48
ўмераным	48
аранскага	48
думаюць	48
водные	48
озера	48
джа	48
альберт	48
бачнага	48
змусілі	48
будславе	48
яўгеніі	48
каханак	48
брытанцамі	48
поясам	48
палярным	48
вядоўцам	48
раскрытыкаваў	48
разьвязак	48
балістычных	48
выправіліся	48
вызваліцца	48
удзельніках	48
любоўныя	48
іўеўскі	48
пяра	48
камені	48
гладкая	48
дасьледваньня	48
утрымліваў	48
варожа	48
увк	48
міжнаро	48
шольц	48
матеріали	48
кансэрватараў	48
цэльсія	48
антычны	48
крукі	48
сакратароў	48
яркіх	48
палітолягі	48
рэальнае	48
адваротнага	48
задуме	48
проні	48
міхайлаўскі	48
завяршаліся	48
антоніюса	48
інтэнсіўнасьці	48
гарадзенцаў	48
балахоўцы	48
лужыцы	48
пльзень	48
радван	48
надбудавалі	48
дэкаратыўнай	48
міранда	48
дзір	48
шануецца	48
галоваў	48
арэхаўскага	48
вішымут	48
-ад-	48
-ат-	48
’славуты	48
спортынгу	48
сенажаці	48
звальненьне	48
аўтобуса	48
татры	48
гомасэксуальнасьці	48
аёва	48
прапалі	48
марсэлю	48
-рат-	48
раталт	48
мінэсоты	48
пагалоўшчыны	48
’бойка	48
дуброўне	48
целамі	48
набіраючы	48
назначаны	48
поўсьцю	48
вышынь	48
мэтралёгіі	48
заражаных	48
тымбэрўулвз	48
рэалам	48
чарвякі	48
мавэрыкс	48
данкан	48
кевіна	48
ўдалым	48
бандытаў	48
вэртыкальнымі	48
хавае	48
тэлефонныя	48
краязнаўчых	48
кореличского	48
мэмуараў	48
цяцеркаўскі	48
путчынскім	48
княжестве	48
занятае	48
электратэхнікі	48
прадугледжаныя	48
разладу	48
па-ціху	48
стрэшын	48
падвеска	48
сталёвых	48
закісаньня	48
бакуны	48
фпб	48
зорную	48
яркасьці	48
мосар	48
антаблемэнтам	48
кпп	48
фэйсбуку	48
-ярусным	48
чарнаўцы	48
шарлеруа	48
розы	48
грэмію	48
’спакой	48
непарухлівасьць’	48
калібра	48
прамавугольнае	48
сэдан	48
цяжкаатлеты	48
эйгерд	48
міліцыянтаў	48
поліэтылену	48
паплаўскага	48
слободского	48
ресурс	48
зэмбінскага	48
рудзенскага	48
клецкого	48
луцы	48
фрыгіі	48
індэпэнд’ентэ	48
закарпацкае	48
ненецкай	48
анжы	48
юргордэн	48
твэнтэ	48
більдзюскага	48
экстраклясе	48
гэндальф	48
капланецкі	48
марфалогія	48
канькабежцы	48
скайўокер	48
рогану	48
спуск	47
сакральных	47
экалягічны	47
страчаных	47
паўднёвымі	47
ахоўная	47
радзім	47
гуманізму	47
фармавалі	47
аб’ектыўна	47
двараніна	47
лёгіку	47
законнай	47
блытаніны	47
медных	47
апорным	47
лесапільня	47
сувораў	47
цыпрыян	47
рудкоўскі	47
удала	47
дзікім	47
памяншае	47
цёплага	47
зязюля	47
гарбарны	47
сэз	47
шкаплернай	47
пятроўская	47
віцебскіх	47
курьер	47
восяў	47
слабаду	47
гомелем	47
артылерыйская	47
бабёр	47
узброенага	47
абутковая	47
промыслу	47
зямное	47
калінін	47
лебедзеў	47
піншчыны	47
караліне	47
ўсходне-эўрапейскай	47
апрацоўвалі	47
земле	47
гальшанскай	47
агульнаадукацыйная	47
гасподняй	47
першадрукар	47
пэдагагічныя	47
вопіс	47
шацілавічах	47
увасабляе	47
цыі	47
канкурэнта	47
герцагаў	47
зьмешаныя	47
штырыя	47
рознасьць	47
аўтобусе	47
эрнста	47
абвінавачвае	47
прысваеньне	47
кат	47
дойл	47
польска-савецкая	47
выведнік	47
біенале	47
дыджэй	47
народнаму	47
псыхіятрыі	47
нікалё	47
глябовічаў	47
султанат	47
клемэнс	47
мюрэй	47
беспрацоўных	47
архімэд	47
міко	47
жанрам	47
ясь	47
брукліне	47
бохан	47
мікулаш	47
будучаму	47
экономика	47
аварыя	47
эвакуяваныя	47
паступаюць	47
малацэ	47
аленяў	47
някляева	47
цягу	47
насычаны	47
дороги	47
каторыя	47
аматары	47
гэткіх	47
сатырычны	47
вострага	47
ротмістра	47
саветнік	47
акруговым	47
часьціца	47
адбудовы	47
адвакаты	47
ганчароў	47
праскіх	47
кароннай	47
франциск	47
суправаджае	47
парафіяльнага	47
адшукаў	47
друкарскі	47
усталяваных	47
законнасьць	47
тыповымі	47
практычная	47
гадзіньніка	47
інтэлектуалаў	47
пскоўскі	47
лівонскім	47
кіраў	47
кнігагандлю	47
партала	47
аі	47
паспрыяў	47
кліента	47
меркаванага	47
малюскі	47
анімацыя	47
палітыкамі	47
македонскае	47
сэбастыяна	47
воранаў	47
маер	47
тарасюк	47
канскім	47
рэгенсбург	47
раманавіча	47
булу	47
альбэртын	47
федароўскі	47
камю	47
лідчыны	47
перамагалі	47
ўгору	47
стажыроўку	47
дыякана	47
заказьнікаў	47
газаправодаў	47
культавы	47
убарць	47
зьнізіўся	47
павышэньні	47
войскай	47
натацыі	47
тэалёгія	47
падлягала	47
зацьвярджаецца	47
ноўгарадам	47
кэмэран	47
лілія	47
дзялянкамі	47
вышэйшымі	47
вакуўме	47
квантавая	47
гром	47
ідэолягаў	47
канта	47
маральна	47
онлайн	47
расейскаю	47
выкарыстала	47
ўгодзьдзяў	47
бальніца	47
веравызнаньні	47
астранома	47
дэвіса	47
расстрэльвалі	47
плёну	47
першамайскім	47
копіяй	47
сяўрук	47
крытычнага	47
гамы	47
мга	47
джакарта	47
перажывала	47
творца	47
прамысловасьцю	47
гродзенскі	47
вук	47
выгуляла	47
дадала	47
мінамётаў	47
наступнікам	47
санчэс	47
плуг	47
крэйг	47
кофі	47
грыгарыянскі	47
эгіпта	47
александрыйскага	47
ленінграду	47
здымаюць	47
разьня	47
эўрабачаньні-	47
жэрар	47
мендзялееў	47
радзіны	47
дзь	47
нашъ	47
састарэлая	47
студзянец	47
яркім	47
аддаючы	47
зрынаньня	47
скаўцкага	47
дарожка	47
р-н	47
плане	47
смаленскую	47
узбэцкай	47
рыхарда	47
юстын	47
цясьніне	47
мілана	47
кавалкаў	47
ўлічваючы	47
ніводзін	47
выстаўляліся	47
інфарматыка	47
абавязковая	47
японскую	47
выдаюць	47
арсенал	47
прыназоўнікі	47
гасподзь	47
слабое	47
меркаваньню	47
хатынь	47
устанавіў	47
чыньнікамі	47
пашыранае	47
ти	47
озеро	47
лексэмы	47
двайнога	47
бойку	47
яблыкаў	47
промысел	47
аматарскага	47
сталовыя	47
летась	47
маслам	47
беларуска-літоўскіх	47
залацістага	47
прадмесьцях	47
вуглевадародаў	47
узятых	47
гатаваць	47
тоўстыя	47
хмяльніцкая	47
жэле	47
ўцякаць	47
прэтэндэнтам	47
плястмасы	47
асьцярожна	47
партыйным	47
перапіскі	47
стабільна	47
набіралі	47
абса	47
певень	47
ўлёткі	47
тытульнага	47
беззаконьня	47
абмяркоўвалі	47
прыкмет	47
базаваўся	47
глебах	47
янцзы	47
паслабленьня	47
іст	47
сьце	47
падземнага	47
дзённай	47
перавозіў	47
мастацкімі	47
лада	47
кропцы	47
паўмесяца	47
кампактнага	47
цягніках	47
членамі	47
модуляў	47
юности	47
язэ	47
тэндэнцыяў	47
чаргуецца	47
вільгельмам	47
попел	47
тунэляў	47
ўкраінскімі	47
заплянавана	47
запароская	47
захопам	47
лібава-роменскай	47
прафэсарка	47
дзьвінскі	47
вуглом	47
прэзыдэнцкага	47
абгуляўшы	47
сьмелы	47
нормам	47
рашэньнямі	47
патрыятызм	47
елкі	47
пілігрымаў	47
крэпасьцяў	47
параўноўваюць	47
бібліяграфіі	47
клясамі	47
выбарчым	47
сямнаццаць	47
пальма	47
адкладамі	47
плоскім	47
парушыў	47
мініятура	47
скульптурная	47
родавым	47
бешанковіцкі	47
прыгарадамі	47
сканцэнтравана	47
доступам	47
валодаючы	47
джуліё	47
сымптомаў	47
аздабляюць	47
крытычнай	47
падзяліўся	47
манашкі	47
палягчэньня	47
любамірскага	47
фартыфікацыяў	47
паўночна-заходнюю	47
рынкавы	47
выплата	47
ўсевалада	47
анны	47
православных	47
сядзеньня	47
закладнікі	47
паэмах	47
кантынгент	47
пушчай	47
адрокся	47
дубінкі	47
падпарадкаваная	47
данные	47
інду	47
вадзяным	47
роджэрз	47
далучалася	47
супольнасці	47
хімкі	47
жарсьці	47
аблажыў	47
гарматамі	47
падзяліла	47
абсьледаваў	47
ўрублеўскіх	47
дзятлава	47
арэхаўскі	47
эфэктыўнага	47
дубы	47
карэспандэнцыі	47
ліп	47
адкінуў	47
прыхільна	47
мф	47
-дак-	47
манголамі	47
калён	47
льня	47
пакупкі	47
цыган	47
прыкладнога	47
рамантызм	47
уступае	47
сыпкіх	47
охраны	47
загінулыя	47
карпацкай	47
аношка	47
ліндэмана	47
стаго	47
лібэра	47
крэпасьцю	47
плякаты	47
градэц	47
радыёсувязі	47
прысьвечанага	47
стварэнне	47
факультэтах	47
мядзьведзяў	47
лятальных	47
хрысто	47
самалётах	47
сабачых	47
стоячы	47
зацікавіліся	47
табары	47
паў	47
системы	47
сечыва	47
патокаў	47
опэрных	47
праспэкта	47
елена	47
софия	47
стараславянскае	47
брэнбю	47
ўэйлзе	47
адчувальнасьць	47
сплаціць	47
чыньнік	47
каменем	47
апрануты	47
выкупілі	47
дыназаўраў	47
гімалаяў	47
акторскае	47
кіроўцам	47
апытаньняў	47
розьніцай	47
картлі	47
паўло	47
перамясьцілі	47
кармоў	47
дзевятнаццаці	47
айчынная	47
няздольнасьць	47
даляры	47
урадамі	47
чэрвеньскага	47
кідаецца	47
мака	47
ўкраінкі	47
майнцу	47
нанясеньне	47
рня	47
ёна	47
шторм	47
хадоў	47
квартэт	47
смерці	47
паўднёваамэрыканскага	47
натальляй	47
ветразі	47
труну	47
варвара	47
глябальныя	47
унк	47
фрызам	47
зав	47
хава	47
нарвэжац	47
-дэўт-	47
-тыд-	47
таўтгерд	47
ротара	47
лішча	47
пру	47
сьве	47
аб’явы	47
палепшыла	47
перамяшчацца	47
пія	47
гіна	47
адзьдзел	47
ивановского	47
вульгаты	47
экспэртнай	47
павароце	47
-рад-	47
ортдрук	47
таінства	47
праіндаэўрапейскіх	47
лётчыка	47
авэртайме	47
джэкетс	47
расьсяленьне	47
сааз	47
юрацішкаўскі	47
юрацішкі	47
догляд	47
хойніцкага	47
кентукі	47
запасны	47
гіпс	47
робі	47
саміца	47
цэнзуру	47
гульнёвай	47
выбіўшы	47
захо	47
гіпі	47
кам	47
высьвятляе	47
лыжнага	47
акторскую	47
львову	47
прышчэпкі	47
сакольскі	47
тарасава	47
паліцэйскую	47
пакунках	47
амсьціслаўскія	47
макемаке	47
заставу	47
сьцягах	47
локі	47
фарм-клюбу	47
жлобіна	47
апавядальнік	47
бостанскага	47
-часткавую	47
арвід	47
вінтовак	47
каштарысу	47
кпу	47
прыбудовы	47
гео	47
рызьніцамі	47
фальварка	47
грэблі	47
гурнік	47
рэзэрвовую	47
трансфэрнага	47
небясьпечны	47
нафтана	47
вадим	47
-рым-	47
рымель	47
лучай	47
зьняволеным	47
абавязваліся	47
латніка	47
тартускага	47
занарацкага	47
масева	47
тэлевізыйны	47
голага	47
падмэ	47
гослитиздат	47
эаэз	47
летувізаванай	47
прымэра	47
санскр	47
кенобі	47
канькабежкі	47
королевских	47
апытаная	47
бгктдзейнасьць	47
сцэнічнаеслова	47
каменьня	46
пошасьць	46
кляштарам	46
агульнаадукацыйныя	46
узгорку	46
агат	46
анемпадыстаў	46
зора	46
гросмайстар	46
прадугледжваюць	46
практык	46
нагадваў	46
разабрацца	46
грэк	46
лоўля	46
ппс	46
апошняму	46
лысая	46
шутаў	46
крытычным	46
мікрараёнаў	46
гравёр	46
філянтроп	46
дасьледавала	46
аднайменную	46
паўночна-заходнія	46
сарокі	46
беларуска-расейскі	46
краёвы	46
альгердам	46
юркоўскі	46
чыгуначнымі	46
сьвятыняў	46
беларусь-	46
абарончым	46
няўдачай	46
пэдагога	46
актывіста	46
служкі	46
мастацтвазнавец	46
мядовай	46
перадавыя	46
маставая	46
тэхнікуму	46
крачэўскі	46
імунадэфіцыту	46
моталь	46
наданьнем	46
сходамі	46
куцейна	46
ўхіл	46
генерального	46
найстарэйшыя	46
варонін	46
які-небудзь	46
адпраўляць	46
дамінантай	46
манер	46
алівы	46
бурак	46
вандроўка	46
бізантыйскае	46
кулак	46
кіраваньню	46
чад	46
асманы	46
аўстрыйцаў	46
шапкі	46
міратворчых	46
рыхтуюцца	46
паступленьняў	46
вядомасьці	46
буйло	46
папулярызацыю	46
дэпартацыю	46
літаратурна-крытычныя	46
джойс	46
бялевіч	46
заняцьце	46
зачыненай	46
характарызавалася	46
смалявічах	46
антыгуа	46
ермаловіча	46
канюхі	46
гдыні	46
тэрарызмам	46
жазэ	46
ад’ютант	46
радзевіч	46
кастусём	46
балеслава	46
прысьвячаецца	46
шукевіч	46
рыё	46
водна-балотных	46
фія	46
склепе	46
этнографии	46
салёну	46
нобэлеўскае	46
дырэктарка	46
улашчык	46
паэтычнае	46
дунаі	46
пытаньням	46
пакладзеныя	46
ўключыць	46
абрамчык	46
скінулі	46
суседа	46
дый	46
фізыка-матэматычны	46
афарбоўкай	46
спрыяльных	46
таліна	46
імкненьнем	46
францішкі	46
перавыдаваўся	46
калосьсе	46
плянамі	46
слоўніках	46
яскевіч	46
побытавыя	46
рэаліі	46
зьвяртаюць	46
своих	46
маральнае	46
сьвяціцеля	46
рымскаму	46
вучэльнях	46
множаньне	46
альгердавіч	46
еўдакія	46
наўгародзкая	46
чачэнія	46
лірычнай	46
развіцця	46
красінскі	46
семашкевіч	46
падкрэсьліваюць	46
па-грэцку	46
найбліжэйшым	46
пяру	46
бостану	46
габрэй	46
бамбаваньняў	46
прыводзілі	46
капіталізацыя	46
гразноў	46
мэблевая	46
суднік	46
львовіч	46
гданьскага	46
сваякам	46
скрыган	46
прапаведнікам	46
тутэйшая	46
этнаграфічным	46
цыстэрыянскі	46
радзіна	46
асеў	46
узятыя	46
ісламскія	46
капіталізм	46
бэні	46
пчала	46
шчучыне	46
мусульманскі	46
плянаваньні	46
грамадазнаўства	46
падставах	46
сфера	46
крус	46
падлетка	46
сабраная	46
групоўкамі	46
рыф	46
кляшторнага	46
сьвярдлова	46
спатрэбіцца	46
разанава	46
адзінаю	46
грамадзка-палітычных	46
вытворная	46
трывогі	46
брук	46
людмила	46
высылцы	46
псыхалёгію	46
мозга	46
школьную	46
каран	46
вінаватыя	46
кіруючыся	46
меркаваных	46
сутычка	46
яднаньня	46
машэ	46
намагаецца	46
антычная	46
навучыцца	46
ермачэнка	46
эўразьвязе	46
вясновы	46
заключным	46
чыжа	46
авіяцыяй	46
сутыку	46
зуб	46
ўваходжаньне	46
рэжысёр	46
студыйных	46
фарадэй	46
тэатральнае	46
нью-мэксыка	46
раманюк	46
эдыт	46
выплаце	46
намераў	46
ерэвану	46
шкляной	46
грэй	46
ільліча	46
софія	46
бясплатнай	46
магнітны	46
бізантыйскія	46
курганскі	46
геамэтрычных	46
ўзьнікалі	46
судане	46
партызанкі	46
суарэс	46
прыкладаньняў	46
правакацыі	46
набораў	46
франкфурт	46
крах	46
морква	46
пераўтварае	46
неахвотна	46
апытаных	46
адпаведнікі	46
сталыпін	46
анголе	46
фашысцкай	46
бодрычаў	46
лінгвістычнай	46
засноўвалася	46
лапа	46
султану	46
замацаваньне	46
рэгіянальнае	46
гваньіні	46
выпадзеньне	46
паўднёва-заходніх	46
ўплывам	46
асуджаная	46
бабовыя	46
чарніцы	46
сьвятах	46
плячо	46
тканіна	46
сьвежыя	46
ўвосені	46
шклянкі	46
азіяй	46
ахвяравалі	46
сынтэзатар	46
фільмамі	46
магнацкіх	46
кодэксе	46
трансыльванія	46
вяло	46
паглынаньне	46
волзе	46
образование	46
выкладаньнем	46
пакрытае	46
іштвана	46
ціса	46
міжземнаморскага	46
апрацоўкай	46
травяністых	46
лют	46
пнэўманіі	46
зьвера	46
арыштоўваўся	46
раманчук	46
сумна	46
сэлекцыі	46
падвышанай	46
канцлягераў	46
хуткаснага	46
патрэбамі	46
сьвіньняў	46
высланая	46
абсалютнага	46
градус	46
валожыне	46
паўстанца	46
выхадцамі	46
зручна	46
увайсьці	46
плянавай	46
адвесьці	46
крамлі	46
ўсяляк	46
рнк	46
партый	46
кіруючыя	46
стыку	46
гаўя	46
выкладаліся	46
ўладароў	46
экспартэрам	46
київський	46
сыграла	46
схемаў	46
аднапалатны	46
расправы	46
кампутарам	46
аддзеленая	46
мэтэаралёгія	46
астранамічны	46
зяць	46
чашалісьцікаў	46
важнага	46
узяўся	46
пяцёрку	46
группа	46
падданства	46
экасыстэмы	46
днямі	46
праекцыі	46
бясьпечнага	46
віценя	46
губэрнскіх	46
прапанаванай	46
политическая	46
ўнесла	46
разарваў	46
грышка	46
андрея	46
асацыяцый	46
парлямэнцкую	46
мядзьведзі	46
рысі	46
власти	46
вайда	46
пляменьніцай	46
папяровыя	46
пераважным	46
эстонскае	46
кро	46
пададзеная	46
стыкавых	46
марсэля	46
знаках	46
іль-дэ-франс	46
труа	46
здольным	46
інавацыйных	46
праіндаэўрапейскага	46
бурушаскі	46
ветры	46
разважае	46
собор	46
геадэзіі	46
сёньняшняя	46
выкрыцьця	46
ягелонскім	46
жыровіцкага	46
дабравешчаньня	46
заказаў	46
уплываў	46
мадрыдзкім	46
рамантычным	46
гвалтоўны	46
куток	46
стратэгічная	46
каардынуе	46
устанаўлівае	46
індэксаў	46
даваньне	46
дастаўка	46
рыторыкі	46
пячору	46
самъ	46
пскоўскім	46
пісаліся	46
густавам	46
баніфацыюс	46
японцаў	46
звольніў	46
сэната	46
царкву-мураўёўку	46
канкурэнцыя	46
заплацілі	46
пераводзе	46
тыбэт	46
маша	46
заўвага	46
разгортваньне	46
правую	46
сваяцтве	46
падняцца	46
электраэнэргіяй	46
гарадо	46
раніцу	46
ледавіком	46
параф’янава	46
двора	46
шніп	46
пакараньнем	46
стралковыя	46
гутарку	46
прыказак	46
стафана	46
пацы	46
пакутуюць	46
навыварат	46
сумневу	46
гітарысты	46
друга	46
плянка	46
радках	46
квадратнага	46
редакция	46
нэрвовая	46
канцавінаў	46
крылах	46
публічную	46
штутгарту	46
кутніх	46
дорскі	46
сеў	46
імуннай	46
рурыкавічы	46
выбіраліся	46
балотны	46
прыродная	46
ерэване	46
нагорнага	46
дзясна	46
рэфэрэндар	46
нагрузку	46
ператворана	46
дызайнэраў	46
зарада	46
слупа	46
дастаўлялі	46
садзейнічае	46
анальны	46
юды	46
спрэчках	46
карэльскі	46
адпраўляе	46
саркафагу	46
мукачава	46
жыцьцяў	46
віртуці	46
мілітары	46
аўтаркі	46
масак	46
валеўскі	46
сцэнарыстам	46
сего	46
вечным	46
станка	46
фарматы	46
антоніюс	46
самвыдат	46
байкал	46
эвакуацыю	46
нарвы	46
вядзьмар	46
ціхаакіянскім	46
мэтану	46
сланы	46
колін	46
ёрку	46
альгебраічных	46
лясістай	46
гуды	46
сялецкага	46
бухавіцкага	46
цудатворцы	46
дапамогшы	46
глі	46
млынок	46
лева	46
дубаю	46
арэнднай	46
пэнсыльваніі	46
эротыка	46
-ае	46
казло	46
цішкі	46
пружанская	46
галасавалі	46
деревня	46
нны	46
бачных	46
базавалася	46
алмаз	46
добрамі	46
казённага	46
селения	46
-гунт-	46
-кунт-	46
бро	46
пясчанка	46
масаж	46
барвін	46
бабро	46
хамэнэі	46
экватара	46
наладжаньне	46
сьлесарам	46
закінуўшы	46
хакеістам	46
каронавірусу	46
іванаўскай	46
касьцяневічы	46
квітня	46
быдгашчы	46
куль	46
ліпнішкаўскі	46
валеўка	46
гансэн	46
сплавінныя	46
міхалавай	46
адзьдзяленьне	46
калібр	46
ракетнага	46
расьлінным	46
пяшчанае	46
знаёміць	46
здымку	46
хабараўск	46
андэрлехт	46
пераносным	46
мвд	46
коўл	46
наваполацкім	46
камары	46
відзаўскага	46
ордэра	46
мва	46
пасяджэньнях	46
экспэртыза	46
скаўтынгу	46
казека	46
сіроцінскага	46
сьмілавіцкі	46
навукова-фантастычны	46
змяненьні	46
дэпутатка	46
васьміканцовы	46
кастрамской	46
стрэс	46
дублюючага	46
ислочи	46
межаўскага	46
дэмбраўскага	46
крывасельскі	46
прановіч	46
рашчыны	46
команде	46
шляхетная	46
аэрафлёт	46
цяжарнасьць	46
якубавіч	46
сэгунды	46
скайўокера	46
карпацкае	46
пинским	46
эротыкай	46
порнастужкі	46
ординация	46
лесничествах	46
манамаха	45
пятроўшчына	45
тыпах	45
оптыкі	45
пушкіну	45
гарун	45
індустрыяльнага	45
заморскіх	45
зафіксавалі	45
бреста	45
дырыгента	45
асаднікаў	45
тэктанічных	45
насаджэньняў	45
вялікакняскага	45
бокс	45
трансьляцыя	45
рыгай	45
искусства	45
гетману	45
паскевіч	45
карагод	45
баранавічамі	45
прададзеных	45
ласкоў	45
бастыёны	45
атачэньня	45
налівайка	45
ліхтары	45
баярства	45
памочнікаў	45
афіцына	45
баршчэўская	45
макоўскага	45
пачобут-адляніцкі	45
абыход	45
напісаную	45
пытанні	45
карцінная	45
легендарным	45
багадзельня	45
актавай	45
ангельцам	45
антанін	45
гішпанскімі	45
вольфганга	45
кіравацца	45
лыжныя	45
турыстычнага	45
высьвятленьня	45
гілевіча	45
ліпскі	45
мушынскі	45
тэрмапілы	45
ўулф	45
марсу	45
самсон	45
шуміліна	45
шутава	45
гродзенская	45
цыклу	45
пісаўся	45
бяды	45
лядах	45
ўе	45
замкавыя	45
падканцлера	45
літаратуразнаўчыя	45
намібія	45
чарльз	45
альшэўскі	45
бэк	45
рэкамэндацыяў	45
зводзіцца	45
аўтарытэтных	45
ісака	45
харвест	45
поршэ	45
тэрміновай	45
прагаласаваў	45
гінтэр	45
стэрлінг	45
мэмарыяльную	45
генэрал-фэльдмаршал	45
разьба	45
надрукаваць	45
кампазыцый	45
шаха	45
чаквін	45
радыяактыўнага	45
працэдураў	45
радыюсе	45
кухты	45
грашовае	45
пазнаць	45
белый	45
арыгінала	45
датуль	45
тамох	45
адчыніўся	45
апавяданьнем	45
альбанскага	45
бытавых	45
палітвязень	45
кушляны	45
чарнігаве	45
затрымаўся	45
дыялёгі	45
цьвердзь	45
талінскі	45
транзыт	45
разьдзела	45
тэрміновую	45
скарынам	45
шесть	45
пададзена	45
бліскуча	45
плашч	45
партрэту	45
надумаў	45
тлумачэньнем	45
юдэя	45
литературная	45
нарматываў	45
славе	45
злых	45
кордава	45
марна	45
праслаўленьне	45
спрадвеку	45
коннага	45
мёртвы	45
канцэпцыяў	45
кечуа	45
гэнрых	45
блэйк	45
кастравіцкі	45
буржуазіі	45
степени	45
фама	45
ліцэнзія	45
крытыкуюць	45
карыснымі	45
сартр	45
парытэту	45
польска-беларускі	45
тыбэту	45
сталінскія	45
прыкладных	45
губны	45
цырульнік	45
запрашаюць	45
туркмэністане	45
вінсэнт	45
кейстутам	45
злучаў	45
выводзілі	45
мураванымі	45
незадаволеных	45
канфэдэратаў	45
паляўнічай	45
узяцьце	45
барокавы	45
зьнешняе	45
рукапакладзены	45
засяроджана	45
аблвыканкам	45
здабытая	45
санаторыі	45
гомельскую	45
газаправод	45
эфэктам	45
філатаў	45
эйман	45
клецкай	45
тэлекам	45
уільям	45
пэйзажны	45
сталінская	45
пальмы	45
мсціслаў	45
містычныя	45
пралетарыяту	45
папярэднічалі	45
станаўленьні	45
строгія	45
мадэлях	45
антэны	45
шрыфты	45
культуралёгіі	45
усеагульнае	45
марфалягічныя	45
некрашэвіча	45
пы	45
нацыяй	45
падлеткавым	45
ўвасабляюць	45
вільгэльма	45
інтэрнаваны	45
жалобы	45
відэакліпы	45
западзіны	45
трупаў	45
перашкаджаюць	45
замене	45
скончанае	45
чарговых	45
якасна	45
вынікаюць	45
ніякія	45
абрагама	45
граўжышкі	45
лякаматыву	45
вымусіў	45
перажыць	45
мантана	45
міядзакі	45
панамароў	45
ператрусы	45
тальяці	45
луцэнка	45
гордана	45
бабілёну	45
нацыю	45
грыгарыянскага	45
вывезена	45
ідэалёгію	45
адлюстроўваў	45
кліўлэндзе	45
карэльская	45
освальд	45
зафіксаваў	45
галоўка	45
нічыпар	45
прэзыдэнцкім	45
гога	45
майлз	45
здолее	45
паганцаў	45
увасабленьне	45
дачы	45
апекуна	45
назапашваньня	45
заступіў	45
турызьме	45
аўтаматычную	45
прыназоўнікаў	45
адмоўнага	45
усходнеславянская	45
доляў	45
захоплівае	45
шчорсы	45
школамі	45
позьняе	45
чытачам	45
разбор	45
ключавой	45
разрадаў	45
тые	45
прыцягненьнем	45
парадыгмаў	45
итоги	45
блёка	45
пліт	45
лёну	45
скурай	45
перцу	45
качак	45
алеяў	45
шанаваньня	45
штодзённага	45
пакаяньне	45
прэснаводных	45
пацыента	45
укараненьне	45
гіла	45
сягаюць	45
вар	45
вушэй	45
галубы	45
разьлічваў	45
абавязваўся	45
карова	45
грэка	45
ўзмацніць	45
ініцыятарамі	45
дукатаў	45
ягада	45
зьледзяненьня	45
самімі	45
апостальскага	45
містэра	45
юстына	45
бацькоўскі	45
каштоўнасьцю	45
зьездах	45
набытая	45
выхадцам	45
сканцэнтраваны	45
міласьці	45
іўі	45
кладзецца	45
падлозе	45
мицик	45
старому	45
васьмю	45
митрополитов	45
адданасьці	45
праходжаньне	45
адаптацыя	45
ўладзімерскай	45
латгалія	45
наступам	45
разьні	45
накіроўваць	45
рамяство	45
литовское	45
тэкстылю	45
паднялі	45
дзейнымі	45
дапусьцілі	45
накіраваную	45
кейданы	45
буквар	45
двухбаковых	45
хуткасьцяў	45
тэрмадынаміка	45
дрэннае	45
пузыны	45
-гранныя	45
тэкстыль	45
сядзелі	45
ўбачыла	45
адмаўлялася	45
адгукнуўся	45
ібрагім	45
міхайлу	45
уварваньнем	45
прадастаўляе	45
апорнай	45
москве	45
лагойскай	45
меншымі	45
рыцарскіх	45
галаўным	45
грэка-каталікоў	45
скульптурамі	45
мэталічнымі	45
сьвецкага	45
сыцылію	45
якутского	45
ссылцы	45
парашэнкі	45
тарнопальская	45
сумежныя	45
пірэнэі	45
пуціным	45
выбіць	45
утворанага	45
славутасьцю	45
цярпеньне	45
нанесеныя	45
перастае	45
супрацьстаяла	45
суб’екту	45
бука	45
стронга	45
ўкараненьня	45
перавысілі	45
іміграцыя	45
арганізаваным	45
віктора	45
эўкліда	45
македонскім	45
растоў	45
сапраўднасьць	45
закончыла	45
кампэтэнцыю	45
ваяводзіча	45
брашуру	45
босьніяй	45
старэйшую	45
фэрнандэс	45
бананаў	45
лясное	45
прадаваў	45
прысьвяцілі	45
аб’яднаньнямі	45
датэрміновага	45
закрытага	45
закладу	45
банкаўскія	45
мельнікава	45
ал-	45
тэрарыстамі	45
зручны	45
гаворкай	45
тутэйшага	45
козел	45
даведалася	45
саюзьнікамі	45
выйграе	45
вабішчэвіч	45
конкурсам	45
лоск	45
зыходнага	45
пісьменьніцкай	45
унутраную	45
океан	45
аддачы	45
докшыцаў	45
поселка	45
ёдзкі	45
астрашыцкі	45
міцкевічы	45
газеце	45
перакладнікаў	45
неадкладнага	45
сессии	45
лічынкі	45
кубічных	45
партии	45
бакшты	45
-мэтровы	45
даніловіч	45
мартынэс	45
частковага	45
прыбярэжная	45
разьмясьціла	45
слана	45
прэсу	45
гарэньня	45
цьвёрдасьць	45
гётэборгу	45
падвышаны	45
хлусаў	45
дывізій	45
ўзьведзеная	45
турынскі	45
разьлічваць	45
тыраны	45
буша	45
фэрэнцвараш	45
залозаў	45
фінансаваньні	45
пвт	45
барысаўчанаў	45
барскі	45
аналітычных	45
дэпутацкага	45
пратэстам	45
мілавіца	45
лубін	45
скідзельскі	45
наземнага	45
самаходных	45
спадкаемцам	45
ірацкай	45
роўд	45
танцавальнай	45
нябеснае	45
брачыслаў	45
наведвальнікі	45
партызанскую	45
падрабязнае	45
грузінскае	45
саксонія-ангальт	45
каралінскі	45
старэйшымі	45
малпы	45
удакладніў	45
паветамі	45
іранскай	45
навукова-дасьледчай	45
пірс	45
ўздымаецца	45
паданьнях	45
бразыльскім	45
атол	45
стражніка	45
вадазборы	45
жанчыне	45
канчатковыя	45
хальч	45
бухарэсту	45
гірэя	45
вішня	45
інжынэрныя	45
ўладаю	45
арэнбургу	45
дэталямі	45
настрою	45
сабралося	45
балаховіча	45
чароўная	45
каўказа	45
наступствамі	45
ралі	45
частковы	45
вэнтыляцыі	45
прымяняць	45
наземным	45
альтэрнатыўнага	45
роднасныя	45
генштаба	45
ніжагародзкая	45
чкалава	45
спк	45
ясьлі-сад	45
паўправадніковых	45
кантата	45
дэпрэсію	45
скрайні	45
пружа	45
франтоны	45
прыморскага	45
философия	45
гвінэі-бісаў	45
организации	45
ініцыятываў	45
апэратыўны	45
інтэрнэт-смі	45
рэвізійнай	45
пазнакі	45
степанович	45
шайбы	45
дзямідавічы	45
гаўдземунда	45
’дабро	45
цнота’	45
мбрр	45
падпіску	45
тана	45
агенцтвам	45
честь	45
навіцкая	45
аднагадовы	45
кровазвароту	45
баксэры	45
дуга	45
раўндаў	45
скокі	45
нм	45
пасам	45
кальца	45
забясьпечаны	45
фэмінізм	45
тыма	45
трэнаваў	45
горацкая	45
арцёма	45
мілянскі	45
маары	45
вікіпэдыяў	45
адысэя	45
злодзей	45
аўтаматычныя	45
калідорны	45
бандары	45
членства	45
падоўжнай	45
загінулага	45
жамыслаўль	45
уселюб	45
войстам	45
вопісу	45
виноградов	45
пучын	45
бресцкого	45
грузаперавозкі	45
сацыяльна-дэмаграфічная	45
матор	45
падкаморыя	45
амурскай	45
нагорна-карабаскай	45
якутия	45
накрываецца	45
іпсўіч	45
карынтыянс	45
эмпалі	45
стральчатымі	45
наміналы	45
пермскі	45
памежнікаў	45
крестьян	45
нор	45
сурганава	45
эфэс	45
палоўцы	45
сабакінскі	45
мяшанай	45
падатрад	45
вызьненскага	45
дім	45
каранёўскі	45
крывасельскага	45
малочкі	45
пяршайскі	45
брыгіцкі	45
гірэй	45
электар	45
коршунава	45
унп	45
прасёлкавай	45
енісей	45
арыс	45
магілеўскага	45
крайванцаўскі	45
міжраённыя	45
мінабароны	45
каціныя	45
ашока	45
камэдыйна-драматычныя	45
анжэ	45
мтсг	45
никита	45
гккрб	45
трыпл-дабл	45
палпатын	45
крайванцаўскага	45
рыгс	45
павелъ	45
расенская	45
баніфратаў	44
ідылія	44
нацыянальна-вызвольным	44
адышло	44
паваенныя	44
труд	44
фэўдальнай	44
кашкурэвіч	44
белавескага	44
навукамі	44
падыходам	44
засяроджваецца	44
інтэлектуальных	44
растлумачыў	44
разрады	44
доўжыліся	44
бугам	44
іпаці	44
птв	44
калесьнік	44
апрацаваў	44
перабраліся	44
цярпелі	44
пякарскі	44
гарбарныя	44
пажарны	44
кандытарская	44
ветразь	44
гарсавету	44
владимира	44
полацкаму	44
пешкі	44
уяўленьне	44
перакрыжаваньні	44
рэчыччыны	44
цырку	44
базавым	44
бібліёграф	44
сынагогаў	44
катынь	44
асьветніка	44
дабравесьце	44
віцебскаму	44
хлебапрадуктаў	44
степанов	44
фанэтычным	44
ей	44
дынабург	44
коранем	44
воднае	44
язды	44
шаціла	44
гістарычна-краязнаўчы	44
сакратарыяце	44
сатырык	44
цесьця	44
асманскую	44
троне	44
гайдна	44
кампрамісу	44
датэрміновыя	44
допыты	44
свб	44
выдавецкае	44
калыска	44
дырыжор	44
ударнік	44
рэйсу	44
дыхаць	44
апостальская	44
дэпутацкі	44
маўрыцы	44
паўднёва-афрыканская	44
суэцкага	44
шчыльнымі	44
памідораў	44
фармальных	44
ўяўленьня	44
усталявала	44
нобэля	44
дасьледваў	44
палегчыць	44
праўдзе	44
этналёгіі	44
ўзнавіць	44
яфім	44
паверхняў	44
пэйзажаў	44
малюе	44
остлянд	44
разбурыў	44
дакладаў	44
авідыюса	44
вечная	44
саломы	44
бацькаўшчыне	44
публікацыяй	44
праская	44
праверцы	44
запасным	44
скіраванасьць	44
элегія	44
чытач	44
мяккасьць	44
празаічных	44
вэнэцыю	44
арыентаваныя	44
якае	44
пазьнейшымі	44
старэйшаму	44
апоўдні	44
палепшылася	44
маргарыты	44
катавалі	44
ўпаўнаважаны	44
нораваў	44
мэтрыка	44
кананічных	44
супярэчаць	44
яцэк	44
правільнае	44
мсьціслаўскі	44
пскове	44
плоцкі	44
суседнюю	44
дубоўкі	44
нацысцкі	44
лады	44
паўнавартаснай	44
зьмяншае	44
пячораў	44
козы	44
сярэднегадавы	44
сэрвантэс	44
эмблемай	44
сьпікер	44
мэксыканская	44
зьменныя	44
кудзелі	44
тэлесыстэмы	44
пуслоўскіх	44
панямоньня	44
байканур	44
замацоўваецца	44
халіфа	44
ўстройства	44
цэнтралізацыі	44
лошніца	44
унікальныя	44
друць	44
проня	44
рудаў	44
фінансуецца	44
мэдыцынскага	44
пацярпелага	44
прамыслова	44
езярышча	44
струста	44
цёплая	44
максымальнага	44
трывалыя	44
ягораў	44
арктыкі	44
сталоўка	44
капы	44
лінэй	44
ачышчэньня	44
шацёр	44
буклет	44
недавер	44
незаконнага	44
астрына	44
мураванка	44
ішчална	44
збавіцеля	44
філіялы	44
гарвардзкага	44
зручным	44
прапойску	44
зямны	44
кёнігсбэргу	44
мараль	44
зямным	44
запрудзкі	44
цяпінскі	44
пытання	44
зброяю	44
лістападаўскага	44
басьнійскай	44
юліяна	44
высечкі	44
дрот	44
шэсьці	44
нападнікі	44
выцягнутыя	44
мэталічная	44
вінаватых	44
ойлер	44
барак	44
падразьдзяленьнем	44
рабат	44
духі	44
цікавым	44
пуцёўку	44
адэскага	44
здабытыя	44
прагулялі	44
игрок	44
рабінам	44
крэйсэр	44
купідон	44
гэмінгўэй	44
сыбірская	44
краўчук	44
разьмяркоўваюцца	44
аранжавая	44
натхнёныя	44
дзьмітрый	44
маркіза	44
фры	44
кур’ер	44
умбэрта	44
бэрне	44
нарысу	44
тамашэвіч	44
мэтам	44
далягляды	44
этнографа	44
блюзу	44
крашэўскіх	44
прарэктар	44
гарта	44
гаруна	44
нічыя	44
боскую	44
санэтаў	44
алькагольных	44
ўрадлівасьці	44
атачылі	44
падабалася	44
прыпыненьня	44
прысьвячэньне	44
фальсыфікацыяў	44
лдпр	44
ўступаюць	44
плякатаў	44
раўскі	44
беларуска-амэрыканскага	44
губляюць	44
эфэктыўным	44
юнікод	44
назоўнага	44
хімікам	44
клетак	44
прэ	44
палтаўская	44
форда	44
пазбавілася	44
мэханічным	44
супадзеньне	44
манаполіі	44
справаводзтве	44
суч	44
выданьню	44
родах	44
-л	44
детей	44
мал	44
беларуска-літоўскага	44
землятрусаў	44
рыбныя	44
агароджу	44
рэкамэндуецца	44
халодных	44
смакам	44
морах	44
добраахвотнае	44
дробна	44
мячэтаў	44
уплывовым	44
міграцыю	44
дакота	44
кідаюць	44
попелу	44
уцёкаў	44
нізіну	44
гуны	44
скандынаўскага	44
падарожніка	44
тэстамэнту	44
пераважную	44
утрымліваецца	44
выклікаючы	44
паляне	44
стужкамі	44
трапленьня	44
фунта	44
хобі	44
дэкаратыўная	44
пусты	44
нэўтральным	44
інтэлектуальнага	44
абрадах	44
прыдатны	44
малахоўскі	44
дарма	44
кітайскімі	44
паклікаў	44
касьпійскім	44
униатских	44
абапіраліся	44
выдумка	44
батаніка	44
публікуецца	44
экспэрымэнтальных	44
інфэкцыя	44
ледавітага	44
перавозка	44
яраславіч	44
саступалі	44
його	44
аўтакефалію	44
ху	44
нападалі	44
узвышшам	44
закрытай	44
сэзонныя	44
антарктыда	44
риа	44
бялавічы	44
каменнымі	44
падземнай	44
более	44
дукат	44
этнонім	44
закрануў	44
сэрыялы	44
сачэньня	44
ўладам	44
інфармацыйную	44
цеплавую	44
дабрачынных	44
цівалі	44
падоўжыць	44
імпэрскую	44
сэрвацыя	44
сыходзяцца	44
краснага	44
палоскамі	44
манфрэд	44
юстыніян	44
пэтрарка	44
флярэнцыю	44
засьцярогі	44
дзясятым	44
сур’ёзнага	44
галерэяў	44
пілята	44
монтэ-карлё	44
крымскае	44
губэрнямі	44
крымскататарскай	44
джош	44
крыштоф	44
фіялетавы	44
заработнай	44
кібарт	44
балтийской	44
юр’евіча	44
вугорцамі	44
найбуйнейшую	44
жъ	44
ўрадамі	44
эвангельская	44
ацяпленьня	44
германцаў	44
прапарцыйна	44
эсто	44
канфліктах	44
трыюмфальная	44
аднаўляльных	44
рэспубліканцы	44
непрыстойнасьць	44
падыходзяць	44
нестабільнасьці	44
гутарковы	44
калюмны	44
пячаткай	44
зразумеўшы	44
папрасілі	44
абд	44
чарэя	44
ўзьняў	44
ганеньняў	44
пяцідзесяці	44
нацбанку	44
нацбанка	44
талачыне	44
паперах	44
вінаваты	44
празвалі	44
апекаваўся	44
злоўжываньні	44
ніра	44
паступала	44
армэніяй	44
кино	44
княгінін	44
атыла	44
нота	44
замацаваная	44
мацуецца	44
шлему	44
шчэ	44
вылучыліся	44
наведваньні	44
каралем	44
смалярня	44
стралковы	44
перабродзьдзе	44
уша	44
паказваюцца	44
пятроўскага	44
варонча	44
эвы	44
ўотфард	44
дыпляматыя	44
грузавікі	44
звычаямі	44
наступе	44
комплексным	44
радыёвяшчаньня	44
допуску	44
среды	44
пяшчаныя	44
румынскае	44
ісьляндыю	44
хуткасны	44
сцэнічныя	44
тармасава	44
навакольляў	44
бальшавіцкія	44
адыйшла	44
перашкод	44
патрэбную	44
паравоз	44
праслухоўваньня	44
ом	44
прататыпы	44
энэргетычны	44
блэкпул	44
паўночней	44
характарыстыкай	44
справаздачнасьць	44
ўолтэра	44
зьмяняў	44
павялічыўшы	44
кіраўніцай	44
прачынаецца	44
каштоўнасцей	44
турмаў	44
унукам	44
цэнтралізаванага	44
абанэнта	44
спускаецца	44
азэрбайджана	44
нач	44
гранд	44
бакавога	44
падбор	44
дняпроўская	44
губэрнскім	44
збудавана	44
фэстаў	44
умяшчальнасьць	44
карысны	44
адабраць	44
астро	44
галілеі	44
канону	44
фіналах	44
казяны	44
невысакосны	44
правадырствам	44
сьвяцілішча	44
сэмінараў	44
лордаў	44
пагрозамі	44
пад’ёму	44
трагічныя	44
распаўсюджвалі	44
зьмясьціла	44
кантракце	44
згадана	44
ганча	44
асуджэньне	44
катэгорый	44
няўдалымі	44
прыступ	44
нарадаў	44
схіл	44
мэталю	44
іосіфавіч	44
крылатыя	44
гняздом	44
самуіла	44
даваеннага	44
адстаўка	44
поўсьці	44
сьвятарскае	44
кавалерыйскі	44
сплаву	44
парадны	44
фу	44
выніковасьць	44
омскай	44
мэталічнай	44
тэгерану	44
аскепкаў	44
вастрабрамская	44
канадцаў	44
аўгустоўскай	44
кобринского	44
абноўленая	44
ткі	44
тэвельскага	44
дрогичинского	44
навамыскага	44
лазы	44
границы	44
карымава	44
паведамляць	44
арэале	44
браціслаўскі	44
клепачы	44
наглядзе	44
лазоўскі	44
дэман	44
сшыткаў	44
спрут	44
арганізацыйнай	44
фінансава	44
малеч	44
ўправе	44
дотык	44
балотам	44
стралец	44
мафіі	44
капальні	44
уругвайскія	44
тоўстай	44
фрайбургу	44
аніхто	44
зламаў	44
аўганскія	44
прэзьбітэрыюму	44
барабана	44
маткі	44
шаміля	44
мсьцібаў	44
атыкам	44
курылавіцкі	44
пани	44
крысьціны	44
рудыя	44
абыграўшы	44
струннага	44
брагуі	44
далёкае	44
авк	44
узнагароджаньні	44
сынґапур	44
заводзкага	44
міхаліна	44
археалогіі	44
тарнопаль	44
мфа	44
нпа	44
пармы	44
трылеры	44
видавець	44
аварыю	44
дэсанту	44
прапісаныя	44
команды	44
срэбнымі	44
васільеўка	44
ато	44
грамад	44
сфатул	44
брэтаніі	44
ломыш	44
засаўкі	44
аб’ёмна-прасторавую	44
гаранскага	44
рачэнскі	44
курылавіцкага	44
каменналоскага	44
микола	44
навапольскага	44
карман	44
райцаўскага	44
боцькі	44
хацюхоўскі	44
операция	44
несьцерка	44
ґенэрала	44
городненского	44
баеру	44
вкс	44
прыкрываць	44
зэбры	44
арэндах	44
шевельов	44
бмд-	44
словаўтварэнне	44
вэйдэр	44
сабакінскага	44
міжгарнізонны	44
спасович	44
ўдзельнага	43
наваградкам	43
пераносам	43
цягнуліся	43
кальварыі	43
асаблівасьцях	43
эпохаў	43
харальная	43
капішча	43
марцінкевіч	43
падыходаў	43
дыпляматычная	43
параўноўвае	43
гэткія	43
гэткім	43
начальніку	43
вэгетацыйны	43
комплекса	43
падразьдзел	43
лявонці	43
падстароста	43
астроская	43
илья	43
яшчаркі	43
эстрадны	43
мерна	43
аб’ядноўваліся	43
ал	43
дастатковую	43
забелы	43
екацярынбургу	43
арлоўскі	43
мястэчкаў	43
ліцьвіна	43
парушылі	43
выражаны	43
грунтаваўся	43
сыне	43
домік	43
жыткавічаў	43
слоўн	43
других	43
гаштольдаў	43
рэгіна	43
клясыфікуюцца	43
духоўнасьці	43
гітлераўцамі	43
коласам	43
мужык	43
галоўнаю	43
біябібліягр	43
геній	43
польскамоўнай	43
турэцкімі	43
устанавіла	43
леонид	43
выдана	43
складанках	43
эльвіра	43
фідэ	43
найдзюк	43
адмененыя	43
чалавечнасьці	43
кар’ер	43
эквівалент	43
пазначаліся	43
скурко	43
лёзьненскі	43
прынсыпі	43
ушэсьця	43
флярэнтыйскай	43
карым	43
рг	43
рышэльё	43
перамагло	43
ямант	43
каліноўскім	43
адозвы	43
антыгітлераўскай	43
мучанік	43
каторых	43
шырокаму	43
варшаўскіх	43
пераадоленьне	43
кінуты	43
струнаў	43
сялянскім	43
зьвярталася	43
віялета	43
слуцкіх	43
авальнай	43
пэрсанажамі	43
шыманоўскі	43
нацыяналізацыі	43
андэрсэна	43
вынесла	43
дазволе	43
псыхалягічная	43
дапоўненае	43
нададзеная	43
вінцэнтам	43
михайло	43
нататак	43
дэталь	43
ацэньваў	43
анжу	43
адукацыйным	43
пакетаў	43
сэрвэраў	43
ўокер	43
рута	43
маляўнічыя	43
веданьня	43
вэнэцыянская	43
парадная	43
фінансаваў	43
затрымаць	43
отношения	43
ерасі	43
московской	43
неабходнымі	43
разьлічаныя	43
бізантыйскіх	43
фараона	43
конным	43
-тысячнага	43
дапаможніка	43
антысавецкі	43
адмоўнай	43
значэньнямі	43
валютных	43
адынец	43
пісьмы	43
бугаёў	43
цудоўныя	43
труса	43
прамысловец	43
эразма	43
пакідаў	43
шварцэнбэрг	43
манаскія	43
казьмы	43
правядзеньню	43
купал-цыбуліну	43
вытрымаць	43
сіроткі	43
танцавальная	43
мэлёдыяў	43
акварэль	43
яана	43
струмені	43
вуглю	43
папоўка	43
славечна	43
добрускі	43
падвяргаецца	43
мёдам	43
пазначаў	43
фотаздымкі	43
спадщина	43
выяўленае	43
летапісца	43
акардэон	43
якаўлеў	43
экспэрымэнтальныя	43
прапаноўвала	43
імпульсу	43
адлегласьцях	43
пашчасьціла	43
гановэры	43
носьбіта	43
трансьляцыю	43
разважаньняў	43
кадастр	43
пасьляваеннага	43
федорович	43
саветніка	43
пэрсыдзкую	43
ўплывовых	43
клясай	43
зьдзецелу	43
сант’яга-дэ-чылі	43
баркулабаўскі	43
сцяпан	43
бізнэсмэн	43
усталяваньнем	43
добраахвотнага	43
дарожным	43
стран	43
раскіданыя	43
міталягічных	43
акадэмікаў	43
аналягічнай	43
усталёўваецца	43
авэню	43
паганскія	43
пазычыў	43
прыцягвала	43
калеў	43
паўтарыла	43
палепшыліся	43
топ	43
цэлай	43
варна	43
састаў	43
тро	43
клара	43
квадрату	43
машкова	43
вялізную	43
спартыўных	43
афанасі	43
фінскую	43
заваёўнік	43
альвара	43
бэкер	43
неафіцыйных	43
тэлеграму	43
псыхічных	43
лучыны	43
клеафаса	43
гарві	43
ўрадавы	43
зэф	43
дараваньне	43
істотная	43
перагонкі	43
вечнай	43
сынтэзатары	43
стваральнікамі	43
панэль	43
добраахвотнай	43
прыпынены	43
джы	43
фаўст	43
падняты	43
архіўнай	43
сардэчнага	43
навэляў	43
каталіцызму	43
лібэральных	43
падручніку	43
прыведзеная	43
брагэ	43
скланеньне	43
прыслоўе	43
стабільны	43
уручаецца	43
выгады	43
палітвязьні	43
мэханізаванай	43
аб’яднаньню	43
маленькае	43
жыхаром	43
мяняцца	43
если	43
первое	43
ўзмацняецца	43
ув	43
прысяга	43
дзелавы	43
пражыла	43
хвалямі	43
паўторныя	43
спэцыяў	43
шляхецкае	43
блізкую	43
праціўнік	43
травой	43
прадуктах	43
вінаў	43
сьветлыя	43
вугляводы	43
краямі	43
рэзэрве	43
меншасьцю	43
кэці	43
фэрмэнты	43
каўкаскі	43
хіміка	43
национальная	43
абалонкай	43
падзялялі	43
папоўнілі	43
клясыфікуецца	43
забойствамі	43
клопаты	43
хаваць	43
усялякіх	43
птушкай	43
каліфарнійскім	43
гедэон	43
нармальнага	43
увасабленьнем	43
падатковая	43
папярэднічаў	43
перавышалі	43
абсалютным	43
інфлянцкага	43
вэнэцыянскі	43
складовая	43
магнуса	43
воіна	43
заключана	43
выжылі	43
назіральнік	43
спаду	43
працягнуліся	43
сэміцкіх	43
кананічнай	43
сякерай	43
агрэсію	43
даваеннай	43
заснаваньнем	43
закранаюць	43
шанхайскі	43
пераўзышоў	43
адцінак	43
перавал	43
палярныя	43
дыяграма	43
актрыса	43
пястаў	43
пасагу	43
паходах	43
паняткам	43
ліцьві	43
маскалі	43
выпадковыя	43
прафэсіяналаў	43
сэрвісаў	43
сэрвісы	43
дабрачынныя	43
установам	43
нямізе	43
яка	43
паштовак	43
любілі	43
грыф	43
адбіты	43
умераны	43
балто-славянские	43
распальваньне	43
паклёп	43
лінгвістамі	43
сьпякотнае	43
экспарце	43
казлоўская	43
падабенствы	43
чэмпіянатам	43
пасламі	43
мэнэджарам	43
аргентынай	43
калмыкіі	43
мурманскай	43
ўспыхнула	43
умову	43
перавозчыка	43
запаўненьня	43
ілюзіі	43
рэґіён	43
гадавым	43
кельтаў	43
камэрны	43
стаянак	43
корсыка	43
пірэнэйскага	43
усталёўвае	43
нараджальнасьць	43
ачольвае	43
юрыстам	43
якія-небудзь	43
рэглямэнт	43
умацаваць	43
пашану	43
падольля	43
праяўляе	43
вярхоўях	43
ізабэлай	43
фасадах	43
лепельскай	43
вэстготы	43
канстантынопальскім	43
пэні	43
кейптаўну	43
дэкаратыўнага	43
ена	43
лек	43
плястыкавых	43
пакут	43
саступаў	43
святы	43
швабскі	43
пуанкарэ	43
джэймса	43
чэхаславацкая	43
-павярховая	43
гарнізона	43
козел-паклеўскіх	43
шахтах	43
шыю	43
танцавальных	43
катаньне	43
кірхэр	43
эмальлю	43
асяродкі	43
прыпяцкім	43
калегам	43
падліках	43
становішчу	43
курортны	43
дапоўнены	43
заўважыла	43
яраславам	43
пэрсыдзкіх	43
паехалі	43
хансю	43
вярблюд	43
ратаваць	43
лілея	43
зарубскага	43
общ	43
більдзюскі	43
жкг	43
половины	43
інсульту	43
сьмяротную	43
яркія	43
асноў	43
сьціплы	43
жалезам	43
адпусьціць	43
созыва	43
-п	43
дызайнам	43
жыцьцёвай	43
выгоды	43
мужыкоў	43
малярыі	43
веке	43
прасторай	43
абмежаваных	43
аргентынскай	43
лібэралізм	43
губэрнатараў	43
рэжысуры	43
цыгарэтаў	43
таленавітага	43
натуральнымі	43
энэіда	43
пародыі	43
зэ	43
сымон-музыка	43
сыбірскі	43
катарына	43
мюнхэнскага	43
дамэніка	43
увайшоўшы	43
электрамагнітных	43
памяранія	43
легалізацыі	43
кружэлак	43
жоржа	43
атрымоўвалі	43
праверак	43
сэрыялаў	43
данбасу	43
жыткавічах	43
хвойных	43
пераезьдзе	43
харчуюцца	43
аўтакефальная	43
самары	43
ўзьведзеныя	43
найлепшаму	43
прафіляктыкі	43
партыйнае	43
бухгальтарскага	43
змушаныя	43
ум	43
гінтаўт	43
сакральнага	43
крадзяжы	43
внутренних	43
ірад	43
рабавалі	43
блакітных	43
скоп’і	43
дарагіх	43
малодшую	43
заваёваў	43
распрацоўвала	43
дошкамі	43
танкавыя	43
фрызамі	43
калябаранты	43
начная	43
ярамір	43
лірыцы	43
алабама	43
масіўныя	43
паўднёвым-захадзе	43
выстаўляў	43
камандзіру	43
запрашэньня	43
портр	43
межанным	43
імпэрская	43
раздачы	43
члена	43
папскія	43
бута	43
райне	43
кондрут	43
дзядулі	43
наведаўшы	43
гнездаваньня	43
скоп’я	43
зьдзіўленьне	43
своему	43
пескаўскі	43
прапусьціла	43
краснадарскі	43
мікалаевіча	43
прыкрыцьця	43
корсакаў	43
асуджаным	43
тройка	43
хальдун	43
таўтывіл	43
экстрэмізму	43
ракападобных	43
барбару	43
дэбі	43
сылескага	43
дзятлавічы	43
ўваходны	43
замо	43
біялягічнага	43
восаў	43
карыстачоў	43
кошыцэ	43
нітра	43
дабучын	43
палеглых	43
гранёным	43
крыўды	43
избранные	43
бясьпекай	43
падоўжаная	43
баявік	43
запо	43
гарыкейнз	43
возны	43
важнейшие	43
мэтрычныя	43
кампактны	43
орлі	43
расходаў	43
юніён	43
акторак	43
блускі	43
сьцяпанаў	43
мэтрычная	43
уладзісла	43
прагуляўшы	43
траўмаванага	43
дзяжурства	43
запаснога	43
суседняе	43
масіўны	43
грода	43
пазьбяганьне	43
арлоўскага	43
нэфаў	43
кальварыйскіх	43
снарады	43
шашкоўскі	43
сядзельнікі	43
адэльск	43
дварышчанскі	43
половина	43
казаках	43
українське	43
астрагляды	43
абышоўшы	43
падпружных	43
ўдараў	43
камісыі	43
асьвятляў	43
балькон	43
выбухных	43
валошына	43
гарадзеяй	43
макслайн	43
бандыты	43
валерий	43
тренерский	43
сяродкрыжжам	43
плаваньнем	43
паўфіналаў	43
дукаты	43
речицкого	43
дашкаўка	43
гандбо	43
злачыннай	43
крыце	43
грузападымальнасьць	43
фма	43
арандатара	43
рачэнскага	43
ґенэрал	43
сольскі	43
дабрынёўскім	43
зьбівае	43
заборскім	43
нурэц-станцыя	43
мірыям	43
медна-нікелевая	43
рэгімэнт	43
-таг-	43
каронавірус	43
леяў	43
смалявічы-сті	43
новаазоўскім	43
браянт	43
самадыйскіх	43
рыяды	43
ув-	43
матей	43
нізкіз	43
замчышчы	42
разагналі	42
маральным	42
салют	42
прыстасаваньня	42
пашыранымі	42
аўтэнтычны	42
амбасадаў	42
фларыян	42
івашкевіч	42
спэцыялізацыі	42
мігравалі	42
картаген	42
характарызаваўся	42
пэрспэктыву	42
зручнасьці	42
дыплёмы	42
злачынных	42
католікаў	42
пашыраліся	42
ворнай	42
зьніжэньнем	42
перамяшчаюцца	42
забудаванай	42
электрамэханічны	42
біяхімік	42
маеўскі	42
ўладзімеравіча	42
тэрасе	42
зімовым	42
шоўку	42
чарадзея	42
наведваньняў	42
дворык	42
аднаўляўся	42
загон	42
масьцішча	42
валахановіч	42
хакейнага	42
белазор	42
вазам	42
боне	42
зямяніна	42
санітарны	42
унівэрсальны	42
рагамі	42
аршанска-магілёўскай	42
этноляг	42
ашмянская	42
полоцкая	42
гігант	42
твк	42
баравуха	42
найбліжэйшымі	42
гэтаю	42
національної	42
крам	42
прыгожае	42
пакровы	42
арганізацыйная	42
назіральнікам	42
самастойнымі	42
галяндцы	42
шубэрт	42
гусьляр	42
рэпутацыі	42
адлюстраваная	42
акупаваным	42
блага	42
канферэнцыя	42
максыміліяна	42
чэрскі	42
фатаздымках	42
вынаходніка	42
антраполяг	42
хрушчова	42
андрэеў	42
брунэй	42
каў	42
абмяжоўваў	42
піянер	42
сьвятаславіч	42
путеводитель	42
габон	42
гамбія	42
ягелончыка	42
эдвардам	42
касмовіч	42
назапашваньне	42
славіўся	42
тэарэтычнае	42
вучонай	42
горную	42
мужоў	42
ваяводзкага	42
жорсткасьцю	42
каханая	42
дысцыплін	42
шут	42
візуальнага	42
дзеяньням	42
гайнрыха	42
яраслаўлі	42
праблемам	42
пастамэнце	42
рэчамі	42
сьветлых	42
зборнікам	42
хмель	42
анархізму	42
станоўчае	42
тавіч	42
варожага	42
лукашоў	42
каханка	42
болем	42
астрозе	42
зваротная	42
веданьнем	42
бісмарк	42
пэдагагічная	42
бартуль	42
прафэсія	42
юнакі	42
прэфэкт	42
адносілі	42
пярэчаньні	42
хрысьце	42
навін	42
акафіст	42
ініцыялы	42
лёгкую	42
іхнімі	42
чем	42
выключную	42
мільярда	42
апалчэньня	42
спадзяваліся	42
пальная	42
курск	42
зайка	42
-гед-	42
-гід-	42
страчвае	42
маніфэстацыі	42
гісторыка-філялягічны	42
наблізіўся	42
гаўрук	42
тэрэса	42
прапагандыст	42
правільнай	42
сынтэтычны	42
спрашчэньне	42
дыфтонгаў	42
аналітыкі	42
мадэляваньне	42
выпускаюць	42
балканскага	42
ацэньвалася	42
апекуноў	42
малецкі	42
бембель	42
адлігі	42
статутнага	42
разьвітымі	42
соймікі	42
паўабароне	42
трэст	42
дазволам	42
інфа-кур’ер	42
супрацьпастаўленьня	42
салямон	42
адбудова	42
альтанка	42
млечны	42
касьцян	42
мазырская	42
браслаўшчыны	42
чайчыц	42
беларуськалій	42
нітак	42
алюмін	42
гіпсу	42
найвялікшае	42
мікашэвіцкі	42
залівам	42
непісьменнасьці	42
франак	42
літаратарка	42
тэо	42
борыс	42
ўсталяванае	42
семяжон	42
баніфацы	42
юліянскага	42
пацёмкіна	42
манастырская	42
рэзыдэнцыяў	42
хлопчыкам	42
мінуўшчыну	42
вав	42
паміраюць	42
дробнае	42
сылва	42
галынкаўскі	42
паліўнай	42
рытуалаў	42
этэру	42
экспэдыцыяй	42
жыльлёвы	42
ць	42
заўважны	42
-у	42
фундамэнт	42
распачатай	42
народной	42
славісты	42
трапічнай	42
выяжджаў	42
вінны	42
абавязаўся	42
прысягнуў	42
масюкоўшчына	42
ананімны	42
штрафам	42
малодшыя	42
цыцэрон	42
нябесныя	42
латыні	42
сьвежы	42
робінсан	42
ліма	42
струвэ	42
фарбамі	42
вэтэраны	42
матчамі	42
гітлерам	42
найбліжэйшай	42
танганьіка	42
харавы	42
вылецелі	42
спадарожніку	42
зьнішчыўшы	42
ўэйлскі	42
тэтчэр	42
забела	42
чачэнскае	42
сланоў	42
генэральнаму	42
кпрф	42
просьбаю	42
пачвары	42
данцыг	42
мкс	42
шры-ланкі	42
уручыў	42
харужай	42
умоўная	42
зу	42
прадухіляе	42
нін	42
юган	42
фройда	42
камбінацыю	42
выключэньняў	42
шоу	42
лацінізацыі	42
перспективы	42
ўралу	42
цзян	42
вытанчаных	42
луі	42
айцы	42
джону	42
сьпіць	42
помсту	42
графствы	42
карту	42
карыкатура	42
юшчанкі	42
пяцёх	42
рублях	42
шона	42
сьпеўнік	42
нотамі	42
шыпшына	42
прыслоўяў	42
развитие	42
апублікаваць	42
эўрапарлямэнт	42
прадаюць	42
літвінава	42
заходнеславянскіх	42
райхстаг	42
прэстыжнай	42
атамнага	42
няслушна	42
сымонам	42
апраўданьня	42
паляталізацыя	42
манаха	42
пірагі	42
сырам	42
хваробах	42
гатовых	42
фундавалі	42
бутэлька	42
адпраўлена	42
кіраваных	42
атрымаецца	42
страўнік	42
формулай	42
лёсаў	42
пашуто	42
дзяўчыне	42
забясьпечваючы	42
божую	42
сьветлае	42
аграпрамысловага	42
языку	42
праўнук	42
манастыром	42
субтрапічных	42
сьцябла	42
пераняла	42
займець	42
ладзіслаў	42
ўмова	42
-ім	42
адна-	42
ёахім	42
калега	42
генэрацыі	42
экспазыцыю	42
аналізам	42
жаніха	42
валожына	42
цэнах	42
земляробчы	42
дат	42
літвою	42
сушу	42
адзначэньне	42
сарматыі	42
фэрмэнтаў	42
александрович	42
беглі	42
жмудзь	42
церковной	42
ручнога	42
калектывізацыя	42
антось	42
шаўляў	42
дзукія	42
катэхізм	42
кальцу	42
малай	42
спадкаемцы	42
імунітэту	42
праслухоўваньне	42
асманскім	42
пашыранага	42
брашураў	42
глінскіх	42
зьліўся	42
правільным	42
бясплатная	42
пралетарская	42
азёрная	42
біялягічным	42
троцкай	42
дэталях	42
інфлянтах	42
аповедаў	42
сыцылія	42
змагаючыся	42
рапарт	42
чарлзам	42
якутской	42
фінальная	42
цыкле	42
аб’явілі	42
зьменшыўся	42
ўзяцьце	42
вэнэцыянскім	42
вайною	42
анталёгію	42
вакзалы	42
пітэрам	42
фляндрыя	42
кроны	42
усьцяж	42
жуля	42
гранада	42
сьпякотны	42
балканаў	42
спрэчнай	42
барэ	42
эпіскап	42
джонатана	42
прадугледжаны	42
гранады	42
графічным	42
кардыналаў	42
кампіляцыя	42
вікарыя	42
мітэ	42
буму	42
большасць	42
жаніх	42
шкодныя	42
воінскіх	42
ўзьняўся	42
гэві-мэтал	42
аўдыту	42
пагашэньня	42
чытала	42
страхам	42
капылоў	42
кіты	42
цеплавога	42
папярэдзіў	42
мікалаеўшчыне	42
пераносе	42
маліліся	42
шчырасьць	42
карцінай	42
сілічы	42
ганчарства	42
апэрацый	42
турцыя	42
крыты	42
сергіевіч	42
даніеля	42
сыса	42
ягора	42
зі	42
перашкаджаць	42
крылатых	42
давыд-гарадоцкага	42
вакальны	42
выправіцца	42
гуры	42
ясельда	42
старац	42
чарніца	42
минский	42
ганкам	42
сьвяткавала	42
падрыхт	42
прыязджаў	42
дыякан	42
прысваенні	42
дасьледчыя	42
ўзьнікнуць	42
ніжэйшым	42
сумяшчальнасьць	42
прыме	42
геамэтрычныя	42
хаткі	42
функцыянавала	42
запрашаў	42
канстытуцыйных	42
из-за	42
саамскія	42
прыезьдзе	42
сынтэтычных	42
па-свойму	42
ўна	42
турэцкую	42
прарваць	42
аўрэліяна	42
віле	42
ўлучаць	42
будыйскіх	42
ўхваленьня	42
ананімныя	42
гандлярамі	42
кліпа	42
фігурныя	42
таўшчыню	42
аўтаматызаваных	42
атрыбутаў	42
пацьверджаныя	42
геалягічнай	42
лядоўні	42
паяжджанаў	42
візуальна	42
зьняцца	42
арэгон	42
дуная	42
ахоўваць	42
найпапулярнейшых	42
важаць	42
непрызнанай	42
расьне	42
скаціны	42
кені	42
адчувальны	42
зарадам	42
анкара	42
званоў	42
зблізку	42
дыямэтру	42
прыбыўшы	42
супярэчнасьць	42
падкрэсьліваючы	42
зьмешваюць	42
даступнасьць	42
прасторы-часу	42
замкнёны	42
автор	42
ісусам	42
сьмяротным	42
мэрыдыян	42
ахоўвае	42
прыдворныя	42
несумненна	42
чарняўскага	42
штабоў	42
анґельскай	42
энтрапіі	42
шымана	42
шэрыф	42
вуж	42
акторскага	42
нная	42
саставу	42
амэрыканцам	42
уладзіміравіч	42
мінас-жэрайс	42
юрыспрудэнцыі	42
сачыненьне	42
краёвага	42
ўзьведзена	42
прапагандысты	42
рэвель	42
шасьцёра	42
павялічана	42
эўразьвязам	42
амерыкі	42
пакаёвай	42
вуглярод	42
анализ	42
тутэйшым	42
навэла	42
верасы	42
прадпрымальніцкай	42
афіцэрскіх	42
пантыфікат	42
камандоўцы	42
гаек	42
палярнай	42
макензі	42
патрыярху	42
мэблю	42
апэрацыяй	42
устойлівы	42
геі	42
данецкі	42
вуглякіслы	42
кіруючая	42
рына	42
генэтычныя	42
абшчын	42
ахвяравала	42
сасно	42
акумулятара	42
віга	42
капуцынаў	42
сьвяцілавіцкі	42
абумоўленае	42
ачкі	42
людвінова	42
апэратыўная	42
таварышамі	42
ячэйкі	42
унівэрсытэцкі	42
сольскага	42
растоўская	42
каркас	42
тбк	42
рамонтныя	42
цхінвалі	42
габону	42
ружанскай	42
сучасність	42
дэванагары	42
сьвята-мікалаеўскай	42
канцлягеру	42
сха	42
гаўтоўт	42
блэк	42
паўно	42
пустальгі	42
струн	42
хмялеўскі	42
ляўчук	42
джэдая	42
джыма	42
адвод	42
пачвара	42
аколіцы	42
кампактна	42
пачаткоўцам	42
пасеву	42
стартавы	42
здабывала	42
выгуляў	42
ранча	42
цяжкавікоў	42
заданьня	42
шухевіч	42
прыматаў	42
леанідавіч	42
доку	42
выклалі	42
сурвілішкі	42
кузаў	42
нармальных	42
горки	42
црвена	42
зьвезда	42
душанбэ	42
аліварыя	42
макларэн	42
зьмяшчальнасьцю	42
азоў	42
удавы	42
ссылку	42
гк	42
кансультант	42
непадпарадкаваньне	42
гоўв	42
картцы	42
лязана	42
команд	42
трэнаваньняў	42
мос	42
дублюючым	42
мікалаеўка	42
кліпу	42
дфр	42
малішаў	42
народжанай	42
будзішча	42
герцаґавіны	42
прастытуцыі	42
латнік	42
біблійныя	42
-эй-	42
’лязо	42
заключил	42
дынамаўцамі	42
падлабенскага	42
дэкаруецца	42
ладзеніцкага	42
дягильского	42
лотвинского	42
каменналоскі	42
бардакі	42
аторскі	42
браня	42
гайненскага	42
кайрат	42
гдзень	42
сэнт-эт’ен	42
питання	42
нтш	42
пацэліўшы	42
лахці	42
пасьлядыплёмнай	42
кошыцы	42
барусіяй	42
коллонтай	42
насьяналь	42
экстраклясы	42
чаргаваўся	42
энп	42
рамэра	42
вэрсыі	42
ііхф	42
веб-сайт	42
сцепановіч	42
порнастужках	42
прэм’ер-дывізіёну	42
лемцюговай	41
памылкамі	41
рыхтавалася	41
нададзеныя	41
цыганаў	41
праспэктаў	41
дызэльных	41
музыказнаўца	41
станюта	41
філялёгія	41
індустрыяльная	41
жыцьцёвым	41
ўплывалі	41
исследований	41
перыяду	41
пратэстамі	41
нязгоду	41
попіс	41
клясыцызм	41
картах	41
магілёўцы	41
сыравінай	41
кустоў	41
характеристика	41
учебное	41
валакна	41
белорусец	41
литвина	41
малевіч	41
манумэнтальны	41
земляным	41
пераназвалі	41
клімава	41
штотыднёвы	41
гомельшчыны	41
наймацнейшай	41
качэрыцкі	41
краязнаўчая	41
нарымонт	41
кангрэгацыя	41
каапэратыўнага	41
трансфармацыя	41
федор	41
тэстамэнце	41
рашучы	41
даведніка	41
катэры	41
скульптурныя	41
праваліўся	41
прыходзіў	41
маслюкоў	41
шацілавіцкі	41
каранаваўся	41
булгака	41
прыродакарыстаньня	41
лінц	41
асманаў	41
біліся	41
аспэктах	41
неадпаведнасьці	41
свабодную	41
інсбруку	41
амадэй	41
сцэнічным	41
раманісты	41
нізку	41
адраджэньню	41
зваліўся	41
прасякнуты	41
вязынцы	41
булыка	41
мясьцін	41
энц	41
барэт	41
дарвін	41
дэмантаваны	41
ісаак	41
чалябінску	41
раманіст	41
мак’явэльлі	41
прыпісвае	41
расстраляная	41
трагічны	41
м’янма	41
міка	41
запазычаная	41
падрыхтавана	41
абгрунтаваў	41
фармальным	41
дрэннага	41
ўл	41
дзіўная	41
хосьні	41
забараняла	41
сэн	41
пасьлядоўных	41
паўстаньню	41
ўшанаваньня	41
бортнік	41
здабытых	41
ўзмацніліся	41
вандалін	41
спэктакля	41
фарбай	41
дурэр	41
ігнатоўскага	41
міністр	41
ясны	41
уражаньнем	41
знаёмага	41
імкненьня	41
біблейскага	41
сьляпы	41
древнего	41
элітнага	41
кальдэрон	41
юзары	41
дэмабілізаваны	41
перажываў	41
савецка-фінскай	41
лексыкаграфіі	41
гучаньні	41
спадчынны	41
асьветніцкай	41
фактычнае	41
арыентаваўся	41
заір	41
фур’е	41
вызваленчай	41
лит	41
васілевіча	41
бабіча	41
каралявец	41
незвычайную	41
великих	41
вершаванага	41
марыса	41
велізарнае	41
колькасную	41
масковію	41
трыюмфу	41
ямайцы	41
кіроўная	41
супольная	41
эйшыскі	41
багдадзе	41
невялічкі	41
акрэсьліў	41
ученой	41
сямёнава	41
распрацаваных	41
дзясятай	41
астанкі	41
хунты	41
распусьціць	41
вапнякоў	41
татарка	41
фіксаваны	41
ўступ	41
прававую	41
сьвяткуе	41
уражаны	41
нэрона	41
готфрыд	41
альгарытмы	41
ўнівэрсытэцкай	41
глядзеў	41
тканін	41
энэргетычная	41
бага	41
нагасакі	41
ханаў	41
полесья	41
шыманец	41
дыялектнага	41
лір	41
мастэрынг	41
жытомірская	41
дашчынскі	41
астрыд	41
славамір	41
тундры	41
пакрыць	41
калінінградзкая	41
ацэньваюцца	41
даваенных	41
абслугоўваць	41
дзявятай	41
аднамандатных	41
радыёстанцыяў	41
адбіваецца	41
левін	41
навіцыят	41
небо	41
разьвітаўся	41
григорий	41
сейм	41
міфы	41
зьвяртаючыся	41
дарэ	41
галавач	41
замова	41
бмп	41
таямнічы	41
цяжкой	41
забалацкі	41
плённую	41
стасуецца	41
таўшчыні	41
лётаць	41
спрынчан	41
дыялог	41
дамінаваньня	41
мамонічаў	41
найноўшая	41
абапіралася	41
дапаможнага	41
наркамаўка	41
занесеная	41
эквіваленце	41
нізінных	41
стрыечнай	41
нобэлеўскага	41
успрыманьне	41
пастарам	41
гаспадарчую	41
усерасейскі	41
віктару	41
пахаваных	41
комплекснай	41
ніводнае	41
цыцэрона	41
лічбамі	41
цішка	41
абласьцёў	41
заход	41
эвангельскія	41
масонства	41
сталічныя	41
заваявана	41
дублёраў	41
існы	41
праклён	41
хаменка	41
віслу	41
лідараў	41
талерантнасьці	41
галяндзкая	41
бясплатнага	41
вілу	41
пілігрымкі	41
кансэрватыўны	41
бабуляй	41
зацягнулася	41
рта	41
йі	41
ненецкая	41
слухач	41
укантакце	41
іскры	41
лка	41
чарнякевіч	41
трохпавярховы	41
аб’яднаную	41
мультыплікацыйны	41
раскрыць	41
зарадзілася	41
восьмага	41
палмэйрас	41
канцэпцыяй	41
ўезду	41
майдане	41
цімашэнкі	41
среди	41
тэатральна-мастацкага	41
росіца	41
дабравольскі	41
ангельскаму	41
службовы	41
словаўтварэньня	41
іду	41
такому	41
залішне	41
-мэтад	41
цэлая	41
сказах	41
трэйсі	41
крытыкуецца	41
раманскай	41
адукаваных	41
архаічны	41
маштабы	41
мяккімі	41
княз	41
стра	41
бранка	41
галосная	41
спалучаюць	41
сучаснаму	41
системе	41
інфанта	41
арагон	41
фіксуюцца	41
кіслы	41
адыгрывалі	41
шляхецкім	41
паслухмянасьць	41
непрыстойныя	41
прадугледжваецца	41
саса	41
выпадаюць	41
прут	41
рымлян	41
фосфар	41
кропкамі	41
спрабаваць	41
інтэнсіўнае	41
корму	41
вагай	41
мілянскага	41
запаведнікаў	41
драўніну	41
віне	41
збожжам	41
пёраў	41
хочацца	41
ўводзіцца	41
цьвірка	41
фэрэйра	41
сьвіньня	41
запісамі	41
уласьцівасьць	41
похвы	41
прапагандай	41
катаргі	41
невысокія	41
цынк	41
занесена	41
сты	41
исследование	41
ўніятаў	41
состоянии	41
ананімных	41
філалогія	41
снежань	41
чапскага	41
царская	41
малекулярная	41
гален	41
рэгуляваць	41
экасыстэмаў	41
сцэнарыяў	41
небясьпечнага	41
згубілі	41
вадкага	41
паліўныя	41
гарызонтам	41
перашкоду	41
лібэральна-дэмакратычная	41
магната	41
оксфардзкі	41
саступала	41
прускае	41
мэтрапалітэна	41
гродне	41
адаптаваны	41
-дзённы	41
езавітава	41
карупцыю	41
сылескае	41
рысах	41
індаэўрапейскія	41
бэргама	41
ўварваўся	41
жывёлай	41
мартысевіч	41
сцэнай	41
заявіць	41
работніцкай	41
ужыў	41
барталамея	41
плошчаю	41
закарпацкая	41
басфор	41
нацысцкая	41
гарадка	41
шэрым	41
аклагома	41
генэратара	41
канфліктам	41
лібэральны	41
разьмеркаваньнем	41
нязгоды	41
ціхаакіянскі	41
люўр	41
вырабіла	41
прыросту	41
прыдворных	41
выразе	41
басконскага	41
вальядалід	41
узьняты	41
йскія	41
аўтадарогай	41
разьдзелах	41
аг-	41
гаі	41
имения	41
хмарачос	41
боўі	41
ўпрыгожваньня	41
паравых	41
ацалелыя	41
пабачыўшы	41
дызайнэрам	41
асалоду	41
тэда	41
абрама	41
нізінах	41
эратычная	41
аленя	41
парах	41
прав	41
рупія	41
нявысьветленых	41
андэрсэн	41
нетрамі	41
утвараў	41
ручны	41
акцыянэрам	41
цэнавы	41
папрасіла	41
самавольна	41
смоленские	41
фанаты	41
міні-альбом	41
рауль	41
алькарас	41
алене	41
смолевичи	41
кіёта	41
баброўнікі	41
парушэньнях	41
валенрод	41
трафэем	41
ўспрынялі	41
меркаваньнях	41
меднікі	41
нулявога	41
чэрскага	41
наступстве	41
фундацыю	41
лібэралізму	41
адбыцьця	41
беластоцкую	41
обэрштурмбанфюрэр	41
пагрузкі	41
тавара	41
здаваць	41
крыні	41
язна	41
вількамір	41
вандровак	41
фармулёўка	41
грузінскую	41
кумамі	41
прадмесьцямі	41
пазначылі	41
бжастоўскіх	41
сэнгер	41
падлучэньня	41
пікі	41
верным	41
даласа	41
вызнаваў	41
библиотеки	41
таленавітым	41
падпаручніка	41
палтава	41
таджыцкай	41
карэйскія	41
талераў	41
готамі	41
паводзін	41
лёзунгам	41
запрошаная	41
прыгожа	41
страйкаў	41
дазволеныя	41
ўзнагароджаныя	41
лідыі	41
каралеве	41
лямпа	41
цудоўнага	41
адтуліну	41
маладняку	41
клі	41
герогліфы	41
сольнага	41
іўя	41
астраўная	41
вуглах	41
бонус	41
прарасейскіх	41
адказвала	41
ураджэнца	41
гарадзейскі	41
здымачная	41
трымаліся	41
калючым	41
спліт	41
асманскія	41
лоўлі	41
эпічных	41
эпізодах	41
гонарам	41
канфіскавана	41
вырашальную	41
яруса	41
зязюлі	41
новополоцк	41
шыхты	41
ініцыятыўная	41
моладзьдзю	41
марыбор	41
грузінскім	41
хуткасным	41
утрэхт	41
зачыніць	41
пасяленцамі	41
мануэля	41
сьвятарам	41
гаспадыняй	41
заклікаць	41
арміямі	41
узнагародзіў	41
параненым	41
працягі	41
напісаўшы	41
пустыя	41
дубліна	41
гожа	41
марціновіча	41
журналісцкай	41
бялізну	41
гэльскае	41
коса	41
вінаваціць	41
жывапісца	41
заслужыў	41
п’е	41
скептычна	41
малапольскага	41
надаўшы	41
стопкаў	41
вечнасьці	41
яркасьць	41
жыдоўскую	41
алексеев	41
праліва	41
жоўтую	41
кобринской	41
баро	41
шша	41
памагатых	41
выселеныя	41
пабудоў	41
абнародавала	41
ружанаў	41
нора	41
холаду	41
маску	41
люцыя	41
міхалкі	41
мсср	41
информации	41
промня	41
грэка-католікі	41
жодзінскае	41
вайскаводы	41
джыл	41
кралавэ	41
вэгас	41
грэбля	41
эйгінт	41
-гаўд-	41
-гаўт-	41
-каўд-	41
азарычы	41
грэнляндзкай	41
падрыву	41
людзкіх	41
сірата	41
цаляў	41
ўэйд	41
сцэнара	41
рыю	41
астранамічнага	41
фэмінізму	41
фіналісты	41
чырвонаармейскай	41
таня	41
франшызу	41
хэрсон	41
атацы	41
гутарцы	41
маладзён	41
шайбаў	41
таты	41
ахл	41
эцюды	41
рэдынг	41
мінскі	41
іказьнь	41
нашчадак’	41
авіякатастрофы	41
крынічны	41
чэрапа	41
галена	41
праходзе	41
чачэнскіх	41
баркулабаў	41
бэлькі	41
германішкі	41
салістаў	41
аль-харэзьмі	41
суставаногіх	41
-граннымі	41
досе	41
уніан	41
выстаў	41
рэчкай	41
выхоўвае	41
кашаль	41
схаваўся	41
роўніца	41
райкам	41
віньніца	41
мистецтво	41
люлеа	41
кісьці	41
сьпіральная	41
урэчча	41
чэрчыля	41
пяцігадовую	41
сако	41
правамоцная	41
двухдыяпазонны	41
пасажыра	41
брас	41
бажана	41
локомотив	41
дайнава	41
камунарка	41
варонескі	41
альжбэта	41
саркафаг	41
цокаль	41
якуцкага	41
глівінскага	41
енциклопедичний	41
каранёўскага	41
гюмры	41
спра	41
медна-нікелевай	41
шахтером	41
яасср	41
вялёнскі	41
фаналогія	41
арфаэпія	41
-річчя	41
открытый	41
прычалы	41
рафсанджані	41
гоначнікаў	41
ўзгодніў	41
ухвальскі	41
арендовал	41
торын	41
паперпраму	41
агамічнага	41
нцпі	41
мзкц-	41
дксэ	41
кляштарныя	40
халодную	40
пазьнейшым	40
смоленских	40
аляксею	40
сьвецкую	40
горад-герой	40
ств	40
жылая	40
ўсякім	40
лошыцкі	40
пфляўмбаўм	40
барацьбіт	40
дысцыпліну	40
садзейнічалі	40
абмяжоўваюць	40
распаўсюдам	40
павіннасьць	40
образовании	40
кавальскі	40
фактычную	40
пагромаў	40
разьмежаваньні	40
мытня	40
будаваньнем	40
разбойнікаў	40
налівайкі	40
цагельні	40
ападкамі	40
зьменная	40
атмасфэрнага	40
забаўляльныя	40
даваенныя	40
касьпяровіч	40
рысунак	40
традыцыям	40
цудоўна	40
трамвайны	40
бізантыяй	40
паданьнем	40
чарнігаўскае	40
мастом	40
мастамі	40
пераадолела	40
рэгістрацыйны	40
земляны	40
старосту	40
палкоўніку	40
моладзевае	40
шульман	40
машынабудаўнічай	40
зарыцкі	40
пінскія	40
чытаюць	40
деловая	40
’мядзьведзь’	40
выправа	40
полоцком	40
свою	40
выдадзеную	40
круглую	40
ярусаў	40
легендах	40
выдрыца	40
запароскага	40
ўнікальная	40
гурэвіч	40
артэфакт	40
нэўралёгіі	40
рэгулююць	40
чэхіяй	40
швайцарыяй	40
нацысцкага	40
базуюцца	40
вайскова-марскога	40
падводны	40
асман	40
сольных	40
ляўкоў	40
майстэрнях	40
разгарнуў	40
сакрэтаў	40
беларусізацыя	40
пляцам	40
камбоджа	40
мазамбік	40
прынцам	40
дарагая	40
экспэрымэнтальна	40
аднаўляе	40
ідэоляг	40
лем	40
уле	40
сьледчай	40
варшаўскую	40
воску	40
кампазытару	40
янаве	40
інтэрнацыянальнай	40
аляска	40
аздараўленьне	40
палессе	40
мадонны	40
памятаю	40
частае	40
когда	40
много	40
цыкляў	40
асабістымі	40
вітражы	40
спрыяньня	40
шутовіч	40
білеты	40
пімен	40
нелегальным	40
саюзны	40
говард	40
перапрац	40
вільне	40
белорусском	40
гукавога	40
лякальныя	40
зьявамі	40
словазлучэньні	40
забэйда-суміцкі	40
інфлянцкі	40
максымуму	40
эсср	40
праяўленыя	40
закупкі	40
бясплатным	40
ўключыла	40
полоцька	40
парафіяльных	40
рыторыка	40
асобага	40
прыведзенае	40
казаньняў	40
аптычны	40
назаўтра	40
барды	40
матэматыкаў	40
індзейскія	40
абагульненьне	40
збараскі	40
хунта	40
сутыкнуўшыся	40
магамэд	40
герасіменка	40
асэнсаваньня	40
яан	40
кінапрэміі	40
назоўны	40
тэкставыя	40
аптычнага	40
вотум	40
распаўсюджваньнем	40
каардынатарам	40
гуманітарную	40
ірэн	40
тапаграфія	40
дэнамінацыі	40
гільбэрт	40
эквадорскі	40
інструмэнтамі	40
опэрным	40
скарыстаў	40
падвойным	40
агінскім	40
кальвіністы	40
ўзброенае	40
стрыйкоўскі	40
манаграма	40
памянёныя	40
атачалі	40
зборны	40
пякарня	40
камандор	40
сьвінагадоўля	40
пэнсійнага	40
старыца	40
радовішчах	40
веткаўскі	40
лоеўскі	40
кансэрвы	40
бэнгаліі	40
кін	40
экранізаваны	40
тэлевядучая	40
фэліпэ	40
захаванасьці	40
камянцы	40
паганскай	40
курганныя	40
паселішчу	40
клос	40
наступальных	40
балотнай	40
каралеву	40
нами	40
саратаў	40
незаконны	40
бортнікі	40
заходнебеларускі	40
будзённага	40
кухар	40
колавая	40
перадавацца	40
найбліжэйшая	40
названым	40
пласта	40
перавезеныя	40
жудаснай	40
канчатка	40
аказваюцца	40
белавескі	40
вярховічы	40
дубянецкі	40
летописей	40
дзёньнікаў	40
марксізму	40
мухі	40
апрацоўваць	40
рыхтуючыся	40
мэмуарах	40
нязгодных	40
выснова	40
разыходжаньні	40
трывогу	40
пэрспэктыва	40
мерай	40
беларусаў-каталікоў	40
неадназначна	40
нарадай	40
вынесены	40
рэгіянальнымі	40
бангкок	40
пераходзячы	40
пантэон	40
карану	40
абавязковымі	40
колькасці	40
выглядалі	40
тактычныя	40
ганаровымі	40
госьця	40
аніякай	40
кучук	40
бізнэсоўцам	40
гібрыд	40
аналы	40
дарвіна	40
стэн	40
сьляпых	40
будзька	40
крыстафэра	40
апавяданне	40
клайв	40
каліфарнійскага	40
габрыэля	40
стараславянская	40
царкоўнаславянская	40
цыганская	40
мікаэль	40
піке	40
кампутарны	40
гітлеру	40
боцеў	40
сямёну	40
біцца	40
подых	40
вільфрэда	40
пашпартоў	40
рыпінскі	40
запазычаньнях	40
свойскай	40
шушкевіча	40
малдаўскую	40
выдуманага	40
фармальная	40
фрунзэнскі	40
сымбалізм	40
тэрарыстычны	40
затрымана	40
манэры	40
ірляндзкім	40
вірусы	40
ўключаецца	40
атручаны	40
тактычная	40
зарэгістравала	40
коўш	40
нямы	40
чалавецтву	40
прыносіла	40
паштоўкі	40
нэгатыўныя	40
выданы	40
неафіцыйныя	40
фармуючы	40
гогаль	40
прэміямі	40
тагачаснымі	40
паступовы	40
’а	40
належнае	40
посполитой	40
дзеясловам	40
каноны	40
функцыянальныя	40
вато	40
падлетак	40
клёцкі	40
часнок	40
елі	40
чарнецкага	40
агуркі	40
водарам	40
травяністая	40
адмаўляюцца	40
мэксыкай	40
плоцевай	40
шасьцігадовы	40
праваахоўныя	40
таварам	40
распрацоўшчыкаў	40
кінакампаніі	40
спаборніцтвам	40
какаіну	40
трывае	40
уступленьне	40
расейскамоўнай	40
ружовыя	40
беднага	40
слуг	40
маральную	40
мэталічным	40
тны	40
посьпехамі	40
шаптыцкага	40
зубар	40
крэдытных	40
ружовым	40
трэць	40
біёлягі	40
місіянэрскай	40
даступным	40
штаб-кватэру	40
шкялёнак	40
каралевіч	40
ах	40
канфэдэрацыяй	40
уладары	40
імпэрыялізму	40
абраўся	40
перароблены	40
асьпірантаў	40
патрыярхатам	40
атлянтыда	40
водарасьцяў	40
надзвычайная	40
губляецца	40
складовыя	40
зьнішчэньнем	40
ака	40
росьце	40
рох	40
рогу	40
прызнанай	40
кручэньне	40
хваль	40
ёда	40
глеем	40
познанскі	40
цюрскае	40
культавым	40
статкевіча	40
второго	40
экіпажам	40
экватарыяльны	40
эльбы	40
спадчыньніка	40
-гадовае	40
скарыстаны	40
таскана	40
задар	40
трыест	40
барбароса	40
супрацьлеглых	40
юніёрскім	40
адчыняе	40
стэрэатыпы	40
краснадарскага	40
бэсарабія	40
пераадольваць	40
паўночнагерманскага	40
ляпляндыі	40
адцягнуць	40
імша	40
дрэнным	40
расстраляна	40
засады	40
ляр’ен	40
навукова-дасьледчыя	40
візуальныя	40
тэматыкай	40
кажаноў	40
адказная	40
пільна	40
здалёк	40
главой	40
вымерлых	40
генэтычных	40
ніжэйшага	40
групавыя	40
адмаўляюць	40
міхалове	40
габрэйскую	40
сэрвантэса	40
фінальныя	40
стас	40
багушэўск	40
левую	40
злучэньнем	40
канцоў	40
пракладзеная	40
ндра	40
рэзэрваў	40
пэса	40
гурневіч	40
бясплатнае	40
фондавых	40
аблігацыямі	40
гарантыяў	40
казны	40
любіла	40
пострыг	40
уяўляла	40
захапленьнем	40
бясплатныя	40
блізьняты	40
ізраільская	40
патрэбнага	40
ахоўвалі	40
апраўданы	40
галадоўку	40
спыняюцца	40
абсурду	40
чалавекаў	40
вусякамі	40
сучасьнік	40
шэдэўрам	40
усходнегерманскую	40
інфармацыйным	40
познанскага	40
рэгента	40
деятельности	40
ўладзімераўна	40
арэхаўск	40
па-народнаму	40
бліжэйшай	40
біяграфію	40
станковай	40
ёсіфавіч	40
тэр	40
выправілася	40
пяхотным	40
праграмныя	40
адзіноце	40
пакутавала	40
налібоцкай	40
авантуры	40
інстытутах	40
майстроўні	40
папраўку	40
эксьлібрыс	40
насаджэньні	40
доўгатэрміновы	40
адсотку	40
напоўніцу	40
адзнаках	40
зорачка	40
славенскую	40
дзяк	40
дзтва	40
даручэньняў	40
пробы	40
выпраўленьня	40
мэтодыка	40
лязо	40
водарасьці	40
маўчаньне	40
шлезьвіг-гальштайн	40
закрыць	40
знакамітую	40
вайцюшкевіча	40
мядзьведзіцы	40
уцекачы	40
раналдыньню	40
вузкае	40
яшчарак	40
скіраванасьці	40
какавы	40
шаг	40
паверха	40
прафіляваныя	40
маніторынг	40
арыстакратыя	40
пяхоце	40
пунтус	40
спадарожнікавай	40
брыцкіх	40
скл	40
паша	40
архітэктурную	40
прыгажосць	40
пракоп	40
сталымі	40
бурштыну	40
пракладзена	40
вызнае	40
кансэрватыўнага	40
грамадах	40
адтуліна	40
спагнаньні	40
бесхрыбетнымі	40
разумных	40
цяжарная	40
ісаі	40
нябёсы	40
падняпроўя	40
трыглаў	40
гетаў	40
апалёнія	40
сажняў	40
скульптурай	40
легіёны	40
скасаваўшы	40
шматлікае	40
рабаваньні	40
ідэальным	40
таварнага	40
ўзнагароджана	40
масоны	40
фэрэнца	40
ўзьяднаньне	40
прыяжджаюць	40
волкава	40
выкраданьня	40
чытаньняў	40
менска-магілёўскай	40
лены	40
наймаў	40
ложа	40
палічыла	40
паштовым	40
згодныя	40
новой	40
мурманск	40
загрэб	40
забойцаў	40
дарослай	40
дзіры	40
антыёх	40
парафіяльнай	40
узгадненьня	40
тэмпэратур	40
працэсуальнага	40
маравію	40
эр	40
аэрадрому	40
замбэзі	40
людовікам	40
матывам	40
пройдуць	40
дакумэнтацыю	40
нокія	40
гульнявым	40
клану	40
література	40
засьвір	40
’мудры	40
абазнаны’	40
беларусбанку	40
ненаціскных	40
трэнчын	40
сергія	40
рэвалюцыйнае	40
базаваньня	40
прылеглымі	40
джордана	40
дзьмітравіцкай	40
баравыя	40
абавязкамі	40
зап	40
гартнага	40
аўстралійскім	40
экзарха	40
экстралігі	40
зорным	40
ротаў	40
нкаўскі	40
шыротнай	40
лоўчага	40
опис	40
археографії	40
яўгенавіч	40
иосиф	40
палавога	40
кіпцюры	40
бэтэска	40
кавалерам	40
валянціны	40
тэль	40
руднае	40
тэлевізары	40
перамагала	40
амінакісьлі	40
белсату	40
філядэльфія	40
шчытамі	40
ўгода	40
альгарытму	40
вар’яцтва	40
графскі	40
байтаў	40
скаўцкія	40
паўлюка	40
кля	40
слабо	40
сьві	40
беспарадках	40
мелкаводзьдзе	40
пруф	40
гарызантальнымі	40
роўнічныя	40
тэа	40
сяржанта	40
тытрах	40
мартынам	40
вэстыбюль	40
вечарыне	40
мокіш	40
дорпацкі	40
стрэліў	40
флятыліі	40
пм	40
абсталявана	40
лаўрэат	40
слушны	40
мадагаскары	40
падзе	40
узг	40
сімфэропалі	40
яроцкі	40
паўцыркульныя	40
нішах	40
лазука	40
івана-франкоўск	40
апісала	40
рва	40
лагун	40
шатровай	40
баржомі	40
культавыя	40
лучший	40
прастытуцыя	40
белшину	40
скандалы	40
аксытанія	40
лагішын	40
зьменнага	40
казакевіч	40
захаванасьць	40
карын	40
эймунт	40
ганчароўскага	40
навукова-дасьледчым	40
медаль	40
трапезнай	40
адкліканьня	40
вердаміцкага	40
саранску	40
воўкаўшчына	40
падбярэскага	40
спі	40
вагону	40
кона	40
сямёнаўна	40
жириновский	40
гайненскі	40
рубэнсу	40
тэрмінатар	40
загальскага	40
рашы	40
ускладненьне	40
набояў	40
загл	40
якуцка	40
ўхвальскім	40
погань	40
квай-гон	40
цет	40
прыстасы	40
кораліна	40
вальда	40
маштабаў	39
вярхоўнаму	39
усевалада	39
усяславіч	39
муніцыпальная	39
ўсеагульны	39
хлебазавод	39
вадкія	39
магамэтанаў	39
лякарняў	39
лядовы	39
спэцыялізаванай	39
лазэры	39
прыгарадныя	39
аляксандраўскі	39
выкрыцьцё	39
запісваліся	39
вытворнай	39
таемная	39
адасобленасьць	39
українців	39
уладзімерскі	39
спэцыяльнымі	39
мяшкова	39
дорага	39
цэлымі	39
вавёрка	39
мікольскі	39
паліклінікі	39
бэрнардынскага	39
вызваляліся	39
рушаньне	39
булгакава	39
вытрымалі	39
залатарэнкі	39
транспартнымі	39
воласьцю	39
арганізацыйных	39
актыўнасьцю	39
грамат	39
спэцыялізаваны	39
пінскдрэў	39
досьледны	39
аўтобусная	39
купава	39
манастырскага	39
заслонаў	39
вязьніца	39
округа	39
паходам	39
нябесная	39
прывабнасьць	39
славутым	39
марудна	39
вячка	39
литовский	39
інфлянцкім	39
эрмітаж	39
наваградзкую	39
сылезію	39
ухвалы	39
аўстрыйскімі	39
бай	39
адвечная	39
супрацьпастаўляецца	39
фармулёўкай	39
медны	39
акопаў	39
вп	39
фашыстаў	39
прэфэктура	39
ірацкі	39
эталён	39
норфалк	39
эльжбета	39
багаслоўскіх	39
пэдінстытуту	39
танцорка	39
распушчаная	39
хрушчоў	39
отдых	39
сваей	39
афармленьнем	39
нашую	39
канановіч	39
заляганьня	39
разумелася	39
ляўко	39
друкаванага	39
паўлоўскі	39
леан	39
расьлінах	39
уласьцівых	39
міту	39
справядліва	39
параўноўвалі	39
каласоў	39
пляменьніцы	39
плывец	39
знайшлося	39
раскрыў	39
мэлядрама	39
камэдыяў	39
сатырычнай	39
моўнымі	39
унучка	39
датычацца	39
брыгадны	39
прызнанае	39
полька	39
выклад	39
брашура	39
пацьверджаньняў	39
дабрачыннасьць	39
учынкаў	39
дасканалай	39
завершанай	39
перайманьня	39
драматычную	39
вершнікі	39
абысьці	39
падручніках	39
гарматны	39
спец	39
басьнійцы	39
пашырае	39
актавы	39
гадуноў	39
манівід	39
цьвярскога	39
сьвідрыгайлу	39
злачынца	39
годов	39
ліцэнзіяй	39
зачыненых	39
зборку	39
сеткавых	39
густанаселеных	39
далінаў	39
бягучыя	39
вагалася	39
гусоўскі	39
філіпс	39
абвяшчаецца	39
рэспублікаю	39
пачопка	39
блэкмар	39
княгіняй	39
гопкінз	39
ведзьмаў	39
слонім-	39
магутнае	39
календарь	39
красоўскі	39
замойскага	39
ардынацыі	39
вашу	39
галіч	39
далейшаму	39
асуджаў	39
іглічныя	39
адасобленыя	39
кааліцыйны	39
недалучэньня	39
задавальняе	39
маслазавод	39
часцы	39
гаеў	39
лідчына	39
амсьціслаўшчыны	39
мун	39
сьнежны	39
масальскіх	39
пасольстве	39
ліцьвінства	39
глядзяць	39
гучаньнем	39
трамбон	39
абвінавачанага	39
завадзкага	39
бэртан	39
мсьціслаўскага	39
узнагароджаная	39
фармальны	39
хаваюцца	39
робэртс	39
выраклі	39
апк	39
пясочнае	39
-годзьдзем	39
ўспрымаць	39
назірацца	39
матэрыя	39
часьцінка	39
праходзячы	39
дакладнымі	39
таталітарызму	39
штотыднёвіку	39
залічваецца	39
цывілізацыю	39
междунар	39
зваротамі	39
запрудскі	39
государство	39
русыфікацыі	39
арыентаваных	39
трасьцяніца	39
цвірка	39
беларусісты	39
славеснасьці	39
надмагільлі	39
басіст	39
вуснаў	39
рабаваньне	39
злавіць	39
дс	39
ахапіць	39
якасныя	39
цялеснага	39
забытых	39
радзівілаўскага	39
гартны	39
добраахвотных	39
нядаўнія	39
азярніца	39
рапід	39
пакрысе	39
адольфам	39
трети	39
бэтонныя	39
андрэеўна	39
гарнякоў	39
соглашение	39
участкі	39
фрыдман	39
грыгаровіч	39
ватыкана	39
цімафеевіч	39
прастакутніка	39
уведзена	39
раймунд	39
віктарыянскай	39
каралінгаў	39
прызнаньнем	39
дыскусіяў	39
забастоўкі	39
прэстан	39
найвялікшага	39
валійскі	39
б’ёрк	39
ангела	39
стае	39
скарбніцы	39
разьюшаны	39
гамлета	39
заходнебеларуская	39
зьняцьце	39
мартынаў	39
оу	39
усебеларускі	39
мапучы	39
пятровіча	39
падвяргалася	39
сані	39
ўсебеларуская	39
о’ніл	39
боса	39
паходня	39
хімічнымі	39
працягне	39
прагрэсіўны	39
сольнай	39
абвяшчала	39
мс	39
магнітнай	39
стужках	39
дысыдэнтаў	39
павысіў	39
злоўжываньне	39
тэзэ	39
эрытрэі	39
салам	39
грыбамі	39
бабкі	39
каханы	39
сьпілбэрг	39
лыжы	39
законную	39
замірэньнем	39
парадыгма	39
ўносіць	39
цікавіліся	39
садзейнічала	39
праглядаць	39
палічыўшы	39
пранікаць	39
воблачныя	39
каль	39
лаціна	39
пазначалі	39
даніэля	39
блытаюць	39
паралельным	39
выяўлялася	39
ураднікаў	39
рэалізоўвацца	39
дали	39
рэдкая	39
пранікаюць	39
цяпінскага	39
аналягічнае	39
неадназначнасьці	39
скарачэньняў	39
лява	39
гелена	39
харчовую	39
агенцтваў	39
бабка	39
бараніны	39
крупаў	39
траваў	39
пчол	39
пакою	39
узамен	39
эпічнай	39
зарасьнікі	39
ром	39
каша	39
зарэгістраваць	39
карэннымі	39
вільготнае	39
акіяны	39
арктычны	39
дэкалянізацыі	39
драбнейшыя	39
рэкамэндаваў	39
серы	39
вытворцу	39
папраўка	39
дэпартамэнтам	39
галівуду	39
гольф	39
гаршчок	39
вузах	39
разгромлены	39
польши	39
кінуліся	39
зразумелі	39
зимин	39
летапісам	39
забытыя	39
таматы	39
быкоў	39
зацьвярджаюцца	39
індэксам	39
казуля	39
атрутныя	39
кучмы	39
пакаяньня	39
шаптыцкі	39
прыстасаваньняў	39
шаблі	39
даслаць	39
лая	39
дамагалася	39
вадохрышча	39
маладэчанская	39
асела	39
прыбывалі	39
чужы	39
дэлегацыяў	39
сьвятару	39
гіганцкі	39
крыжакам	39
ненападзе	39
альбанію	39
губэрняй	39
педагогіка	39
блытаніна	39
замоваў	39
прыматы	39
карэла	39
ўмоў	39
пскоўскага	39
халмы	39
нестабільнасьць	39
чыньніку	39
арсэнале	39
капітале	39
краёва	39
украина	39
нямога	39
каляністамі	39
выспай	39
шарлота	39
сымбалічныя	39
гітару	39
черниговской	39
статыстычнай	39
васіле	39
партнэрстве	39
сэртыфікат	39
праваабаронцаў	39
аддзелах	39
кліенты	39
конкурса	39
гарачую	39
элемэнтарная	39
частата	39
гербамі	39
ліпавая	39
радыё-	39
дапушчаныя	39
найважнейшымі	39
выдуманы	39
губазік	39
калантай	39
хурсік	39
прытрымлівалася	39
піза	39
сыльвіё	39
кубкам	39
кантрактаў	39
фёдараўна	39
андалюзія	39
зарабіла	39
уступіць	39
вчк	39
азоўскім	39
ўзмацніўся	39
сасна	39
луганская	39
івана-франкоўская	39
румынаў	39
заваёве	39
заходзяць	39
наваградзкія	39
лісоўскага	39
пераемніцай	39
нядзельная	39
лінейнае	39
футбалістамі	39
мэтраполія	39
вагаў	39
імпрэсіянізму	39
люары	39
часопісамі	39
сэксуальную	39
сьцьвярджэньняў	39
віторыя	39
бургас	39
прымірэньня	39
лябірынт	39
тонам	39
капейкі	39
нва	39
высяленьне	39
перакладнікам	39
паасобнага	39
адрозны	39
зьмей	39
абольцы	39
пуд	39
лев	39
біскупскі	39
вынаходзтвы	39
заселена	39
прыдзвінскі	39
чашніках	39
кілявольт	39
электразабесьпячэньня	39
мінпрыроды	39
пашкоджана	39
прызнаным	39
жонкамі	39
гаспадарскага	39
мысу	39
працэсіі	39
паўднёва-ўсходнюю	39
шатляндцы	39
талер	39
кінаакадэміі	39
вазоў	39
выбіралі	39
мангэтан	39
дывідэнды	39
прымацаваны	39
вядомаму	39
костка	39
тасс	39
хартыю	39
паранілі	39
кахоўскага	39
прытыцкага	39
заезныя	39
шаранговіча	39
шахцёры	39
падарожнічаць	39
ўзгорак	39
раіў	39
карцінамі	39
бамбаваньні	39
набірае	39
галяк	39
літвіна	39
хадкевічам	39
абмежаваньнем	39
кантоне	39
характараў	39
жу	39
выведцы	39
царствам	39
шрыфту	39
бартавы	39
крытычнае	39
разьбіта	39
тыбэцкага	39
няўзброеным	39
зера	39
дубраўскі	39
сасланыя	39
імідж	39
раяна	39
мультфільму	39
сіўко	39
пруднікі	39
напоўнены	39
нявызначаны	39
бліскучы	39
беларуска-польскія	39
юдзіцкі	39
танцавальны	39
млада	39
зоран	39
пахавальны	39
чынны	39
элегіі	39
архіпэляга	39
выканкама	39
левымі	39
пароўну	39
стаўленьнем	39
бачнай	39
абсталяваньні	39
зьмененым	39
трапічным	39
казі	39
наваса	39
ваяво	39
ўзнавіліся	39
шчэціне	39
туркмэнскай	39
імавернасьці	39
зразумелым	39
лекцыямі	39
тытуса	39
злучалі	39
новаўтворанай	39
эдуардам	39
ўэйлза	39
сьвяткаваў	39
экстрэмальных	39
дужкі	39
анімацыйных	39
эскадрон	39
клетку	39
рыма-каталіцтва	39
бастыёнамі	39
старшына	39
варанцоў	39
сэрыйна	39
леніным	39
санкцыямі	39
адпраўленьняў	39
публікавацца	39
разбурыць	39
шаршунскага	39
шаршунскі	39
пэйзажнага	39
антыёхіі	39
заключае	39
хронік	39
пастух	39
зімовае	39
дацкае	39
ёркшыр	39
лаўрына	39
каналізацыі	39
геамэтрычным	39
аладкі	39
цыліндрычная	39
дэбатаў	39
тло	39
прынесены	39
гвардзейскага	39
саамаў	39
дэкорам	39
каўкаскага	39
эбэрт	39
злучаліся	39
грабніца	39
арыштавана	39
кітса	39
радіо	39
паўторным	39
чытачу	39
самотны	39
абстрэлаў	39
пясковае	39
патокі	39
бадэн-вюртэмбэргу	39
крушэньня	39
церахоўка	39
дэбютавалі	39
емэне	39
кнэсэт	39
адчыніліся	39
стрый	39
вандраваньне	39
зьбіраньня	39
папуляцыя	39
конці	39
анджэлё	39
карэспандэнта	39
польша	39
калізэю	39
усталяванай	39
пазначаных	39
уласьцівасьцях	39
улиц	39
дрэннай	39
прадавалася	39
ніццы	39
ур	39
лямпаў	39
пасьляматчавых	39
арыентаваньне	39
сети	39
мітынгаў	39
дзітрык	39
сану	39
эксмо	39
алма-ата	39
манаскіх	39
профілі	39
салёнасьць	39
гедымін	39
ладзьдзі	39
валянці	39
казахаў	39
астане	39
зачыніў	39
нафтавага	39
сапегамі	39
біты	39
канвэнцыяй	39
гульнявая	39
гандлююць	39
турбіну	39
фальсыфікацыю	39
альфабэтным	39
шакаляду	39
астроміцкага	39
хідрынскага	39
госкартгеоцентр	39
ліфт	39
адкб	39
камуну	39
галадамору	39
дасьведчаным	39
генштабу	39
прэпараты	39
азартныя	39
санаторый	39
тайнага	39
сцэн	39
мдр	39
лякаматывам	39
арханёл	39
паліцэйскай	39
вістычы	39
світ	39
выхоўвалася	39
квасу	39
прэстыжны	39
гервяты	39
число	39
ўкі	39
рэчыпаспалітае	39
борць	39
бокі	39
’чалавек	39
кутні	39
нэрвовых	39
амара	39
рум	39
эстэтычных	39
дослідження	39
эмблему	39
політэхнічнай	39
інжынэрная	39
кітападобныя	39
кафедры	39
тоне	39
сілкаваньне	39
тандэр	39
скачкоў	39
узгодніў	39
дзясятае	39
г’юстану	39
соавт	39
мытныя	39
садку	39
вышкі	39
сымэтрычныя	39
скаўтынг	39
саудаўскага	39
тэрэспаль	39
энтрапія	39
канава	39
цялесных	39
кандыдацкіх	39
саба	39
міст	39
раскладу	39
піяністы	39
асьвятляецца	39
скляпеністыя	39
непасрэдных	39
эйгердаўскі	39
юравіцкі	39
мокраўскі	39
падвойных	39
спружыны	39
мёраў	39
днепра	39
катла	39
петразаводзк	39
мол	39
скок	39
аск	39
транзыстараў	39
кулямі	39
грн	39
хрэстаматыя	39
алехна	39
вагню	39
цэлі	39
рызалітамі	39
інвэнтаром	39
ппк	39
сьвідравінаў	39
пускавых	39
посланника	39
курсантаў	39
воінскае	39
радянська	39
страфа	39
пермскім	39
губін	39
сэрыялах	39
украине	39
-эйх-	39
государственная	39
юдэнрат	39
трэйлер	39
коми	39
падлабенскі	39
г-падобны	39
мацельскі	39
учащихся	39
грэску	39
тарыфам	39
эрзянскай	39
гародзькаўскага	39
княгінінскага	39
ймя	39
королевстве	39
гэркулеса	39
дарта	39
вотчынныя	39
пантэкорва	39
адкліканьні	39
насдак	39
змяненні	39
гв	39
птб	39
тэлефануе	39
загальскай	39
лиду	39
праўральскае	39
адукацыйна-асьветніцкая	39
сярэднеўзважаных	39
базылянак	38
самабытнасьць	38
млыне	38
пераканаўча	38
путешествие	38
зьберагліся	38
шаўчэнку	38
ярмоленка	38
латушка	38
апазыцыйны	38
валянтына	38
канкрэтным	38
чынгісхан	38
адабраныя	38
фігуруюць	38
даследчыкаў	38
асаблівасці	38
полесье	38
супярэчыла	38
узброенае	38
людзкія	38
камандуючыя	38
ізаляваныя	38
цыклёны	38
лугамі	38
юдэйскага	38
дзяліліся	38
левабярэжная	38
кінатэатру	38
ленина	38
бостанскі	38
стваральніца	38
правабярэжжы	38
экскурсія	38
маразы	38
нізоўях	38
общая	38
даўніна	38
паз	38
судзілоўскі	38
унікальных	38
витебский	38
выбухнуў	38
беліцы	38
здадзены	38
бабкоў	38
ваеначальнік	38
сікорскі	38
дзядзінца	38
географии	38
філіяй	38
карнікамі	38
схаваліся	38
каапэратывы	38
спаліла	38
няўдачаў	38
надбудове	38
цэс	38
азярцо	38
струменя	38
давыд-гарадку	38
гарызантальныя	38
плітак	38
краснаярскім	38
забудаваны	38
радах	38
нства	38
прававым	38
годны	38
дзясятка	38
здушыць	38
ўзьнялі	38
падзеленай	38
кантынэнтальныя	38
эфэктыўная	38
курортаў	38
прымакі	38
прысваеньні	38
авечка	38
раманоўская	38
скарсэзэ	38
полак	38
гаражы	38
плютону	38
археалягічнымі	38
прызыву	38
замбія	38
палаў	38
абвінавачаныя	38
дзэ-дун	38
ўсталёўваюцца	38
непазьбежна	38
вечарына	38
лісток	38
блёкам	38
алтайскі	38
маркес	38
матэо	38
максімілян	38
туризм	38
складальнікі	38
эйр	38
маляваньнем	38
курляндыю	38
шматаў	38
пугач	38
браніславам	38
перажываньняў	38
раманс	38
першаснае	38
адаслаў	38
засвоіў	38
тэм	38
каляндарны	38
соня	38
агюст	38
прапаршчыкаў	38
астравок	38
шкоднікаў	38
дудаеў	38
гледзячы	38
гурыновіч	38
давальным	38
выразнае	38
пазнае	38
радыкальнай	38
бэрк	38
смольскі	38
творным	38
слаўны	38
фразу	38
фінансаваць	38
праўных	38
северо-западного	38
перададзенае	38
надрукаванай	38
даўгоў	38
службовым	38
асьветніцкую	38
навучаць	38
дапаўняюць	38
сучасьнікамі	38
комплексная	38
мазур	38
непрыяцеля	38
другарадных	38
захварэла	38
военная	38
сыстэматычнае	38
ліка	38
древнейших	38
гедзень	38
гедвін	38
прыгод	38
ратыфікаваў	38
контарвыведкі	38
правінцыйнай	38
диссертации	38
бразыліяй	38
ударная	38
бэта	38
абалонку	38
супольнасьцямі	38
спэцыфіку	38
сьвету-	38
ваўкавышчыны	38
клышка	38
натхнёная	38
індукцыі	38
супэргіганце	38
акрэдытацыі	38
нікольскі	38
абвінавачваўся	38
спэцыялістамі	38
рэспандэнтаў	38
фазу	38
рукаў	38
ружанская	38
трайчаны	38
пазалочаны	38
калюмбійскага	38
осьцік	38
ліхтароў	38
стараверы	38
гарналыжны	38
томску	38
сыбірскай	38
ўнёску	38
усходнімі	38
мінулі	38
зьзяньне	38
ваяводзтвамі	38
альшаны	38
дака	38
ўзьвядзеньні	38
экспартных	38
пакроў	38
прымавак	38
гадавіна	38
лячэбніца	38
пярэсмык	38
суботы	38
пазначыць	38
няпоўныя	38
рыбны	38
зазначыць	38
кавалерыйская	38
фотаальбом	38
ліцкевіч	38
занядбаным	38
мечам	38
везьлі	38
вайскова-марскі	38
вінцас	38
ільіча	38
русакі	38
сынхранізацыі	38
аднолькавае	38
адлегласьцю	38
чыквіна	38
вечнасьць	38
лексычнага	38
дыялектыкі	38
арэалам	38
пазначанай	38
ляяльнасьць	38
відавочныя	38
другасны	38
чаду	38
сабіна	38
нахілам	38
галіновых	38
вызнаў	38
польныя	38
пракуратурай	38
куляў	38
ушанаваньня	38
дашкевіча	38
лёт	38
алькагалізму	38
тыраніі	38
позьняя	38
зьмешваньня	38
адукацыйнага	38
далярах	38
валютах	38
архітэктарамі	38
перуна	38
ўяўляецца	38
грамадзтваў	38
рахункам	38
разграміла	38
наймацнейшыя	38
адзінагалосна	38
атакавала	38
ліцэнзаваньня	38
перадапошні	38
касьцюкевіч	38
вэнтсьпілс	38
краўцова	38
коўны	38
сакрэтныя	38
барт	38
палкаводзец	38
ссылка	38
галоснасьці	38
забойствах	38
дудараў	38
журавы	38
паленьня	38
бабілёне	38
мангольскі	38
станкевічам	38
гадлеўскага	38
зьмяняючы	38
грамадзка-палітычныя	38
тайлер	38
бэйсбол	38
рамон	38
ўзьнікненьні	38
скакун	38
варожай	38
нямцэвіч	38
дрыбін	38
прэч	38
выкрадае	38
флёта	38
нэрвы	38
лірычная	38
сынодзе	38
легітымным	38
прыдворнай	38
аўтазаводзкая	38
лярс	38
ахрысьціў	38
недастатковасьці	38
рэната	38
кнопкі	38
радыёстанцыю	38
вулічны	38
трубе	38
паўднёвакарэйскі	38
аргун	38
польше	38
слуцкую	38
дань	38
наўна	38
няцотны	38
савік	38
аловак	38
карэспандэнтаў	38
ратэрдаме	38
астраномаў	38
навучыць	38
тваю	38
шымон	38
аскепкі	38
ад’ютантам	38
дальвіц	38
вакцыны	38
разуменьнем	38
прадстаўленае	38
паступовым	38
прасочваюцца	38
старажытнарускіх	38
ўніяцкіх	38
актывізацыя	38
ваяводзтвах	38
захопленай	38
мяккасьці	38
мои	38
пяцьдзясят	38
субстрату	38
татарскім	38
беларусізацыю	38
сматрыцкага	38
салодкія	38
адыгрывала	38
сканчаюцца	38
танга	38
незнаёмы	38
вынесьці	38
табою	38
паўналецьця	38
цюрскага	38
гергард	38
наразаюць	38
заяўляюць	38
сыходзячы	38
індзейскага	38
хатняе	38
газэтамі	38
жорсткімі	38
заходнебеларускіх	38
великим	38
аўстра-вугорская	38
анёлам	38
сьвяткаваць	38
літургічныя	38
грамоты	38
географических	38
пануючай	38
княствамі	38
батанічнае	38
дунаем	38
зубр	38
сула	38
бартосік	38
шчыльны	38
стралялі	38
сеткамі	38
давайце	38
міжземнамор’е	38
аману	38
дэпартаваны	38
прымусовых	38
сэксуальнае	38
істоту	38
дактрыну	38
трайдзеня	38
фартэцыяў	38
інтэрнацыяналу	38
напружаныя	38
працаздольных	38
граніцаў	38
литературе	38
спадчыннай	38
біялягічная	38
ракавіны	38
арэшак	38
рэспублікаў	38
лівы	38
перасяленьні	38
днях	38
чавусаў	38
лібэралізацыі	38
шматлікай	38
коняў	38
зьмянялі	38
антысавецкіх	38
музэйныя	38
геда	38
таварных	38
галічына	38
набытых	38
нарманаў	38
ранак	38
карпаратыўных	38
прадастаўленьне	38
квадратнай	38
дзіда	38
вызваленьнем	38
індаэўрапейскага	38
сцяга	38
флаг	38
спасылкамі	38
вячаславам	38
ўстаўная	38
марконі	38
краявідны	38
крымскататарская	38
сардынія	38
міжземнаморскім	38
італьянскімі	38
афрыкай	38
штрафны	38
каф	38
афрыканская	38
маскоўска-літоўскай	38
адміністрацыяў	38
парашковай	38
марамі	38
вэрмахта	38
палонныя	38
супадала	38
б-ка	38
тэстаў	38
кошыкі	38
бурбонаў	38
лісіца	38
мінімальна	38
мішэля	38
раўнінаў	38
адкладах	38
анды	38
сям’ёю	38
кельцкай	38
акругамі	38
калюмбійскія	38
сур’ёзнае	38
трэку	38
-тысячным	38
пакіне	38
уварваліся	38
лепелі	38
укладаньні	38
найніжэйшы	38
прада	38
дахі	38
служка	38
віс	38
ёсіпа	38
ордэр	38
вымерлі	38
партовы	38
капітану	38
вялізная	38
прыбытковым	38
пакінутая	38
рыкарду	38
ўол-стрыт	38
абавязвалася	38
рынкавыя	38
ўтварэньнямі	38
валютнай	38
вольгу	38
скінуць	38
акадэмічнае	38
генезіс	38
абарончымі	38
зьнішчанага	38
лоры	38
навукова-папулярныя	38
шэпард	38
труда	38
ўстанавіла	38
плыве	38
князева	38
вызна	38
ігумене	38
кай	38
парушыла	38
камандваньнем	38
сам-насам	38
трагічнай	38
танцам	38
арандатар	38
тэхнік	38
лен	38
панджаб	38
гоа	38
шрэдэр	38
злачынствамі	38
падкрэсьліла	38
эмірату	38
канцэртнага	38
калё	38
працаю	38
ўзята	38
адыйсьці	38
федаровіч	38
законны	38
дайшоўшы	38
прарвацца	38
земляныя	38
паступленьне	38
картузаў	38
цагляных	38
асьвейскага	38
саўгасаў	38
баброва	38
савіна	38
вадаёму	38
каралёва	38
баранава	38
ветрына	38
экзэмпляры	38
жалудку	38
порай	38
дырэктару	38
высылка	38
псыхічныя	38
балядаў	38
сталовіцкага	38
даніловіча	38
словаўтваральныя	38
барановичи	38
зьездамі	38
ажыцьцёўлены	38
радавога	38
юзэфу	38
спалучаліся	38
гарбуз	38
падземная	38
хросьце	38
празаічны	38
кансэрватызму	38
лукаса	38
выдзяленьня	38
ствалом	38
касавыя	38
падгорыца	38
тагора	38
петраградзкага	38
ресурсов	38
окружающей	38
няўдалыя	38
дыскваліфікацыі	38
вакалу	38
перавыданьні	38
табол	38
след	38
літаратарам	38
гвіда	38
-ую	38
спонсараў	38
горбач	38
шкодэр	38
зьнішчальніка	38
вітаўтас	38
баброў	38
запрудзьдзе	38
кругам	38
паражніны	38
танчыць	38
хаваюць	38
патруль	38
видео	38
нясьвіжа	38
кантрольная	38
ізаляваных	38
сасанідаў	38
машынабудаўнічыя	38
манумэнтальнага	38
адміністрацыйна-тэрытарыяльнае	38
першацвет	38
кюрасао	38
пагражаць	38
гвалтоўным	38
русью	38
адзігітрыя	38
одэнсэ	38
статычнай	38
адкладзены	38
нарыхтоўкі	38
наркама	38
прыкметнымі	38
укрыжаваньне	38
кашулях	38
адзнак	38
спытаў	38
алькаголем	38
іркуцкая	38
сьпілбэрга	38
авідыюс	38
судзілі	38
ключавымі	38
выстаўленая	38
платныя	38
сырыйскай	38
магдэбург	38
афіцэрскую	38
артурам	38
грына	38
абяцаньні	38
дэтройце	38
смуглевіча	38
нацыянальна	38
бразыльскіх	38
расізм	38
характэрную	38
факел	38
аячча	38
фаварытам	38
паварочвае	38
махмуд	38
рэабілітаваныя	38
свабо	38
абвастрэньня	38
валенштайна	38
голых	38
няправільнага	38
оплот	38
сердце	38
палоскі	38
этапаваны	38
вянком	38
жоўтымі	38
рэагуе	38
ўзначальвала	38
ковач	38
дняя	38
ай	38
пратоцы	38
нунцыі	38
жоўтых	38
аўгустынскі	38
мух	38
гарошкаў	38
-рых-	38
’магутны’	38
’магутны	38
вэртыкальная	38
сындзі	38
залежаў	38
здарыцца	38
сплаваў	38
пермскай	38
кокс	38
аліўкавы	38
рэгуляцыі	38
сіна	38
льнікі	38
цьце	38
антопальскі	38
сталавічы	38
вакальных	38
прыцягнутыя	38
ацаніла	38
бакам	38
санаты	38
опэрай	38
заключны	38
папраўчых	38
рузвэлта	38
закінутых	38
дзямідавіцкі	38
пяршаі	38
пашанай	38
дамэны	38
будзеш	38
взгляд	38
ўрадаваму	38
эўхарыстыі	38
саскачэван	38
дыяспарай	38
мікіту	38
дынама-маладэчна	38
арджанікідзэ	38
сьвята-пакроўскай	38
українки	38
додаток	38
-ге	38
сужэнцаў	38
рэестрам	38
джерелознавства	38
голов	38
паланэчка	38
тайму	38
беласточчына	38
ніш	38
паветраная	38
рубрыку	38
роскі	38
барвід	38
акружнасьці	38
кідаць	38
пустэльнях	38
стральца	38
больніцы	38
стрэльбаў	38
шарыяту	38
рашчыну	38
вятка	38
балянсе	38
нью-арлеан	38
абломкі	38
выкарыстаюць	38
рэактыўныя	38
экіпажы	38
дакрочылі	38
вырвацца	38
вылічаецца	38
абмяжоўваўся	38
фундатара	38
стрэлак	38
трас	38
ўставы	38
малююць	38
іянізавальнага	38
намесьніцай	38
сьняданак	38
агі	38
предисл	38
-мн	38
пярэдняе	38
кампакт-дыск	38
сталовай	38
самотнікам	38
аслана	38
краязнаўчыя	38
убарці	38
хоцімскі	38
старажытнабеларускай	38
стральцова	38
ўзнагародзіў	38
заслугаў	38
эрыс	38
самазвалаў	38
індастану	38
патрапіўшы	38
молі	38
манаграфій	38
адвольным	38
разных	38
выстаўцы	38
кулёна	38
паташня	38
дзяліцца	38
лексіка	38
гастроляў	38
лівэрпулам	38
денис	38
грошей	38
играть	38
грудня	38
валосавічы	38
супору	38
маршалы	38
варо	38
мар’ямпальскага	38
будут	38
павлович	38
сапліцы	38
военный	38
рэдакцыйнай	38
хсс	38
джуні	38
прыпынках	38
харкаўскім	38
эстафэты	38
крос	38
кемераўскай	38
гэлен	38
королевским	38
кажан-гарадок	38
людвін	38
траецк	38
крынкаўскага	38
глівінскі	38
бабаўнянскага	38
дукорскага	38
дэмбрава	38
ражанкаўскага	38
галавічпольскага	38
-рочча	38
ваўкавышчыне	38
безьдзеж	38
небытаў	38
грып	38
эстафэта	38
абуджанага	38
наладкаваньня	38
мк-рн	38
аякса	38
грэвэнмахэр	38
асэр	38
прымэйра-ліга	38
сталкераў	38
коменскага	38
волагды	38
юдэнратаў	38
падымальнасьцю	38
землеўпарадкаваньня	38
мёрсо	38
макслайну	38
шумілін	38
чэмпіёншып	38
каронавіруснай	38
торына	38
монцы	38
сш-	38
язэфіна	38
джуманджы	38
пгбк	38
прихожан	38
сюжэта	37
тапаніміка	37
княжыць	37
залога	37
водападзел	37
зацішша	37
прафэсійна-тэхнічнай	37
разьвязку	37
побытавай	37
банкір	37
легендарных	37
наву	37
касьмічную	37
раньнімі	37
замацаваліся	37
паскорыла	37
павялічваўся	37
інтэлектуальная	37
досьведзе	37
схільны	37
ратушай	37
балцкага	37
шевченко	37
выразалі	37
катаргу	37
падарваць	37
антыфашысцкага	37
шашкі	37
ист	37
тамтэйшыя	37
литвину	37
паніжаецца	37
сынтэтычнага	37
вясьнянка	37
алёна	37
фону	37
цярпеў	37
зьвярынец	37
печати	37
залогі	37
падаравала	37
трывалы	37
сьвятаславіча	37
бадунова	37
мэталаапрацоўка	37
паперня	37
маку	37
летапіснага	37
шынкевіч	37
аршыца	37
бдг	37
птушкафабрыка	37
имение	37
валокаў	37
вольнасьць	37
кушнярэвіч	37
літаратураў	37
каятан	37
гарыні	37
нарысе	37
статак	37
графствам	37
урадавага	37
местачковая	37
тураўскія	37
гду	37
светлагорск	37
жалезабэтону	37
плябанская	37
ільнозавод	37
карыбута	37
каардынацыя	37
славеніяй	37
ўтрымліваліся	37
славенцы	37
босьнію	37
сараеве	37
кліматычнай	37
місіях	37
бедзтваў	37
унікальная	37
сайтах	37
беларускамоўнае	37
аконца	37
бягучай	37
джонс	37
ліха	37
акустычныя	37
армстранг	37
ўзводу	37
пастка	37
люсія	37
ложка	37
зорачкі	37
лягічных	37
распачынае	37
беларушчыны	37
ральлі	37
надмагільны	37
ватыканскага	37
капэрнік	37
ўладкавацца	37
мужыцкай	37
арышце	37
мужна	37
налёт	37
тайным	37
лоў	37
рамансы	37
вісэнтэ	37
сындрому	37
жывапісных	37
лыжніца	37
грамадзка-палітычным	37
фэльетоны	37
досьвітку	37
зьнешнасьць	37
асаблівасьцей	37
трошкі	37
атакаваны	37
мадэлька	37
бедная	37
прызму	37
фальклёрам	37
стыхіі	37
дасягаючы	37
параўнальныя	37
ўключаюцца	37
узмацніць	37
высечаны	37
спыненае	37
татарстане	37
значыла	37
глябальная	37
скарочаным	37
капусту	37
лаціну	37
предисловие	37
сыкст	37
чыніў	37
энцыкляпэдычных	37
русака	37
ўсходнеславянскай	37
бурмістра	37
кампанэнтамі	37
апрацаваныя	37
мене	37
непарыўна	37
сказания	37
стылістыкі	37
пісаньні	37
падаравалі	37
таемны	37
битва	37
абстрактныя	37
наймацнейшы	37
уласьцівасьцю	37
ліках	37
коскай	37
ворскле	37
фантастыка	37
украінец	37
камунары	37
абразок	37
зьнесьлі	37
райвыканкама	37
кучма	37
выпаў	37
пагражаючы	37
праграмістаў	37
вобласьцей	37
медныя	37
дырэкцыя	37
брамса	37
мядзёлка	37
лепшымі	37
паважаць	37
псыхіятар	37
бэргман	37
юрай	37
томам	37
рукапісным	37
нікадзім	37
акустыка	37
фарпост	37
ансамбаль	37
кхп	37
зьнішчанае	37
лідыя	37
падстраўнікавай	37
вячэрняя	37
гераічны	37
архаічнай	37
ўваходныя	37
электробусаў	37
дызэльным	37
ратэрдам	37
сумесяў	37
тарфяна-балотныя	37
дубовых	37
котры	37
ільну	37
дыямэнтаў	37
камбайны	37
кармянскі	37
рудабельскі	37
боры	37
спажывецкія	37
бэнгальскай	37
раскошы	37
транзыстар	37
калодкі	37
перанесенае	37
мялеці	37
рыбака	37
датычаць	37
утрымліваўся	37
дударскі	37
назаранка	37
сэйм	37
экспэртная	37
вывадзе	37
камэт	37
араты	37
калектыўная	37
узгоркаў	37
ўлавіч	37
мдлу	37
інтэрвал	37
мікрасхемы	37
тамбоўскай	37
супрасьль	37
ідэалягічны	37
дыялекталёгія	37
янчук	37
гайдэгер	37
сыстэматычнага	37
войніч	37
бэці	37
натураліст	37
грамматика	37
ўнівэрсал	37
марцыяна	37
прадусарка	37
рэстаране	37
зьнесеныя	37
вокруг	37
трывога	37
вызначанае	37
фэміністка	37
супрацьлеглыя	37
біясфэры	37
асудзіла	37
кіншаса	37
джуліян	37
хаймэ	37
тэрмінах	37
ахвяраваньне	37
восеньскі	37
годна	37
энэргетыка-бду	37
выкрадзены	37
ганчара	37
сьмірноў	37
эвэрэст	37
бфф	37
перагуляўшы	37
паўночнаірляндзкі	37
трансфэры	37
батлер	37
тармасаў	37
кадыраў	37
моду	37
всё	37
альжбетай	37
саюзнае	37
злучаўся	37
матэматычным	37
гектар	37
каляндарных	37
рагоза	37
гоф	37
чараўніка	37
кембрыдзкага	37
джэ	37
штрафаў	37
нямеччынаю	37
кірылічная	37
верагодным	37
ляран	37
пярун	37
кайзэра	37
даласе	37
тайныя	37
царкоўнымі	37
любецкага	37
заўважана	37
дыфтонг	37
зьбягае	37
цьвінглі	37
апэратыўных	37
тэарэтычнага	37
звонкі	37
конях	37
гэгель	37
прыгоннае	37
келі	37
дэкаратыўным	37
самсона	37
калёнкі	37
браяна	37
фэадальнага	37
ахвяраваць	37
арганізмах	37
слановай	37
вынайшлі	37
ганчарэнка	37
кампакт-дыскаў	37
караленкі	37
спэцыфікацыі	37
экрану	37
эвангельскі	37
абдэль	37
грэг	37
сьмятанай	37
радыяактыўнасьці	37
батычэльлі	37
матыса	37
марыны	37
парыскіх	37
янушам	37
запісваюцца	37
пойдзе	37
замяняецца	37
дыстанцыйнага	37
рыміні	37
абазначаць	37
ідыёмы	37
бойд	37
хмарачосаў	37
нармальным	37
атмасфэрным	37
п’ерам	37
лучнасьць	37
вынаходнікам	37
звужаецца	37
басэйнам	37
бліжэйшым	37
прэстыжу	37
прапаведнікаў	37
спэцыфічны	37
дададзена	37
цьвёрдымі	37
назоўніках	37
великая	37
пісьмовасьцю	37
раньнюю	37
юозас	37
трагедыяй	37
бабовых	37
гарачага	37
наймалі	37
нечым	37
ўзыходзяць	37
морквы	37
паняволеных	37
экспансію	37
фармаваньню	37
гіп-гопу	37
індзейскіх	37
паскорыць	37
экалягічна	37
яркая	37
крыжовым	37
голуба	37
комментарий	37
перавоз	37
сьліва	37
спосабе	37
любімы	37
легенд	37
акупавала	37
кулікі	37
кампэнсаваць	37
снайпэр	37
цкае	37
якасны	37
жываце	37
кідалі	37
дапускалася	37
файла	37
перапіска	37
пупышкі	37
дзіка	37
жаніўся	37
наркевіч-ёдка	37
рушэньне	37
федарэнка	37
куцьця	37
дыграфы	37
арганізоўваліся	37
магчымымі	37
украінцамі	37
ўзамен	37
заслугоўвае	37
відзах	37
замацавалі	37
спынялася	37
пазьбег	37
гукавой	37
звычаях	37
ананімнай	37
кахаць	37
батанічнага	37
дагістарычныя	37
нэрвовую	37
летописи	37
канстантынопальскай	37
арганізоўваць	37
заяўлялі	37
ўрадавымі	37
прапаведаваць	37
памор’я	37
ўльтыматум	37
вонкавую	37
тайгі	37
азначалі	37
слою	37
газавая	37
рацыянальнага	37
прыдатная	37
тэлефонны	37
ўнівэрсітэту	37
коданскай	37
другаснай	37
вілейскі	37
адыходам	37
рамановіч	37
сураскім	37
вырашальнае	37
адчыняецца	37
распачатае	37
разьлічана	37
вадкай	37
акру	37
патрыяршага	37
сусьве	37
аэрафотаздымак	37
кельцы	37
змагара	37
аздараўленьня	37
альбанскія	37
пачацца	37
б’юць	37
баранавіч	37
рэклямны	37
адначасовым	37
сьпікерам	37
радаслава	37
скандынаўская	37
касьпійскае	37
нацыяналістамі	37
-барт-	37
шэдэўр	37
хрысьціянам	37
валадаром	37
набліжаных	37
рівш	37
трудов	37
прыдуманы	37
колцаў	37
хар’юмаа	37
рэґіёне	37
пэўнасьці	37
адносную	37
шчыры	37
заморскія	37
скарочаныя	37
прадаўцом	37
павялічваць	37
жан-батыст	37
сарагоса	37
залежнай	37
адзінстве	37
кубінскія	37
інфэкцыйныя	37
індаэўрапейцаў	37
высоўваюцца	37
гадавыя	37
калекцыяй	37
дзьмітрыю	37
бібліятэкаў	37
гус	37
пасланьнем	37
наміналу	37
каляровым	37
максымальнае	37
дэбютныя	37
граматам	37
фармальнае	37
ключавы	37
замках	37
зонамі	37
напругу	37
гэрбэрта	37
лінейнага	37
муса	37
сыходам	37
сярэд	37
скал	37
рыма-каталікі	37
прыбываюць	37
іголкі	37
сьлепаўрон	37
качка	37
закуп	37
разьмяшчаць	37
ад’ездам	37
спаскай	37
палачане	37
адмаўлялі	37
філязофскую	37
ганібал	37
марэ	37
назарбаеў	37
бруса	37
молодечно	37
марыенбургу	37
амуніцыі	37
ворагу	37
харугву	37
кінуўся	37
фіналам	37
прадстаўляючы	37
п’яны	37
будаўніком	37
загрэбе	37
сямнаццаці	37
раш	37
гарулёў	37
улы	37
занятай	37
сачыў	37
воіны	37
адводзіць	37
паплечніка	37
неадназначныя	37
індыяны	37
элемэнтах	37
адказнага	37
браслаўскай	37
адкінутыя	37
вэтэрынарных	37
яблыні	37
крытыкам	37
туганавічы	37
танцавальныя	37
дарадчы	37
сцэнічных	37
матэрыяльным	37
навукова-асветны	37
асваеньня	37
пав	37
правінцыйныя	37
раўнавагу	37
гран	37
энэіды	37
кратэраў	37
абознага	37
зацьменьня	37
калядных	37
ўрачыстым	37
пратокамі	37
надзя	37
апраўдаць	37
баўгарамі	37
забаўляльных	37
олівэра	37
найніжэйшых	37
аднаўляць	37
кананічным	37
аўтаматычным	37
сімфэропаль	37
камуністычнымі	37
лоша	37
пасека	37
плоцевым	37
мерапрыемстве	37
равароў	37
гумарам	37
касмэтыкі	37
сэрам	37
мурынаў	37
вольфсбургу	37
замкавым	37
указу	37
ледавіковыя	37
чаканьне	37
партызану	37
заво	37
граду	37
крумкачамі	37
пандэмія	37
рыі	37
каэфіцыентаў	37
мацярык	37
плоўдзіў	37
кантынэнтальную	37
цьвёрдую	37
пасланец	37
ольбарг	37
заўважна	37
кандытарскія	37
прысутнасьцю	37
пасяджэньня	37
тэйт	37
лямбэрт	37
настаўніцкага	37
оф	37
ахоўнікі	37
манумэнтальнай	37
міталягічныя	37
мап	37
тамары	37
неабмежаваную	37
кантралявалася	37
вэнэцыянскага	37
паўфабрыкатаў	37
антопаль	37
парадаў	37
бясьпечнай	37
марачоўшчына	37
шэфа	37
пяцігадовага	37
дакудава	37
навігацыя	37
панарамы	37
кілямэтру	37
акваторыі	37
мыцьця	37
пабіў	37
победы	37
боровой	37
нападаюць	37
эд	37
непаўторны	37
каралінскага	37
фараон	37
будзівід	37
беркута	37
рубяжэвіцкі	37
наконадні	37
сьветлым	37
здымаюцца	37
эўрабачаньні	37
славай	37
маларыта	37
духавых	37
набажэнствах	37
-рык-	37
каралеўскі’	37
архімандрыі	37
мяцежнікаў	37
кіліманджара	37
прысягай	37
чу	37
затрымала	37
разнымі	37
ядзерным	37
кісларод	37
найджэл	37
абра	37
лінейкі	37
гэлаў	37
жыллё	37
льцы	37
крашынскага	37
заўка	37
тундра	37
сулу	37
грунтавых	37
данец	37
асавецкі	37
уключана	37
астанковіч	37
ведамасных	37
лыскаве	37
рэбэ	37
функцыянальнай	37
перасячэньні	37
забабоны	37
пасялко	37
трансьл	37
блакітнае	37
томскай	37
кваліфікаваных	37
дапушчаецца	37
крынках	37
гальшка	37
ператрусу	37
нариси	37
указаньне	37
выяўляў	37
доўнар-запольскага	37
хаке	37
белкартаграфія	37
еўка	37
добрах	37
астраглядавічаў	37
штатнага	37
бало	37
гента	37
усрр	37
пастаноўкай	37
гайнаўкі	37
бальніцу	37
магістратуры	37
шляхетнай	37
падаючы	37
джорджыі	37
лякаматываў	37
шахматысты	37
ўі	37
ідэнтычныя	37
доктарскіх	37
здвоенымі	37
тары	37
гранітам	37
станькаўскім	37
ахрэмаўскага	37
акторцы	37
нікалсан	37
гвінэяй	37
вызвольны	37
канструктара	37
вакідзасі	37
мэку	37
караман	37
дагестане	37
шпілем	37
зося	37
эйшышкі	37
прафесар	37
доціскі	37
падбярэзьзе	37
чырвонаармейцы	37
капаткевічы	37
трансьмісія	37
канецпольскіх	37
краснаярску	37
цюмень	37
бюлетэня	37
вэс	37
ювэнтусам	37
інструмэнтальны	37
хвядот	37
даст	37
паліцэйская	37
чыгуну	37
пасекі	37
отдел	37
халецкі	37
дарычнага	37
крыжова-купальны	37
хам	37
носам	37
тульгавічы	37
мэталюргічнага	37
марыюпаль	37
першалігавага	37
вэрдэру	37
замацаваўшыся	37
камандорскім	37
клубе	37
сушкі	37
гофмана	37
шуйскаму	37
польска-летувіскіх	37
сталыпіна	37
гаўптштурмфюрэр	37
альша	37
жэтысу	37
языкава	37
пайшчыкамі	37
гоцкай	37
батуце	37
сэрыйная	37
пецярбурга	37
орлен	37
штурман	37
натацыя	37
ружовага	37
правамоцны	37
лекций	37
праектаваў	37
зруба	37
тэрміналу	37
архангельск	37
дзятлаўскім	37
ревизором	37
минским	37
холмскай	37
святкуе	37
пэньяроль	37
брольніцкага	37
мехаўскага	37
селецкага	37
ведамасьцю	37
сьвятаполк-чацьвярцінскі	37
спрынт	37
людвіноўскі	37
гата	37
гаўд	37
ліпнішкаўскай	37
ражанкаўскі	37
кірхі	37
буйнавіцкай	37
фіёнік	37
цэрэтэлі	37
рапуха	37
лілю	37
юні	37
стралка	37
кальчунскі	37
экспэртызаў	37
міні-сэрыялы	37
айртан	37
б-	37
крафта	37
мааз-	37
коцелаў	37
скакухі	37
просмотре	37
ўнр	37
лачплэсіс	37
усу	37
флумінэнсі	37
хакейнае	37
вэспрэм	37
гаравыя	37
яновичъ	37
адплываем	37
выкапныя	37
кармалюк	37
ленартъ	37
валейбалісты	37
брэсцкая	36
мацеем	36
самахвалавіцкай	36
бліжэйшага	36
першабытнага	36
абумовілі	36
колькасныя	36
навакольны	36
найвялікшую	36
належных	36
гараджанаў	36
ізаляванай	36
материалам	36
археоляга	36
прывілея	36
ўпрыгожваньні	36
прымусам	36
крушына	36
удасканаленьне	36
вузьле	36
чалюскінцаў	36
радио	36
канцэнтруецца	36
вольт	36
затвор	36
рынак-вялікая	36
нумарныя	36
паскевічаў	36
пасуе	36
одного	36
мантгомэры	36
рэканструкцыяй	36
будматэрыялаў	36
беларуснафта	36
машынамі	36
ўраджэнец	36
павелічэньню	36
запрацавалі	36
каньках	36
дзяржаўнасці	36
гарэлік	36
меркаваньнем	36
немаўлём	36
монастырь	36
піны	36
эпідэміялёгіі	36
уладзімерская	36
фэўдальнага	36
могілкавую	36
аддзяленьнях	36
экзэмпляр	36
нэабарока	36
купала-цыбуліны	36
паломнікаў	36
століна	36
пацеяў	36
аглямэрацыю	36
абшараў	36
апісваліся	36
даходзілі	36
выпрацоўвае	36
дызайне	36
ваяра	36
адк	36
новасыбірскай	36
галінак	36
агентство	36
манаполію	36
анэксавала	36
ляндшафтаў	36
аналягічную	36
камандваньне	36
заслоны	36
стасунак	36
наблізілася	36
надрукаваных	36
сьледчых	36
канапніцкай	36
жыдовіч	36
гіты	36
тэрнэр	36
герасімаў	36
яфрэм	36
выказваецца	36
лынькова	36
апартэіду	36
соса	36
сальвадора	36
жанны	36
распачало	36
петраграду	36
васілёк	36
сялянскую	36
прозьвішчамі	36
бэльгіяй	36
бабілёнская	36
археолягаў	36
племянных	36
друкам	36
фарэрскі	36
настроямі	36
дзесяцьцю	36
англійскай	36
сэрвісе	36
хрыбетніка	36
сумны	36
кебіч	36
кавалеўская	36
ашмянскай	36
сувэрэнных	36
краёўцаў	36
немца	36
скульптарам	36
хаваў	36
скандынаўскі	36
галаўную	36
даражэй	36
прыкладная	36
анб	36
кружэлку	36
немировский	36
адаптацыяй	36
пічэта	36
сьцьверджаньня	36
экзамэнаў	36
валадараньне	36
пракамэнтаваў	36
эстэтычныя	36
летапісныя	36
дзясятага	36
лексыкограф	36
астроскім	36
адбіла	36
вярхоўных	36
ліміт	36
каўкаская	36
геамэтрычнай	36
напалеонаўскай	36
гедмонт	36
’пыхлівы	36
’нораў	36
тэмпэрамэнт’	36
цьвярскі	36
спажыўца	36
вязьма	36
прапаршчыка	36
камунікацыя	36
соискание	36
суцін	36
дасягне	36
альтэрнатывай	36
загрузка	36
македоніяй	36
акном	36
фармальную	36
бягучых	36
кроль	36
ператварэньні	36
г’юз	36
дэпард’ё	36
рэалізаваныя	36
п’есах	36
бахарэвіч	36
карэлічах	36
забэйды-суміцкага	36
вечару	36
палацавага	36
жмудзінаў	36
косаўскі	36
лідзкае	36
тэарэтыкаў	36
слу	36
страчанае	36
ціткоўскі	36
местачкоўцы	36
паркавая	36
міклаш	36
папяровай	36
клім	36
заходнеэўрапейскага	36
рэфармаваньне	36
прыпынкаў	36
нетры	36
абароце	36
падразьдзелы	36
бароўка	36
ляхавічах	36
хусэйна	36
высілкамі	36
празьмерна	36
армейскай	36
аграном	36
маг	36
дзісьненскага	36
старажытнарускія	36
мэрыдыяну	36
ўзыходжаньня	36
факсымільнае	36
міхалок	36
названую	36
мстиславского	36
дудары	36
лазэрных	36
вэбэра	36
запасам	36
максўэла	36
затрымка	36
мільярду	36
папросту	36
літаб’яднаньня	36
володимирович	36
чуць	36
рэфарматараў	36
бастыліі	36
пакідала	36
тыбэцкай	36
прысваеньня	36
віка	36
крашын	36
нацыянальна-вызваленчы	36
працягнуты	36
сабакамі	36
прыхода	36
анансаваны	36
цу	36
мудрацоў	36
гамэр	36
кірылам	36
сакратарыята	36
пратэстантызм	36
сымпатыі	36
бар’ерамі	36
унічыю	36
зьнішчальнай	36
эўракубкаў	36
расізму	36
ўкраінскаму	36
дэбютаваць	36
сувэрэнную	36
лукаў	36
габл	36
казку	36
шэрман	36
таўбін	36
чарлтан	36
перасьледы	36
пло	36
плоскіх	36
клясычнымі	36
шва	36
узброенай	36
бэатрыс	36
арман	36
чэмбэрлен	36
старцаў	36
максыміліян	36
золаце	36
пераважаць	36
-мільённы	36
рн	36
англія	36
місіянэрскую	36
вучэньнем	36
соладу	36
юджын	36
кер	36
плюсы	36
рэалізаваная	36
адрасоў	36
ленин	36
атакуе	36
аб’яўленьня	36
цьвярозасьці	36
нямецка-савецкае	36
орт	36
спаленьне	36
шуман	36
падбярэскі	36
спадзяецца	36
мяккую	36
зьвесьці	36
мэрыі	36
бесьперапыннае	36
гэлены	36
лічэбнік	36
паміраць	36
напружанай	36
сухумі	36
люізы	36
падпісанай	36
ляглі	36
сьвецкім	36
ўкраінцамі	36
актывізацыі	36
еўе	36
пропаведзь	36
нормай	36
мя	36
у-	36
склонам	36
казаньне	36
лівінгстан	36
папярэдзіць	36
фаршу	36
цытрусавыя	36
галяндзкіх	36
занятку	36
кавалкамі	36
пярэчыць	36
маленькімі	36
асьвятленьні	36
каштоўная	36
заканадаўча	36
ўсталёўвае	36
аўстраліяй	36
урачыстая	36
варэньне	36
румынскую	36
прадэманстраваць	36
дамагаецца	36
кандытарскіх	36
асьвячэньня	36
рыма-каталіцкая	36
цыліндрычнай	36
намагалася	36
вінаробства	36
нашэсьце	36
устанаўленьне	36
высакародны	36
крухмалу	36
горнае	36
біяхімія	36
эўрамайдан	36
маньчжурыі	36
сумяшчальнасьці	36
злога	36
цудоўнай	36
соўс	36
лівонію	36
стацкі	36
вінцука	36
некамэрцыйныя	36
роднасьць	36
луцкевічы	36
апора	36
чаго-небудзь	36
старадароскі	36
пажадана	36
намінальнай	36
умове	36
жытомірскі	36
ланцужок	36
хаўрусе	36
камэраў	36
куршаў	36
вільготнага	36
валютным	36
найважнейшая	36
тыран	36
інвэстыцыйны	36
нації	36
аліта	36
тактычных	36
разумныя	36
ацэньваюць	36
заселеных	36
правільныя	36
працэнтаў	36
фарматаў	36
дзясны	36
аддаленасьці	36
групаю	36
нязначнымі	36
накладу	36
частасьцю	36
раманаве	36
афраамэрыканцаў	36
ясы	36
прызначанай	36
сонечную	36
фіналістам	36
свабоднымі	36
геалягічнае	36
пушкінская	36
пачыналіся	36
тупік	36
электробус	36
сьмятану	36
ярдаў	36
пячатках	36
водазабесьпячэньне	36
шчэцін	36
бел-чырвона-белыя	36
узьняўся	36
ўчынку	36
прыбралі	36
даследаванняў	36
імама	36
абяцалі	36
лямбардыя	36
устойлівага	36
садоўніцтва	36
зарабляе	36
-канал	36
скураны	36
фэ	36
сацыял-дэмакратычную	36
допытаў	36
сымбалічнае	36
данецкае	36
стэпах	36
ўстойлівы	36
апранутыя	36
хвойныя	36
усяслава	36
абаронных	36
маладэчнам	36
наступае	36
папскіх	36
палесьсем	36
соймах	36
вяльлю	36
прыцягненьні	36
маёмасныя	36
прадказаў	36
потэр	36
празрыстасьці	36
адхіленыя	36
галасуюць	36
клёда	36
агенцыя	36
ралянда	36
перапісваўся	36
ляс-пальмас	36
ледавікамі	36
ўгару	36
віцэ-каралеўства	36
паддаецца	36
ерусалімскага	36
канструктарам	36
каштавалі	36
правіл	36
роб	36
зьніжэньні	36
скураныя	36
кантраляванай	36
месяцамі	36
гуд	36
гэрта	36
ажыцьцёўлена	36
пабіты	36
гістарычна-археалагічны	36
прамымі	36
тэхналёгіямі	36
маркіз	36
пакета	36
праблематыка	36
соймаў	36
своей	36
лейтэнантам	36
куна	36
карыкатуры	36
найт	36
-гадовыя	36
ўсталяваным	36
дэпазытаў	36
брабант	36
спадарожна	36
плацельшчыкаў	36
стараўся	36
монастырей	36
срэбранага	36
м’янме	36
карнэліюс	36
завяршыўшы	36
фрыца	36
сіён	36
фарсі	36
нелегальны	36
парлямэнтаў	36
нью-ёрскага	36
пятры	36
прыстанак	36
церпіць	36
прымушаючы	36
тактычнае	36
памяраніі	36
нутраныя	36
цёпла	36
нацыяналістычнага	36
сэнт	36
надзелены	36
заканадаўчымі	36
індыйскае	36
камбінацыяў	36
хрыстус	36
недатыкальнасьці	36
льга	36
траўні-чэрвені	36
бясьпечным	36
хадкевічы	36
ўзмацніла	36
перавезена	36
времен	36
дваровых	36
запольскі	36
бягомельскага	36
ладысеў	36
бабінавічы	36
улічаных	36
пля	36
міцкевічаў	36
павукоў	36
выбрацца	36
нечаканы	36
альбанскіх	36
іграе	36
страхі	36
пралетарскі	36
войцік	36
дапускае	36
адрадзілася	36
капліцаў	36
сч	36
зарадкі	36
зрушэньне	36
ўлічвае	36
боем	36
гаяны	36
рэгістры	36
кароткамэтражныя	36
ручкі	36
чтобы	36
ваяводзкае	36
шчасьлівым	36
дыкенза	36
снарад	36
уралу	36
валахія	36
дракона	36
бэстсэлерам	36
выхоўвала	36
маленькую	36
паўсталых	36
паўстаць	36
прастата	36
сарваць	36
вічэнца	36
копцеўка	36
рэдагаваць	36
роднымі	36
абіраў	36
канстанцы	36
зьнешнімі	36
звычкі	36
іянічнага	36
парлямэнтарызму	36
калектыўным	36
раставаньня	36
рэклямныя	36
муза	36
канстытуцыйнае	36
канстытуцыйныя	36
просяць	36
ўзбуджэньня	36
налічылі	36
алейнікава	36
шырэйшым	36
ўсходы	36
замкавых	36
последний	36
паўабаронцу	36
выжылых	36
калядка	36
базах	36
пэрсамі	36
плястыкавыя	36
экіпажаў	36
прыгоннымі	36
паншчыну	36
эстраднай	36
каляндарнага	36
хуткімі	36
лічбавую	36
камандную	36
б’ецца	36
бэтлеем	36
лутан	36
драмаў	36
ўкладу	36
літры	36
нанесены	36
нязьменны	36
дагары	36
скардзіўся	36
цягнуць	36
атрымліваюцца	36
боскае	36
праслаўленьня	36
падпарадкавацца	36
саамы	36
унутранымі	36
кварталу	36
пагаршацца	36
бункер	36
дусэльдорфе	36
турынгіі	36
прастораў	36
райнлянд-пфальц	36
вайскова-марскія	36
фрг	36
колцы	36
дабудаваны	36
кваліфікаваныя	36
рэкорднай	36
шляхетныя	36
рэнд	36
наталья	36
інсульт	36
балсанару	36
марыяны	36
вачох	36
каньяк	36
мэліярацыйны	36
індуізму	36
куфар	36
пастановамі	36
жданава	36
распаўсюдзе	36
кутамі	36
арганічная	36
племем	36
маляўнічых	36
манрэалю	36
эпічныя	36
артыкуляцыі	36
пілят	36
адстойваць	36
субстрат	36
дыякрытычныя	36
марфа	36
прэс	36
пэт	36
карэльскае	36
калесьнікава	36
афіцэрскага	36
лужыцкай	36
аналітычны	36
бліскучыя	36
сигизмунда	36
дамовамі	36
падпольлем	36
іграць	36
тэнгэ	36
ўгнаеньняў	36
пераможнага	36
перавагаў	36
мэтан	36
гарналыжным	36
барташ	36
ліпаўка	36
якаўчыцкага	36
міку	36
пагарэльцы	36
вісімунт	36
сергея	36
паўловіча	36
рамантычных	36
ўганды	36
сваятычы	36
станоўчую	36
чамусьці	36
рэчку	36
нарава	36
шані	36
альгімонт	36
эпітафія	36
грабоўскіх	36
фаніпальскі	36
крытыкавала	36
красноярск	36
жыўцом	36
насельнікамі	36
жанчынаю	36
інфармавала	36
кафлі	36
капітанаў	36
вылетаў	36
трансформации	36
мацярынства	36
ляндшафтны	36
чб	36
выратавалі	36
ті	36
абразамі	36
флорыдзе	36
клініцы	36
бсдп	36
надзвычайную	36
астраўца	36
глінскія	36
эдўардам	36
кормянского	36
киевскомъ	36
бараўцы	36
броды	36
речь	36
гадаваў	36
апынецца	36
аіда	36
насавых	36
-бар-	36
-бор-	36
дзіця’	36
гоў	36
прыза	36
выпрабавальны	36
паліцыянта	36
турбулентнасьць	36
ролік	36
амфібіі	36
адмыслоўца	36
траўмамі	36
іглз	36
скаўт	36
прэзыдыюмам	36
візыр	36
прамаўляе	36
ўмее	36
стэлы	36
загадки	36
юзафова	36
пагранічных	36
бельскай	36
засценак	36
дворища	36
’дзіцё	36
книгам	36
закупак	36
спадкаваньне	36
ласінка	36
галоўчын	36
дварэ	36
крысьціян	36
находящихся	36
дубнікі	36
пасёлкам	36
ельскіх	36
сямёнаўка	36
каляскі	36
легкавікоў	36
крыўча	36
пасэсіі	36
прозаравай	36
цэль	36
антонович	36
бэлізу	36
пажыўныя	36
аб’ёма	36
вырабіць	36
олі	36
перабудоўваўся	36
ахоўнікам	36
кляштарным	36
пілястраў	36
хуту	36
прыдзелы	36
бялынічах	36
галіпалі	36
ўдынэзэ	36
трэнэру	36
ганак	36
генту	36
дэманстраваў	36
дкнс	36
шпунт	36
завершил	36
адзьдзелу	36
краўскопф	36
аўкцыёну	36
тэрэзай	36
рэвізіяй	36
вартавых	36
палігоны	36
шчытоў	36
расфармаваньня	36
рэкопы	36
студзёнка	36
мкчк	36
нкр	36
лявіцкага	36
пілы	36
шпалы	36
рэмі	36
кіпрскі	36
вэб-бачына	36
сапегой	36
сухопаль	36
двухдольныя	36
сухопальскага	36
загародзкі	36
пагосьце	36
раме	36
войнар	36
офісе	36
нэараманскага	36
вднг	36
антаблемэнт	36
міхалёў	36
крамяніцкага	36
красьненскага	36
лашанскі	36
вязынскага	36
людвіноўскага	36
воениздат	36
галубічы	36
биобиблиографический	36
писатели	36
мётчанскі	36
оружие	36
станислава	36
рона-альпы	36
вэртэр	36
эспанёл	36
кавалерыйскіх	36
община	36
ужгород	36
эсэры	36
подписала	36
школи	36
альхімовіча	36
-ірл	36
чэлесу	36
пшонківський	36
удэрзо	36
якун	36
адзінкаў	36
эб	36
заз-	36
цэры	36
расейска-украінскае	36
кальчунскага	36
матеи	36
ліхача	36
пн	35
наладзіла	35
особенности	35
брыгадаў	35
тэнісу	35
магдаліны	35
лошыцы	35
фантаны	35
мастак-графік	35
каміла	35
кампазытарка	35
адзначанае	35
расаў	35
этналёгія	35
дэкрэты	35
запісвалі	35
пазначалася	35
дабраахвотнікаў	35
атак	35
натан	35
киевская	35
інфлянцкую	35
сотня	35
могилева	35
пакрывалі	35
ніжэйшая	35
маршрутныя	35
шэйн	35
датаваньне	35
кальвіністаў	35
гарбарня	35
сутокі	35
правабярэжжа	35
раскольнікаў	35
мікольскай	35
палацавая	35
краязнаўчай	35
аляксандраўская	35
быкоўскі	35
доўбар-мусьніцкага	35
шчыльнае	35
роварным	35
воданапорная	35
кібэрнэтыкі	35
лесапільны	35
барысу	35
васкрасенскі	35
гарбарні	35
ільін	35
вясёлая	35
давялі	35
гадзіньнікам	35
рагвалодавічы	35
сарны	35
радзівіламі	35
шацілавічаў	35
захаранка	35
крэнь	35
стыхійных	35
прываблівае	35
ідэнтычны	35
піянэрам	35
крыстоф	35
фішэра	35
вырошчваюцца	35
сонцу	35
ізраільскім	35
адкрыцьцю	35
прарокам	35
сыд	35
роні	35
ліёнскі	35
прысвоенае	35
флямандзкі	35
сабакам	35
ірынай	35
кулеша	35
ушацкага	35
альпійская	35
перакладалася	35
часавых	35
зоі	35
капітуляцыя	35
альендэ	35
італійскі	35
дапаўняецца	35
боінг	35
алесю	35
фані	35
ольштын	35
ўзаемна	35
мараплаўцы	35
пішу	35
ігнаценка	35
ёд	35
апакаліпсіс	35
мёртвая	35
прывіды	35
крывец	35
слаі	35
курч	35
хочаш	35
дасканаласьць	35
самаму	35
яднае	35
заплянаванае	35
дапрац	35
гданьскай	35
твардоўскага	35
праўдзівая	35
дудкі	35
карчму	35
апазыцыйнага	35
ўмацаваньню	35
разгар	35
аўтобуснага	35
аўтобусах	35
багаслоўскі	35
пяцікніжжа	35
просьба	35
скардзіцца	35
айчынныя	35
русским	35
праекцыя	35
удасканаленьня	35
статутаў	35
царскае	35
пераемнікі	35
мэка	35
перадавой	35
разгромленыя	35
тыка	35
праўдзівасьць	35
інструмэнту	35
імавернасьцяў	35
рэйган	35
уральская	35
лічбай	35
ягайлавічаў	35
’сваяк	35
родзіч’	35
ціхая	35
замалёвак	35
далучыла	35
бдінг	35
пакутнік	35
даставіў	35
умястоўскі	35
тэкставых	35
бізантыю	35
праведзеным	35
аліўкавага	35
важнейшыя	35
пэрсанальнай	35
кампаніям	35
лыжнік	35
кулакоўскі	35
родапачынальнік	35
грышчук	35
усебеларускай	35
перашкодзілі	35
салістам	35
хорах	35
гнязьдзе	35
фашыстамі	35
запісваўся	35
можаце	35
басовішча-	35
нім	35
этнаграфічную	35
машынабудаваньні	35
нацыянальна-дзяржаўнага	35
заняткамі	35
езуіцкую	35
банкноце	35
рыцарскай	35
пераходная	35
куткоў	35
цыстэрцыянаў	35
карыснае	35
спэцыялізуюцца	35
унеча	35
атлянтыкі	35
ляндшафтнага	35
міжнароднаму	35
будаўнічае	35
батанічных	35
ўскраінах	35
нафтаправода	35
сацыяльна-эканамічнай	35
дзеючыя	35
цішыні	35
паравая	35
-практ	35
парыскае	35
кузьмін	35
новааляксандраўскага	35
урадавы	35
цьвіце	35
адзінаццаты	35
імгненьне	35
крыптанімы	35
таварнай	35
тадэвушам	35
янушкевіча	35
ўказваюць	35
кабылічы	35
рудабелка	35
сталінізму	35
сярэднярочная	35
антыкамуністычнага	35
сьвінка	35
бубен	35
ядкоўскі	35
наклалі	35
электрамагнітныя	35
большымі	35
паўзы	35
надышоў	35
езуітамі	35
пытанне	35
запрудский	35
обі	35
тур’я	35
круты	35
уплывае	35
спадзяюся	35
вавэльскай	35
цін	35
згаданага	35
вязьня	35
ведамствам	35
грамадой	35
пот	35
шчыльным	35
катманду	35
прыдатных	35
рэлігіях	35
ільлю	35
лідай	35
вуніяцкая	35
спартаку	35
трабзанспор	35
дасьведчаныя	35
арыштаваў	35
празаіка	35
разьбітае	35
ніжэйшую	35
заняпадам	35
клаўс	35
макаёнак	35
лешак	35
нечаканасьцю	35
публіка	35
квадратаў	35
гродзенскай	35
радасьцю	35
занятках	35
прыляцеў	35
жыскар	35
бангкоку	35
прывілеямі	35
гаспадарам	35
гігс	35
іронія	35
камэрцыйнае	35
дэбютнай	35
тыбэрыюса	35
інаўгурацыя	35
гэрмана	35
забойцу	35
прарэктарам	35
лібэральнага	35
джэфэрсан	35
катовіч	35
грыневіч	35
злучэньнямі	35
прэфікс	35
перасягнула	35
солдат	35
аўдыторыяй	35
смаленшчына	35
ілінойс	35
камэрцыі	35
паўтарэньня	35
зьняволеньнем	35
рэвізор	35
боршч	35
ужываньні	35
інэрцыі	35
недзяржаўных	35
поп-музыкі	35
базавую	35
ляўрэаткай	35
вінавальным	35
чарнагорская	35
зьнішчаюць	35
студэнткай	35
лёнданскае	35
пратоны	35
верагоднасьцю	35
каменская	35
гоцкім	35
малдаўскія	35
мяшаных	35
увага	35
ўстаўкамі	35
свои	35
те	35
тыпе	35
апавядаюць	35
сынтаксісу	35
ганьба	35
сярэдзінай	35
зьмяшанага	35
кутузаў	35
саковіча	35
выпечка	35
качкі	35
салёныя	35
эстэтычнага	35
абвяшчалі	35
воск	35
пляча	35
злучнік	35
спаў	35
капелюшы	35
лінэем	35
спажываць	35
доза	35
перцам	35
пасадзіць	35
звадкаванага	35
сотнямі	35
ягадамі	35
парэзаныя	35
траву	35
распадаецца	35
спадчыннага	35
вечарыну	35
маліўся	35
бойцы	35
ісьляндзкіх	35
качэўнікаў	35
фатографа	35
стадыях	35
кміта	35
гранатаў	35
цёмнымі	35
тлусты	35
крыкі	35
перавышэньне	35
дапушчаных	35
схіліць	35
алені	35
ножкі	35
атрымлівалася	35
запраўкі	35
бацькоўскага	35
дараднік	35
рыгору	35
перанесла	35
недастатковасьць	35
лячыць	35
прыхільніка	35
малахоўскага	35
сімволікі	35
прававое	35
ўрадавым	35
пэнсіянэраў	35
патлумачыла	35
абвінавачваў	35
сімвал	35
генаў	35
узаемадзеяньняў	35
назіраньнем	35
мартос	35
заваёўнікаў	35
баямі	35
вялізнай	35
цынь	35
прэтэндуюць	35
ўзрасло	35
имен	35
праява	35
ўрачыстых	35
спальвалі	35
прысвоілі	35
ўручылі	35
выборов	35
суднабудаваньне	35
клайпедзе	35
арганізмам	35
абалонак	35
мэталічнага	35
спараджае	35
засяроджаная	35
методы	35
скарбнікам	35
брыджыт	35
паўтараў	35
цноты	35
нязначную	35
міждзяржаўных	35
калчак	35
распавесьці	35
мысли	35
дэрпцкага	35
юты	35
станок	35
здольна	35
разьбітая	35
эсты	35
прэстыжную	35
трона	35
дзідай	35
згубленых	35
страўні	35
равяка	35
аранжарэі	35
трыкутны	35
одна	35
дагістарычных	35
трытон	35
зробленага	35
археалягічным	35
бірмінггэме	35
арганізуецца	35
ўлучыць	35
сталіным	35
малдоўская	35
народжаных	35
пасярэднікам	35
засухі	35
іскандэр	35
эльзас	35
італьянцам	35
графічная	35
аднесеныя	35
уклаў	35
праў	35
скрыжаваныя	35
вымерла	35
барочная	35
рэкардсмэнам	35
згуляных	35
бялькевіч	35
ад’ехаў	35
пуат’е	35
паўмільёна	35
рона	35
жандармэрыі	35
візытаў	35
выпрацоўваецца	35
стогадовай	35
мушкетэры	35
трэніровак	35
кадыс	35
кастылія	35
цёплых	35
квітнець	35
канкрэтна	35
вакуўм	35
вэдыйскай	35
тахарская	35
гучна	35
спадара	35
вокладку	35
сочинений	35
наземны	35
уздыму	35
няміра	35
ег-	35
ек-	35
антрапанімічны	35
меркаванай	35
булай	35
супрацівам	35
праехаў	35
вайніловіча	35
пад’ём	35
запал	35
павышаную	35
пэтраркі	35
ваймарскай	35
інжынэрыя	35
сацыялістычным	35
ўладаньня	35
галяндзкія	35
бэрнабэў	35
эўралізе	35
эканамістам	35
чашнікаў	35
нуры	35
неафіцыйнай	35
адкрываць	35
вялізным	35
кучынскі	35
аплаце	35
ўпаўнаважанага	35
сафійскім	35
выбрала	35
унука	35
баяна	35
альмін	35
предметам	35
рыма-каталіцкага	35
т’еры	35
сальваторэ	35
пагрозе	35
пацяпленьня	35
расавых	35
фрэйзэр	35
пазбавіліся	35
камінтэрну	35
партрэтамі	35
абмежаваньнямі	35
спэцпрызначэньня	35
вялейку	35
раённую	35
безалькагольных	35
вандроўнікаў	35
сокала	35
дасьпехі	35
здрадзіў	35
ўніфікацыі	35
апэрацыйны	35
лётчыкам	35
праграміста	35
пэндзля	35
вэртыкальную	35
абмывае	35
рыдэль	35
чабор	35
полюса	35
эміліё	35
фарматах	35
глюкозы	35
ўмешвацца	35
рэбэка	35
крымскімі	35
ротай	35
луцкім	35
адабраных	35
дабрыні	35
бярэзьнікі	35
вугор	35
асьвея	35
рудакова	35
чарняўка	35
плаўна	35
станіславова	35
асінторф	35
куляшы	35
расчараваны	35
выказвала	35
легіёна	35
вакольных	35
рэвізійная	35
журналістыцы	35
праўдзівае	35
масівамі	35
германии	35
плячах	35
спажыўцам	35
восіпавіч	35
эфэктыўны	35
каліфорнію	35
цыгарэты	35
абрэвіятуры	35
паэмай	35
навучэнцамі	35
палімэры	35
ростанях	35
использование	35
природных	35
допінг	35
вераб’і	35
прымітыўныя	35
бэнд	35
пахавальня	35
сан-рэма	35
гнёздаў	35
найменьнем	35
велізарных	35
канструктары	35
імпрэза	35
старажытнарымскія	35
бальшавіцкая	35
фразынонэ	35
электратэхнічны	35
прысуды	35
аргумэнт	35
прататыпаў	35
нагадаў	35
коска	35
белтрансгаз	35
выгляды	35
высунуты	35
галя	35
бюлетэні	35
начэй	35
ньні	35
літаральным	35
маршалку	35
сьпікера	35
дыскваліфікацыю	35
лягічныя	35
сутарэньнях	35
архитектуры	35
гусеў	35
гарызантальная	35
абшарнікаў	35
будовай	35
пасе	35
паўгодзьдзе	35
пераводаў	35
батарэяў	35
ўсесаюзным	35
кладкі	35
кавярняў	35
імпэратарскую	35
эно	35
канстантынопаля	35
крывавыя	35
смоленская	35
чарнагорскай	35
ўрывак	35
абортаў	35
бэлу-арызонці	35
дудара	35
перамясьцілася	35
андрамэды	35
герогліфаў	35
карпа	35
падрыхтавацца	35
саньнікава	35
растраляны	35
кансорцыюм	35
мэдыцынскім	35
выявіўшы	35
бюлетэняў	35
унікальным	35
ўпалі	35
затапленьня	35
найпрыгажэйшых	35
першасным	35
пытаецца	35
стральбу	35
гумарыстычныя	35
знаёмым	35
абмяжоўваць	35
оз	35
адправіла	35
канстанца	35
рукавоў	35
курфюрстаў	35
зьвяном	35
павязанае	35
апэляцыі	35
антвэрпэну	35
андэрсана	35
выдаленьні	35
пажыцьцёвую	35
замяняюць	35
тэль-авіве	35
выдуманым	35
сьцяпанам	35
пладовых	35
выпадковым	35
гро	35
мікеле	35
чытанка	35
паўлы	35
устаноўчага	35
кратэры	35
мэнглі	35
каронавіруса	35
гарызанталі	35
абалонцы	35
аналаў	35
климович	35
гэнрыка	35
дарожкі	35
сяброўская	35
сутычках	35
генерала	35
групоўкай	35
цэціне	35
вэртыкальнага	35
’перамога’	35
авіябазе	35
алага	35
навучалі	35
спадарожнікавыя	35
таварнымі	35
аграномам	35
стрыжняў	35
ўзнаўленьне	35
звадкаваны	35
супор	35
награваньні	35
палююць	35
харчуецца	35
смартфонаў	35
аўкштайты	35
мілю	35
нагавіцы	35
навасельле	35
православие	35
заве	35
уваходным	35
баварскай	35
шынок	35
паморскага	35
дво	35
каменкі	35
забіраюць	35
адказвалі	35
канструкцыяй	35
навамыскі	35
адчувальнасьці	35
мужч	35
гараж	35
шпіль	35
шарашоўскага	35
мэджлісу	35
вэнтура	35
дасьледчага	35
дарожная	35
пабудаванае	35
зямельным	35
волька	35
ніцкі	35
люстра	35
мэталюргічнай	35
прыналежнай	35
вячэрняй	35
варнянскага	35
доціскім	35
зофія	35
сустрэтая	35
критика	35
передм	35
рожава	35
відовішча	35
наўцы	35
заго	35
жалудоцкі	35
супаў	35
новаўвядзеньні	35
буда-кашалёўская	35
стойкі	35
дотыку	35
сэт	35
пярэжырскі	35
пагражаюць	35
таймыр	35
паядынак	35
сьлізьніцы	35
плаваць	35
чэмпіяната	35
выйгрышы	35
паркера	35
гледачамі	35
кід	35
кіруючага	35
фарнэзэ	35
талісман	35
курорту	35
акцябар	35
октябрь	35
масальскага	35
дзяні	35
янаўшчына	35
сейны	35
тыльзіцкай	35
італ	35
європи	35
листопада	35
югаслаўскіх	35
аднаполых	35
пракоф’ева	35
куранятаў	35
мар’я	35
сямігодку	35
ленінградзкую	35
раб	35
гарызантальным	35
ўзгараньня	35
ніндзя	35
бутане	35
холмеч	35
будыйская	35
радкевіч	35
люкі	35
датаваных	35
війна	35
курдыстану	35
сцэнарыста	35
эні	35
студентов	35
ліхтар	35
прадастаўленьня	35
паралімпійскіх	35
васьміразовы	35
адтулінамі	35
храналягічным	35
армян	35
алімпіку	35
бэкгэм	35
гола	35
кляра	35
пула	35
заместителем	35
занзыбар	35
повелению	35
зака	35
звестак	35
чатырохкутнік	35
зэльвы	35
затрыманая	35
плытоў	35
абстралялі	35
тотэнгэму	35
крыптанімам	35
мітычныя	35
кабыльнікі	35
вільярэалу	35
сампдорыі	35
малекула	35
валімонтавіч	35
чфр	35
прапускалі	35
жир	35
нічыйным	35
адміністратыўная	35
пярэспы	35
районів	35
хлеў	35
герцаґавіна	35
грузі	35
самалётамі	35
пляшках	35
н-	35
штоквартал	35
біятлён	35
айнтрахту	35
кера	35
ювэнтуса	35
шуба	35
эйгердаўскага	35
магнітагорск	35
літвенскім	35
лінаўскага	35
ідэнтыфікацыяй	35
дзеючым	35
трагічных	35
госкі	35
спісок	35
лашанскага	35
блускага	35
старасе	35
эрзя	35
рукакрылыя	35
праўдзінскага	35
еўле	35
алексічы	35
спрэчцы	35
витебском	35
неманом	35
цотны	35
ўскага	35
івейшчына	35
двухдзённае	35
цьвердзі	35
валасяны	35
бв	35
пэдынгтан	35
крыжова-купальная	35
валейбольных	35
бохум	35
прыцэлам	35
басьнійскіх	35
мутала	35
супэрлігу	35
варонежу	35
гагі	35
сталкеры	35
куляю	35
статистические	35
пополнили	35
альсвэнскан	35
адміністративна	35
сяміходы	35
долбилов	35
бояръ	35
лянс	35
бабінца	35
прыстойнасьці	35
бартавыя	35
скараднянскай	35
бэрнадот	35
бэйтман	35
комі-зыр	35
канґрэс	35
штандартэнфюрэр	35
браса	35
саўрона	35
марга	35
злучнікі	35
лаянз	35
мар’інкі	35
дзьвіна-задзьвіньне	35
ґранаты	35
забаронае	35
бояринъ	35
апанович	35
порнастужка	35
нататках	34
францішканская	34
даравалі	34
паштоўках	34
філатава	34
земляных	34
тралейбусных	34
прадукцыяй	34
юнісэф	34
раеўскі	34
нацыянальна-дэмакратычнага	34
найноўшага	34
ўплывовыя	34
узаемадзеяньні	34
галінай	34
зацьверджанага	34
правінцыйных	34
адводзілася	34
анамастыкі	34
ўтварала	34
ўжылі	34
запрошаных	34
рамесных	34
цягнікамі	34
адбітыя	34
рэзэрвістаў	34
ўзводзіліся	34
падсудак	34
лето	34
лагчыны	34
галкі	34
вітольда	34
гранат	34
бэльгійскае	34
разбуранага	34
стараверская	34
паставіўшы	34
ядрамі	34
навабеліцкі	34
цімох	34
еўдакім	34
адбывалі	34
дрэваапрацоўчы	34
бабруйскія	34
марчанка	34
городе	34
кобрын	34
накіроўваўся	34
кобрыня	34
бутрымовіч	34
качан	34
нэрваў	34
сойміках	34
дети	34
пархоменка	34
народные	34
разбурэньняў	34
адозва	34
урбановіч	34
плоцку	34
палілі	34
лютэранаў	34
няўдалая	34
століне	34
быка	34
даводзіў	34
беды	34
боксу	34
рукапіснай	34
інтэрнаты	34
эрцгерцага	34
пса	34
ініцыявала	34
эканомік	34
народжаныя	34
перабрацца	34
камэдыях	34
заганы	34
акопах	34
спыняць	34
асуджэньнем	34
дасьледаваньню	34
максімовіч	34
кургана	34
сыгналам	34
адваяваў	34
мілінкевіч	34
заоляг	34
рыгораўна	34
баліць	34
цэнзурай	34
лецішча	34
аль-каіды	34
паволжы	34
мансэрат	34
тымор	34
антэ	34
выйдзем	34
фармулёўкі	34
тэарэтычную	34
даказвае	34
супольнасьцях	34
паўстанцкім	34
рэвалюцыянэра	34
енс	34
нумізмат	34
канута	34
параўноўваць	34
аматарам	34
мубарак	34
нармандзкай	34
падвергнулася	34
працягвацца	34
дажджом	34
закранулі	34
аладава	34
чатырохгадовым	34
выбр	34
радкамі	34
уратаваць	34
портрет	34
улица	34
параўнаў	34
лычкоўскіх	34
вянкі	34
пазалотай	34
публікай	34
копцкай	34
сьмеху	34
шчакаціхін	34
сьвіраны	34
вопытам	34
воўка	34
нагой	34
прадмову	34
накладзены	34
барэльеф	34
грэка-каталіцкага	34
юбілейным	34
ёва	34
вытворнымі	34
выявах	34
сэмэстар	34
русін	34
прыступіла	34
вэроны	34
царствы	34
выходных	34
вывез	34
яскравыя	34
розуме	34
запаветаў	34
адыгрываюць	34
чытанняў	34
андрэевіча	34
манэўр	34
шрэдынгер	34
ноўгарад-северскі	34
вішнявецкія	34
заключанае	34
правадзейны	34
панскім	34
канавалаў	34
сяргееўна	34
ядвігай	34
мю	34
тонкага	34
жыдоўскім	34
фатонаў	34
узмацненьнем	34
задуманы	34
член-карэспандэнт	34
храналягічна	34
лявонаў	34
арганіст	34
трубяцкой	34
дыкенз	34
слухача	34
рыгалета	34
прызнаючы	34
паслуга	34
рок-каранацыя	34
абалонь	34
коўкель	34
алелькавічы	34
культурна-асьветніцкая	34
дрэздэну	34
найменшую	34
геральдика	34
лютня	34
прымыкаюць	34
агучаны	34
гадзіньнікавая	34
шыйкі	34
кардыналы	34
крэйда	34
сэрвачы	34
сувалкі	34
прамысловымі	34
сланцаў	34
таржок	34
кабэльных	34
васількавіч	34
суднах	34
суднам	34
прадстаўніцы	34
мазураў	34
пустым	34
навучальнымі	34
лідскага	34
ўршуля	34
сктв	34
рымшы	34
наканечнікі	34
галовамі	34
афіцэрская	34
тэзіс	34
бытавой	34
укладальнікаў	34
духавы	34
дваранскі	34
галіцыю	34
сялецкі	34
сьвята-пакроўская	34
брама-званіца	34
крапіўніцкага	34
бясконцасьці	34
дзеясловах	34
роднаю	34
тарашкевіца	34
растове-на-доне	34
восіпа	34
каталіком	34
аніякага	34
праведнікі	34
багданам	34
вальпараіса	34
прыдумалі	34
камэндатуры	34
зьдзяйсьняліся	34
шаленства	34
абнесены	34
адвёў	34
будаўнічую	34
незаконнымі	34
могілкамі	34
балетмайстар	34
успрыняцьце	34
абама	34
палавых	34
друз	34
зьмяшчальнасьць	34
урублеўскі	34
плянуюць	34
найгоршых	34
эмблеме	34
ліцэнзаваньне	34
прафзьвязаў	34
сакрэтных	34
касьмічнае	34
ляўкова	34
японскімі	34
рамейка	34
яве	34
д’артаньян	34
набліжаныя	34
борнмут	34
тайная	34
чароўныя	34
гусак	34
разьлічвалі	34
аксамітнай	34
улюбёных	34
працягнутая	34
алегорыі	34
ўручэньне	34
нікалас	34
выбухны	34
кіргіская	34
маньерызму	34
фэрг’юсан	34
рок-	34
рцы	34
абазначала	34
псальмы	34
голымі	34
ўсходнімі	34
здараліся	34
цэглай	34
велікапольскага	34
брыдж	34
рэпэр	34
джойса	34
вобразамі	34
мэтафары	34
вінцэнты	34
ціха	34
маркграф	34
звонак	34
адметнымі	34
ухвалу	34
плятформах	34
лёвэн	34
энэргетыцы	34
мацнейшы	34
згадваньні	34
аранжыроўкі	34
тыха	34
адносныя	34
часьціна	34
колькасны	34
кніжныя	34
тытанік	34
атляса	34
практычную	34
ёду	34
фосфару	34
рэакцыях	34
дакіі	34
эшлі	34
акрэсьліваецца	34
замежнікамі	34
радам	34
засяродзілася	34
канчатковых	34
княствах	34
зьнікненьні	34
трыманьне	34
выцесьнены	34
давальнага	34
пашыраюцца	34
тахтамыша	34
выключным	34
нязьменнымі	34
выкладзеная	34
дзіма	34
шынкі	34
эпідэміяў	34
званымі	34
журавіны	34
дзейнік	34
шыракалістых	34
зыходнай	34
ае	34
папулярную	34
замяняць	34
хлусьні	34
плаўнікі	34
пюрэ	34
салодкая	34
гарні	34
адрозьненьнямі	34
злучалася	34
трохгадовага	34
разгорнутая	34
абсалютнае	34
слухалі	34
наведвальных	34
духоўцы	34
есьць	34
белавус	34
любарта	34
вісник	34
умацаваў	34
ваенна-марскога	34
валійскія	34
туле	34
стэпавых	34
тэафіл	34
дэсэрт	34
разрэзе	34
знойдзе	34
люксэмбурскага	34
утрымаць	34
пастаўляў	34
мэханізаваная	34
цукровай	34
стромкімі	34
сакалінае	34
бэльгійская	34
герархаў	34
пэрыядычнага	34
гальшанах	34
дзісьне	34
кефір	34
некамэрцыйная	34
камітэтамі	34
скараціў	34
вбр	34
міхайлаўскай	34
нашчадка	34
замененае	34
літоўска-беларускіх	34
мяцяжу	34
высшая	34
перайманьне	34
лускі	34
даўкантас	34
агрэсія	34
карте	34
бактэрыямі	34
імэф	34
вучоным	34
барталамей	34
избранное	34
западнорусских	34
родина	34
рацыю	34
адпраўлялі	34
грашовымі	34
ж-	34
нары	34
несапраўдным	34
пасольствам	34
абвастрэньне	34
актывізавалася	34
фармацыя	34
згадзіліся	34
катэхізму	34
плённа	34
ўзбагачэньня	34
інаўгурацыі	34
псыхалягічнага	34
дэфармацыі	34
завалодаць	34
апладненьня	34
пасадцы	34
руна	34
адчыненым	34
монтэ	34
пераездам	34
симферополь	34
гетманшчыны	34
нарве	34
драматургам	34
гусіты	34
кактэйль	34
віртуальную	34
датычнасьці	34
-гадзінны	34
пляжаў	34
пляст	34
трапічнага	34
прыроднае	34
пэрсію	34
паго	34
родамі	34
страчанай	34
сымболіцы	34
люцын	34
кансэрваў	34
праваабарончых	34
галерэямі	34
аб’яднаўшы	34
клаўдзія	34
райніса	34
мартинович	34
макара	34
параходзтва	34
застрэліў	34
марке	34
саюзнымі	34
тасканы	34
адрыятычным	34
карлікавыя	34
прысутны	34
міністрамі	34
спрыяльным	34
дэльту	34
стэпаў	34
паходжанне	34
рэйн	34
няўдалую	34
ісая	34
сямю	34
зямельнае	34
нізкае	34
ўзьлёту	34
прымушаюць	34
вільяндзі	34
гальскай	34
лістоўніцы	34
надзейных	34
антуана	34
нэкропаль	34
каталянскай	34
эмісіі	34
кундэра	34
гуантанама	34
міжурадавае	34
дардзкіх	34
вобласьцямі	34
розьняцца	34
шэдэўры	34
найвыдатнейшых	34
русаў	34
ваўкавыская	34
крэве	34
рим	34
нутранай	34
гатэля	34
садамі	34
ўпрыгожаны	34
абмежавалі	34
маха	34
местачкоўцаў	34
мская	34
кіляват-гадзіна	34
каракас	34
назве	34
апэляцыйным	34
спэцыялізавалася	34
цаніў	34
корт	34
пышна	34
дарунак	34
-павярховых	34
нэльсана	34
ульскі	34
эскізаў	34
талачына	34
законныя	34
пракурору	34
фондавыя	34
упаўнаважаным	34
вайсковаму	34
сьветаў	34
карлава	34
зруйнаваў	34
шульгін	34
шапіра	34
еўлашы	34
крупка	34
бабра	34
тайнай	34
сярэднявечным	34
бэйкер	34
танкавае	34
сужэнцы	34
наказ	34
мараў	34
зваротна	34
томасу	34
набываў	34
заблудаўскай	34
томпсана	34
дваран	34
абкружаны	34
краснасельскага	34
сканала	34
иркутск	34
талентам	34
народное	34
публікавала	34
бабініцкі	34
археаграфічны	34
гарбук	34
страшны	34
зьвязаўся	34
егу	34
антоній	34
пафас	34
эпілёг	34
вынікала	34
перакладнікі	34
струнны	34
каардынацыю	34
падзела	34
міхалка	34
урачыстасьці	34
згуртаваньняў	34
уфімскі	34
набыўшы	34
малевіча	34
легіі	34
наваградскага	34
ўрачыстасьць	34
парана	34
кас	34
арызоны	34
літаратурна-крытычных	34
зараджаных	34
здраднікаў	34
прыгодніцкі	34
зацікавілася	34
гігантаў	34
пляна	34
сыстэмнага	34
майман	34
яку	34
пярсьцёнкі	34
міхайлы	34
рэжысэркі	34
патомства	34
трылёгію	34
іртыш	34
калектыўнае	34
імклівы	34
маўрыцыё	34
законнага	34
учеб	34
інвэстыцыйнай	34
ануляваны	34
прывезеныя	34
модрыч	34
бюджэтам	34
лас-вэгасе	34
мілінкевіча	34
воранава	34
існуючыя	34
размоўнай	34
паўабароны	34
яя	34
фнл	34
капітаны	34
перспектывы	34
саю	34
паўвыспа	34
падпісчыкаў	34
здымачнай	34
дняпроўскі	34
цясьніны	34
валейбольныя	34
дэканаты	34
скарысталася	34
бытавыя	34
уводу	34
ўчасткаў	34
хімічна	34
перамяшчаецца	34
пэрт	34
кіроўнага	34
нэш	34
каштаваць	34
англіканскія	34
тварагу	34
нараджэньнем	34
адрэзку	34
пакараў	34
салёнай	34
найгоршым	34
тракіі	34
люта	34
туга	34
краёўцы	34
вынясеньня	34
выборы	34
няме	34
бтр	34
прамоваў	34
гановэру	34
алімпіяду	34
будапэшцкі	34
зьвернуты	34
гішпанцам	34
дзятлавіцкага	34
дзераўнянскі	34
тэзаў	34
заручыцца	34
хасан	34
лунінцы	34
перасячэньне	34
парніковых	34
урадавыя	34
яркай	34
васямнаццаць	34
фартуны	34
апэляцыйнай	34
вэн	34
унівэрсытэцкай	34
карку	34
скалары	34
суцэльны	34
падборка	34
маўрытаніі	34
паўнапраўным	34
гарлівасьці	34
любліна	34
заключыўшы	34
войшнар	34
плятформай	34
аналягавых	34
гуус	34
нунцыем	34
прызыў	34
штэйнер	34
штатных	34
дзясятцы	34
валовічам	34
вадаспады	34
пазьбяганьня	34
лаўра	34
литовско-русского	34
варунках	34
генэратараў	34
філялёгію	34
зацьвярджаўся	34
акрэсьлены	34
солтана	34
баронячы	34
працэсія	34
люкс	34
валенсію	34
х-	34
федэрацыі	34
правабярэжнай	34
нартумбрыі	34
размалёўка	34
дысплэй	34
прасоўваць	34
ўістлер	34
завялі	34
акця	34
антопальскага	34
яраслаўская	34
казлоўшчынскім	34
нты	34
камарынскі	34
крэйсэры	34
дарагічыне	34
прытулкам	34
перасадка	34
схаваў	34
управу	34
камянец-літоўскай	34
суцэльнай	34
уборкі	34
маёмасьцяў	34
бронетэхнікі	34
чарнаморскім	34
абяцала	34
манітоба	34
успадкаваў	34
ўратаваць	34
купал-цыбуліна	34
кананічнае	34
купалоў	34
крайск	34
грэч	34
усталявана	34
школьнае	34
аўгустоўскага	34
хвойнікамі	34
держалъ	34
ленінградзкае	34
рэкордным	34
васілевіцкі	34
аўтабіяграфічны	34
дуплах	34
пальца	34
суставаў	34
тацьцяны	34
цялесныя	34
культуре	34
рукавамі	34
суднамі	34
пацярпелыя	34
памір	34
аран	34
татрах	34
сьцяўа	34
нью-ёрка	34
міжсэзоньні	34
усхо	34
угода	34
драхма	34
перарывістая	34
пэрспэктыўнага	34
хварэла	34
варыянтамі	34
скупшчына	34
акружына	34
адвольнай	34
маніпуляцыі	34
кур	34
вязок	34
іванкі	34
наданні	34
засьцерагае	34
марынэцьці	34
лэйблу	34
абсьледаваньня	34
упор	34
якаснай	34
цыліндру	34
целах	34
ляза	34
прывад	34
йдзе	34
дава	34
янкоўскага	34
баранавіцкае	34
фрунзэнскага	34
канвеліскі	34
місявіцкі	34
суботніцкі	34
трацьцякоўскі	34
любчанскага	34
кіраўскага	34
цыліндраў	34
перавозу	34
всими	34
григорьевич	34
кульсум	34
паравой	34
радыюсу	34
маб	34
машынабудаўнічым	34
праезнай	34
залічылі	34
эстэтычнай	34
памятников	34
кубійович	34
кармавой	34
равічы	34
закрысьція	34
падтрыманая	34
бохніг	34
закласьці	34
шаркоўшчыне	34
калечыцы	34
мантажу	34
малюшыцкі	34
лившиц	34
дроваў	34
бэнфіку	34
мёнхэнглядбаскай	34
дывізіёнам	34
белнафтахім	34
буйнічы	34
ўінгера	34
аграхіміі	34
кгс	34
машыннае	34
патока	34
араны	34
алімпіядаў	34
выслана	34
харьков	34
кравченко	34
эскабара	34
тыранія	34
кроп	34
упаўнаважанае	34
правапарушэньне	34
чжан	34
юрацішкаўскім	34
ліптаўскі	34
здавалі	34
будзёнага	34
сынадальнага	34
бабаўнянскі	34
наукма	34
бобрскі	34
гародзькаўскі	34
дубраўскага	34
перешёл	34
цягавых	34
лодвік	34
прыбалтыйска-фінскіх	34
зарэцкага	34
лао-цзы	34
арендовала	34
войнат	34
досліджень	34
фоніка	34
арый	34
апмг	34
имений	34
керы	34
пагародзенскага	34
складох	34
фільмы-трылеры	34
касьцянка	34
пральніцкага	34
тыпізацыі	34
кінаакторкі	34
банскай	34
колё-колё	34
козел-паклеўскага	34
переклад	34
арагорн	34
юр’ё	34
цбм	34
сеймике	34
зьняволілі	33
каралявецкага	33
каардынацыйны	33
радыёперадачы	33
замкавую	33
дзённая	33
мэтрапалітэнам	33
ўплывала	33
тэрытарыяльным	33
пішчалаўскі	33
марыявітак	33
праваабарончай	33
шчэрба	33
якасных	33
ахопу	33
дагістарычны	33
ўзаемадзейнічаюць	33
ўважаюць	33
вусная	33
ахоп	33
губэрнскія	33
катэдральнай	33
неадкладнай	33
трансфармавалася	33
ацалелых	33
рамесныя	33
значыўся	33
скандавалі	33
сакрэтным	33
крывашэін	33
камсамольскага	33
городах	33
трэнаваньні	33
касманаўтыкі	33
брэсцкі	33
ўдзельніца	33
атачаў	33
саборную	33
гарнастай	33
камбінаты	33
мандэльштам	33
вытрымка	33
пескавацік	33
рэльефе	33
ўспрымалася	33
бліжняга	33
стаа	33
астранамічная	33
адчыняць	33
камінтэрн	33
абласнымі	33
ціханоўскі	33
равы	33
багратыён	33
шміта	33
гітлераўскай	33
яраполк	33
рэстарацыя	33
ксяндзы	33
кінаапэратар	33
паэт-песеньнік	33
в-	33
ўроцлаўскага	33
двухпавярховыя	33
мясной	33
гальшанская	33
дворнага	33
захопленага	33
неверагодна	33
варвары	33
змагароў	33
парыцкага	33
праславянскага	33
качэрычы	33
учынілі	33
галіцка-валынскім	33
-клясную	33
транспарта	33
лібэральна-дэмакратычнай	33
фрыдрыху	33
брукнэр	33
уласьцівае	33
саўнаркаму	33
інтэрнацыянал	33
саламонавы	33
ўзброеным	33
ляцкі	33
махамад	33
косавым	33
лібэрыя	33
абыходзіцца	33
войн	33
агнявой	33
атэнскі	33
электрадэпо	33
мулявін	33
каледонія	33
ультыматум	33
альцгаймэра	33
вялізных	33
сябрам-карэспандэнтам	33
настаўніцкім	33
раздражненьне	33
электрона	33
сувязным	33
каралеўству	33
ўлучыла	33
татарыновіч	33
правінцыйнага	33
прытомнасьці	33
шыльду	33
лойкі	33
орўэл	33
людвікай	33
арагона	33
побаль	33
мадэльер	33
літаграфіі	33
грэчка	33
стрыжні	33
энэргаблёка	33
радыяактыўны	33
галея	33
ластоўскім	33
любоўных	33
прозвішча	33
передаче	33
лірычнага	33
сьвечка	33
пакоях	33
кампутарную	33
нацыянальна-вызвольнае	33
салавейчык	33
працаўладкаваўся	33
эпіграмы	33
устаноўлена	33
блаславёныя	33
варона	33
шакун	33
эфэктыўных	33
кусты	33
трупе	33
мадэрная	33
карповіча	33
паасобных	33
ўрачыстай	33
мечаносцаў	33
сачэньне	33
крывавых	33
скары	33
вырвіча	33
праскае	33
яган	33
вызваляць	33
дыплёму	33
структурнай	33
асьветніцкая	33
вси	33
выдання	33
адчувалі	33
малдаване	33
іранская	33
грузіны	33
мардва	33
ацтэкі	33
прадстаўляюцца	33
прадстаўляецца	33
хол	33
ўладальніца	33
мяшок	33
палубінскі	33
гаўрылы	33
выспе	33
давальны	33
сыстэмных	33
абвінаваціўшы	33
напроста	33
стандартамі	33
морамі	33
прыналежаць	33
памідоры	33
кухняў	33
сум	33
прадстаўніцай	33
пецюкевіч	33
вільям	33
адчувальныя	33
дарыё	33
аніматар	33
ганорыюс	33
місько	33
жывапісцаў	33
прамовамі	33
бару	33
сарокін	33
каноплі	33
прапанаванага	33
памёрла	33
ўсеагульную	33
дыкінсан	33
поп-рок	33
фальклёрнага	33
абаронцамі	33
цярпела	33
крухмальны	33
пякарні	33
фэадальных	33
семянчук	33
поселения	33
доў	33
платонаў	33
руйнаваньні	33
граньня	33
вялізнага	33
алейнік	33
ліндгрэн	33
рэпатрыяцыі	33
брэшыя	33
арэнднае	33
бярозаўцы	33
глінаў	33
мяса-малочная	33
браслаўская	33
вострымі	33
толку	33
фармацэўтычнай	33
паль	33
зяця	33
настольны	33
куроўскі	33
ануфры	33
тарантына	33
слаў	33
пэрыфэрыі	33
веснавое	33
тарасевіча	33
лязане	33
гігін	33
сьвяточная	33
апублікаванага	33
лісіцы	33
штотыднёвая	33
апанаса	33
нікіфар	33
амін	33
ўпрыгожваюць	33
кадар	33
карнікаў	33
ґенэрал-лейтэнант	33
дылан	33
балтыкі	33
мяса-малочнай	33
любымі	33
хуткасьцях	33
сьветлавога	33
валакно	33
ідэальна	33
тэлескопа	33
сораса	33
вішневе	33
схільнасьці	33
адчуваньня	33
абнародавалі	33
юрыдычнае	33
эквівалентам	33
праўдзівы	33
мовознавство	33
готліб	33
вярхі	33
словесности	33
лютэранскага	33
сьпіраль	33
чылійскія	33
белгазета	33
зубных	33
ахоўную	33
збудаваньнямі	33
грузавіка	33
выставачны	33
кадаваньне	33
матэматыкай	33
асьвеце	33
дзяржавамі-ўдзельніцамі	33
эквадоры	33
стартавала	33
патрабаваўся	33
яскравай	33
рэканструкцыяў	33
нямецка-савецкая	33
нагорным	33
згуляе	33
заявіўся	33
возьме	33
самый	33
арарат	33
жураўля	33
сэзонамі	33
прагуляў	33
хаціна	33
такійскі	33
рэформ	33
аліева	33
мясьніковіч	33
маркелаў	33
кусто	33
славенію	33
калектыве	33
дзьмітрыеў	33
кансэрваторыя	33
такаюкі	33
дынаміку	33
нэптуну	33
мэхмэд	33
брэт	33
пішучы	33
тная	33
духоўнымі	33
турам	33
таджыцкая	33
туркмэнская	33
упала	33
рэалізавана	33
захарэвіч	33
набліжаюцца	33
любецкай	33
паншчыны	33
слушнае	33
шчодра	33
структурная	33
анэксія	33
праліве	33
прост	33
вінцэсь	33
сэсію	33
квантавае	33
аўтазаводзкай	33
раі	33
баптысты	33
самагубстваў	33
уплываць	33
бальшыні	33
греции	33
греческая	33
рамірэс	33
браўзэр	33
цудатворца	33
варылі	33
выяжджае	33
уладара	33
шалёны	33
шпак	33
леўскі	33
людвікам	33
загадны	33
конце	33
фанэма	33
багаі	33
патэнцыялам	33
гукавая	33
каўкаскай	33
прыметнікам	33
фізыкам	33
каталёнскай	33
крон	33
росьпісам	33
соды	33
руа	33
карпаратыўнай	33
руск	33
крайняга	33
улащик	33
граматах	33
адметна	33
брацкіх	33
спарадычна	33
засьведчаныя	33
адлюстроўваючы	33
-ти	33
дыялектны	33
усюды	33
дзелавых	33
інтэнсіўнага	33
разыходзіліся	33
вымаўленьнем	33
канфігурацыя	33
пародах	33
беларусах	33
зьбіральніцтва	33
сьмятаны	33
вагаўся	33
гараджан	33
мітчэл	33
цукровым	33
рухомая	33
пірэнэйскім	33
псыхічна	33
зазнае	33
забясьпечаныя	33
прадукцыйнасьцю	33
відавочная	33
пор	33
франкамоўных	33
філіпу	33
канкураваць	33
основные	33
заліваюць	33
кандытарскай	33
варожымі	33
захопліваюць	33
біблейскае	33
радавыя	33
исторических	33
таматаў	33
прастакутнік	33
генрыху	33
аслабленьня	33
купцам	33
катлы	33
каэфіцыентам	33
частковай	33
пер’е	33
паазерскага	33
сокам	33
работамі	33
ям	33
ласункі	33
разынкі	33
гак	33
пэтра	33
аддавала	33
арганізуюцца	33
прыкметная	33
ўзмацніў	33
паляпшэньню	33
крычаць	33
ператвараюцца	33
вячасла	33
корані	33
правінцыйны	33
падпарадкаваўся	33
пашыралі	33
мусонны	33
папярэднікі	33
дабіліся	33
вільнюс	33
багатырова	33
любімая	33
сынодам	33
норавы	33
дурні	33
густу	33
дастатковых	33
крычалі	33
лісы	33
хрысьціянізацыя	33
ваяводамі	33
ахапілі	33
захопленае	33
найхутчэй	33
усяляк	33
архаічных	33
сувалкаўскай	33
кайзэр	33
віслай	33
ёсіфу	33
цеплавыя	33
паланга	33
візыце	33
распрацоўвалася	33
бярвеньняў	33
гарадзішчаў	33
рамяством	33
вартбэрга	33
нумізматыкі	33
галіцкай	33
памрэ	33
рудзкі	33
рэйгана	33
двухразовая	33
самарканд	33
скія	33
живая	33
саксаў	33
ператварыла	33
ізаляцыя	33
быту	33
герцыке	33
данілам	33
забойцам	33
прыладзе	33
прапускной	33
абавязаная	33
інавацыйнага	33
кіравання	33
разьлічваючы	33
праехаць	33
спартыўная	33
пакупніка	33
п’юць	33
атмасфэрныя	33
княскіх	33
ураджэнцаў	33
прэзыдыюме	33
агучваў	33
шэрай	33
студэнтка	33
рачкі	33
сылескім	33
пераходах	33
ученые	33
уяўленьні	33
атрыбутам	33
еўропе	33
современность	33
мюнхэнскім	33
перасёк	33
п’емонт	33
вэнэта	33
згадваўся	33
прыкметную	33
рэфэрэндумам	33
мінэральнымі	33
алесі	33
забаранялі	33
азіяцкая	33
хакеіста	33
арґанізацыю	33
вона	33
павло	33
уваходжаньні	33
татарский	33
вялікаю	33
думках	33
рэйчэл	33
зыбарт	33
пагрозаю	33
гусіцкіх	33
мешкаў	33
лютаўская	33
апраўдаў	33
пераходнай	33
аднаўленьню	33
нагана	33
апублікаваньня	33
лёсаваньні	33
сьнегапады	33
марсэлі	33
гаўр	33
драпежнікі	33
вадаплаўных	33
ўдарных	33
эйфэлевай	33
лягічнага	33
партугаліяй	33
ртуці	33
запруднік	33
нэс	33
ўлад	33
эўразійскай	33
сынтэтычныя	33
артэрыі	33
забудаваная	33
сабо	33
вітарт	33
тэўтонскія	33
архімандрытам	33
перасьледзе	33
маркграфства	33
шпрэе	33
бэрлінская	33
шарлётэнбург	33
пераломным	33
вальекана	33
сія	33
гарадам	33
канзас	33
бегла	33
адвезьлі	33
хітры	33
крайскі	33
засушлівы	33
гарацыё	33
засушлівыя	33
назоваў	33
баю	33
ручнікі	33
пацеркі	33
гроша	33
пліскі	33
мэмарыяльным	33
маляўнічы	33
зваротнага	33
кінарэжысэра	33
одесса	33
падвергнуты	33
брокер	33
падачай	33
ўласьнікам	33
кліентам	33
крэдыты	33
падаткаабкладаньне	33
спачыну	33
майстэрству	33
сымбалічна	33
отца	33
немачы	33
авалодала	33
трок	33
гонядзь	33
кулён	33
нурсултан	33
зваркі	33
высокапастаўленых	33
цікавай	33
атрыбут	33
ракетная	33
лядоўня	33
оса	33
браню	33
спустошаны	33
самаабвешчанай	33
пэрсанальнага	33
шумана	33
жаклін	33
бізнэсоўца	33
ост-індзкай	33
трубку	33
прадавец	33
нягневічы	33
луіса	33
круза	33
бургундыя	33
люгана	33
стрыжань	33
горшым	33
марыконэ	33
фёдаравіча	33
разьведкі	33
прыбыць	33
згасла	33
уключаць	33
рыльскі	33
збыце	33
павялічэньня	33
рнае	33
давёўшы	33
заблякавалі	33
выпусьціўшы	33
смуглевіч	33
адабраны	33
бярозу	33
бяроза-	33
сынглам	33
дабрынскі	33
баева	33
зарубскі	33
урок	33
вята	33
прылічаны	33
ўшачы	33
стылізаваныя	33
эміліі	33
агучваньне	33
захапленьні	33
вагоне	33
парлямэнтарыі	33
баня-лука	33
палавыя	33
аповеду	33
сувязям	33
бва	33
захара	33
напасьці	33
цывілізацый	33
прапускная	33
пракурораў	33
прадстаўніцтвам	33
менее	33
аточаных	33
раўнавага	33
суадносінаў	33
двухгадовую	33
энтузіястаў	33
парушыць	33
пракляты	33
кантынэнтальнае	33
асвоіў	33
каронных	33
важыў	33
біці	33
рэвізійную	33
анатацыя	33
ўмеў	33
надаючы	33
карэльскія	33
выражаюцца	33
моцназьвілістае	33
скруткі	33
самусік	33
горамі	33
табольску	33
рухалася	33
маас	33
аддадзеныя	33
унёскам	33
бізнэсовым	33
фантана	33
статуяй	33
здушыў	33
югаслаўскага	33
суадносіцца	33
самагубцы	33
кавалерыйскага	33
юркі	33
серія	33
гаць	33
язэпу	33
глыбоцкая	33
ўхваляе	33
далін	33
пазалочанай	33
мсьціўцы	33
латвійскім	33
прэзэнтацыю	33
песню	33
плеса	33
багданаўка	33
параўнальнай	33
залоза	33
пластом	33
скрутак	33
шчасьлівыя	33
брэндаў	33
ўлучэньня	33
фулгэму	33
адпаведнікаў	33
выніковых	33
сьвядомых	33
частковая	33
замкавага	33
вэтэранам	33
чай	33
прэтэндэнты	33
індывідуальнае	33
ланцугом	33
усясьветнай	33
колавыя	33
прадэманстравала	33
пэнсіяў	33
уваходны	33
дывізіёна	33
леглі	33
курды	33
жазэфа	33
суцэльнага	33
станоўчым	33
плача	33
грэка-каталіцкіх	33
нараджае	33
тэлевізара	33
кораб	33
спальваньня	33
фруктовы	33
заводамі	33
хворай	33
зман	33
пошукавыя	33
затокаў	33
прыязджалі	33
арабію	33
антаніны	33
ініцыятыўных	33
выбаршчыкамі	33
рскія	33
селядзец	33
нае	33
краін-удзельніц	33
меншасьцей	33
самсунг	33
рутэ	33
прагрэсіўная	33
інтэлектуальны	33
пераадолеўшы	33
дарэмна	33
франкфурце	33
клятву	33
перавозцы	33
баптыстаў	33
указаньнем	33
ірыну	33
пакладзена	33
ражэ	33
швабскага	33
падвойнымі	33
вучастку	33
рашызм	33
дзейсны	33
экстрэмісцкімі	33
цікавосткі	33
удзельніцы	33
пэрэса	33
незразумела	33
пабраліся	33
талька	33
ўстойлівай	33
прэфэктам	33
лоева	33
ельнікі	33
тармажэньне	33
прогресс	33
атаясамліваюць	33
найбліжэйшага	33
адрозных	33
мпа	33
чытачамі	33
суб’ектывізм	33
эгіпцяне	33
суднаходнай	33
зруйнаваных	33
гаро	33
левабярэжнай	33
кавалерыйскія	33
дэвіда	33
шарашове	33
крыжаноўскі	33
брокераў	33
накіравацца	33
віленска-радамскай	33
герои	33
перакрыты	33
вядучае	33
проти	33
цюрскі	33
дэкрэце	33
урала	33
северскі	33
кратаў	33
крышталях	33
паніжэньні	33
лукашу	33
нью-брансўік	33
калінкавіцкім	33
пракопа	33
хорашч	33
пруды	33
ручных	33
вызвольным	33
бава	33
камарынскага	33
рэжысэрамі	33
гірш	33
копыскага	33
жанч	33
рагатага	33
палавой	33
чароўнай	33
аднолькавая	33
памешчыку	33
рэалістычных	33
непрызнаныя	33
аўганістана	33
гміну	33
аўганскіх	33
злачынцам	33
дзейсных	33
мэдалю	33
суразмоўцы	33
магілеўскай	33
рэс	33
піньінь	33
шаркаўшчына	33
зіна	33
харлінскаму	33
мухаеды	33
горватаў	33
руська	33
гартфард	33
мігранты	33
перечень	33
ашаі	33
інтэрнаваных	33
яўкі	33
пастаўніком	33
суставы	33
рухомасьць	33
тэхнікума	33
стараства	33
бюджэты	33
таполя	33
маладзік	33
варот	33
пародыя	33
аматар	33
випуск	33
осман	33
ліз	33
пэліканз	33
асам	33
апавяшчэньне	33
аўганскай	33
ток-шоў	33
полка	33
пісараў	33
зубамі	33
расфармаваная	33
вулічнага	33
авэрнь	33
узьбярэжжам	33
ойлера	33
пэрыфэрыя	33
пазіцыі	33
сыма	33
семь	33
вязавец	33
ніжнесылескага	33
пераабсталявалі	33
калуская	33
базэлю	33
неарганічных	33
неарганічнай	33
нэгатыўных	33
прамер	33
люкарнамі	33
цеплавы	33
грузам	33
зачараваны	33
дазволаў	33
тэквандо	33
рэфлексы	33
канструктарскага	33
кезгайлы	33
заставы	33
канюхоўскі	33
дзітвянскі	33
ходараўскі	33
белан	33
казловіцкі	33
дрыбінскі	33
белджы	33
лізінг	33
краснапёрка	33
шчуроўскага	33
павільёны	33
скажэньне	33
дыяспараў	33
сектор	33
свойскіх	33
калгасная	33
вуглевадароды	33
ггу	33
пакрыцьцяў	33
нафтанам	33
зьвязаную	33
трансэпту	33
тэлегледачоў	33
кабэлі	33
курсівам	33
асо	33
ніжненямецкай	33
паўабаронцаў	33
схемах	33
вызваліўся	33
молоде	33
асьвячоны	33
шахматным	33
тернопіль	33
трафім	33
івашку	33
аляксееўна	33
богаяўленскай	33
загадваць	33
вибори	33
сьпісам	33
збруч	33
трокеніцкага	33
сухарава	33
флянгавага	33
карал	33
максам	33
амсьціслаўшчыне	33
паведамленьнях	33
фэеноорду	33
абу-дабі	33
праведнікаў	33
каханавічы	33
жодзінцаў	33
галоўкай	33
пополнил	33
курганскага	33
батафогу	33
мінэйру	33
гілбэрта	33
дадаўся	33
рэжыцкім	33
гоца	33
водгуках	33
кахоўскі	33
чаркесаў	33
барадзянка	33
собрал	33
самахвалавічы	33
ведзьма	33
юнікодзе	33
нана	33
падафіцэраў	33
двухбакова	33
лотва	33
мадэльным	33
пажыцьцёвага	33
чалябінская	33
расенскага	33
гандбольных	33
асырыса	33
рызьніцы	33
раненьня	33
джулі	33
пажарныя	33
кантрактам	33
шалома	33
людамонт	33
-вуйн-	33
-вун-	33
’шчаснасьць	33
задаволенасьць’	33
’прыемны’	33
’задаволены’	33
чувашыі	33
оксана	33
каханага	33
малітоўную	33
букоўскі	33
міхалёва	33
страўнікава-кішачнага	33
задор’еўскага	33
ладзеніцкі	33
вецярэвіцкага	33
канюхоўскага	33
немцев	33
цімкавіцкага	33
бр	33
таўтвід	33
райцаўскі	33
губерняў	33
нараўцы	33
клёны	33
лупалава	33
гасьціла	33
лагвіновіч	33
савоя	33
ислочью	33
цокалі	33
барцы	33
губарэвічы	33
скрайняга	33
кісьляй	33
крайскага	33
правапарушэньня	33
тлустыя	33
чэнь	33
даўга	33
кухта	33
канвеліскага	33
астанаў	33
егор	33
артем	33
городею	33
дапаўненняў	33
команду	33
пракуратураў	33
локо	33
тпс	33
пайшчыкаў	33
дзюдаісткі	33
дзюдаісты	33
никандров	33
лесакарыстаньня	33
дунайскіх	33
шэлефтэо	33
боцьках	33
заразом	33
господарьский	33
ковід-	33
хвильовий	33
звыклай	32
удзельнага	32
неаднакроць	32
сьвідрыгайлам	32
акупацыйная	32
найніжэйшая	32
ахоплівалі	32
капіталістычных	32
транспартную	32
аўтамабільную	32
пэрспэктыўны	32
рымска-каталіцкія	32
коласу	32
бэнэдыктынаў	32
арына	32
аналітык	32
гісто	32
афрыканцаў	32
мяшчанам	32
спрадвечныя	32
тэўтонскіх	32
пацея	32
пашкодзілі	32
розэнбэрг	32
дуброўка	32
абсалютныя	32
эстрадная	32
шматразовая	32
добраахвотнік	32
алейная	32
дубравенка	32
відарысы	32
залягаюць	32
шчыліны	32
жабы	32
хімвалакно	32
сьпірыдон	32
княжыў	32
гарантавалі	32
распрацоўваліся	32
намесьніцы	32
багатыроў	32
плыты	32
около	32
састарэлага	32
географического	32
касьцюкоўка	32
пінскам	32
кінасцэнарыст	32
палута	32
сычоў	32
ракасоўскага	32
няшчасьце	32
рымашэўскі	32
болбас	32
бабруйска	32
вежах	32
гасьцініцаў	32
аформілася	32
набег	32
інструмэнтальныя	32
мэір	32
зацьверджанае	32
чарадзей	32
каранеўскі	32
васька	32
таўцівіла	32
глухія	32
тураўская	32
сьветлагорск	32
веславаньні	32
будаўнічым	32
фарным	32
каваленя	32
ватыканам	32
тэрэзіі	32
уздымам	32
ёсіфам	32
прыватызацыя	32
пралетарскай	32
угодкам	32
куцьцю	32
эвалюцыйнай	32
эрцгерцаг	32
куліш	32
піяністка	32
ля-манш	32
ульянаў	32
датычны	32
таргоў	32
чыгуначніка	32
рагачоўскай	32
барбуда	32
бэліз	32
лаос	32
маўрытанія	32
палестынская	32
экватарыяльная	32
мах	32
абэ	32
грэйс	32
лягічна	32
эгіпцянаў	32
калубовіч	32
масьціцкі	32
агарод	32
падман	32
бальшавікам	32
бел-чырвона-белымі	32
цыхун	32
практыкуецца	32
кабул	32
баразна	32
дзеючы	32
рда	32
шпіталяў	32
рычардсан	32
суседзтве	32
калектыўны	32
жука	32
вянка	32
апавядаў	32
мэтазгоднасьць	32
чужое	32
перакладзеных	32
прашу	32
прызначаюць	32
эла	32
рудовіч	32
скліканьні	32
драм	32
звольніць	32
бісмарка	32
пяром	32
ўстойлівыя	32
мармуровая	32
азгур	32
жылка	32
блаславёны	32
патрыяршы	32
налёту	32
сакрэтнага	32
гайд	32
заможны	32
ўводзіны	32
карлавым	32
падарожнай	32
навечна	32
дамаганьняў	32
псальмаў	32
манахамі	32
біблейскай	32
пропаведзяў	32
ідэальнай	32
францішкане	32
заблоцкі	32
капітуляваў	32
няўдача	32
ўцякалі	32
вайскавода	32
крачкоўскі	32
танцор	32
нажаль	32
друцкі	32
бірута	32
тэлефону	32
кемаль	32
канцэптуальны	32
лексычны	32
аматарамі	32
альтэрнатыву	32
балканскім	32
парнас	32
супэрмадэль	32
пленуме	32
вуглоў	32
дырэктывы	32
прыпыненыя	32
пасьлядоўнае	32
уса	32
магілёвам	32
падручны	32
ганка	32
ўсеўкраінскага	32
каталёгі	32
зруху	32
мітрапаліту	32
скаля	32
перашкодзіў	32
беларусу	32
рэклямнай	32
акцыяй	32
алісія	32
паўднёваафрыканскі	32
лятэранскіх	32
флінт	32
дачцы	32
знаходжаньнем	32
сэнатарская	32
папараць-кветка	32
вэга	32
клецкая	32
пераўтварыла	32
акудовіч	32
уласьцівая	32
дробную	32
пагоршыўся	32
птушкагадоўля	32
вэгетацыйнага	32
аналітыка	32
узначальвала	32
завочным	32
сьнежныя	32
андрусаўскага	32
тувэ	32
бывший	32
нідэрляндзкае	32
воінскай	32
брачыслава	32
март	32
вырай	32
праваднік	32
партизан	32
тваёй	32
інструкцыю	32
анёльскай	32
тупічэўшчына	32
іта	32
пір	32
ныне	32
індывіда	32
оле	32
электрамагнітнай	32
фундамэнтальная	32
праходжаньні	32
цэнтаўра	32
практычным	32
пратэстанцкім	32
супадалі	32
маральнасьці	32
карскім	32
дапаможнае	32
научный	32
лявонавічы	32
вильне	32
удастоены	32
грамадзтвах	32
спосабах	32
маў	32
энтузіязмам	32
чашніка	32
пісталетаў	32
масках	32
паабяцалі	32
паставіліся	32
прэс-служба	32
дасканалы	32
аскерку	32
мазуркевіч	32
ўзаемных	32
разбураных	32
бэйрут	32
кінгстан	32
бэтонных	32
дадалася	32
алаг	32
шматлікі	32
строгая	32
имеющих	32
батанічныя	32
дв	32
бліскучым	32
кінатэатраў	32
сустракаў	32
двубоі	32
дабравесьця	32
шпацыр	32
стэфановіч	32
усеагульным	32
налічваюцца	32
кубкавых	32
пілсудзкім	32
пэрон	32
ўстанавілі	32
злачынцамі	32
гданьска	32
штраўс	32
калюга	32
нёманскі	32
мота	32
великие	32
ляваль	32
кахаю	32
како	32
пецярбурскую	32
правіў	32
увагай	32
ленінграда	32
спустошыла	32
манашка	32
рудак	32
оксфардзкім	32
дзьвесьце	32
кансэнсусу	32
неславянскіх	32
аршавін	32
мальёркі	32
смаленска	32
каронным	32
гарвардзкім	32
міжваеннае	32
шляхцянка	32
ўпэўнены	32
пацэвіч	32
фізыкаў	32
бараў	32
навучыліся	32
лох	32
згаданай	32
брацкія	32
тытанаў	32
гіт-парад	32
палядыё	32
гародню	32
цб	32
дымарфізм	32
старабеларускіх	32
языкознания	32
практика	32
прушынскі	32
француза	32
варожы	32
спалі	32
тлушчы	32
бязьлітасна	32
гант	32
сэмінар	32
няпоўнай	32
рэквізыты	32
гуртах	32
вышлі	32
нечаканай	32
цюмені	32
валютныя	32
т’юрынг	32
караваджа	32
узаемна	32
адплыў	32
кампутарнага	32
фундацыяй	32
утварыць	32
падваеньне	32
геяў	32
шукала	32
эдысана	32
рэагуюць	32
арганізоўвае	32
апёкі	32
даг	32
вынаходніцтваў	32
авіялініяў	32
своеасаблівага	32
троі	32
варотаў	32
канфэсійнай	32
паказанае	32
афрыкаты	32
адлюстраваньні	32
паўднёва-заходнія	32
есмо	32
заўважаныя	32
нязначнай	32
торн	32
дызэльны	32
шры-ланцы	32
мале	32
кішку	32
меню	32
гароднінай	32
жмудзі	32
першабытных	32
промыслаў	32
лыжку	32
тваіх	32
леса	32
клалі	32
атлянтычная	32
корміцца	32
плямён	32
дзісенскім	32
квітнеў	32
разгарнуць	32
дзясятая	32
выдаляюць	32
вушамі	32
кулямётамі	32
утварыла	32
плато	32
хмяльніцкім	32
перапахаваны	32
правадніка	32
сутыкненьнях	32
легендарныя	32
трактата	32
ўнік	32
па-майстэрску	32
знакавых	32
птушаняты	32
вуса	32
здабываньня	32
вільготнай	32
зуброў	32
іклы	32
нагадваць	32
гэткая	32
куст	32
калюмбійскім	32
лятучы	32
прамаўляў	32
антыбіётыкаў	32
страўніку	32
гуртках	32
дыктатарам	32
непадпарадкаваньня	32
смирнов	32
месьціца	32
паўночным-захадзе	32
вылічальная	32
шчарбакоў	32
россией	32
інфлянтамі	32
структурнае	32
грыгор’еў	32
куляй	32
елгава	32
асыміляцыю	32
моль	32
летописец	32
перарасьлі	32
бялынічаў	32
хуанхэ	32
гімалаі	32
пустыня	32
етнічні	32
заахвочваць	32
басанавічус	32
летувізацыя	32
асуджэньні	32
істотамі	32
прылівы	32
велізарным	32
астранамічнай	32
вандраваць	32
абрыс	32
нарачанская	32
браўзэры	32
круглявыя	32
вырастае	32
скрыню	32
трубак	32
бароніць	32
адпусьціў	32
ооо	32
памятным	32
вакалістаў	32
сыбірскіх	32
вернымі	32
документів	32
чытаньнем	32
ўспрымаюцца	32
мэханіку	32
строях	32
сек	32
званкі	32
магчымасць	32
забеспячэньня	32
воблакі	32
адлічэньняў	32
арганічны	32
сэзонных	32
ягайлавіч	32
геральдычных	32
двухгаловы	32
ўпрыгожана	32
седльцы	32
валочнай	32
сухары	32
стэфану	32
граніц	32
кракаўская	32
паморскае	32
культурна-асьветніцкай	32
турук	32
эміграцыяй	32
піянэрская	32
дзедзіч	32
маштабная	32
заводзіць	32
арганічным	32
кувэйту	32
ювэлірных	32
дэльля	32
рэарганізаваная	32
пасьлядоўнікамі	32
гарнізоны	32
ўхваленыя	32
нагадвалі	32
страна	32
дзярждумы	32
дзелю	32
нявызначанасьці	32
раўніннай	32
хведашчэня	32
ага	32
-бэрт-	32
фартыфікацыйных	32
палат	32
пілігрымка	32
пскоўскую	32
войшалка	32
вількаміру	32
дыялогу	32
халестэрыну	32
буйнага	32
зьнішчалі	32
круцяцца	32
шару	32
краінаю	32
дол	32
галеча	32
айцу	32
замала	32
выконваўся	32
кааліцыяй	32
складнікамі	32
прытрымліваньне	32
раманізацыі	32
сачылі	32
біскупамі	32
прыканцы	32
казакова	32
патрыярхаў	32
купюры	32
эван	32
свэваў	32
узброеным	32
паўночна-ўсходнія	32
сацыялягічных	32
вызначацца	32
агрэсіўныя	32
трохкутнік	32
другаснага	32
алехандра	32
кіхот	32
льля	32
герцагавінай	32
рыека	32
прайдзісвеце	32
апсіды	32
бясспрэчна	32
асуджае	32
трысьнягу	32
мэрсэдэс	32
пінта	32
йскае	32
шэлег	32
біў	32
нядзельныя	32
яс	32
чи	32
тасманіі	32
дэвізу	32
нэпальская	32
ўскраіны	32
ўстаноўленым	32
уласьнікамі	32
папе	32
манумэнтальных	32
няшчаснага	32
семена	32
рая	32
всеми	32
дапоўніў	32
бразгуноў	32
тымур	32
макбэт	32
варашкевіч	32
завёў	32
гіт-парадзе	32
суправаджаць	32
рэміксаў	32
лаўкрафт	32
брне	32
лінкальна	32
фотаапарат	32
агентамі	32
куфэрак	32
скаўцкая	32
смалы	32
марынская	32
всэ	32
камсамола	32
прыпісаныя	32
фэрмэраў	32
кланаў	32
нязначных	32
рын	32
пералічвае	32
пасткі	32
ўнутар	32
сталінградзкай	32
нарманамі	32
царэвіча	32
лісту	32
выкраданьні	32
горан	32
булгарын	32
астану	32
арганізацыйныя	32
разьдзяленьня	32
дваццатага	32
арыштоўваюць	32
барысенка	32
ўнівэрсытэтам	32
ещё	32
зьвер	32
радаўніца	32
антонаўна	32
маркетынг	32
набыцьцём	32
рыскую	32
каралевіча	32
родавы	32
последнее	32
кафля	32
стайкаўскі	32
докшыцах	32
камсамольскую	32
залежнасьцю	32
азёрскі	32
хмызьняк	32
вышынямі	32
павышаным	32
багушэўскі	32
ілава	32
сёмкаў	32
любамір	32
завосьсе	32
арытмэтыкі	32
тэадорам	32
пашпарце	32
параўноўваючы	32
казаскую	32
балады	32
кіраўнічы	32
рова	32
прэм’еру	32
буржуазнай	32
здабыткам	32
вясёлыя	32
вышэйзгаданых	32
мскі	32
шлюзы	32
высадка	32
асамблею	32
дабілася	32
чернигов	32
ўтварацца	32
казьмадзям’янаўская	32
падарожніцтва	32
выгадна	32
нагор’е	32
зьмяняла	32
паўночнаамэрыканскім	32
мурыны	32
інстытуцыі	32
скупшчыны	32
абароненыя	32
іменна	32
функцыянальнага	32
самадыйскія	32
м-во	32
ахоўнікаў	32
абараніўшы	32
эстэтыку	32
жаніцьба	32
кантынуўму	32
рэдактарамі	32
зарганізаваў	32
люку	32
тэлекамунікацыі	32
ўплываў	32
прагаласаваць	32
мэкленбург	32
траўмай	32
дынамічны	32
суправаджала	32
вікіпэ	32
кена	32
фінансавалася	32
ганібала	32
садкоў	32
крайняя	32
ліянэль	32
хэрсонская	32
гаем	32
красный	32
квітка	32
отнесении	32
категории	32
царя	32
выніковыя	32
пэрыёдыцы	32
бажко	32
бондар	32
шахце	32
наёмнай	32
падышла	32
чемпионате	32
сілавікі	32
прымус	32
аслабленьне	32
сотавых	32
нагорны	32
адмоўную	32
унукаў	32
брусэлю	32
ўмяшчальнасьць	32
нестара	32
допуск	32
саксонскай	32
выставіла	32
вука	32
пастухі	32
брэнды	32
выключныя	32
перасягнуўшы	32
перададзеных	32
ацэньваўся	32
форта	32
гэгеля	32
млечнага	32
часавага	32
пасхі	32
выплаціў	32
плютарх	32
ланцугамі	32
трэцімі	32
вылучэнца	32
кандыдату	32
чаўны	32
магн	32
заходнегерманскіх	32
нявызначанасьць	32
муніцыпальным	32
аранскі	32
расены	32
вэкшэ	32
прыцягваючы	32
селі	32
аддадзена	32
зьдзяйсьняюцца	32
спроб	32
пэрэйра	32
пульс	32
нутраная	32
ускраінай	32
навучання	32
надворныя	32
апанэнты	32
эльзасу	32
рэарганізацыю	32
авангардам	32
арганізоўвала	32
слупок	32
пошасьці	32
падначаленьне	32
ізраільцянаў	32
і-	32
дваранскай	32
ставала	32
выкралі	32
адрасу	32
насавыя	32
перадвыбарчай	32
валаснога	32
киеве	32
трэніраваў	32
пляшкі	32
тройдзень	32
кернаў	32
шатроў	32
сынъ	32
пер’я	32
тэсалёнікі	32
рудзенску	32
рынкавага	32
іянізацыі	32
загадак	32
абагульненьня	32
эфрона	32
набліжаны	32
аналягавыя	32
ўсходнегерманскую	32
маралес	32
закапанэ	32
прадавала	32
прылягаюць	32
падзяляцца	32
твараў	32
абмянялі	32
фартоў	32
шафы	32
рэсурсах	32
псыхічнае	32
сіг-	32
зыг-	32
зег-	32
зігібут	32
экзатычных	32
таўшчынёю	32
караван	32
галі	32
канстанціну	32
стольнікі	32
карупцыя	32
шахта	32
бут	32
струнных	32
даўкантаса	32
стывэнсана	32
спадніцы	32
дзівінскага	32
ўнесьці	32
дкі	32
данілавіцкім	32
маісееўшчынскім	32
гродненский	32
выведкай	32
крыўлянскага	32
тарноўскім	32
пасу	32
цырын	32
хайдук	32
сёстрам	32
шкавічы	32
тыкоцін	32
палімэрных	32
беседзі	32
першама	32
прамавугольны	32
цывільны	32
лесьнікі	32
тэрарыстычнымі	32
комментарии	32
уладкавацца	32
банска	32
пошукавы	32
кансэрвацыя	32
валасное	32
мюзыкл	32
перасьледуе	32
груздава	32
хажоўскі	32
мікалаеўскім	32
ідышу	32
падпаручнік	32
выведнікаў	32
каморскіх	32
косаўскай	32
чарка	32
прыхаджан	32
дюсш-	32
катастрофах	32
сьціску	32
завяшчаў	32
пойме	32
фальваркамі	32
павятовае	32
даўляды	32
цяглых	32
выгнутай	32
агінт	32
існуючага	32
масіўных	32
работнікамі	32
барскага	32
рыфы	32
мотар	32
ясеніна	32
караюцца	32
штрафнога	32
скіфаў	32
знаменскага	32
лук’яненка	32
лыжны	32
спэктраскапіі	32
абставін	32
крэслаў	32
каранавіруса	32
стокера	32
экранізацыю	32
астуджэньне	32
апрацаваны	32
вэртыкальны	32
заўзятарам	32
спартыўныя	32
г’юстане	32
выкіду	32
запоўніць	32
канфэрэнцыяй	32
тенденции	32
мэдрэсэ	32
юніёрскую	32
турандот	32
кэ	32
мсьціж	32
зачыняўся	32
сьцьвярджэньня	32
дубкі	32
ахрэмаўскі	32
высьветлена	32
інжынэрную	32
тарцах	32
раванічы	32
дэбюце	32
русінскае	32
разьвёўся	32
антошка	32
ахвіцэраў	32
шкарпэткі	32
писатель	32
зьвераў	32
максімавіч	32
райдэр	32
участие	32
арламі	32
разрэз	32
прапаноўваць	32
адмовіць	32
эпохи	32
брагіншчыны	32
духовной	32
чырвонаармейская	32
складак	32
краны	32
затворам	32
задняе	32
карлік	32
прапарцыйная	32
фініш	32
-грэц	32
рэйнальдса	32
камаз	32
разгорткі	32
галявы	32
галкіпэрам	32
членах	32
афарбаваныя	32
дзеяпіс	32
агнешка	32
ганконскія	32
індыга	32
выдуманай	32
ваўранюк	32
скар	32
тбіліскага	32
перакрытыя	32
выбухоўкі	32
даўгайла	32
сьветлай	32
прытвора	32
характарыстыках	32
выпадковай	32
укрупнении	32
украинской	32
ўэнздэй	32
алісан	32
месячны	32
грубага	32
расьсейваньня	32
чарнаморац	32
луч	32
-летний	32
к’ева	32
голая	32
арманда	32
ляхаўцы	32
пасярэдніка	32
тапор	32
аркатурныя	32
ліпніскай	32
блякаваньня	32
губа	32
палажэньнем	32
магільнік	32
адпрацаванага	32
пка	32
падстоліі	32
джэдаі	32
шчорс	32
аптымізацыі	32
гідронімаў	32
ўзгадваюцца	32
рік	32
адроджаны	32
джастын	32
цяжкаатлеткі	32
чанак’я	32
аштрафаваны	32
філёзаў	32
вальмавы	32
айфон	32
шарыкі	32
валер’евіч	32
эстафэтнай	32
-войн-	32
атс	32
таўлая	32
илл	32
салават	32
тнт	32
татраў	32
маркаўскага	32
задор’еўскі	32
шашкоўскім	32
сырмескага	32
вязынскі	32
луньненскага	32
палазовіча	32
нарвэґіі	32
белшиной	32
самаходныя	32
кашалеўскага	32
ргиа	32
куравое	32
адпрацавалі	32
сьвеці	32
збк	32
хількевіч	32
кулібіна	32
острава	32
рант	32
міністэ	32
проблеми	32
кабіна	32
мышыных	32
іванкаўскага	32
імпульсы	32
уре	32
мальёрка	32
эстэр’ётлянд	32
сьпіскі	32
застуды	32
поручная	32
гарлівасьць	32
грэта	32
талінскага	32
врк	32
белома	32
франш-камтэ	32
бучы	32
якутский	32
дубяжын	32
гарадзенцамі	32
трацьцякоўскім	32
ацэньваньня	32
орбан	32
двпк	32
наводчыка	32
сыктыўкар	32
эльчэ	32
хажоўскага	32
старч	32
прамагралізінг	32
каранавірусам	32
мілейчыцах	32
рульнае	32
порнасайт	32
фіярыта	32
ковенского	32
тяжбы	32
местечек	32
управителями	32
военнопл	32
мена	31
прохараў	31
адрэстаўравалі	31
руйнаваньне	31
серабранка	31
сядзібнай	31
расказ	31
разьдзеламі	31
інтэлектуальныя	31
чарнышова	31
доказамі	31
здаралася	31
даручалася	31
палкаводца	31
тэзы	31
крывавай	31
сацыял-дэмакраты	31
брэсцкай	31
прагучалі	31
культурна-асьветны	31
іванаўны	31
падарожных	31
удалечыні	31
жвір	31
балотных	31
гідралёгія	31
глебавіч	31
рымска-каталіцкіх	31
фядосік	31
перадаваўся	31
теж	31
румянцаў	31
тэлеграфная	31
клубы	31
чарнігава	31
фартэцыяй	31
інжынэрнага	31
узнаўленьне	31
санаторыя	31
андрэеўская	31
заезных	31
шклозавод	31
названий	31
разрабаваў	31
сьпіртовых	31
кніжным	31
бакавая	31
значылася	31
вікары	31
правобраз	31
тлумачылі	31
учыненых	31
чаховіча	31
гальпяровіч	31
сініцын	31
скірмунтаў	31
піта	31
утрымлівалі	31
збора	31
руйнаваньня	31
дастатковага	31
калегу	31
інсбрук	31
аэср	31
вайскаводам	31
грацы	31
карэннай	31
бэрг	31
зьбяднелай	31
дарэвалюцыйнай	31
вытрымаўшы	31
псыхічны	31
набытак	31
прозай	31
гадавіне	31
дыё	31
інэса	31
арочка	31
сатырычнага	31
патас	31
сюжэтныя	31
атэлье	31
сурынам	31
шварц	31
ніколь	31
газете	31
прыродазнаўчыя	31
дасьледуюць	31
выключыў	31
сольную	31
літоўска-маскоўскай	31
грас	31
пароль	31
каліноўскаму	31
сэпаратызму	31
дакументах	31
выбітная	31
гапееў	31
сіпакоў	31
глыбо	31
драматургіня	31
небясьпечнымі	31
цішыня	31
рэквіем	31
поп-сьпявачка	31
валадзько	31
тэалягічных	31
бярозкін	31
получил	31
зрухі	31
дамінанты	31
мэмарыяльных	31
лясун	31
вершаваным	31
своеасаблівае	31
існаваньню	31
старасьць	31
маналёг	31
падушкі	31
цесным	31
шостую	31
мод	31
паслабленьне	31
аднесена	31
чарнаўцах	31
ковчег	31
галенчанка	31
паўлінкі	31
полехов	31
нядрэнна	31
труне	31
виленский	31
падданым	31
дзіўным	31
камора	31
друкары	31
тэматычна	31
станоўчага	31
навучае	31
надзейны	31
бібліяй	31
ідэалёгіяй	31
любо	31
свете	31
клецкам	31
адвялі	31
спадзяваньні	31
доблесьць	31
наўгародзкія	31
адзначаць	31
парамэтар	31
дзяліць	31
найменшых	31
дзесятковыя	31
падрабязьней	31
ще	31
далорэс	31
шпіталях	31
эпічнага	31
абразкі	31
вячаслававіч	31
аўтазавод	31
правазнаўца	31
пастаўляецца	31
канкурэнтамі	31
карыстальніку	31
пэляпанэс	31
прыгатаваньні	31
аўтаркай	31
кіш	31
лючана	31
кіраўнічыя	31
аднадумцаў	31
петрашкевіч	31
пясьняр	31
мэрфі	31
граніцах	31
мурсія	31
кампутарнае	31
згуртаваньні	31
абшарнік	31
клішэ	31
ведаеце	31
коммерсантъ	31
роўмінгу	31
формула-	31
дзямідаў	31
заняпала	31
плывучы	31
расейска-беларускага	31
маргі	31
шаўчук	31
канфуцый	31
бэрнардоні	31
лімэрык	31
кантэле	31
унікальнай	31
качынскага	31
сьцягна	31
іглічных	31
фабрыкаў	31
чысьць	31
еговы	31
эфэктыўнае	31
прафэсійна-тэхнічная	31
дзівін	31
закончылася	31
якуцкая	31
давыдаў	31
янсан	31
рычардс	31
яблыня	31
пярэсмыку	31
кастры	31
курыраваў	31
маскоўцаў	31
калісь	31
энцыкляпэдыю	31
волатаў	31
спампаваць	31
цітовіч	31
мсьціславец	31
евреи	31
сьвята-мікалаеўская	31
камунікаце	31
рэпрэсіях	31
мору	31
гравітацыя	31
сьветлавыя	31
выпраменьваньнем	31
шорт-ліст	31
сымону	31
разьвівалі	31
ідэалізму	31
ідэалу	31
літоўска-рускай	31
бавуар	31
магістарскую	31
скалабан	31
цялеснай	31
творцам	31
вырабах	31
андах	31
мінэралёгіі	31
геолягі	31
касьцей	31
парасьлі	31
адказе	31
нарматыўнага	31
лябедзька	31
таболіч	31
паперай	31
цікаўнасьць	31
міжсобку	31
архэ	31
утваралі	31
пітагора	31
гаване	31
ратыфікавалі	31
падману	31
веславаньне	31
сьвв	31
пераадолелі	31
піўны	31
джахара	31
вырашаецца	31
старобін	31
адлучаны	31
адметным	31
скарыўся	31
гуренко	31
соме	31
шасьцідзённай	31
нікуды	31
адозву	31
усеагульнага	31
эркерт	31
антанта	31
астрэйка	31
імпічмэнту	31
нацызмам	31
дэшам	31
азэрбайджанцаў	31
шэнан	31
коршунаў	31
месяцовы	31
разыходжаньне	31
крытэрамі	31
дадлі	31
рэйманд	31
кулікоў	31
ільяшэвіч	31
пташнікаў	31
эстэтыцы	31
голубева	31
тэлеграме	31
ть	31
собе	31
шпіён	31
прыназоўніка	31
дабравольскага	31
казала	31
выпрабавалі	31
мэдысан	31
эскадры	31
энгельс	31
ушчэнт	31
-------------------------------	31
ўкраінка	31
ўайлда	31
юдаізьме	31
антыёхія	31
уніяцкую	31
эміратах	31
вапа	31
бэн-гурыён	31
сокалаў-воюш	31
кос	31
арганічнае	31
кало	31
наомі	31
урач	31
рытмы	31
зыходным	31
функцыянальнасьць	31
разьметкі	31
зыходны	31
канвой	31
пошукавых	31
беларусіфікаваныя	31
заўважаюць	31
сталкер	31
дук	31
зарэгістраваў	31
іст-брансўіку	31
таямнічая	31
жураўлёў	31
заступніцай	31
іранскім	31
партнэрскія	31
удалых	31
баскетболам	31
юбілейных	31
вобразнасьць	31
вінавальнага	31
дапаўненьня	31
суфікса	31
займеньніка	31
нядаўніх	31
пратон	31
пантэоне	31
ляўрэатамі	31
дзяўчын	31
брытанец	31
зьбітыя	31
алясцы	31
магну	31
італійскай	31
нікіцін	31
апанавалі	31
саступаць	31
узьнікаць	31
гаворкамі	31
ўжыты	31
паўночна-ўсходнюю	31
выразных	31
усьведамленьне	31
выведзеная	31
прапагандысцкіх	31
выпраўленьне	31
пісьменстве	31
звонкіх	31
выцесьненыя	31
больше	31
частым	31
характарызаваліся	31
ночь	31
дуа	31
праяўляюцца	31
дапускаюць	31
мажлівых	31
папкоў	31
васка	31
сэкцыяй	31
фатаграфію	31
рацыёну	31
смажаць	31
гадоўлі	31
ахоўваў	31
юшка	31
суровыя	31
прыкметнае	31
спэцыямі	31
пасьлядоўнік	31
змагло	31
бочку	31
заслуга	31
шклянка	31
разводзяць	31
увоз	31
купля	31
берагавыя	31
намінальны	31
населенай	31
густанаселеным	31
амэрыканцамі	31
прускімі	31
зьмяшчэньня	31
інтэнсіўны	31
сіняе	31
гніламёдаў	31
метрики	31
вугорскімі	31
прэтэнзій	31
сутыкаліся	31
вызначылася	31
антысэмітызм	31
старэньня	31
международных	31
выкладаюць	31
надзейнай	31
місіянэрам	31
кіркора	31
паліцы	31
еі	31
ерусаліма	31
слугу	31
прапаноў	31
падарункаў	31
салата	31
ршчына	31
фармацэўтычная	31
губы	31
сьнезе	31
мірнымі	31
святая	31
парушаючы	31
дыеты	31
парогаў	31
наступальнай	31
абмяркоўваюць	31
даверанай	31
заступніцтву	31
лёнданскіх	31
палюе	31
англамоўных	31
петрыкава	31
садзіцца	31
караць	31
распаўсюдзіў	31
думалі	31
будыйскі	31
бліскучай	31
процідзеяньня	31
абвастрыліся	31
валока	31
унівэрсал	31
пачнуць	31
своеасаблівасьць	31
ульрыха	31
разань	31
дамешкам	31
цытуе	31
біяразнастайнасьці	31
зьяўленьню	31
юрысдыкцыя	31
легендарнай	31
асьвенцім	31
кавалерскі	31
рэґіёны	31
швыкоўскіх	31
адваяваць	31
вярталася	31
значение	31
адрознасьць	31
замахаў	31
шкуры	31
отделения	31
вонкавымі	31
абраньнем	31
ліквідаванае	31
зямную	31
геалягічная	31
вучэбныя	31
нца	31
выхаваны	31
мурад	31
эмігрант	31
разыходзіцца	31
гладкай	31
гектара	31
рональда	31
журналістыкай	31
параўнальны	31
акампанэмэнт	31
бубначом	31
таполі	31
калектыва	31
апісалі	31
арыель	31
апісанае	31
перавыдадзеная	31
даступна	31
адукацыйную	31
чэн	31
памкненьняў	31
тарча	31
чысла	31
агрыпа	31
мікранэзіі	31
каго-небудзь	31
конская	31
троцкая	31
тру	31
ўмацавалі	31
бчб	31
прапагандысцкая	31
сольна	31
пралетары	31
карнавал	31
сэпаратызм	31
эмілія-раманьня	31
кельты	31
дамінуючым	31
крызісаў	31
абыйсьці	31
нацыянал-сацыялістычнай	31
яцка	31
прэстыжным	31
-гадовых	31
дарагія	31
рабочий	31
абмяжоўвалі	31
вэнэсуэлай	31
выклікі	31
нераўнамерна	31
піянэр-	31
вновь	31
незалежнаю	31
-берт-	31
лицкевич	31
альбрэхтам	31
пашкоджаная	31
карпацкіх	31
дыскурс	31
ўцякаюць	31
вайскова-марской	31
папяровы	31
аргана	31
акцыянэры	31
аддалена	31
належнай	31
касьцевіч	31
ўзмацнілі	31
заморская	31
канцэнтрацыю	31
масіўнымі	31
інтэрвэнцыя	31
жырона	31
праліву	31
ўзрос	31
скалах	31
балівара	31
пэрыфэрыйных	31
вучаць	31
рубе	31
канструктарскім	31
рэглямэнту	31
скінуў	31
ордэне	31
гайны	31
адасабленьне	31
адлер	31
навары	31
харватамі	31
абавязковую	31
дарожак	31
ўайта	31
яраполка	31
ікону	31
амэрыкай	31
хуткасныя	31
ізьмір	31
калекцыянэраў	31
дняпроўскага	31
саро	31
прыдбаў	31
рэзэрвовых	31
прамянях	31
пэўнасьць	31
банкнот	31
ўказе	31
пэна	31
гідры	31
навукова-тэхнічнага	31
белаграпрамбанк	31
мэталам	31
давернае	31
разьліках	31
набліжалася	31
экю	31
спадарожнікамі	31
пакліканы	31
вобразах	31
васалаў	31
экспрэсіянізму	31
сулавэсі	31
галіцына	31
плот	31
сырыяй	31
патануў	31
канстатаваў	31
запачаткавала	31
трамваю	31
філі	31
карлаў	31
арсэн	31
нарву	31
батлейка	31
даманава	31
смаргонская	31
датаваць	31
святле	31
хакусай	31
двору	31
адгалінаваньня	31
юрген	31
пераўтварыць	31
натхненьнем	31
дункан	31
гіт-параду	31
хайфа	31
ляйбовіч	31
нью-дэлі	31
астраўныя	31
усеагульная	31
дыпляматам	31
джэсыка	31
эгіпецкім	31
вялізнымі	31
платны	31
паўлаўна	31
хараство	31
клопатам	31
збараскага	31
ўпор	31
шуйскім	31
бракгаўза	31
хрыбту	31
хуткаму	31
паўлавічы	31
суднікі	31
нявы	31
дубровенского	31
календа	31
арэхаўна	31
элісан	31
сутычцы	31
парукі	31
падарожжах	31
выкананым	31
пед	31
патрыёты	31
дэкрэта	31
босна	31
міратворцаў	31
раскоша	31
жанам	31
накід	31
расонскі	31
усеагульны	31
падэшвы	31
магдэбургу	31
трыюмфам	31
сьветач	31
абрамовічаў	31
нагор’і	31
лёпэс	31
хрыбтамі	31
стромкім	31
сустрэтыя	31
заснаваўшы	31
ура	31
купляе	31
сантымэтар	31
адзінота	31
страча	31
рэйды	31
чэмбэрлена	31
зыходныя	31
пераправіліся	31
пазачарговых	31
становячыся	31
блока	31
альфрэдам	31
паскаля	31
рэалізацыяй	31
пілігрымак	31
паўтараюць	31
бамбавікоў	31
граб	31
карач	31
абавязаліся	31
мадуляцыі	31
просвещение	31
абранае	31
франкам	31
фолк-мэтал	31
спэцыфікацыя	31
нулі	31
гамі	31
вартаўнік	31
алегу	31
гору	31
бастэн	31
карлікавых	31
гард-рок	31
элвіса	31
ніжненямецкая	31
пасаў	31
памагатыя	31
цэмэнт	31
чыноўнікамі	31
вынясеньне	31
драматургаў	31
чыньніках	31
сацыяльна-эканамічныя	31
сур’ёзнымі	31
перасьледам	31
па-армянску	31
вострае	31
хворымі	31
арэнбурская	31
рурык	31
балёнскага	31
біятэхналёгіяў	31
мбіт	31
прагулкі	31
супрацьтанкавых	31
запрашаць	31
паабяцала	31
найранейшыя	31
раманскім	31
факта	31
мідыі	31
современник	31
кура	31
дасканалым	31
літургію	31
ілюструе	31
оргус	31
гэльсынгборг	31
генэратары	31
адкіды	31
джонза	31
гайда	31
нікель	31
тройкай	31
сезоне	31
стартам	31
школе-інтэрнаце	31
выразнымі	31
інтэрпрэтацыю	31
астранамічным	31
адхіляе	31
забараняюць	31
суднага	31
чарнобылю	31
прыдатным	31
разьбівае	31
прыгарадах	31
івянца	31
сатрап	31
інвалідам	31
прэзыдэ	31
сталоў	31
дзевяцьцю	31
праславянская	31
ваенна-марскі	31
бункеры	31
турынгія	31
атэнскай	31
рэльефная	31
прыносіў	31
палепшылі	31
завяршыліся	31
велікапольскім	31
турэцкаму	31
інэс	31
вадкае	31
жывёлагадоўчая	31
выказана	31
мкф	31
удаве	31
філадэлфію	31
артылерыйскую	31
лідарам	31
навэля	31
навакольлем	31
варонежы	31
соі	31
глухім	31
канструкцый	31
дора	31
незвычайных	31
заклікаючы	31
перасоўвацца	31
ярэмічы	31
дзяляцічы	31
трыкалёр	31
тузіна	31
назіральная	31
дэпутацыі	31
зьвярнула	31
ледавіковых	31
касавых	31
поўнамэтражны	31
аднавяскоўцаў	31
вымагала	31
карада	31
левабярэжжы	31
кіева-магілянскай	31
писателей	31
монастыря	31
сумяшчаў	31
пераканаўчай	31
сьветлага	31
азначэньняў	31
эратычны	31
глядыятараў	31
курортам	31
брэма	31
матчына	31
булак	31
арнольда	31
середина	31
дыскусійным	31
бавіць	31
неспрыяльных	31
сьцісканьня	31
менавацца	31
маракі	31
спальваньне	31
пасадай	31
рамантыкаў	31
азяраны	31
сплавы	31
суправаджаюцца	31
алексі	31
цеплыню	31
сеціўнае	31
альбомах	31
рэзалюцыяй	31
прыдатнай	31
досьледная	31
самарская	31
пасамі	31
грабавец	31
гумарэскі	31
выбітны’	31
ўзросце	31
ніца	31
федорук	31
адселена	31
рубяжэвіцкім	31
вілаят	31
адказваючы	31
тэадорыха	31
паставіўся	31
міхаэля	31
ваніты	31
выставачным	31
выставачнай	31
зьлілася	31
паліто	31
аднаўленчыя	31
сьвіры	31
парваў	31
ўмацаваў	31
гранёнымі	31
вярнуўшы	31
распараджэньнем	31
відамлянскім	31
асартымэнт	31
лагі	31
гарадзілаўскі	31
верасьнёўскай	31
заданьнем	31
прыгарадным	31
службовец	31
рых	31
любліну	31
бягучым	31
загадвала	31
рачнымі	31
дэманы	31
малітоўнік	31
завочнага	31
кропках	31
зоф’і	31
кавалеўшчына	31
госкага	31
івацэвічаў	31
завайць	31
панскай	31
грунтоў	31
псаломшчыка	31
ламачы	31
бэатыфікаваны	31
утворення	31
бярозаўскай	31
стамбула	31
ўменьні	31
разьдзелам	31
айчыннае	31
пажарнае	31
новарасейск	31
ананімна	31
акружнасьць	31
гектары	31
піс	31
біялягічнае	31
часьцінкамі	31
дыван	31
ахалоджваньня	31
серчанай	31
георгіевіч	31
гарызантальны	31
грузчыкам	31
малін	31
райса	31
пушкин	31
талібану	31
талібан	31
высілкам	31
парушаецца	31
мультсэрыял	31
сьюзэн	31
коры	31
раскладаньня	31
рыксдагу	31
праяўляць	31
шэйха	31
брэтонская	31
сьвідравіны	31
прыёмам	31
лужок	31
наўшчына	31
мсьціскі	31
асалоды	31
прадаваным	31
паглядзелі	31
панчанкі	31
увянчаны	31
пустой	31
ліхтаром	31
кампазыцыйных	31
выпрамяненьня	31
прыбудова	31
шарлем	31
кляштарных	31
платона	31
гвалце	31
правадзейныя	31
цыліндар	31
гранатамі	31
кіраўнічых	31
чачэнію	31
чачэна-інгушэтыі	31
намагаюцца	31
алекшыцы	31
рэпля	31
беняконскі	31
пагародзенскі	31
сьвяцак	31
лелюкінскі	31
лозкі	31
перайменаванае	31
струга	31
грошеи	31
лісоўчыкаў	31
лосятынскаму	31
крайчага	31
дзёгцю	31
здала	31
цеплавыдзяляльных	31
горскага	31
фокус	31
ударнай	31
георгий	31
цэрэры	31
туманнасьці	31
фігурны	31
ашокі	31
прыпісвалі	31
альжбэты	31
паленьне	31
дзьвінскім	31
-да	31
акрэсьлівалі	31
салечніцкага	31
дзесяціну	31
барокавым	31
ўчыненьня	31
аўтатранспарту	31
абыходжаньня	31
катавіцах	31
грэнляндзкая	31
вакуўму	31
колавай	31
фінансах	31
баевікамі	31
команда	31
бірмінггэму	31
марынай	31
вагонамі	31
сырэцка-пячэрскай	31
брестским	31
арфэй	31
карына	31
братошу	31
прасьветамі	31
гармонікі	31
судкоўскага	31
трэкліст	31
клонаў	31
камісіях	31
тувы	31
тнр	31
сярэ	31
теории	31
бё	31
драхмы	31
чачэрскай	31
байтам	31
нід	31
систем	31
вм	31
аўкштайція	31
ігналінскага	31
дзюбы	31
судовія	31
бос	31
грудной	31
барэйка	31
вясёлае	31
мазэпы	31
мгб	31
ваў	31
монстраў	31
сыроваткі	31
тлушчаў	31
доблесную	31
сьвярдлоўская	31
футболиста	31
атэстацыйнай	31
начальніцкага	31
зэмбіна	31
паўкруглымі	31
цвэл	31
арэхаўка	31
верцялішкаўскі	31
’сьмелы	31
грушнае	31
сада	31
новадзявяткавіцкі	31
вузьлянскага	31
унсо	31
сяменчык	31
цімкавіцкі	31
карчовае	31
пасялковаму	31
байдакі	31
войстамскага	31
раготна	31
акалоўскі	31
страдубскі	31
карпянкоў	31
воўпаўскага	31
ваеннаслужачых	31
вірусу	31
руставаныя	31
выбухныя	31
пагоннае	31
кубкавым	31
заўважыўшы	31
штурмавой	31
карэльскіх	31
вампіраў	31
просталінейнай	31
рашчына	31
астаны	31
нюх	31
лукаеды	31
настольле	31
калібраў	31
аднародныя	31
вершаскладаньне	31
гальмстад	31
удынэзэ	31
видавничий	31
шпалаў	31
эстэрсундзе	31
шароў	31
ўінстана	31
сэркль	31
пякарскага	31
-кін	31
-кен	31
блэкпулу	31
валянсьен	31
апэратыўна-стратэгічнае	31
трайнога	31
кошыцах	31
чэхаславацкае	31
лингвистические	31
пазбаўленні	31
ўнясенні	31
змяненняў	31
краснасельле	31
лайма	31
белаз-	31
яленскага	31
капылы	31
российские	31
баярыня	31
марія	31
кейля	31
паралімні	31
прысмакі	31
пальфі	31
послания	31
тахарскія	31
жылёўскім	31
прэм’ер-дывізіён	31
сэгона	31
тыпізацыя	31
бфб	31
супратыўнае	31
місявіцкага	31
порнавытворцы	31
жінки	31
станиславовичъ	31
макмэрфі	31
паарс	31
вініл	31
плаґ	31
рогліч	31
падмурках	30
другасным	30
бастыёнаў	30
духоўна	30
азярышча	30
чыжоўка	30
кабэльнага	30
ўпарадкаваньня	30
атлянт	30
мікрасхемаў	30
ўручча	30
кандратовіча	30
александроўская	30
якую-небудзь	30
колькасных	30
аселасьці	30
ляндшафты	30
ўказа	30
дваранстве	30
прапусьцілі	30
зямельную	30
прыметніка	30
матросаў	30
легальна	30
падмацаваньня	30
тытунёвая	30
улучэньне	30
кадэцкім	30
вашчанка	30
семенов	30
кахановіч	30
вагонабудаўнічы	30
юрася	30
электрарухавік	30
каўчуку	30
абслугоўваюцца	30
собаля	30
давідам	30
віцьба	30
рэканструяваў	30
балтыйскімі	30
современного	30
разабраць	30
катаньні	30
самба	30
георгіеўская	30
цяля	30
печаў	30
тэлекампаніі	30
карбюзье	30
алелькавіча	30
завальная	30
барокавыя	30
ржа	30
дамініканскім	30
куцеінскі	30
ўзроўнем	30
піпін	30
мяшчанскіх	30
аформіўся	30
грамы	30
музэй-запаведнік	30
пабывалі	30
выдаткавалі	30
васючэнка	30
кансэрвавы	30
рассадзін	30
навукова-практычнай	30
гарбацэвіч	30
цамблака	30
татарскую	30
салямэя	30
пабожны	30
аксёнаў	30
асманскіх	30
галічыну	30
стагодьдзя	30
балканская	30
сымбалічная	30
ап’яненьня	30
борык	30
гайдзі	30
люблінская	30
габла	30
пакутніка	30
пытаньню	30
броні	30
мандаліна	30
свабоды-	30
рытм-гітара	30
мультыплікатар	30
папялушка	30
орўэла	30
карэктарам	30
сьвітаньня	30
публікавалася	30
тумане	30
друкаваную	30
марадона	30
лёг	30
ніуе	30
аўдыенцыі	30
юдэйскае	30
ягелонка	30
браніцкі	30
фізыёляг	30
грунтам	30
мажлівым	30
ілюстраваная	30
атэнская	30
уводзіцца	30
выключэньнямі	30
экспэрымэнтальным	30
балцкія	30
этнагенэзу	30
сучасьнікам	30
томсан	30
карвацкі	30
ўрачысты	30
ўнівэрсытэцкі	30
землеўладаньня	30
высакародных	30
кастусю	30
шматлікая	30
бюсты	30
фрыда	30
лак	30
рэвалюцыйнымі	30
паўстанцкай	30
накіды	30
мандэла	30
дыпляматычнымі	30
празаікаў	30
арктычных	30
савіча	30
вершаскладаньня	30
пушкіным	30
абодвум	30
багдановічы	30
расказваецца	30
крэда	30
цесную	30
поэзии	30
ўнікальных	30
падараваныя	30
азнаёміцца	30
валэнса	30
эйнар	30
баек	30
бэн-егуда	30
орса	30
родзічы	30
адвакацкай	30
байка	30
дзіцятка	30
мундзір	30
асьветнікі	30
асманскі	30
вальдэмара	30
трамвайнага	30
псалтыры	30
пранціша	30
біскупскай	30
перавыданьняў	30
выдатнае	30
вітэнбэргу	30
ад’езд	30
шматгадовым	30
падкрэсьлівала	30
руса	30
выразным	30
рэнэсансныя	30
астроскай	30
рытмічнай	30
ідэалам	30
салёна	30
вэляскес	30
ўпэўненасьць	30
палкамі	30
пахвала	30
ўсевалад	30
ленана	30
абгрунтаваць	30
зьмяшаны	30
эрвін	30
ракеткай	30
друцкіх	30
княжна	30
княскія	30
іосіфа	30
правакацыя	30
батура	30
дакумэнтальнай	30
буржуазных	30
фантазія	30
палякоў	30
нк	30
інтэрфэйсы	30
міжземнаморскай	30
ігнацьеў	30
абрамава	30
нью-гэмпшыр	30
распачаўшы	30
гэткі	30
джэйк	30
сабіла	30
тампліераў	30
марар	30
містыкі	30
ігнату	30
папулярызаваў	30
прэзыдэнтамі	30
мабільным	30
капэля	30
стругі	30
дывэрсіі	30
барташэвіч	30
дыла	30
мяшчанская	30
адгалінаваньні	30
прафэсіяналізм	30
рамесьніка	30
цыркуляр	30
струна	30
манера	30
арганы	30
трансьлюецца	30
ратаваньня	30
грамадзянстве	30
сакрамэнт	30
выказваюцца	30
тэрытарыяльнымі	30
зерневых	30
ўпраўленьні	30
зямныя	30
гаручых	30
каменюкі	30
раманскага	30
заезд	30
рыбацкая	30
магдэбургскае	30
заснавання	30
нэагатычны	30
брэда	30
паходжання	30
бібліятэкарам	30
крывіч	30
балюча	30
маскалёў	30
прадмовай	30
філімонаў	30
фамилии	30
амсьціслаўская	30
вакалістка	30
камэлот	30
франкліна	30
васілеўская	30
хацкевіч	30
сўіфт	30
рэзэрфорд	30
войкава	30
сабакінцы	30
падрыхтаванай	30
фальсыфікацыяй	30
супярэчлівых	30
адзінцы	30
парушаны	30
квантавыя	30
квантавых	30
сфэрай	30
здольнае	30
разгорнутыя	30
наркамаўкі	30
аканьне	30
кодэксаў	30
унясеньні	30
літвіновіч	30
статуса	30
рма	30
нігерыйскі	30
выправах	30
выступіўшы	30
сьвядомасьцю	30
ўзаемасувязі	30
вінакурні	30
лягічным	30
стэ	30
выбарныя	30
рэестравых	30
браўзэра	30
памятнага	30
снг	30
зацьверджаньня	30
вандалы	30
праваахоўнымі	30
гендэрная	30
сфармуляваны	30
офісаў	30
рэчаіснасьцю	30
сура	30
мясная	30
тэматычнай	30
вінавацілі	30
адолець	30
мэхэлен	30
сканчэньнем	30
джоўль	30
лянкевіч	30
мінімальную	30
дэры	30
трэнэрскай	30
рабоча-сялянскага	30
гардынг	30
вісьле	30
біўся	30
шандар	30
гаспар	30
грынявіцкі	30
кафка	30
ізраільскае	30
падольская	30
камэнтатар	30
шпіянаж	30
падлеткі	30
экспэдыцыях	30
нтв	30
гдыня	30
сьмеласьць	30
напальваньня	30
акраў	30
дэмаграфічны	30
спадкаемца	30
вядзьмарка	30
пасьпеўшы	30
нэру	30
ваенна-паветраных	30
тыбэцкая	30
руандзе	30
дзяконскі	30
калмыцкая	30
партугальцамі	30
матэматычнае	30
ук	30
мікуцкі	30
манускрыпт	30
нападаць	30
эмануіл	30
басаеў	30
вюртэмбэрг	30
барэц	30
тэйлара	30
чаргаваньня	30
этымалягічна	30
норбэрт	30
вавіч	30
чэхаславакіі	30
саўтгэмптану	30
сымбалізавала	30
зьдзейсьненае	30
рыфмаў	30
частатой	30
азіз	30
слоўнікавы	30
здольнага	30
кантэнту	30
тэмах	30
падтрымліваліся	30
актуальным	30
пермі	30
голян	30
разгледзеў	30
тэсты	30
свабод	30
-о	30
трафік	30
чытаючы	30
патрэбнае	30
матэматыкам	30
абэля	30
піяф	30
альгірдас	30
стабільных	30
балканскі	30
пэрсія	30
зьвязвалася	30
старажытнаруская	30
аддзяляюць	30
моцай	30
агульнадзяржаўнага	30
бліжэйшая	30
ўкладаньня	30
перабудовай	30
пасьлядоўным	30
друкаванае	30
тайных	30
назе	30
спрэчнымі	30
гс	30
тебе	30
своею	30
шата	30
адлюстроўвалася	30
геафізыкі	30
мучныя	30
напоямі	30
напоем	30
кулінарныя	30
улюбёнай	30
даступнасьці	30
элемэнтарныя	30
гараджане	30
кірмашах	30
этэрны	30
безалькагольныя	30
садавінай	30
ялавічына	30
разнавіднасьцю	30
бухту	30
падвоілася	30
плынямі	30
некамэрцыйнай	30
гранта	30
прадаваных	30
полё	30
макам	30
пакрытых	30
днестр	30
янаша	30
габсбургамі	30
хрысту	30
сардэчнай	30
госпад	30
ўскае	30
пераемнікаў	30
дагаворам	30
сана	30
тамтэйшага	30
плёткі	30
скрыняў	30
лявонція	30
пладамі	30
атрымоўваў	30
варанай	30
фарш	30
арыстакратаў	30
іль	30
прамежкавае	30
сэгед	30
пэч	30
апору	30
вучастак	30
трывалых	30
разбураецца	30
ўстрымлівацца	30
канонікі	30
сьлядах	30
павольны	30
вэрсіямі	30
падрабязная	30
пастаўляліся	30
салёны	30
гугенотаў	30
сесьці	30
маршалам	30
півам	30
непрыстойны	30
чужога	30
шматгадовага	30
спыняцца	30
датычнасьць	30
пастаўках	30
брацлаўскі	30
законапраектаў	30
пераведзена	30
панаваць	30
скарочанай	30
узнаўленьня	30
суполкамі	30
малекуламі	30
адчуваючы	30
цьвярскім	30
абмяжоўваліся	30
бэнц	30
нечаканым	30
велізарнымі	30
працяжнік	30
брэмэну	30
-хвілінны	30
выстаўляць	30
ўрадлівай	30
фактори	30
часлава	30
касты	30
абвешчаных	30
тэзісы	30
тарыба	30
узаемнай	30
інвэстарам	30
камунальныя	30
гранітны	30
выцягнутай	30
затрымаў	30
вяршынях	30
жывёлам	30
перакінуты	30
прыклаў	30
мінулай	30
салідарныя	30
расьсяліліся	30
атрымоўваць	30
індыйцаў	30
геаграфічную	30
канчаецца	30
гарадзкому	30
нарматыўныя	30
невыкананьня	30
брэнду	30
з’явілася	30
ўрагану	30
інструктараў	30
прадказаньне	30
экстрэмальныя	30
заступнікаў	30
мітынгах	30
стылізаваная	30
дзякла	30
вэрсаль	30
завяршаюць	30
ўланаў	30
злучайцеся	30
рыта	30
клімчук	30
ўплывовай	30
сфармаваўшы	30
кансэрватыўным	30
мальту	30
транснацыянальныя	30
бараніла	30
касьцюмаў	30
фатаздымкамі	30
пацьверджаная	30
павязаных	30
выгаду	30
русалкі	30
эўрапэйскай	30
стэпу	30
шыракалістыя	30
піхта	30
кантралююць	30
коштах	30
краіны-ўдзельніцы	30
канюшага	30
засяленьні	30
чудзь	30
уезду	30
соя	30
свабодай	30
падстава	30
здабыта	30
брэтані	30
альпійскія	30
выдра	30
вавёркі	30
альжырам	30
абвінавачваюць	30
рымлянам	30
таемную	30
бар’ераў	30
дардзкія	30
індаэўрапейскімі	30
паралеляў	30
вусных	30
копій	30
сакольнікі	30
лётнай	30
установамі	30
ню-мэтал	30
курску	30
вітаўтаў	30
ягінт	30
ягоўд	30
копысі	30
фёдарам	30
мяняў	30
ігуменам	30
мецяжу	30
муніцыпалітэтам	30
дзьмуць	30
санта-крус	30
дурэра	30
імпрэсіяністаў	30
эстудыянтэс	30
пачатая	30
архітэктурнымі	30
адрачэньня	30
пажыцьцёвым	30
заяўленыя	30
раварыстаў	30
траецкую	30
канарскага	30
ударных	30
ўзгорка	30
панёс	30
прымусовую	30
норка	30
танцораў	30
зборцы	30
саудаўскі	30
балівар	30
ілюстраваў	30
осака	30
посольство	30
абслугоўваньнем	30
доўгатэрміновыя	30
абліччам	30
росьпісу	30
сьпевам	30
невельскім	30
шарлоты	30
тварэньня	30
пазнаньне	30
спакойны	30
літасьці	30
сьмецьце	30
цеплаёмістасьць	30
руст	30
местачковы	30
дысках	30
дэмакратычна	30
папугай	30
лякальнай	30
беразіно	30
мядзела	30
басі	30
апантаны	30
госьцем	30
пускалі	30
лучнікі	30
бакох	30
апісанне	30
бягун	30
ўносяць	30
лінзы	30
ружэвіч	30
псыхааналізу	30
пэтры	30
абвяшчаць	30
мяняюцца	30
дзвюх	30
дорыс	30
усутыч	30
варожым	30
фларыяна	30
сылюэт	30
рэчыцкае	30
друкарскага	30
феадосія	30
выдаткамі	30
даручэньня	30
цеснай	30
мёртвае	30
сукна	30
пяхотай	30
сагналі	30
дапускалі	30
апісаньню	30
рублеўская	30
ельзи	30
хрыбтом	30
кашараў	30
мэгаватаў	30
верацеі	30
музыкальная	30
жэнэву	30
павятовую	30
сьвіцязянка	30
самабытнасьці	30
культуралогія	30
ганараваны	30
перамышль	30
гданьскі	30
пажарнага	30
позву	30
басьнійскія	30
бывалі	30
банкіра	30
сямейную	30
вуснамі	30
сьвят	30
крэспа	30
вітка	30
пліту	30
шлюзаў	30
пабудовах	30
дамель	30
бусла	30
ціхана	30
інгрэдыентаў	30
кінэтычнай	30
састаўныя	30
ўладарамі	30
белавескую	30
журнале	30
саамская	30
талаш	30
разьвялася	30
эвакуявацца	30
наносяць	30
канкрэтны	30
траяна	30
зарэгістраванае	30
духавенствам	30
любляны	30
ашчаднага	30
радыёсувязь	30
вузов	30
паведамлена	30
тэматычная	30
сьмяротныя	30
ўсталёўваюць	30
кала	30
министерство	30
гаўард	30
мёнхэнглядбах	30
анатомію	30
трубка	30
эфэктыўную	30
адзіных	30
белякоў	30
электрагітара	30
падтрыманыя	30
маўзалею	30
трубецкой	30
чака	30
відео	30
барсы	30
уварваньні	30
революции	30
бубнаў	30
губарэвіч	30
коўтун	30
пануюць	30
правяраць	30
устаноўкай	30
суліма	30
трактара	30
праніклі	30
партызанскае	30
аўтаматызаванай	30
апэратыўныя	30
ірляндыяй	30
пагоркамі	30
прадстаўніцтве	30
вугальных	30
прагай	30
навіну	30
разьлічаная	30
піктаў	30
фатаграфіяй	30
валгаград	30
адана	30
таўэр	30
прасоўваліся	30
бры	30
сьценкамі	30
падкляса	30
льнае	30
нашымі	30
логіка	30
падвідаў	30
дарый	30
грэкам	30
аяксам	30
расказаць	30
левэнгаўпт	30
вэктары	30
трубаправод	30
першасная	30
жыўленьне	30
сэмплы	30
лётара	30
плацінай	30
асьвечаная	30
геаграфічнымі	30
вид-во	30
паўторных	30
горн	30
мараплаўца	30
чаротам	30
пакрывала	30
уступаць	30
распаўсюдзіць	30
пакоя	30
падпольным	30
гамулка	30
здае	30
дажыў	30
закінутай	30
разгарнуліся	30
рэванш	30
баранаўка	30
марксізму-ленінізму	30
шырата	30
плацінаў	30
ўшанавалі	30
уносіць	30
саслоўе	30
рухах	30
пальчаткі	30
мацерыку	30
выратаваны	30
мыцьцё	30
палестынскіх	30
спатрэбіўся	30
жортай	30
мамы	30
ўцякла	30
густыя	30
джуліяна	30
кулікова	30
чарнагорыю	30
’гаспадар’	30
штаны	30
выконваючым	30
вінаградарства	30
бутэлек	30
мяшканцаў	30
аміяк	30
перайменаваць	30
камэрай	30
ольстэру	30
горын	30
тымурыдаў	30
ўкладаў	30
чс	30
межаваў	30
петразаводзку	30
іліяда	30
военных	30
доўгатэрміновую	30
выдзелена	30
скрыгалаў	30
паслаць	30
кармэль	30
бсдг	30
укладанне	30
культавай	30
міні-сэрыял	30
заўзятым	30
ўцёках	30
зьняцьцё	30
дэсантнікаў	30
вэртыкальным	30
вывозіць	30
вадзі	30
ліяны	30
датчанаў	30
вазу	30
засяроджаны	30
адрознай	30
канцавой	30
адхіліць	30
вбі	30
нец	30
курдзкай	30
дыспэтчар	30
вінавацяць	30
надпісах	30
ацэс	30
лемантара	30
падпісанага	30
скіраваных	30
судов	30
лодзінскага	30
красьнянскім	30
дылетанта	30
іванкаўскім	30
гарнізонам	30
троцкаму	30
здрадніка	30
дзьмітравіцкім	30
нетымер	30
перайменаваныя	30
нцавічы	30
трансфарматары	30
бэрнат	30
сакалянкі	30
гарадной	30
асаўцы	30
евічы	30
ганчароўскі	30
штраймл	30
старэйшыны	30
слугаў	30
бюджэтнага	30
нінскі	30
бер	30
эрдаган	30
давічы	30
мэджліс	30
абуховічаў	30
ворыўнай	30
ўізардс	30
гаўрыіла	30
старажоўка	30
высечак	30
скрабін	30
сумленьне	30
засмучаны	30
палінэзіі	30
рэзэрвовая	30
кніжную	30
забыліся	30
філарэта	30
волинська	30
залежная	30
церак	30
палтаве	30
мэталюргу	30
выбранай	30
гоні	30
хабар	30
сьвяцілавіцкай	30
глінішчы	30
забо	30
аляксеева	30
штрафных	30
родов	30
всеукраїнський	30
мартина	30
объектов	30
прэс-рэліз	30
хамічы	30
стомленасьць	30
зоські	30
асабовыя	30
каралавыя	30
гаваях	30
папуа	30
прыступіць	30
янко	30
рагачы	30
дзімітрава	30
афіша	30
папярочкай	30
здание	30
маяка	30
варонічы	30
фігурысткі	30
зьмяіны	30
скарпіён	30
культури	30
мэтралёгія	30
астрахань	30
жоўтае	30
матэматычна	30
біяфізыкі	30
сюжэтнай	30
сан-вісэнці	30
даданы	30
спальні	30
лоўрэнса	30
дзяржальні	30
трохпунктавых	30
любавічы	30
наняты	30
садовыя	30
улеб	30
здаровых	30
ўдалы	30
спагнаць	30
белапп	30
занарацкі	30
события	30
пекле	30
пастарунку	30
палітвязьня	30
мікрамова	30
брэтонскай	30
адрэстаўраваны	30
сцэнараў	30
ухваляла	30
сувальскага	30
плоцевае	30
нішкі	30
узнагародзілі	30
афіцэрскія	30
кантрабанды	30
срэбранымі	30
фрагмент	30
даступнае	30
клінікі	30
иосифович	30
алімпіядзе-	30
перавозчык	30
бяседы	30
няпоўным	30
ніс	30
запусьціць	30
параднай	30
генацыдам	30
мутацыі	30
марцінавіч	30
генеральнага	30
ціханаў	30
родапачынальнікам	30
кадырава	30
азярыцкаслабадзкі	30
эйсманты	30
гайцюнішкі	30
красьніца	30
навучальнае	30
дызэльнага	30
заказьнікам	30
еврейская	30
жыльлёвыя	30
гардон	30
кавярню	30
таксонаў	30
вішанькі	30
узгорак	30
браціслаўскага	30
незвычайнага	30
авал	30
абаротаў	30
апоэл	30
снае	30
пазначэньняў	30
экранам	30
гукавым	30
вакалам	30
райвыканкамы	30
гуўс	30
кіем	30
эльфы	30
заказу	30
бела	30
церковные	30
мельніку	30
падвале	30
лейбарыстаў	30
пазыцыянуе	30
дыпляматычнае	30
інтэгральных	30
-белаз	30
атрутных	30
лдп	30
асьпірантам	30
-павярховым	30
гарвыканкама	30
бандэры	30
фае	30
кранаў	30
контрфорсы	30
ніша	30
эпітафіі	30
апсыдзе	30
ўсходнебеларускіх	30
перакрыжаваньня	30
габданк	30
выстаўляе	30
лекарскі	30
стралковым	30
дыкапрыё	30
разьбы	30
абстрэлы	30
сырыйская	30
манчэстэру	30
заявамі	30
сэлтыку	30
паўэр	30
валёніі	30
байкавых	30
белшины	30
адбудуцца	30
інтэрнасьёнал	30
пашко	30
сарай	30
луганску	30
панк-рок	30
спадніца	30
абатам	30
падкарпацкая	30
накіраваньні	30
бэльгіец	30
ляўда	30
рэфэрэндары	30
ўсср	30
драгунскі	30
мэдыцынская	30
бусяж	30
павукі	30
сінімі	30
склікалася	30
балтыка	30
сноўскі	30
эвэлін	30
венскае	30
ункус	30
злачынным	30
ўзвод	30
швадронаў	30
шарашэўскі	30
натурморт	30
расейска-ўкраінская	30
прызэркай	30
кабэляў	30
дзьвух	30
мадрыдцы	30
галактыкі	30
кінжал	30
соглашения	30
сухопальскі	30
гасьцініцу	30
феі	30
гарадзейскага	30
верцялішкаўскага	30
квасоўскага	30
брыгіты	30
заслужаных	30
шварцэнбэрга	30
гарадзілаўскага	30
літературна	30
вызьненскі	30
количестве	30
войтаўстве	30
эрзянь	30
мікашэвіцкім	30
радуні	30
калібрам	30
слабада-кучынскага	30
уречского	30
мураванаашмянкоўскага	30
бобрскім	30
зю	30
акрон	30
гмі	30
рагнгільда	30
дакудаўскага	30
бруґе	30
флэтчэр	30
адважны’	30
парлямэнцкім	30
документальна	30
тэлевежы	30
прычэпаў	30
палягаючы	30
рэцэптараў	30
рср	30
кучнасьць	30
субацкі	30
паўночнагерманскіх	30
нарчэпінг	30
скупнасьці	30
гусарыі	30
фсан	30
віра	30
пабеда	30
немцова	30
аплатнай	30
збсч	30
бронзавымі	30
аль-газалі	30
лазэрнага	30
папугаепадобныя	30
авіябомбы	30
батэрфляем	30
леандр	30
сухарыкамі	30
маетности	30
пределах	30
дварышчанскім	30
гофэнгайм	30
белеўскі	30
зімовішчы	30
папярнянскага	30
птур	30
юзуфоўскі	30
геаґрафія	30
кладна	30
обі-ван	30
валар	30
міжзем’е	30
надолго	30
гбм	30
вклэ	30
пбя	30
джылі	30
ніжненямецкае	30
магўа	30
белгпп	30
мват	30
муцэнбахер	30
бяржанскі	30
восточная	29
ўсяславіча	29
ўзвышэньне	29
служилые	29
міхайлавічу	29
мэтэастанцыя	29
кантрыбуцыю	29
садкі	29
мэдыі	29
дзянісава	29
масонаў	29
багдановічу	29
ўнівэрсытэцкага	29
свободы	29
геалягічную	29
падробкі	29
канцавы	29
лышчынскі	29
хаванскага	29
токць	29
кобрынскае	29
дынько	29
фальклярыстка	29
архівіст	29
насыпалі	29
деление	29
ин-та	29
тралейбуса	29
захворваньнях	29
вароны	29
агееў	29
эвангелісты	29
ануфрыя	29
уваскрасеньня	29
пскову	29
максымальныя	29
яноўскага	29
бэрлінам	29
конец	29
вступ	29
медисонт	29
дамовах	29
гаспадарскіх	29
вакзалам	29
грабоўскага	29
узьнялі	29
папоўніць	29
харэаграфіі	29
перавозяць	29
зьніклага	29
-к	29
турэмны	29
юнацкага	29
бібліятэчная	29
францішканскай	29
слушкі	29
слушкаў	29
агульнаадукацыйны	29
выкладчыца	29
крыжацкіх	29
радзінаў	29
пацюпа	29
шацілкі	29
кернажыцкі	29
пакроўскую	29
бесьперапыннай	29
бака	29
прапагандуе	29
прафсаюзы	29
ўзгадвае	29
прадстаўнічай	29
паноніі	29
карынтыі	29
пазыка	29
тапаграфічная	29
дазволіўшы	29
райнэр	29
соўсам	29
клопатаў	29
наркамасьветы	29
строгую	29
контрарэвалюцыйнай	29
юр	29
алькагольнага	29
пацьверджаньнем	29
панамарэнка	29
універсітэцкае	29
ярош	29
івашын	29
сэрбскімі	29
гайм	29
верталёта	29
канцэртную	29
прэзэнтавалі	29
слухай	29
міхалюк	29
сумская	29
праслужыў	29
фатаграфіяў	29
белдзяржкіно	29
малодшаму	29
штотыднёвых	29
папуа-новая	29
сэйшэлы	29
тувалу	29
выправілі	29
коэн	29
кабінэтам	29
ганчарык	29
ратыфікаваная	29
табліц	29
прэзыдэнцкую	29
наркевіч	29
данскі	29
серафім	29
шэран	29
інбелкульце	29
лёрэнц	29
расіні	29
славутай	29
хібы	29
галіччыне	29
адсяленьня	29
савіцкага	29
расказваў	29
жадаю	29
моего	29
эта	29
оды	29
музею	29
гасьцёўня	29
габсбурга	29
ярузэльскі	29
сатырычным	29
фэльетонаў	29
сатырычная	29
полымі	29
знаўцам	29
смык	29
паўсотні	29
яркімі	29
жанравых	29
апека	29
маніфэстам	29
земляка	29
імпэрскае	29
нікаляс	29
эстляндыі	29
мроі	29
издания	29
луку	29
прыводзячы	29
биографии	29
сумневаў	29
жыда	29
садоўніка	29
затрымлівалі	29
унікальную	29
відавочны	29
акафісты	29
насычаныя	29
службах	29
сэнсаў	29
марне	29
паспалітага	29
ўзброеная	29
латнікаў	29
абрынуўся	29
справаздачаў	29
харэограф	29
франсуаза	29
раманская	29
плоскасьць	29
ампэр	29
карэцкі	29
васільевіча	29
бельскія	29
палубінскіх	29
фантастычная	29
вырашальная	29
польска-савецкае	29
бадлер	29
талочка	29
лётар	29
павэл	29
ав	29
апэрацыйную	29
тракія	29
зайцы	29
версия	29
плянк	29
дзесятковай	29
закрыў	29
бэрта	29
разьбяр	29
ператвораныя	29
кіраваныя	29
барытон	29
сымэнс	29
дзяўчатаў	29
візу	29
гастраляваў	29
эмэрык	29
тахтамыш	29
няпоўная	29
ліставаньня	29
физическая	29
журнала	29
эліяху	29
сіняўскі	29
картуш	29
мартэн	29
струнныя	29
эпітэт	29
бахрэйну	29
дрэйк	29
меншчына	29
земляробчых	29
падаходнага	29
цэмэнтны	29
ваўкавыскае	29
ўзьдзейнічаюць	29
летувай	29
улучаных	29
шпалеры	29
ўзвышшах	29
дрывяты	29
бэнгалія	29
султанату	29
карме	29
одра	29
барабаншчык	29
даведнікаў	29
грунвальду	29
шчучына	29
ганько	29
смаленшчыну	29
няпоўнае	29
карнымі	29
керамічных	29
забудове	29
насовіча	29
ўжывала	29
жніво	29
міну	29
шаўлях	29
выпрацавала	29
тарыбы	29
кінапрадусар	29
закаханых	29
антону	29
рэмбо	29
трухан	29
дзявочая	29
заслаўскіх	29
мятохія	29
уганды	29
дзекабрыстаў	29
расьненскага	29
запаветы	29
расьсьвет	29
будаўніка	29
ўскраіна	29
складальнікаў	29
морач	29
берасьцяная	29
лёрэнца	29
веравучэньня	29
гонядзі	29
спалучаючы	29
палянізацыя	29
кананічныя	29
бочка	29
разгоне	29
бялінскага	29
сартра	29
бэкет	29
рытуалы	29
мангайм	29
салетры	29
аліеў	29
спустя	29
абурэньня	29
ўстанавіць	29
арганізоўвалі	29
вандалізму	29
узвышэньне	29
рухомым	29
арбітах	29
выяўлялі	29
ўсялякіх	29
калёнах	29
кімсьці	29
ліцьцё	29
льнозавод	29
няздольнасьці	29
абароты	29
аднаасобна	29
пераможных	29
гутар	29
вікторыю	29
пуціла	29
гурын	29
недалёк	29
салігорцаў	29
магілёўскіх	29
ома	29
жахлівым	29
ўорэн	29
падводнага	29
далідовіч	29
вынесьлі	29
хары	29
заплянаваных	29
сольная	29
студыйнага	29
луізыяна	29
гагарын	29
праляцеў	29
розьніцца	29
нулявым	29
зыранаў	29
незаконнай	29
падпольшчыкаў	29
стараангельскай	29
каляднага	29
пералікам	29
кубінскіх	29
мэл	29
міхай	29
выслаць	29
алыцы	29
скончаныя	29
быхавец	29
незалежніцкага	29
парыскія	29
бюджэтны	29
параход	29
рамі	29
сівы	29
башкірская	29
бушэ	29
каратынскі	29
кабэль	29
княжыча	29
цеплаход	29
канкурэнт	29
батаў	29
гарэт	29
ерась	29
стадыяў	29
варыяцыяў	29
ірляндзкую	29
паказчыкамі	29
павысіла	29
уключэньне	29
разумнай	29
загружаць	29
бэрнз	29
навучылася	29
даян	29
бясьпечны	29
зьберагаецца	29
лірнік	29
рэгі	29
афіксаў	29
ўзгадненьне	29
запазычаньня	29
ўскладняе	29
прадаўца	29
здачу	29
паўднёваславянскіх	29
мікрамовы	29
пратэстантам	29
атамным	29
распадаюцца	29
абсэрваторыю	29
нішу	29
стыхійна	29
пранікалі	29
перакладаўся	29
згасаньня	29
зазнавалі	29
часьцінаў	29
дзеяслоўных	29
паляталізацыі	29
пасьлядоўнага	29
спражэньня	29
замяняюцца	29
валасны	29
асваеньне	29
выпраўленьні	29
надзь	29
вігілія	29
абвінавачаная	29
эўгеніюш	29
найменей	29
зразы	29
спажывалі	29
рыбных	29
цэн	29
пасярэднікаў	29
воцату	29
суніцы	29
складовых	29
данесьці	29
скрыня	29
дуж-душэўскі	29
прадбачыць	29
суседзтва	29
прабег	29
соўсы	29
варыць	29
сьвежых	29
літургічнага	29
аку	29
расьліну	29
сьвяточнай	29
разарваць	29
вынайдзеная	29
верашчакі	29
пластах	29
карэяй	29
своеасаблівую	29
выдаткавана	29
падштурхнуў	29
прыбыткам	29
ліхтэнштайна	29
яйкамі	29
хмызьняках	29
джэм	29
фушэ	29
пражываць	29
знаходзіў	29
литовским	29
скіфы	29
качавых	29
бэлы	29
немаўляці	29
гарэхі	29
захворваньнямі	29
эрыкам	29
пашкодзіць	29
жывёле	29
дасканалае	29
цёмную	29
селіцца	29
халоднымі	29
клей	29
зьвязваць	29
рэзкіх	29
імпэратарская	29
сукупнасьцю	29
рыбалоўных	29
капіяваньне	29
ўсталёўка	29
панятоўскім	29
нелегальная	29
чыгрынаў	29
байдэн	29
інтэлектуальнае	29
нікіфароўскі	29
грунтаваліся	29
скажам	29
аб’яднанне	29
здаровыя	29
нябожчык	29
незамужняя	29
кратных	29
дзіўнае	29
пераказ	29
восстание	29
дзейная	29
узмацнілася	29
ужываў	29
гаспадарскія	29
сярэднімі	29
змусіла	29
радыкальнага	29
выведвальнай	29
жыві	29
іншаземцы	29
беларусцы	29
жмудзіны	29
чарнышэвіча	29
самаідэнтыфікацыі	29
арыентуецца	29
нацызм	29
выкапнёвых	29
генэтычнага	29
гегемонію	29
прымусіўшы	29
калюмбам	29
прамянямі	29
рэґіёнаў	29
ганзейскага	29
транзыту	29
любэк	29
вэрмахт	29
фэліцыян	29
ідэалягічнае	29
шпіёнаў	29
гасеўскага	29
перадавы	29
ўтвараць	29
процесах	29
етнологія	29
захищена	29
спрадвечна	29
рыбалоўствам	29
мар’ямпаль	29
насыпы	29
абмежаваў	29
тоўстага	29
гравітацыйнае	29
хаўрусьніка	29
прамежкі	29
ахрысьцілі	29
запрасіўшы	29
нарманы	29
зэляндыю	29
надзейна	29
палабскіх	29
фармальныя	29
каніскі	29
зьдзелак	29
ўпаўнаважаных	29
баравікова	29
мэтрапалітэ	29
аўстра-вугоршчыну	29
мытным	29
зацьверджаньні	29
аполе	29
ацэнкай	29
носьбітах	29
узьняў	29
вызваляюць	29
сувэніры	29
чырвона-зялёны	29
бабровічы	29
камуністам	29
разом	29
месяцовага	29
заступніцтвам	29
вэнэцыяй	29
палягаюць	29
дрэнная	29
каапэратыўны	29
лавіць	29
александрова	29
капітуляцыю	29
украі	29
крапіўніцкі	29
жовтня	29
дубам	29
зыдан	29
дарагастайскі	29
далучаюць	29
юльюш	29
непаразуменьні	29
’яркі’	29
аргентынскім	29
вясёлкі	29
нявежы	29
памятниках	29
дзьвінскага	29
гарады-порты	29
конрадам	29
лядоўню	29
готлянду	29
вапняк	29
злата	29
бесьперашкодна	29
прарасейскага	29
разграміць	29
напалеонаўскія	29
надало	29
лісабонскі	29
раўнінамі	29
тэмпэратурамі	29
наўпроставым	29
электрастанцыях	29
вясельныя	29
бар’еры	29
канарскія	29
андалюзіі	29
абірацца	29
каталёнскія	29
сыдзе	29
джунгляў	29
калійныя	29
жыву	29
буйнейшы	29
слухачом	29
залішняй	29
мэрын	29
праваліліся	29
састарэлы	29
ягвін	29
філона	29
спасылаўся	29
суровы	29
слонимского	29
адданым	29
быценскага	29
добраўпарадкаваньня	29
ўдарамі	29
мяцеліца	29
нэгатыўным	29
паветранымі	29
чвэрцьфіналаў	29
караляваньня	29
прадстаўнічыя	29
ўласьнікі	29
авіеда	29
хвар	29
раздробны	29
наблізіліся	29
босых	29
кіроўцу	29
гараднічы	29
публіцыстычнай	29
некоторые	29
незразумелыя	29
рэптыліяў	29
гіганцкая	29
істотнымі	29
нэагатычным	29
бпср	29
падзяліўшы	29
селівёрстаў	29
бунты	29
вазаў	29
антыльскіх	29
зьмяшанае	29
зайца	29
дэнамінацыяў	29
пераадоленьні	29
аскар	29
васількаў	29
адсотка	29
маёмаснага	29
біржавых	29
пахаваць	29
себескім	29
пераўзыходзіў	29
падняпроўе	29
уменьне	29
нафтай	29
мянялі	29
наезду	29
супакоіць	29
прыпыненая	29
чанстахоўскай	29
лавіцкі	29
вольнасьцяў	29
ізабэль	29
зрынуў	29
маўзалеі	29
машынны	29
надзейныя	29
манэўры	29
абход	29
акружаныя	29
ўсутыч	29
аспэктам	29
цярпець	29
вымяраць	29
дравідыйскія	29
авіньён	29
камэрах	29
мюнхэнская	29
прымусовым	29
ухвалілі	29
перакрытая	29
эстраднага	29
хдз	29
адзнацы	29
пратрымаўся	29
падпісаным	29
прадугледжаная	29
плацежнікаў	29
рэміксы	29
ўтрая	29
перапыніў	29
мэтэаралёгіі	29
загінуўшым	29
чарэйска-ружанскай	29
беразьнякі	29
всего	29
гідралягічнага	29
аб’ядноўвалі	29
прудзішча	29
мачулішчы	29
захараў	29
францу	29
калеж	29
ненавідзіць	29
мархеля	29
галінцы	29
радашкавічаў	29
акадэмічную	29
партугальскую	29
друцку	29
набыта	29
вэтэрынарная	29
гавэл	29
гердзень	29
шкоднага	29
любэку	29
бровара	29
крадзяжу	29
вечназялёныя	29
справіцца	29
клявіятура	29
рэагаваць	29
апрацоўвае	29
джэкам	29
ручныя	29
смерть	29
выбіта	29
плянэтамі	29
фильм	29
пэрспэктыўным	29
надводнай	29
плоцевая	29
дабруджа	29
пажадалі	29
бубнача	29
безьліч	29
ўраднікі	29
густанаселены	29
зьвязалі	29
біблейскі	29
аточаная	29
трапляючы	29
статуяў	29
віторыё	29
тэлеграмы	29
сольным	29
вікіпэдыю	29
котаў	29
пераводы	29
тыране	29
брэ	29
аўтабіяграфічныя	29
алія	29
дзявятая	29
изучения	29
фантастычным	29
хакеем	29
апэтыту	29
статуэтку	29
вэст-індыі	29
рэдакцыйная	29
рыфаў	29
скаўтамі	29
ліпаў	29
калегіяў	29
пласту	29
антарктычнай	29
незвычайнае	29
апавяшчэньня	29
жалезабэтонныя	29
герард	29
брыцкія	29
склікаўся	29
анэксаваных	29
руду	29
платнай	29
хірургічныя	29
крэдытнае	29
пэрыёдыкі	29
залпавага	29
мэтэаралягічная	29
азсср	29
ўзьвесьці	29
нг	29
гарадзецкая	29
алфабэту	29
асяродзьдзю	29
сланечнік	29
крамэр	29
прынцэсай	29
дзейсным	29
пераменным	29
лейбарысцкая	29
статычная	29
мэханічнае	29
укаранілі	29
мантэрэй	29
сучасна	29
сьвініна	29
успамінае	29
перакананьня	29
кубічны	29
тапалёгіі	29
каране	29
д’яблам	29
лойда	29
пачуцьцямі	29
шафарык	29
ахоўным	29
збудаваньнем	29
сустрэўшы	29
атэнскага	29
гармонію	29
перадвыбарчае	29
бдіпч	29
запыту	29
правільнага	29
расавыя	29
трусы	29
абавязана	29
фігуркі	29
адзінец	29
кабінэты	29
пэтэрам	29
адрыву	29
чаравікі	29
дамба	29
канцэртгебаў	29
пажылых	29
загружанасьці	29
аўкштоты	29
землятрусам	29
карову	29
аўгустоў	29
наваствораны	29
вернуцца	29
разбуранай	29
шашэйных	29
мануэл	29
аналітычнага	29
адзіноты	29
выганяе	29
партрэтнай	29
сцэнамі	29
нэгатыўнае	29
уключэньня	29
спаленьня	29
гігіена	29
сховішчам	29
складкі	29
прыцягваліся	29
рэлігій	29
страсьці	29
пераводам	29
лугавы	29
бясьпечных	29
кананізацыі	29
норах	29
карэла-фінскай	29
кіргіскай	29
тыгра	29
адасобленых	29
археологии	29
парнакапытных	29
будрых	29
барадаты	29
спалучаць	29
міністарка	29
індустрыяльным	29
оперы	29
настольныя	29
адолеў	29
крышталічнай	29
арку	29
выпушчанае	29
падзеленым	29
паўастравы	29
прыродаахоўных	29
акіянах	29
хабараўскага	29
садаводзтва	29
казцы	29
гарадніцы	29
адбіцьці	29
костёл	29
прызнаўшы	29
стыле	29
хросным	29
начной	29
казначэйства	29
эскадронаў	29
жыцьцёвая	29
ўніяцтва	29
лошы	29
канцэрта	29
частаты	29
зыгел	29
ейнаму	29
падумаць	29
-каля	29
мадыфікацыях	29
піяніста	29
перабудоваў	29
уязной	29
складаней	29
арабіяй	29
кейптаўне	29
бэльгійскіх	29
затляненьня	29
атык	29
пазалочаныя	29
пазалочанымі	29
разгарнула	29
плянта	29
пава	29
хавічы	29
сьвірскім	29
адслужыў	29
цягнібок	29
прысядзібны	29
перасьледваць	29
знаменка	29
васьмігадовай	29
упсала	29
востраўскі	29
шпоры	29
біль	29
галасаваў	29
баброўскага	29
перапісаны	29
дастатку	29
вясковую	29
чамяры	29
умовам	29
лонг-біч	29
каўбасу	29
дубіна	29
лебедзеўскі	29
капліцы-пахавальні	29
арамэйскай	29
зава	29
сігневіцкага	29
парадныя	29
зьмяі	29
палітычнаю	29
евы	29
кавалерскім	29
мабільнасьці	29
прамую	29
пагадненьнямі	29
цьвікі	29
грыцук	29
арлеане	29
пляцдарм	29
прамаўляць	29
народження	29
прыпыначны	29
абстаноўцы	29
перасяліцца	29
загарэўся	29
галіцкая	29
сатана	29
сьвянцянскім	29
сіетле	29
шашой	29
побуг	29
добрушского	29
-генд-	29
-гент-	29
-гінт-	29
’посах’	29
’чары’	29
самбар	29
судзіла	29
арбітар	29
адсоткавая	29
бязвыплатнай	29
фунтам	29
сярэбраны	29
злачынстве	29
адзіночнай	29
капітальна	29
найстаражытных	29
праграмісты	29
лекамі	29
ўмацоўваюцца	29
факультет	29
бруд	29
затоплены	29
забясьпечана	29
электрыфікацыі	29
кулакоў	29
сынгапуру	29
кей	29
лівэрпулі	29
конана	29
вода	29
грызьліз	29
празьмернае	29
ляпнымі	29
прыборамі	29
юдаістаў	29
сьмітам	29
скача	29
дэтройту	29
унцыя	29
пітсбургу	29
шабля	29
княгінінскі	29
гарадской	29
герат	29
спрасьціць	29
наркамату	29
карэлічаў	29
рэжыма	29
юньнань	29
спрынгфілд	29
седлецкай	29
двайковыя	29
разьлікам	29
пагранічныя	29
ргі	29
боязь	29
паталёгіі	29
поставского	29
народзінец	29
тухачэўскага	29
дастаўкай	29
сэксам	29
саматэвічы	29
калекцыянэры	29
сюжэтных	29
ганчай	29
панізоўе	29
паказе	29
сьведчаньнях	29
паходні	29
зарплаты	29
дуніна-марцінкевіча	29
аздабляўся	29
загадчыца	29
задвор’е	29
эйсмантаўскі	29
райца	29
аскары	29
гвардзейскі	29
мулявіна	29
фанэтычная	29
графічнай	29
раму	29
тои	29
сеножатми	29
рыжкаў	29
падстолія	29
ірацкага	29
сядзібаю	29
сталічную	29
яшуны	29
экспэртызу	29
пілёнамі	29
природы	29
хаўмэя	29
бурбалкі	29
сэнсацыйна	29
борта	29
кабіне	29
прэзьбітэрыюм	29
парнакапытныя	29
чукоцкай	29
ніколы	29
штура	29
ракіроўка	29
кор	29
арыгіналы	29
паморскім	29
стартавай	29
грыўнаў	29
рэцэнзію	29
лду	29
-нэфавы	29
філёнгамі	29
збвб	29
ікамос	29
клінок	29
асьвеі	29
грэка-каталікі	29
падсьвільле	29
апрацоўваў	29
зубчастае	29
налічваць	29
затрымліваўся	29
лельчыцкай	29
праабражэнская	29
валерыі	29
рэжысэрскі	29
трафэя	29
нігерыйскія	29
пталемэй	29
укладальнікі	29
лукашанец	29
белшина	29
каяловіча	29
балюстрадай	29
ачакаў	29
адо	29
сябровак	29
ліквідацію	29
падразьдзелаў	29
дыягностыка	29
заві	29
краявых	29
трохмернай	29
самаходная	29
вагам	29
ідэнтыфікатар	29
летніку	29
бкб	29
марохараўскага	29
каме	29
ўвасабленьні	29
грэскі	29
таблічкі	29
сыгналізацыі	29
масьці	29
маляцічы	29
замасточча	29
ягорава	29
ўчыненьні	29
мечыслава	29
бясьпечнае	29
сибирские	29
падшыпнікаў	29
ерусалімскай	29
мфк	29
руля	29
бажэнаў	29
ролямі	29
тышкевічам	29
шнэк	29
літарату	29
хірургічных	29
чатырохдыяпазонны	29
чэргамі	29
брады	29
голдман	29
сотавую	29
вількаміршчыне	29
трабскім	29
мурава	29
зеляневіцкага	29
вёскаў	29
лямбэрта	29
кабыльніцкай	29
улусе	29
белнді	29
супрацьдзеяньні	29
казака	29
квасоўскі	29
сіргут	29
фіёры	29
зьдзецельскай	29
семенович	29
асіповіцкім	29
рашаў	29
рудзенька	29
лелюкінскага	29
рдултоўскі	29
моладаўскага	29
фенны	29
пятрэвіцкага	29
яршэвіцкага	29
танках	29
аўтаматам	29
зараджаньня	29
сакаўшчынскага	29
давойна	29
мураванаашмянкоўскі	29
наймала	29
ваверскага	29
ваверскі	29
азарава	29
грушэцкага	29
зары	29
абчускага	29
монькаўскага	29
сёдэрманлянд	29
мілейка	29
ахемэніды	29
заляшаны	29
янчына	29
бад	29
вінтоўку	29
боярина	29
ўсьведамляе	29
рыбалт	29
нартэксам	29
акцыйныя	29
нюху	29
вернадського	29
беларус-праваслаўны	29
акюрэйры	29
енциклопедичних	29
саміцаў	29
аўшвіц	29
сталёвага	29
рам	29
самахода	29
касьцявыя	29
норн	29
ятсэн	29
дэрбішыру	29
шварцэр	29
данузлаў	29
бэрггрэн	29
ўпіцкім	29
мечаны	29
абакан	29
вибрані	29
местечках	29
хароў	29
деревнях	29
юдэнраты	29
гофэнгайму	29
беларус-каталік	29
раднічкі	29
чацьверыковая	29
контаўт	29
давосе	29
азярыцкаслабадзкога	29
мачаскага	29
ґатлінґа	29
штаўфэнбэрґ	29
мазырчукоў	29
эстляндзкай	29
фальгорэ	29
рэншэльд	29
мбапэ	29
пардубіцы	29
супэрэтану	29
даваньня	29
шорт-трэкісткі	29
ркк-	29
аапт	29
пахатлівыя	29
іскага	29
іскі	29
пустовских	29
родъ	29
якубовичъ	29
-ск	28
мянтуз	28
лобач	28
нарматыўным	28
белорусскому	28
рэарганізавалі	28
уручча	28
камсамолец	28
стралковых	28
эпосе	28
чантурыя	28
забясьпечваюцца	28
грузаперавозак	28
маршрутных	28
паркавы	28
ахоўваюцца	28
абапірацца	28
глябальную	28
кантынэнты	28
агульнапрынятай	28
аспрэчвае	28
стралой	28
выплачваць	28
старого	28
берасьцейскіх	28
пехатою	28
перавезьці	28
райхскамісарыят	28
рыма-каталікоў	28
распрацаваным	28
пасажырапаток	28
прылуцкі	28
магі	28
вільготнасьцю	28
аднаўляцца	28
сылікатных	28
лесапарк	28
зовут	28
левабярэжную	28
раўнінных	28
алімпійскімі	28
братомъ	28
мясьціне	28
сінагога	28
шрамко	28
стратэгічную	28
трактарных	28
азэрбайджанскае	28
фармант	28
галодны	28
тацішчаў	28
алькагалізм	28
цэнтралізаваная	28
гарадскі	28
старажытнасці	28
знаць	28
оршы	28
городских	28
мінэральная	28
задарма	28
ашмянцы	28
датуюць	28
традыцыйнаму	28
застаў	28
кондратьев	28
антыўрадавых	28
-ое	28
купіла	28
адкінулі	28
дэкаратыўна-прыкладное	28
хуткаснай	28
старажытнарускі	28
прызнанага	28
гарвардзкі	28
данцыгу	28
генэзіс	28
лені	28
религия	28
ўайлдэр	28
пшанічнае	28
заклікамі	28
несправядлівасьці	28
дэлегацыяй	28
плённым	28
максімаў	28
кізевіч	28
суперніку	28
канкістадор	28
эрнан	28
прагучаў	28
жная	28
жэст	28
дасье	28
нікейскага	28
семяняка	28
правучыўся	28
зграя	28
шматнацыянальнай	28
алоўкам	28
караджыч	28
заслаў	28
гісторыка-культурны	28
урале	28
бэнін	28
нэвіс	28
вялікалітоўскага	28
зонд	28
вусаў	28
зараджэньне	28
прапанаваўшы	28
сержпутоўскі	28
цыклён	28
фэліксам	28
замужняя	28
пратакола	28
пугачоў	28
норыс	28
вывучаліся	28
бізэ	28
траўгут	28
брэмэн	28
зрокам	28
адлічаны	28
панамскі	28
паплаўская	28
палуян	28
мр	28
ялта	28
аляксандраўскай	28
выхоўваў	28
папраўкамі	28
всем	28
ней	28
натхнілі	28
красьненскім	28
індывідуальнасьці	28
гравюрай	28
аздоба	28
калдун	28
маўраў	28
наркамаце	28
зьверава	28
гасан	28
фэльетон	28
сіянізму	28
калене	28
лектарам	28
папрацаваць	28
ідэалягічным	28
шанаваць	28
адбудову	28
апавядальніка	28
разьмяшчае	28
клікалі	28
фінансіст	28
лівонская	28
бас-гітары	28
гітарыстаў	28
выразнага	28
наречия	28
доктор	28
абнавіў	28
прысваеньнем	28
зарэкамэндаваў	28
ўрон	28
гульдэнаў	28
архаічныя	28
ўстаўкі	28
прытрымліваючыся	28
здабыткаў	28
эрнандэс	28
уладыка	28
хрэстаматыі	28
немэн	28
нарвэжцы	28
бразыльцы	28
дадатны	28
адыманьня	28
математики	28
няправільны	28
фобас	28
воўкаў	28
храбры	28
портэр	28
літаратуразнаўстве	28
наватарства	28
гайнц	28
адмянілі	28
пастарнак	28
пастаўляла	28
камэрцыйнымі	28
замінаць	28
лесбас	28
экзатычныя	28
мультфільма	28
імам	28
інквізыцыі	28
стымулюе	28
гуманітарная	28
художественная	28
мадлен	28
культурна-асьветніцкага	28
зімовую	28
баболя	28
о’конар	28
задаволіла	28
стрэлка	28
рамансаў	28
нілам	28
владимирович	28
ляўковіч	28
майсеня	28
гумы	28
трызны	28
ягайлавіча	28
франкфурцкага	28
пацьверджанае	28
пячатцы	28
перавезеная	28
адкласьці	28
стэфаніі	28
дубінка	28
вон	28
нясьвіскую	28
дзявочы	28
масток	28
арфа	28
ўмацаванае	28
пераробленая	28
статистический	28
умерана-кантынэнтальны	28
наймальніка	28
ашмянскае	28
гаўі	28
тарфяныя	28
каменьне	28
поліэтылен	28
зьніжацца	28
выганашчанскае	28
акружаная	28
дагавораў	28
пазбаўленьні	28
біясфэрны	28
фралоў	28
памылковае	28
ўскосных	28
разгроме	28
левіна	28
юпітэру	28
дынамічных	28
курсам	28
санта-дамінга	28
цымбалы	28
жніва	28
краёвых	28
гаворачы	28
зьмяшаным	28
айчым	28
пісьменных	28
хруцкі	28
сіняўка	28
песенны	28
воду	28
павольней	28
бясконцай	28
выпраменьвае	28
адкінуты	28
рашылі	28
калесьніка	28
адрачэньне	28
яднаньне	28
сымо	28
тытульная	28
ідэйным	28
кёнігсбэрг	28
ўласьцівае	28
азбуку	28
тарашкевіцы	28
афіцыйнаю	28
фанэтычнай	28
байкова	28
артаграфічных	28
адрыў	28
адзінкавых	28
кашубскай	28
крыўлянскі	28
профессора	28
экзыстэнцыялізму	28
французскай	28
душэўнай	28
гайдэльбэргу	28
культам	28
віёла	28
мэталяў	28
сьцьверджаньні	28
лёзунгамі	28
марачкін	28
кальцавая	28
прыкладаньня	28
забаўляльны	28
спыніўшыся	28
хуліганства	28
фадзей	28
заканамернасьцяў	28
прадстаўленай	28
гендэрнай	28
дакар	28
ідал	28
дароў	28
таўлай	28
трайпл	28
кандрацьеў	28
паўдзельнічаць	28
харвацкую	28
выбыўшы	28
тэсалёніках	28
квз	28
цякла	28
двубою	28
касманаўты	28
чосэр	28
ахмад	28
майстар-клясы	28
кляўдыя	28
здольнай	28
фінансамі	28
валійская	28
аліг’еры	28
клеапатры	28
капітуляваць	28
конка	28
абхаская	28
уральскія	28
адлучыць	28
апалён-	28
сяніцкі	28
салерна	28
адзьдзяленьня	28
роа	28
форбс	28
делу	28
бэўвульф	28
асізі	28
нэўтральную	28
інфлянцкая	28
дос	28
курэйчык	28
плотнікаў	28
прамэтэй	28
байкоў	28
значэнне	28
аўтэнтычных	28
азбуцы	28
фарыньня	28
батута	28
дыснэй	28
рне	28
бамбавікі	28
скарападзкі	28
міхалевіч	28
ракавіцкіх	28
карлсэн	28
павіч	28
катарыны	28
набывала	28
працаўладкаваньня	28
палкоўнікаў	28
судзіўся	28
прыемны	28
пышны	28
патрабуюцца	28
апаратнае	28
кліент	28
распаўсюджанага	28
запыце	28
сеціўных	28
разбурыла	28
цікавілася	28
закахалася	28
музыканты	28
горадняэнэрга	28
грушэўскі	28
анісім	28
здабытку	28
крамлёўскай	28
купалінка	28
бальшавізму	28
рок-н-рол	28
лягічны	28
сакрэце	28
выстаўлена	28
нэўтрон	28
штучнымі	28
удасканаленьні	28
манумэнту	28
літургічнай	28
жахі	28
праяўляюць	28
назоўнікамі	28
няправільнай	28
замярзаньня	28
эскадрону	28
панямоньне	28
агульнапрынятым	28
стабільнай	28
паступовай	28
існым	28
уніяй	28
падляская	28
брацлаўскае	28
уніяцкага	28
зычнай	28
-и	28
тотъ	28
дзелавыя	28
існую	28
падтрымліваўся	28
хірахіта	28
тувінская	28
перавышэньні	28
разэнталь	28
надзвычайна	28
зямная	28
тушаць	28
студні	28
дзічыны	28
урбанізацыі	28
зайшоў	28
выняць	28
пагорках	28
галінка	28
рэдзькі	28
араматычныя	28
разнастайную	28
праймэрыз	28
таньней	28
вывяржэньні	28
прыблізная	28
габсбурскай	28
дзьвярах	28
мігдалы	28
плоду	28
прарокі	28
вуснае	28
сочинения	28
торвальд	28
вільгаць	28
умела	28
атачэньне	28
маторныя	28
барана	28
перапёлкі	28
дазволенае	28
паганскае	28
завостраныя	28
результати	28
крызу	28
марыяне	28
трапленьне	28
лодцы	28
агнястрэльнай	28
задаецца	28
клапоціцца	28
верасні	28
прыёмамі	28
турбіна	28
здаровым	28
малітвай	28
таннай	28
каўкаскіх	28
берагчы	28
мангольскім	28
дарагой	28
каляндарныя	28
астроўскім	28
шыбекі	28
вызваленым	28
баранцава	28
прамежкавага	28
матывацыі	28
цімафеева	28
разбуральныя	28
раптоўнага	28
змаганьнем	28
менскімі	28
мелодия	28
куплет	28
паэтычную	28
отделению	28
агульна	28
лінэя	28
мікраарганізмы	28
мэдыкаў	28
вуза	28
баярская	28
новгородские	28
меча	28
курзэмэ	28
ўскраек	28
ласі	28
лат	28
вераскава	28
княжеств	28
сямёнам	28
мельнскага	28
гурло	28
тай	28
разаслаў	28
абараняцца	28
лодках	28
прастор	28
аспект	28
лукомаль	28
намінальнага	28
узгоркі	28
норме	28
бесьперапынным	28
галасавала	28
дэпартаваных	28
адбіліся	28
фотасынтэзу	28
стайн	28
ржэў	28
сэмантыкі	28
пясчаных	28
травяністыя	28
верхавіне	28
вузамі	28
картэра	28
галіцка-валынскае	28
трансьляваўся	28
мапай	28
чыім	28
тэлевяршыня	28
настойвалі	28
уцякаючы	28
сот	28
кіпрскай	28
кантэнт	28
асяроддзя	28
постсавецкіх	28
цыркуляцыя	28
дабаўкі	28
прыкладны	28
канвэрт	28
пратрымалася	28
фізыка-хімічных	28
кадыфікацыя	28
дыскрэдытацыі	28
мірона	28
патрыятычным	28
хітрык	28
інстытуцыяў	28
калябрыі	28
альбэрці	28
эндэмічных	28
паркамі	28
землекарыстаньня	28
саміту	28
пахваліцца	28
невялічкая	28
серж	28
гёцэ	28
кожных	28
абмяжоўваюцца	28
ўімбэлдане	28
ўзьнялася	28
данілу	28
засядае	28
электроннымі	28
аксаны	28
ўладзімір	28
крайнія	28
днепрапятроўская	28
ўзнаўленьні	28
расейскамоўнага	28
самотніку	28
кансэрватары	28
маркеса	28
блякаваць	28
памежную	28
межырэч	28
сома	28
бальшавіцкім	28
закінутыя	28
іканаграфіі	28
новазэляндзкі	28
сэрыйных	28
духавыя	28
акцыянэрным	28
вета	28
паўночнаатлянтычнага	28
аэракасьмічнай	28
тысячам	28
анарэ	28
таймз	28
цытатаў	28
выгада	28
тлумачачы	28
фінікійскага	28
прапарцыйнай	28
асадкавых	28
тарыфы	28
дзяліўся	28
пастаўленай	28
супрацьдзеяньня	28
незалежніцкі	28
кантрабас	28
ляшкевіч	28
індаіранскіх	28
ледаход	28
яраслаўскі	28
марціну	28
македонскую	28
асуджана	28
палётам	28
-віт-	28
сэпаратысцкія	28
’страх’	28
’вастрыё	28
усьведамляючы	28
кананізацыя	28
інфраструктурай	28
мужы	28
таварная	28
падстанцыі	28
туджман	28
букавыя	28
пашкодзіла	28
ая	28
замінаюць	28
дакастрычніцкай	28
курорце	28
аргентынская	28
штэнэс	28
красінскага	28
куніца	28
лапо	28
цеханавецкіх	28
канеўскі	28
манастырскія	28
узьвядзеньня	28
грамадскіх	28
таварыствамі	28
ўсталяваных	28
пэсымізм	28
выдаткавала	28
хрысьціяніна	28
сьвятасьці	28
вайскаводаў	28
анамастыка	28
рыбалоўныя	28
кулібін	28
патрыцыя	28
алу	28
фармакалёгіі	28
параніў	28
дачыя	28
брэжнева	28
аксэльрод	28
пуці	28
-павярховага	28
хатку	28
настаўніку	28
перамясьціліся	28
ставячы	28
ўцекачамі	28
пазычаць	28
тайвані	28
тэлескопаў	28
пшаніцу	28
альжбету	28
лукішках	28
находзіцца	28
анёламі	28
спалета	28
уладава	28
пакупнік	28
актыву	28
пасылаў	28
чарнаўчыцах	28
старкман	28
лягерам	28
магаданскай	28
выкарыстоўваньне	28
друйка	28
віры	28
адпраўляюць	28
адваротная	28
паромная	28
пастаўскай	28
вялейска-менскай	28
захаплялася	28
рыбка	28
гутарковую	28
чаркаская	28
выкладчыкамі	28
крытыя	28
бдуір	28
перарос	28
ажанілася	28
пропуск	28
могільніку	28
мураўёва-вешальніка	28
з-над	28
зьвернутыя	28
неабмежаванай	28
пастамэнт	28
ліўні	28
канікулы	28
завальня	28
радыкальная	28
асамблеяй	28
сябрына	28
лапацінскіх	28
пэдагогіка	28
ачышчэньне	28
курта	28
пз	28
крэ	28
кампутарным	28
падгрупу	28
прыпыняе	28
апазыцыйная	28
рытмаў	28
рубі	28
зрынуць	28
вільгельму	28
пажаданьне	28
рэдакцыйную	28
вешчуноў	28
падзяляла	28
пэрыядычнае	28
архітэктару	28
плямаў	28
скарпіёна	28
ідэалягічныя	28
кантынгенту	28
эдуа	28
пэрыядамі	28
асёл	28
фільтры	28
характэрнага	28
парогі	28
клопату	28
разышоўся	28
эвангеліст	28
выключаюць	28
бадак	28
каляніяльная	28
гравітацыйных	28
прызначалі	28
ўругвай	28
эмацыйны	28
прывабным	28
портыка	28
мэцэнатам	28
перасяляцца	28
аўтаматызаваныя	28
фаміч	28
ангельскамоўнай	28
непакой	28
касу	28
юліяй	28
учебник	28
машыннага	28
мірскім	28
дзьмітро	28
сонейка	28
трывалае	28
мэльхіёра	28
шыфрын	28
сьпіралі	28
хрому	28
ерэванскі	28
брытаніка	28
івановіч	28
прэм’ер-міністр	28
пласьцінак	28
прымацаваныя	28
палонны	28
аранжыроўка	28
ролікаў	28
казла	28
заключная	28
чыстую	28
фотарэпартаж	28
устаноўленыя	28
аранжавым	28
сна	28
лістоўніца	28
падабед	28
навукова-тэхнічны	28
паса	28
маякоў	28
пускавыя	28
канвэера	28
выляцеў	28
шляхціцаў	28
цёплую	28
жудасныя	28
адыгрываць	28
галерэях	28
сутыкнуцца	28
падманам	28
разьбіўшы	28
нікея	28
выяўленай	28
плёнкі	28
аптычная	28
ацяпленьне	28
пераехаўшы	28
акісьленьня	28
роварнага	28
ісьціну	28
дыялектыку	28
ранейшымі	28
мадэлямі	28
карасі	28
згодны	28
буру	28
палімір	28
славутасьцямі	28
зарабілі	28
абышлося	28
каштоўную	28
адначасным	28
сілавога	28
асырыйцы	28
поці	28
тыфліс	28
мацнейшым	28
баварскім	28
атэнскім	28
лятарынгія	28
лятучых	28
суднаходных	28
гронінгену	28
парцаляна	28
багда	28
дзённым	28
найстарэйшае	28
гатычнымі	28
вяршынямі	28
кампа	28
казы	28
выкрыць	28
калябарацыянізм	28
памілаваны	28
зарплату	28
талейран	28
брэсцкага	28
аб’ёмах	28
магістр	28
саванны	28
баія	28
эквівалентна	28
нуньес	28
траянскай	28
бэлфаст	28
дзітвы	28
адновы	28
абавязалі	28
капэлянам	28
ваюе	28
атрымоўвалася	28
моўчадзі	28
устойлівасьць	28
крамай	28
парламент	28
копэр	28
мімі	28
навасёлак	28
тыднёвіку	28
утрымоўвае	28
шчыльных	28
патрыёта	28
абмяняць	28
каранаваньне	28
праўленьні	28
мэтафара	28
хацелася	28
севярынца	28
палачанскі	28
дарагічына	28
сакратарка	28
дабрыня	28
фэдэратыўнае	28
назіраючы	28
пэра	28
багаро	28
дасканалыя	28
стабільным	28
гэроі	28
стромкі	28
гестар	28
зруйнаваць	28
прывозіць	28
нэўронаў	28
аднаўлялася	28
чортаў	28
кніганошы	28
адраджаецца	28
ператварацца	28
каляіна	28
перападрыхтоўку	28
саступак	28
нэгатыўную	28
выселены	28
спадчыньнікаў	28
авечкагадоўля	28
пэсоа	28
сса	28
адмыслоўцам	28
высяленьня	28
зеркале	28
амана	28
інвэстыцыйнага	28
выбраным	28
цягліцах	28
сэлеўкідаў	28
хора	28
прывадам	28
распаўсюджвае	28
лябрадор	28
чыстак	28
бэрнза	28
збудаванага	28
выхадаў	28
дубавое	28
шава	28
аднайменных	28
мікалаеве	28
рэестр	28
міцькі	28
абсьледаваньне	28
высоўваліся	28
тайга	28
заробкам	28
нерухомасьцю	28
зьмяншалася	28
даследчык	28
медна	28
рнікі	28
аміна	28
рэйду	28
інавацыйнай	28
іванаўскі	28
пуліхава	28
пружаншчыны	28
малажынскі	28
пладаводзтва	28
ратайчыцкай	28
лугу	28
рэпішча	28
турэмнае	28
галавачы	28
алаізы	28
раскрытыкавалі	28
свободу	28
паліцэйскім	28
нарматывы	28
карткай	28
алексея	28
даўгялы	28
глагоўская	28
нэгатыўнай	28
коньмі	28
тэрапія	28
зьвілістая	28
братэрскай	28
зьдзекі	28
міхалі	28
пераправе	28
паланечка	28
жывіца	28
дахоўкай	28
сьветы	28
фэдэра	28
перамагаць	28
ільяшэвіча	28
індаіранскае	28
індыянапаліс	28
ашмянкі	28
петрыкаве	28
ўладзі	28
уручаны	28
пасьляваенных	28
калінінскі	28
быценскі	28
ўчасткамі	28
кракен	28
лозка	28
дымамі	28
тарыфах	28
пячэрскага	28
харлінскім	28
устойлівыя	28
карны	28
эрыха	28
водгуку	28
пазнаў	28
мэнэджараў	28
адзначацца	28
кіраўніцтваў	28
імітуюць	28
руны	28
газон	28
чэмер	28
матэматычную	28
гэнсана	28
астролягі	28
пам’яті	28
махачкала	28
зьвязваюцца	28
маркавіч	28
парушаныя	28
сўодэша	28
сьвета	28
абломкаў	28
клімэнтам	28
мэмбраны	28
лязом	28
шрубы	28
абвесткі	28
даўгата	28
аўстра-вугорскія	28
палітэхнікі	28
цэнтравога	28
баскетбалістам	28
выканае	28
супэрсонікс	28
баскетбалістаў	28
бронзавай	28
паўтарыўшы	28
майклу	28
контррэвалюцыйнай	28
пэкінскі	28
анансаваў	28
зьбіць	28
липня	28
дактарантуры	28
брыгад	28
аўгустова	28
ўзнагарод	28
бэнгальская	28
тату	28
новаўвядзеньняў	28
карысная	28
улётак	28
негарэльскім	28
карэйскім	28
ўнівэрсальны	28
забало	28
камплексных	28
ўнесеная	28
нагрэву	28
-ярусную	28
мантуі	28
мэтодыку	28
шасьцёх	28
піяністаў	28
абмоткі	28
макак	28
сойміку	28
камісарыятаў	28
саколкі	28
пытае	28
глядач	28
тэатральна-мастацкім	28
акон	28
машыніст	28
абл	28
брагінская	28
інстыту	28
аношкі	28
шпілеўскага	28
гарбачы	28
крамяніцкі	28
фільтар	28
удалёўка	28
заставіў	28
мельніцкага	28
вішнявец	28
унігаўка	28
тутэйшую	28
эўтрофнае	28
рэалістычнай	28
параненага	28
цырымоніяў	28
оповідання	28
перагрузкі	28
верціцца	28
карлікавай	28
зацемкі	28
распаўсюджаньнем	28
разрозьненьне	28
баера	28
бэлуджыстан	28
тамбоў	28
твітэры	28
ярэй	28
інтэрам	28
эстэтычны	28
туронку	28
гарызантальную	28
вэб-старонка	28
ансамблем	28
фундамэнталізм	28
скудэта	28
дырэктаркай	28
председатель	28
прадаваўся	28
запалохваньня	28
накрытыя	28
пісьменьніцу	28
вігаў	28
плэйс	28
рызаліты	28
мерацкі	28
уселюбскі	28
ўзводзілі	28
заплянаваная	28
засаўка	28
прылбіцай	28
вру	28
кілепадобныя	28
страляюць	28
валеўскага	28
памерлай	28
хвойніцкіх	28
таблеткі	28
ататурка	28
настасьсі	28
ракава	28
гарадзенцы	28
рудзішкі	28
гумарыстычных	28
старостою	28
вагавай	28
чацьверыковыя	28
бумблаускас	28
носіцца	28
ракаве	28
катэр	28
ласоснай	28
уручэньне	28
оон	28
нарботэн	28
лётаў	28
дзкая	28
хлявы	28
жэнэўскай	28
вялікалуцкай	28
егоров	28
архангельская	28
зайздрасьць	28
тулупава	28
удмуртыя	28
уласьціва	28
фарэнгайта	28
олександр	28
ктп	28
тод	28
аргельбранда	28
цэнта	28
адзначыцца	28
палямона	28
грэнадэрскі	28
салтанаўка	28
аповесьцях	28
мілаславічы	28
тадж	28
радзі	28
жэмласлаў	28
пэнсійнае	28
падразьдзяленьнях	28
абэлікс	28
калчака	28
асака	28
бліцы	28
ханты-мансійскай	28
біблійных	28
руководство	28
стаматалёгіі	28
стрэсу	28
представителем	28
метрыка	28
татьяна	28
лінаўскі	28
зеляневіцкі	28
актабе	28
столетие	28
васілеўшчына	28
аб’ёмна-прасторавай	28
артыстамі	28
мацко	28
установлении	28
калёне	28
сіротаў	28
цярэшкі	28
монстры	28
цыганов	28
камаровічы	28
ляховичского	28
скрыжаваньнем	28
літературної	28
ацалелі	28
родины	28
дрычынскага	28
пакроўскае	28
хоўхлаўскага	28
лошніцкі	28
электрацягнік	28
паўкалёнамі	28
даманавіцкага	28
сейлавіцкі	28
ялова	28
хацюхоўскім	28
вярэйкаўскі	28
нарві	28
дораці	28
фрыстайл	28
алексіцкага	28
асінторфскага	28
нарыхтоўку	28
выкрадаюць	28
кайсар	28
старэйшына	28
вічэнцы	28
апярэньня	28
золотоверхого	28
дэжавю	28
сядзеньняў	28
рэну	28
прыцэльваньня	28
мёдадайныя	28
злучальнай	28
редакція	28
букавіне	28
сэгунду	28
рву	28
аль-гіляль	28
набойніка	28
аструдзкага	28
поразава	28
разладаў	28
ммз	28
бхарація	28
розвитку	28
дроідаў	28
солтыства	28
паўночнамакедонскі	28
санкт-паўлі	28
гастомель	28
поезії	28
хаўмэі	28
зэбра	28
карвіна	28
славии	28
станиславом	28
аравічы	28
радзін	28
местностях	28
дэкс	28
славию	28
гасіні	28
боекамплект	28
сеніцкі	28
лебедзеўскага	28
сялібскага	28
болеслаў	28
альсвэнскане	28
гэндальфа	28
лудагорац	28
хойниках	28
гомельскаму	28
а-лігі	28
элітэсэрыен	28
камбікармоў	28
жосна	28
абр	28
юри	28
балтрамей	28
бабарыкі	28
фільмвэб	28
песьні-	28
дивослово	28
менск-асіповічы	28
сынэр	28
ібліс	28
мень	27
падгорная	27
камсамольскае	27
стацыянарных	27
бракам	27
амкадар	27
цягачы	27
экранаў	27
маторнага	27
земляробчага	27
канфуцыянства	27
дасьледуючы	27
плоцяў	27
унесеныя	27
зборнае	27
угору	27
зарэмба	27
рачным	27
хваляваньне	27
уручэньнем	27
зацьверджаным	27
лютэранскую	27
галіцкім	27
пакроўскім	27
кругавы	27
палявым	27
ивашко	27
залогу	27
ганчарная	27
тралейбусныя	27
параўноўваў	27
лузе	27
дрэваапрацоўка	27
заручаўская	27
прарэзаны	27
цязе	27
селішчаў	27
асу	27
разьмешчаную	27
вулічнай	27
аўтамабільнымі	27
дзягілева	27
сажы	27
цыганскі	27
давыдавіч	27
атачаўся	27
ліцьвінкі	27
зачыненага	27
майдану	27
йск	27
скіргайлы	27
пяхотную	27
кіпеля	27
давідовіч	27
малішэўскі	27
дуэту	27
езусам	27
лысенка	27
падраёну	27
палешукі	27
харавыя	27
папярочная	27
францішканскага	27
аршыцы	27
прыназоўнікам	27
батурын	27
камэрнай	27
прыродазнавец	27
валынскіх	27
рабаваць	27
ўсякага	27
манкевіч	27
пацьвердзілася	27
рэчыцу	27
настоящее	27
урачыстасьцяў	27
пасяліў	27
сынагогальны	27
утрая	27
кельцкая	27
трынаццацігадовай	27
венай	27
выбухнулі	27
адвечным	27
гербэрт	27
альтэрнатыўную	27
шэнгенскай	27
зьнізіла	27
северо-западный	27
ігараў	27
надрукаваным	27
камінская	27
саламаха	27
рэканкісты	27
фідэль	27
фан-клюб	27
нікейскі	27
нацыяналіст	27
каско	27
сотнікаў	27
быкавым	27
вучнёўскага	27
пленуму	27
лунінца	27
пераасьвяцілі	27
гуам	27
каморскія	27
джыраляма	27
ітан	27
паваротным	27
унесьлі	27
пэдінстытуце	27
сеціўная	27
романа	27
заходзе	27
падляскія	27
герасімчык	27
генадзем	27
супастаўленьне	27
фатаздымкам	27
івонка	27
нацыянальна-культурнага	27
народаўладзьдзя	27
перакрыцьця	27
андраюк	27
ёван	27
аднолькавага	27
дысцыплінай	27
кангрэсы	27
эванз	27
дубінскі	27
гэткай	27
канарскі	27
афорт	27
таварыствах	27
ацэненая	27
кнышын	27
брылевічы	27
выкід	27
стрымліваньня	27
відэагульня	27
традиции	27
эпімах-шыпіла	27
нацыянальна-вызваленчай	27
кніжцы	27
эмалі	27
грудзёх	27
паўтораны	27
мудрэц	27
ўстанаўленьне	27
лексыкалёгіі	27
генуэскай	27
радком	27
падштурхнулі	27
пучок	27
сялянскімі	27
асэнсаваньне	27
балтыцы	27
павуціньне	27
безадкладна	27
барабанах	27
дабрачынным	27
запісвацца	27
шанавалі	27
спадчынным	27
прапаноўваюць	27
кляштарах	27
дакумэнтацыя	27
інтэнсіўная	27
застаўкі	27
падданы	27
бляскам	27
адрасаваны	27
ўменьне	27
малявалі	27
александрыю	27
книгу	27
сьцісла	27
страфы	27
творча	27
перапрацаваў	27
которое	27
них	27
тэндэнцыямі	27
гуманізм	27
заключаных	27
занепакоены	27
арыгіналаў	27
тэзісаў	27
юкатан	27
стрэльбамі	27
нэгатыўны	27
маскавіты	27
пазначыў	27
геамэтрычнае	27
адыманьне	27
дробаў	27
ракеткі	27
бія	27
клеапатра	27
разані	27
калігула	27
гарэ	27
лішкаў	27
рэмарка	27
сьвяточных	27
фіна	27
рэнтген	27
ню	27
канцавая	27
ары	27
зарэгістраванай	27
перапісцы	27
наладкі	27
эпір	27
атыка	27
рэсурсам	27
нафтахімічнай	27
морапрадукты	27
альхімік	27
сапкоўскі	27
ээс	27
пераназвана	27
ворган	27
людвігам	27
лаза	27
шоўмэн	27
пулітцэраўскай	27
запоўнены	27
нашаму	27
брэнда	27
пісьменніца	27
альбэртыне	27
манівіда	27
ачолены	27
эміграцыйны	27
ігнатовіч	27
кле	27
клець	27
русалка	27
хорці	27
нагорная	27
городской	27
мазырскае	27
шпіянажы	27
ліфляндзкай	27
распарадчыя	27
мястра	27
дулебы	27
манумэнтальныя	27
пагалоўе	27
запаведнікам	27
каралеўшчына	27
пракладзены	27
паўднёва-заходнюю	27
стыр	27
тэкстыльныя	27
агенцтвы	27
падзамча	27
друцкіх-любецкіх	27
дванаццаты	27
даданыя	27
юрьев	27
мядзелка	27
реки	27
службоўцам	27
чарнаморскі	27
сюррэалізму	27
сакавік-красавік	27
мглін	27
заняпаў	27
мэдальён	27
літаратурна-мастацкага	27
альдона	27
нона	27
старасельскі	27
луначарскага	27
парозе	27
акбар	27
даніленка	27
марвін	27
броду	27
арыентацыяй	27
нулявой	27
утвараць	27
наземнай	27
оптыцы	27
радары	27
кінця	27
біяграфічным	27
сумненьні	27
тэарэтычны	27
разумная	27
старажытнарускае	27
размоўная	27
рэвалю	27
правапісы	27
абмеркавалі	27
матэрыялізм	27
войская	27
вестн	27
стажыраваўся	27
пошукамі	27
дэмакрыт	27
дочкамі	27
немалую	27
абшарніка	27
эмігранцкіх	27
палёгкі	27
валадары	27
пракладкі	27
нябожчыкаў	27
віньніцкі	27
шуневіч	27
хочу	27
спакоі	27
балю	27
мінімальныя	27
інвэстары	27
сьпешна	27
рэкамэндацыя	27
шыітаў	27
іслама	27
асушаных	27
рапсу	27
ваўкавыскам	27
дынамаўцы	27
ўстаў	27
хік	27
прасунуўшыся	27
працэсуальны	27
пэрл-гарбар	27
агняцьвет	27
дранько-майсюк	27
калашнікаў	27
дапоўнілі	27
прыступку	27
ляйбніц	27
кубінскай	27
айзэк	27
мельніцкі	27
гарднэр	27
паўлі	27
карпінскі	27
неафіцыйную	27
зуёнак	27
кракадзіл	27
распачатыя	27
ўключанае	27
козак	27
луцк	27
пастэр	27
элемэнтарнай	27
анэксію	27
мілера	27
гагэнцолерн	27
ліхаманку	27
пазьнейшая	27
зьдзіўлены	27
фуко	27
філа	27
жэстаў	27
індаарыйскія	27
грыгорыюса	27
забурэньні	27
крыніцкі	27
оэ	27
ўдакладненьня	27
юс	27
мільярдэр	27
кампазітар	27
гаўры	27
сьляпога	27
ўсходнеславянскія	27
арго	27
словаўтваральных	27
японцамі	27
корвін-гасеўскі	27
падкантрольнай	27
вальным	27
малгажата	27
марлен	27
палавы	27
федароўскага	27
намъ	27
асьпірант	27
літвіненка	27
гловэр	27
ўціск	27
моцнасьць	27
пап	27
павышаная	27
сьпячку	27
сном	27
мифилогия	27
раскрываюцца	27
лідары	27
намінальным	27
голўэй	27
кружэлцы	27
палепшаная	27
палепшаны	27
атэстацыйная	27
законьнікаў	27
ама	27
ліцьвінка	27
канстанцыяй	27
вэрсальскай	27
атаве	27
гесь	27
віетнамская	27
панк	27
грыбаўскайце	27
меншыкава	27
джодзі	27
перакладной	27
слоўнікавага	27
дзеепрыметнікаў	27
ручка	27
нэа	27
уплывовай	27
прапановамі	27
пацук	27
ролікі	27
ўфе	27
тамаза	27
урсын	27
граматычнага	27
трасянка	27
заходнеславянскія	27
плястык	27
паменшыла	27
падвергліся	27
праўдай	27
ўнутр	27
радыяцыя	27
царкоўнаславянскіх	27
люцічы	27
лякалізацыі	27
супрацьвагу	27
падляскіх	27
вялікакняскіх	27
настойвала	27
складамі	27
дыярыюшы	27
ўскосным	27
зьдзейсьненая	27
склонавых	27
загаднага	27
панове	27
беларуска-ўкраінскай	27
буде	27
цяжкасьць	27
адаптацыю	27
павялічваюцца	27
пуня	27
эпіскапа	27
арыгінальнымі	27
падпольнікі	27
геалягічным	27
кілбасы	27
парасткамі	27
піўныя	27
бярозавая	27
саслоўі	27
стымулявала	27
расьліннай	27
насякомых	27
стэпавыя	27
шчасьлівая	27
перапыніць	27
вёскаю	27
дзірку	27
кантраст	27
прыемна	27
зьмешваецца	27
дубільныя	27
прыемным	27
скрынях	27
вярбы	27
штораз	27
сыра	27
булён	27
вадкая	27
выпякаюць	27
мукой	27
падстаў	27
прымеркаваная	27
фасфатаў	27
электрыфікацыя	27
разнастайнае	27
ўдома	27
гмах	27
нфл	27
вясковым	27
цукерак	27
танным	27
крыстаф	27
лятарэі	27
ананімнага	27
замкамі	27
багдану	27
курляндыяй	27
замужжа	27
гасподняе	27
падоўжанай	27
эканаміста	27
абгрунтаваньнем	27
ізяславіча	27
падаўся	27
верагодней	27
восеньскага	27
парасткаў	27
клубні	27
пэрсанальную	27
зьяў	27
ізабэля	27
мазовію	27
мэліярацыя	27
узмоцненага	27
цепла-	27
д’ёр	27
сыцылійскага	27
катаваньнямі	27
бясконцая	27
днепрапятроўску	27
ўрэгуляваньні	27
харбін	27
бэатыфікацыі	27
спалучалі	27
сьвіта	27
грубай	27
аматарскую	27
якое-небудзь	27
бэзу	27
шульга	27
пратэстуючы	27
мэтадалёгія	27
небясьпечная	27
ўзяліся	27
парушала	27
руж	27
субэкватарыяльны	27
шэварнадзэ	27
чаві	27
прэсных	27
балта-славянскага	27
навала	27
демоскоп	27
чаркаскі	27
ісламскую	27
гімне	27
кіроўным	27
мадыфікацыю	27
адданыя	27
лежачы	27
грамыкі	27
высунутая	27
каляровымі	27
культурніцкіх	27
аптычнай	27
клясыфікаваць	27
лявуазье	27
сталасьць	27
пашыраюць	27
квасьнеўскі	27
процілеглых	27
яра	27
курляндзкага	27
загружаных	27
ганзейскі	27
адыходзіла	27
буэнос-айрес	27
казацкае	27
дзісну	27
здалася	27
смерць	27
цітова	27
канцелярии	27
упіцкага	27
вызначальным	27
краявідамі	27
трэцяму	27
заселенай	27
шавельскі	27
ўзвышшаў	27
тарфяных	27
лішайнікаў	27
ёнаса	27
дзюны	27
скаўцкіх	27
засяляць	27
историческом	27
ашнар	27
афарбоўцы	27
утрымліваюцца	27
гектару	27
ваймар	27
сынтэзаваны	27
журналісцкую	27
базамі	27
спрашчае	27
батурына	27
выстаўлялі	27
янычараў	27
ліпка	27
швадроны	27
повіту	27
востока	27
ведзьмы	27
крышталічных	27
атамную	27
зьдзейсьненых	27
ерусалімам	27
павышэньню	27
конкурснай	27
геральдычныя	27
президенты	27
валянціну	27
довад	27
ваколіцамі	27
райха	27
скарачацца	27
з’езд	27
валіцкі	27
росспэн	27
грому	27
каліфарнійскі	27
імпэратарамі	27
біяразнастайнасьць	27
асяродзьдзях	27
смог	27
філфаку	27
улучалі	27
аза	27
перамір’і	27
заяўляючы	27
патрэбен	27
зьбіраньні	27
новастворанай	27
малдаванаў	27
слабую	27
ндзкая	27
ґа	27
блізкасьцю	27
маскоўцы	27
узрастае	27
тэлевежа	27
славакамі	27
штрыхаванай	27
запэўнівае	27
культурна-асьветніцкае	27
малельня	27
улманіса	27
швабіі	27
папалам	27
планы	27
прадстаўнічым	27
згадку	27
сфэрамі	27
бурыя	27
аддзяліўся	27
абсталяваных	27
карыбскіх	27
нацыяналізацыя	27
нотр-дам	27
люўру	27
каштоўнасьцямі	27
важнейшых	27
узвышаюцца	27
уклады	27
наміналаў	27
візаў	27
краснай	27
фартыфікацыйныя	27
манумэнтальным	27
плястыкі	27
басэйнамі	27
ўладзівастоку	27
арганізацыйна	27
барабанаў	27
гіта	27
тэлескопы	27
пераваг	27
’веда	27
закон’	27
імпэратарскіх	27
ловы	27
яга	27
душпастырскай	27
сядзеньні	27
гумбальта	27
начное	27
маўры	27
мігеля	27
чаргаваліся	27
захаваным	27
прапаноўваліся	27
ператварыўшы	27
боска	27
крайн	27
івона	27
астурыі	27
перасяляліся	27
ініцыяламі	27
аўтамабілямі	27
крайне	27
ускладненьняў	27
вульканічнае	27
кантрастуе	27
накіраванага	27
санктуарый	27
аўтобусамі	27
рэалістычнага	27
ульянава	27
аселых	27
грабяні	27
плісы	27
хаджэньне	27
прывядзеньня	27
прывязкі	27
падвысіць	27
ямал	27
коханаў	27
бэртран	27
лістынгу	27
вылічаць	27
індэкса	27
пашпарта	27
унівэрсальнай	27
рэгуляваньні	27
александрыйскай	27
высланых	27
выкарыстаўшы	27
архірэяў	27
воевода	27
аламунт	27
маштабных	27
блогу	27
сямігадовая	27
войцехам	27
патрыятычную	27
кансэкрацыя	27
ганецкая	27
разьведвальнай	27
танкавую	27
вілія	27
манцэвіч	27
ўборкі	27
якубовіч	27
манэўраў	27
перасечаная	27
кавалерыю	27
усяму	27
боя	27
здаваліся	27
састарэлыя	27
схаваная	27
мужны	27
полигон	27
мазэпа	27
капэлян	27
звонкія	27
фараонаў	27
пэлікан	27
гарос	27
ўсеагульная	27
сотавага	27
замінала	27
кляйн	27
бясплатных	27
чыгун	27
адрэагаваў	27
урадавая	27
лішак	27
юным	27
вікторыяй	27
райлі	27
бяда	27
росьпісамі	27
пасхалія	27
расцэнак	27
зацікаўленасьцях	27
эўразійскага	27
забыўся	27
карціннай	27
прасіла	27
книжное	27
астраўцы	27
засваеньні	27
жулі	27
рэнтабэльнасьць	27
маскоўска-берасьцейскай	27
солаўе	27
магістральны	27
дры	27
гэткага	27
дуэтам	27
пірагоўскі	27
бель	27
найсьвяцейшая	27
ліпавец	27
якутаў	27
каралішчавічы	27
адамчык	27
аксак	27
адбіўся	27
адчулі	27
пушкина	27
баляду	27
асьвятлялі	27
душэўнага	27
ўнікальную	27
рустэма	27
рыхтэр	27
публіцыста	27
царскую	27
адпаведнікам	27
кантраляваўся	27
трубу	27
намінант	27
карпюк	27
распачынаецца	27
прысуджаныя	27
убудаваны	27
бясконцы	27
каталёгаў	27
трапічнымі	27
джунглі	27
падазраваны	27
ўнівэрсальнага	27
млынам	27
язь	27
воронеж	27
разьвітацца	27
уршуля	27
сэмантыка	27
вячоркам	27
папаўненьне	27
дзейнік-дапаўненьне-выказьнік	27
аналітычныя	27
здвоеныя	27
экспэрымэнтальнага	27
стыхійныя	27
злучылася	27
дэсантнікі	27
назіраньнях	27
культурніцкай	27
схільная	27
заўважаў	27
бэрніні	27
сварка	27
ўмацаванага	27
фэадальныя	27
рабаваньня	27
пакутніцкую	27
трамвайнай	27
вясновага	27
працадаўцам	27
пакутваў	27
аформіць	27
выказаўшы	27
університету	27
папулярызацыяй	27
калыханкі	27
заклікаюць	27
наведвальнікам	27
энцыкляпэдыяў	27
электроніцы	27
керамічныя	27
альт	27
зьмяншацца	27
юнга	27
нара	27
біяґрафія	27
азаронак	27
руўд	27
вароніна	27
лясок	27
насаджэньне	27
ульф	27
дарослымі	27
вібрацыі	27
праходы	27
уцягнуты	27
шэрагамі	27
адтулінай	27
выкладаюцца	27
выпрабаваў	27
старые	27
анк	27
ўат	27
лучшие	27
праваднікоў	27
граматычнае	27
шатрамі	27
абрамленьні	27
футбалісту	27
лабачэўскі	27
статкі	27
вырабленага	27
ўзьдзеяньні	27
матылька	27
недзяржаўная	27
этнагенэз	27
ўзначалілі	27
паборы	27
слаўнае	27
сумарны	27
ўніяцкую	27
хвіл	27
л-	27
ўзьняцца	27
трываць	27
гігса	27
сквіч	27
данілюк	27
глобус	27
палоннага	27
бізантыйцаў	27
ператварыўшыся	27
уступленьня	27
палешукоў	27
палескую	27
склікалі	27
лямант	27
сквозь	27
скаціну	27
супакой	27
выкарыстоўваньня	27
належныя	27
меднай	27
дб	27
абсалютных	27
заваёўваў	27
палосах	27
спазнаньня	27
гартман	27
хлусьня	27
касмалёгіі	27
многае	27
выратоўвае	27
авіяцыйным	27
альма	27
дбайна	27
вінцэнту	27
паспрыяць	27
адэлаідзе	27
зьвязвала	27
вілейцы	27
падавацца	27
коскі	27
велізарнага	27
сьвецкімі	27
амстэрдамскі	27
спэктрам	27
перапрацаваны	27
барочны	27
вусна	27
нацыяналізаваны	27
касцюшкі	27
адчайна	27
звольненыя	27
пасланца	27
прадаставіць	27
белаазёрску	27
прыгнечаных	27
пальміра	27
зьмешваньне	27
гледачу	27
палачкі	27
консулы	27
позірк	27
гідрамэтцэнтар	27
рыцарскім	27
паганскі	27
источник	27
адносны	27
фастаў	27
ампір	27
мотастралковага	27
прасторавай	27
перашкаджаў	27
разьмяшчаюць	27
плачу	27
мячэці	27
ваююць	27
клічава	27
прастытутак	27
прыводзіліся	27
чуваскай	27
разгорнуты	27
дубовымі	27
суправаджаюць	27
рахункаводзтва	27
гусьцяра	27
афармляецца	27
каранаваньня	27
галубовіча	27
-гадоваму	27
уцяклі	27
будар	27
’пасол	27
пасланьнік’	27
асьвятленьнем	27
георге	27
значкі	27
вузкага	27
шупы	27
шруба	27
прайграваньня	27
падгор’е	27
парцаляны	27
хаўрусьнік	27
плянэтах	27
сівая	27
рэанімацыі	27
нэкропалі	27
рэўкаму	27
антыкамуністы	27
кпч	27
сужэнства	27
ўсялякія	27
закаханая	27
злучок	27
аўтарскую	27
мария	27
падтрымана	27
прасунуў	27
скрайне	27
казимира	27
цыклем	27
дубне	27
ўлуса	27
ізабэлу	27
купалам-баняй	27
староньніх	27
касэты	27
бляхай	27
аздобілі	27
статутным	27
пералёту	27
рэжымах	27
цудатворны	27
мацярынскай	27
дадалося	27
калегіюмах	27
троччыне	27
шко	27
апранаюць	27
паўсядзённай	27
махамат	27
асэсар	27
пабораў	27
навасёлаўка	27
кіраўскім	27
пярэ	27
шкадаваньне	27
жырандоля	27
агенцтве	27
ўмацавала	27
буратыі	27
зубаўскага	27
раманоўскага	27
будаўнічымі	27
іён	27
пэрыядычнасьць	27
зьдзецеле	27
слухае	27
унівэрсальная	27
павільёнаў	27
хоўхла	27
яхімоўшчына	27
каапэратыва	27
меркаваныя	27
стасунку	27
галюцынацыі	27
кампазыцыйна	27
побытавая	27
своеасаблівыя	27
анамаліі	27
рэзыдэнтаў	27
дзіцы	27
монс	27
вучэбная	27
трасьцянка	27
нтб	27
паваенная	27
кіраўніцы	27
запомніўся	27
україну	27
магіл	27
магілеўскі	27
вучаніца	27
нядзелях	27
антанова	27
пляменьніку	27
выбываньне	27
научные	27
раг	27
ішкальдзі	27
бест	27
шматбаковай	27
прызначала	27
пазычаньня	27
саз	27
стахава	27
думаючы	27
патэнцыйнай	27
небясьпекай	27
люцыфэр	27
траекторыя	27
годнасьцю	27
спатканьні	27
гаркому	27
судам	27
уладальніцы	27
дэпутаткай	27
папраўча-працоўных	27
бірын	27
эймут	27
ірацкія	27
прыгажуні	27
мамай	27
памагатага	27
рудзенскі	27
прыватнасці	27
лазэрная	27
адкідамі	27
акумулятараў	27
хомск	27
нігеру	27
пазьбягае	27
вымярэньнях	27
лан	27
лябараторных	27
солсбэры	27
мажлівасьцю	27
нармальны	27
заходнепаморскага	27
джуліі	27
тэдзі	27
юн	27
арбіт	27
мінімальнага	27
баскетбольную	27
вэтэрана	27
абдул-джабар	27
гардэн	27
лятак	27
оўклэнд	27
ўдалага	27
узьдзеяньняў	27
колдэра	27
сваткаўскі	27
мэцью	27
заахвоціла	27
плітамі	27
паднялася	27
гётынгене	27
служачы	27
фота-	27
абгрунтаваньні	27
агульнаадукацыйнай	27
шаломы	27
арэнднага	27
губэрнатару	27
яркае	27
перасылкі	27
политического	27
геннадий	27
лучковым	27
бнг	27
сымфанічным	27
крытыкавалася	27
баявікоў	27
залесьсі	27
амэлія	27
прадусаваньне	27
чэхаславацкіх	27
бронецягнік	27
адцінку	27
пральня	27
цыры	27
рат	27
здача	27
робата	27
бялыніцкая	27
купрэвіча	27
жырмунскі	27
луньненскі	27
сморгони	27
кыргыскага	27
мокрае	27
граматычны	27
гібрыдныя	27
брягин	27
війни	27
рыдлёўкай	27
деревне	27
алаізію	27
крыжаўзьдзьвіжанскай	27
барака	27
пасялковая	27
паравую	27
меншыкаў	27
бдсга	27
ельні	27
нітранскага	27
вояджэр	27
эліптычныя	27
эксцэнтрысытэт	27
падарожнічае	27
хабараўску	27
лч	27
лідбэлі	27
дубайскі	27
турбулентнасьці	27
камэрнага	27
азад	27
рыма-каталікам	27
усякага	27
глухаў	27
найдаражэйшым	27
новий	27
болтану	27
юноша	27
людавіта	27
эсўатыні	27
самалілэнд	27
ніно	27
ковеншчыне	27
медалём	27
нацкага	27
каробка	27
злоўжываньня	27
даходзіў	27
курэсаарэ	27
алтарамі	27
рызьніца	27
завяршалася	27
знадворку	27
збудаваньнях	27
скляпеньня	27
голови	27
лэ	27
срэм	27
катлоў	27
тураўлянка	27
касакоўскіх	27
лякаматывы	27
клімавічах	27
васілеўскага	27
клінічную	27
спартаком	27
камароўскага	27
ачко	27
берасьцейцы	27
сцэнарыстаў	27
чэхаславацкім	27
грахоўскага	27
т-ва	27
леана	27
бітуму	27
цудоўнае	27
эйдинтас	27
кулакаускас	27
тамошайтис	27
сумеснаю	27
ракітнае	27
березня	27
міяцэну	27
сьцяпанава	27
ражкі	27
драхмаў	27
кандэнсатар	27
дозаў	27
клінка	27
кадравы	27
халопеніцкім	27
разліку	27
ўмоўнага	27
кавалку	27
паўлюкевіч	27
паказвацца	27
железной	27
туманнасьцяў	27
наташа	27
аповесьцю	27
выбарная	27
гулевіч	27
пагоны	27
хірургі	27
шаты	27
ухваляў	27
дактарантура	27
новазэляндзкія	27
эсбе	27
святла	27
шварцшыльда	27
суаўтары	27
нарды	27
філятэлія	27
пригороды	27
карлсан	27
узнагароджана	27
новікава	27
электрасеткі	27
атаманам	27
капцёўскага	27
нагрудным	27
геза	27
пяе	27
жарабковіцкага	27
мяжанскага	27
сіргоўд	27
сірмонт	27
лацьвянскага	27
курганьне	27
пераводзяцца	27
пагаспадарчыя	27
плешчаніцаў	27
шчасным	27
харлінская	27
хойникской	27
ціхановіча	27
спачуваньне	27
буркоўскі	27
астраглядавіцкага	27
ошмянского	27
дзераўноўскі	27
эрзянскага	27
дзянісаўскага	27
берасьцейцаў	27
жолуд	27
амкар	27
объявило	27
васількова	27
заявки	27
орлеўскага	27
русаковічы	27
жалабковіч	27
палацыку	27
кузаву	27
пярэжырскага	27
сванэці	27
праязных	27
літсупрацоўнікам	27
сваткаўскага	27
пянькі	27
кулеш	27
вязыні	27
мюнстэр	27
рыфленьне	27
судзівой	27
бабровіцкага	27
хобіта	27
эвкл	27
клубом	27
-балд-	27
-болд-	27
-болт-	27
васьмёркавая	27
сутры	27
белкарт	27
харошкі	27
левицкий	27
міша	27
ўістлера	27
кёрлінг	27
аўтаматамі	27
чэск	27
карозіі	27
пыса	27
шацку	27
етимологічний	27
якуція	27
грасгопэр	27
ммз-	27
бялградзкага	27
накшатра	27
мінігайла	27
гафіза	27
багушэвіцкі	27
кадрыля	27
рнпц	27
гігават	27
бвт	27
станиславу	27
языковые	27
раварысткі	27
джыра	27
полузащитник	27
тэс	27
тарвід	27
мэханіка-кіроўцы	27
барыла	27
архівавана	27
гэрты	27
городея	27
лонг-ліст	27
брыґаду	27
ґранатамёт	27
калодзескі	27
эгэд	27
вратарь	27
саруман	27
фэхтавальнікі	27
фэхтавальніцы	27
марфэма	27
вбт	27
лабс	27
азербайджана	27
тыгрынья	27
індэла	27
гэлтахту	27
хвальчевским	27
бартошъ	27
теріологічної	27
днкар	27
ітм	27
шазэл	27
белдут	27
перагоны	27
гунт	27
спецпереселенцы	27
наліцкая	27
ледэкі	27
газэтарунь	27
базылянскіх	26
мерны	26
дзённыя	26
гама-выпраменьваньня	26
этэрнага	26
весьціся	26
прастакутную	26
веранікі	26
студзінская	26
целеш	26
культуралёгія	26
роднаснымі	26
палеанталёгіі	26
вынаходзтваў	26
каляніяльным	26
канстытуцыйную	26
стасуюцца	26
разуменьню	26
дыплёмаў	26
рэвізія	26
бярэсьце	26
сумаў	26
акружылі	26
гаўрылаў	26
магістраляў	26
наталка	26
матушэвіч	26
імпэратрыцай	26
магілёўцаў	26
абрываецца	26
падымаюцца	26
сталовых	26
кароткатэрміновыя	26
адказах	26
агрэст	26
шчыльнага	26
урадоўцаў	26
сканструяваў	26
зьвязала	26
пралягала	26
адбудове	26
мель	26
апалчэньне	26
петрапаўлаўскага	26
паскевіча	26
аднаклясная	26
інструмэнтальнай	26
прытрымліваньня	26
грушэўскага	26
месьцічам	26
прычыніліся	26
маладзейшыя	26
вячэрнія	26
аляхно	26
лазінскі	26
аў	26
бярэзінская	26
рэкардсмэн	26
влияние	26
бастыённы	26
грузавой	26
лешча	26
чутны	26
горадняй	26
балеснай	26
ўжываньнем	26
кіеўскімі	26
прачысьценскі	26
лякаматыўнае	26
драздова	26
міронава	26
полоцк	26
наўгародзкім	26
тэалягічны	26
адзінаборстваў	26
лазоўка	26
бажніца	26
канстантынопалем	26
воінам	26
грамніцы	26
антыбальшавіцкага	26
сташэўскі	26
выправаў	26
паўстанцкая	26
падпольнае	26
древний	26
сувэрэнная	26
выпрацоўцы	26
аддадзеная	26
дольфус	26
скарыстаныя	26
уваходжаньня	26
беднымі	26
роварных	26
гайдн	26
захэр	26
чарвякова	26
слупкоў	26
дарэвалюцыйны	26
бабкова	26
выхаванне	26
сітуацыі	26
бэсарабію	26
незале	26
генералы	26
сола-гітара	26
паэт-рамантык	26
каці	26
музыкантаў	26
бычкі	26
літсупрацоўнік	26
віконт	26
ломжынскі	26
рынкавым	26
ціханава	26
гаяна	26
маршалавы	26
олаф	26
карымаў	26
калектывамі	26
альтэрнатыўнае	26
дзьвінская	26
радыёактыўных	26
нажа	26
дэля	26
чытво	26
пабочных	26
колішнюю	26
дакумент	26
міровіч	26
зьдзек	26
калекцый	26
лашанкоў	26
фэрнан	26
дубко	26
іголка	26
палітычнаму	26
вюртэмбэргу	26
эйзэнштэйн	26
прыродазнаўца	26
помпаў	26
зьнізіліся	26
польскаю	26
аналізуючы	26
ўчора	26
скульптараў	26
скарбніцу	26
сувораўскай	26
дамінанта	26
ручнік	26
экспануюцца	26
ліцьвінскі	26
беспартыйны	26
лібава	26
пакістанскія	26
паўднёва-усходняй	26
морысан	26
засім	26
валезы	26
джорджэ	26
адпрацаваў	26
задавальняць	26
ркк	26
д’яблы	26
якубоўскі	26
галаўня	26
суфіксамі	26
выслоўі	26
зафундаваны	26
эмэрсан	26
талінскай	26
вэб-сайтаў	26
ско	26
дварчанін	26
модны	26
львов	26
георгіем	26
выдавецкім	26
палачанаў	26
кнігадрукаваньне	26
абаранілі	26
вырашалася	26
абверг	26
гутэнбэрга	26
ёў	26
ісусу	26
паважаны	26
спасылаліся	26
дарашкевіч	26
караляўцы	26
герцагстве	26
пратэстантызму	26
кухарка	26
книгах	26
прывабнай	26
функцыях	26
леўчык	26
кругер	26
кіраванай	26
наймітамі	26
рэзэрвовыя	26
акружэньне	26
уводзілася	26
ўдарылі	26
вяртаць	26
гераічныя	26
нацысцкімі	26
галівудзкіх	26
саган	26
арафат	26
каталёнцы	26
карэйцы	26
аляксандрас	26
рыгоравіча	26
ўладзімерскага	26
беларуска-расійскі	26
слоўнічак	26
дыскусіях	26
клічны	26
хэльсынскага	26
функцыянальнасьці	26
капіяваньня	26
лякалізацыя	26
настольных	26
павышаецца	26
вэктарам	26
засяроджаныя	26
прымаўка	26
капітулявала	26
стабільную	26
асьветніца	26
беларуску	26
знойдзенае	26
булыга	26
клёзэ	26
нэрон	26
дняпроўска-бужанскі	26
арле	26
каханкі	26
лекцыю	26
элекцыі	26
анегін	26
фаўста	26
альшанскіх	26
пласьцінка	26
намеснік	26
гальяш	26
мусульманская	26
слуцкого	26
палатняная	26
станет	26
завулкамі	26
фёдару	26
кашарская	26
непамука	26
сярэднявечную	26
пальцам	26
нафтаперапрацоўчага	26
танцоры	26
малочнае	26
вырошчваньнем	26
наладжана	26
разьмяркоўваецца	26
скасаванай	26
выкінулі	26
жалоба	26
замыкае	26
пя	26
ашчадная	26
крычава	26
краскоўскі	26
ужываная	26
летняе	26
браслаўскіх	26
адроджанай	26
крамянёвыя	26
гадавік	26
падкрэсьлена	26
беразоўскі	26
прыпыненае	26
ўзбуджаная	26
асьцярожнымі	26
асьвятлялася	26
соўл	26
ґазэце	26
рубэн	26
кляшторная	26
каталёнскага	26
лобан	26
сьвята-ўсьпенская	26
жвіру	26
кампуса	26
прапрацаваў	26
прадказвае	26
выпрабаваньнях	26
лазэра	26
нязначны	26
вымяраюць	26
сыстэ	26
куратар	26
македонцы	26
ваймары	26
дзяржаўнаю	26
энцыклапедыі	26
нацыяналізмам	26
вэрсалі	26
гантэр	26
эўро	26
бухавіцкі	26
бранта	26
навастворанаму	26
изучение	26
філяматы	26
хлопчыку	26
антысавецкая	26
індывід	26
неспадзявана	26
акрэсьліць	26
атрадах	26
калегіюмаў	26
выбарны	26
фактах	26
решения	26
агульнанацыянальнага	26
франсыска	26
візытатар	26
сутнасьцю	26
мяняўся	26
міжурадавая	26
государств	26
разьліковы	26
уключылі	26
эванс	26
богі	26
матэрыяльнымі	26
зэўс	26
розыгрышаў	26
ўсесаюзнай	26
касьцяк	26
галкіпэр	26
п’едэстал	26
генчлербірлігі	26
нашего	26
кіпрскага	26
зьберагчы	26
алепа	26
раззбраеньня	26
сьлівы	26
чэмпіяна	26
аб’яўляецца	26
ведрыч-	26
перадапошняе	26
італьянскаму	26
бонусы	26
коўк	26
хусэйн	26
ртутнага	26
прафсаюзны	26
галяндзкім	26
закатаваны	26
рытмам	26
уключаная	26
адзнакаю	26
дзесяцігодзьдзямі	26
кіруючую	26
агеньчык	26
флорыду	26
кампутарамі	26
прыказка	26
трансвааль	26
вясьляр	26
калярыту	26
скажа	26
вандроўных	26
семежава	26
варыяцыя	26
іпатава	26
самазванца	26
лепанта	26
кірычэнка	26
цьвяткоў	26
ляснымі	26
акорды	26
гватэмале	26
бадлера	26
пераемнікамі	26
парагваі	26
тэрактаў	26
пузыня	26
ўзрастала	26
паўторы	26
сьпі	26
сьпірты	26
люм’ер	26
ндыя	26
браўзэраў	26
сынтаксісе	26
тэкста	26
шрыфтоў	26
паўночнаамэрыканскіх	26
відэазапісы	26
ініцыятыўную	26
выведзена	26
бэртрана	26
осбарн	26
уральскіх	26
гдр	26
супрацьпяхотных	26
таджыцкі	26
міровіча	26
уладзімеж	26
ўскалось	26
агучвае	26
тобі	26
нью-ёрскім	26
арэст	26
злучэньнях	26
выкласьці	26
ачуняла	26
дыякрытычнымі	26
утварацца	26
барталямэя	26
маякоўскі	26
паглынае	26
высоўвае	26
алексіс	26
нікалае	26
чаўшэску	26
лічыльнік	26
эндрус	26
лягла	26
роднаснай	26
агульнасьці	26
землям	26
сыстэматычныя	26
асобнасьці	26
інкарпарацыі	26
мяшчанства	26
лексыкон	26
старадрукаў	26
этымалягічным	26
дзеяслове	26
ніякім	26
далёкасьцю	26
паўставалі	26
небожчикъ	26
брацтваў	26
прыдыханьня	26
аб’ядноўваецца	26
вераніцын	26
здушылі	26
настольная	26
элтан	26
стрыечная	26
падкарпацкай	26
эт’ен	26
сушаныя	26
татальнай	26
траў	26
сьвечак	26
авіякатастрофа	26
гутарыць	26
кажу	26
вішнёвы	26
спэцыя	26
палягчае	26
атлянтыцы	26
асяродках	26
выціснулі	26
нідэрляндцы	26
дастаўленыя	26
кантынэнтальная	26
вэта	26
кантры	26
кухняй	26
цукровая	26
адказнай	26
княжеством	26
спадчыннае	26
андраш	26
лібэралізацыя	26
падольскае	26
дзеянні	26
цьвярское	26
падаўленьні	26
всея	26
пустэчы	26
вульканічнай	26
свэна	26
саломай	26
сухую	26
бакавым	26
сьціплым	26
вострую	26
павысіліся	26
зьвяры	26
бру	26
празьмернай	26
шлюбны	26
разьвядзеньня	26
водзіцца	26
імітацыі	26
каменьнем	26
тимошенко	26
студзеньскім	26
пецярбурскіх	26
паўлаўскі	26
гналі	26
папярочных	26
пялёсткі	26
ўсялякі	26
ок	26
вытрымліваць	26
строгае	26
святар	26
язвы	26
разьдзяленьне	26
акіянамі	26
стандартызаваны	26
латыскае	26
дзяленьнем	26
паўста	26
гадо	26
смуты	26
памешчыкі	26
кінутыя	26
пяцьсот	26
магічныя	26
сьценак	26
сакалоўскага	26
дамоваю	26
прычарнамор’я	26
кухмістар	26
мэтадах	26
зьменлівасьці	26
арганізмамі	26
кармленьня	26
экалягічную	26
михаило	26
лл	26
камісіямі	26
латвійскіх	26
ўмераны	26
вятрамі	26
адчувальных	26
портаў	26
адстаяць	26
крыва	26
ляяльнасьці	26
чаркаскага	26
наняць	26
касьцельныя	26
цывілізацыяй	26
максымальным	26
парафіяльныя	26
езяросы	26
дэпартавалі	26
дошках	26
тытульнай	26
дызэльнае	26
азначалася	26
душэўны	26
сэгмэнтаў	26
ўзаемадзейнічае	26
эўразія	26
масіўнай	26
вылучэньнем	26
мсьціславам	26
офісных	26
раўданскага	26
размнажаецца	26
прылісткі	26
закрывае	26
грыбоўскі	26
рынг	26
дзеўкі	26
польска-літоўскія	26
скардзіліся	26
косіч	26
другою	26
ізаляцыю	26
раманскі	26
ўнёскі	26
разгромам	26
фіксаванай	26
прадастаўляць	26
уводам	26
камунікацыйных	26
сферы	26
запушчана	26
бяспекі	26
двухгадовага	26
ракаўскай	26
кандыдацкай	26
адзі	26
паверхневыя	26
мальдывы	26
паляваць	26
голым	26
указы	26
якаснага	26
чыпсы	26
льнік	26
ядзьвігі	26
ўзаемнае	26
ляшко	26
асяродкамі	26
бандарэнку	26
пэтыцыю	26
бакачча	26
адрыятычнае	26
франкамоўныя	26
знакамітымі	26
р’евіч	26
мінкін	26
пэн-клюбу	26
кембрыдзкім	26
крычыць	26
кіля	26
спаборніцтвамі	26
брысбэйн	26
какаін	26
жар	26
зьмешаных	26
сьнежнай	26
саюзным	26
швыкоўскі	26
ураджэнцам	26
подолье	26
швэдзкаму	26
временник	26
непрыдатным	26
піліпенка	26
кампазыцыямі	26
выдаўшы	26
георгам	26
уладальніку	26
дывідэндаў	26
рыйгікогу	26
праґрама	26
паганскім	26
мілая	26
тартускі	26
строфы	26
струменяў	26
сымбалічным	26
драгун	26
дзяржаўцы	26
завалодалі	26
нанту	26
прымеркаваныя	26
абнаўляецца	26
распараджацца	26
аэракасьмічных	26
транснацыянальных	26
ўзроўня	26
зладжаная	26
сэн-дэні	26
барада	26
пахавальныя	26
размаху	26
апанэнтам	26
ўказаньне	26
адгор’і	26
арагонскай	26
карбону	26
цемру	26
прыпісваюцца	26
вэлярныя	26
злодзеі	26
дыяцэзію	26
студэнцкую	26
вместо	26
ўдзелы	26
июль	26
невінаватасьці	26
даваліся	26
пахваліў	26
фірлей	26
здольнасьцям	26
беларусаведы	26
разбудовы	26
ніну	26
фос	26
хуану	26
прасоўваньнем	26
кортах	26
лас	26
энэргаблёкаў	26
вараждзін	26
перагледжаны	26
відарыс	26
біёграф	26
дуэлі	26
заезду	26
дзясятках	26
чарнігаўскім	26
абыякава	26
моей	26
надыходу	26
шатана	26
сулькевіч	26
адваявалі	26
рудая	26
пагаджаюцца	26
дзярновыя	26
служачага	26
кошыку	26
агнэс	26
кучар	26
прафсаюзных	26
ўнясеньне	26
галіновыя	26
варажба	26
аб’екце	26
ўзьдзейнічае	26
грань	26
вся	26
разнастайным	26
алігут	26
цыклёнаў	26
дунайскай	26
дэй	26
більдзюкевіч	26
нікулін	26
трансфарматар	26
валянцінай	26
аргон	26
улманіс	26
суданам	26
дзевяноста	26
даміяна	26
сховішчаў	26
дольная	26
лыжным	26
сумежжа	26
дк	26
рамонтна-мэханічны	26
фірмовых	26
вітгенштэйнаў	26
нечаканае	26
альманахах	26
шчура	26
масіўная	26
дачакаўшыся	26
акружэньні	26
наклаў	26
манумэнтальная	26
дасьпехаў	26
разгромлена	26
сікора	26
тэкэлі	26
шторму	26
гіпаліт	26
бош	26
гіганцкага	26
ўзда	26
адзінкавы	26
індастан	26
трывалую	26
ровень	26
субкантынэнту	26
выпарэньня	26
зарплата	26
галадоўкі	26
набокава	26
памілаваньні	26
цьвік	26
выпечкі	26
баніфацыя	26
скончваецца	26
дадавацца	26
сцэнічнай	26
спалучала	26
гіза	26
акторку	26
клары	26
атакай	26
мадэст	26
адвароце	26
актыве	26
бэлзскага	26
вырабленай	26
павысілі	26
лютэрам	26
гараць	26
гетманаў	26
коньніцай	26
канцэнтрацыяй	26
манголію	26
інтэрнэт-бібліятэка	26
дывэрсантаў	26
вадаёмамі	26
царквы-мураўёўкі	26
храптовіча	26
числа	26
якаўлевічы	26
радзімічы	26
сітна	26
міхайлова	26
ганчароўка	26
лясгас	26
вяча	26
нелегальную	26
раненьняў	26
падазравалі	26
максіміліян	26
стихотворения	26
ежегодник	26
канцылярыю	26
каралінай	26
фатографам	26
оду	26
адкрывала	26
паваротам	26
мёртвымі	26
платных	26
кватэрах	26
ломжы	26
калег	26
скіраваную	26
дэмабілізаваўся	26
тургенева	26
шунейка	26
кулажанка	26
глебкі	26
акалічнасьцях	26
зьдзяйсьнялася	26
калумбіі	26
перашкода	26
матылёк	26
здаваўся	26
месце	26
чаканьняў	26
радыкальны	26
наталія	26
алдан	26
кукурузу	26
лібэральную	26
разьмеркаваных	26
сыстэмны	26
інтэрфэйсам	26
кабінет	26
премии	26
парахавых	26
кансьпірацыі	26
смерш	26
перакінутыя	26
вікенція	26
грубы	26
назіральнікамі	26
комі-пярмяцкая	26
тычыны	26
біямаса	26
вары	26
алтая	26
цю	26
калёнай	26
рочэстэр	26
стандартную	26
форума	26
імпэратарскія	26
падкова	26
данільчык	26
падкрэсьлівалі	26
рэдзька	26
ўрадавая	26
богородицы	26
заахвоціў	26
праграмістам	26
кодзе	26
сынглу	26
мішка	26
клетцы	26
тэлеканалах	26
пашанцавала	26
азяранскі	26
ляскі	26
навучэнец	26
фэрмаў	26
спэцыфічнай	26
август	26
крынціы	26
самапомач	26
мультыплікацыі	26
прысяжных	26
тармазы	26
чыжык	26
іўеўскага	26
брытанскаму	26
інцыдэнтаў	26
астраўной	26
арфаграфія	26
блакіт	26
шчарбатаў	26
фактару	26
гіганцкія	26
перавазе	26
шоўк	26
паралель	26
пераабсталяваньне	26
этнацыду	26
заахвоціць	26
анэксаваная	26
зьзяньня	26
анкалёгіі	26
паўторнай	26
падлучылі	26
нафтаправодаў	26
старажытнаірляндзкае	26
шатляндыяй	26
падавала	26
бабілёнскага	26
бесьперапыннага	26
піянэрскі	26
хэльсынках	26
плешчаніцкая	26
матылькоў	26
сафійскай	26
гераічнага	26
кіраванага	26
литвой	26
сіе	26
нікасія	26
інгрыі	26
сярэднечэскага	26
цыганскай	26
меркаваная	26
корнўал	26
югаслаўская	26
адбіткі	26
фабрыках	26
янгон	26
біна	26
крута	26
духамі	26
правадоў	26
віза	26
размнажаюцца	26
лісьцевых	26
актуальная	26
матэ	26
апанэнта	26
прыстасаваная	26
маштабнага	26
вагні	26
ўвасабленьня	26
сюжэтамі	26
танаху	26
пазначанае	26
вэктараў	26
сымбалізаваў	26
паніжанай	26
цюільры	26
выхоўвалі	26
ксэркса	26
арляняты	26
львоўскую	26
сынгла	26
арыштоўвалі	26
аздабленьнем	26
тымура	26
грузінаў	26
неспрыяльныя	26
швэрын	26
кампазытарамі	26
каспара	26
антычным	26
эйндговэн	26
цэзарам	26
уключалі	26
кіданьня	26
інцыдэнты	26
аўта	26
ўстанове	26
расенаў	26
закраналі	26
вачамі	26
даверам	26
зьдзітава	26
івацэвічах	26
пд	26
этанолю	26
манархічнай	26
баўма	26
сармацкага	26
холад	26
каменнае	26
сулы	26
парэзаная	26
забалочаны	26
баяр	26
пакроўскага	26
заахвочвае	26
пярэднюю	26
трыр	26
пулаўскі	26
днае	26
пазначыла	26
брыстал	26
гане	26
ярданіяй	26
кэмэрана	26
карлавіч	26
государственных	26
дубовая	26
сезону	26
рэкта	26
ём	26
саступаюць	26
падоле	26
лысы	26
скандынаўскім	26
вадуц	26
ахоўвала	26
-войш-	26
чуваць	26
езьдзіла	26
ўрача	26
рагвалод-васіль	26
постоянного	26
бэндэр	26
кпа	26
физика	26
пагаршаецца	26
ўсаґі	26
эратычнага	26
смо	26
строгіх	26
статара	26
плітку	26
первые	26
-ут-	26
багаце	26
жукоў	26
павялічэньне	26
збройныя	26
выказаная	26
зялёнка	26
назаренко	26
прымяніць	26
імітацыя	26
фарс	26
сяброўку	26
пажарных	26
любецкая	26
зводзілася	26
фізыка-матэматычнага	26
ўсялякага	26
інструкцыяй	26
экаперспектыва	26
сяржантаў	26
мазамбікам	26
лягуна	26
брагі	26
падпольна	26
празрыстая	26
карэйцаў	26
адходаў	26
карычневыя	26
алмазаў	26
упаўнаважаных	26
гэндэля	26
туркестан	26
куманаў	26
бату	26
казаскія	26
акмалінскай	26
пячорскі	26
мустафы	26
польский	26
дастасункаў	26
падтрымкаю	26
дзін	26
ляўрэнція	26
няздольныя	26
словазлучэньня	26
цыркуляры	26
фундатарамі	26
ліпава	26
барысаўка	26
ліпна	26
аніскавіцкага	26
янаўка	26
сейненскім	26
канструктыўна	26
акумулятар	26
ланцугах	26
ўпрыгожвае	26
олтускага	26
вульканічных	26
ліскі	26
прызавыя	26
бічы	26
уласы	26
прафесара	26
рэканструяваная	26
баў	26
кастэль	26
мэркурыі	26
камарнікі	26
атола	26
квоты	26
тыфлісе	26
правалам	26
арлеану	26
статыстычным	26
гвалтоўных	26
эксплюатуюцца	26
красьнік	26
мармуровага	26
купілі	26
абмяркоўваў	26
нутранага	26
турнаўскай	26
калядзічы	26
копаць	26
маркаўскі	26
мясоцкі	26
мініяцюры	26
чарня	26
вадкасьцю	26
выкарыстанне	26
карставыя	26
архіяпархіі	26
лявонава	26
кіруючым	26
д’івуара	26
клады	26
камандзірамі	26
троіцкі	26
найсьвяце	26
сынода	26
дыянісія	26
хабарніцтва	26
уапц	26
дабравесьці	26
індаарыйскае	26
альшанскага	26
протаіерэй	26
варанец	26
рыда	26
дыялёгаў	26
разумным	26
саратаўская	26
япархіяй	26
узначальвалі	26
будущее	26
прападобнага	26
башкірскай	26
авіяцыйнае	26
браўншвайгу	26
змазкі	26
шаньсі	26
сьвіру	26
бжастоўскага	26
праектная	26
выйгравалі	26
алаізія	26
вербавічы	26
гамарня	26
гальшкі	26
шумлянскі	26
давніх	26
листы	26
марша	26
буча	26
даманавіцкі	26
травамі	26
жыцьцяпісы	26
лазарук	26
праўдзівыя	26
указаньні	26
аналізы	26
оклэнд	26
заваёўніка	26
азоўскае	26
нару	26
-мод-	26
-мот-	26
-мут-	26
гэнсан	26
спонсара	26
ланскага	26
пакаленьнем	26
папярочкі	26
сумеснымі	26
маякі	26
ціханоўскага	26
фігурысты	26
падымае	26
цялец	26
замкнёным	26
маторных	26
козаў	26
трансфарматараў	26
крайніх	26
адступленьнем	26
палімэраў	26
адміралцейства	26
сабекошту	26
аксыды	26
драфт	26
хвасты	26
ураган	26
касаваньні	26
влксм	26
эль-паса	26
бізнэсоўцы	26
ўулвз	26
узяцьця	26
маласавінскага	26
чэмпіёнскіх	26
эмацыйнай	26
кобі	26
дзіўнага	26
древние	26
талібаў	26
міляна	26
монца	26
аддзяленьнямі	26
турфан	26
сэрвэт	26
прыгатаваны	26
адстойвае	26
горле	26
эскаляцыі	26
філаў	26
тычыўся	26
дашкольнага	26
прагне	26
экстрэмісцкай	26
малапольскім	26
пяройдзе	26
тэрмадынаміцы	26
форт-ўэрт	26
маляўнічым	26
александрыйскім	26
пацыент	26
яноўка	26
магіі	26
псыхікі	26
гэтэўэй	26
-ют-	26
-ят-	26
ютэль	26
зако	26
спутник	26
музыкальный	26
падпісаных	26
платонава	26
кантрабанда	26
лібэртад	26
ісаака	26
галерэйны	26
паўставаць	26
сцэнарыстка	26
вясковае	26
зьнятых	26
ініцыялаў	26
брэнтфард	26
грэма	26
юр’еў	26
вінаватымі	26
кастрычніцкае	26
трапнасьці	26
падворак	26
штандару	26
краснадарскім	26
хвойніцкая	26
макаравіч	26
калодка	26
пугачы	26
выхаваўчай	26
бераставіцкая	26
разалія	26
угару	26
парлямэнцкі	26
гавязна	26
старасьвержанскі	26
алекшыцкі	26
луконіца	26
дзевянішкі	26
сьвенскі	26
паравым	26
даччыная	26
помпа	26
роки	26
всим	26
лубенікі	26
гібрыдны	26
зьмененай	26
рашчынаў	26
алтайскага	26
салагубаў	26
сьпічастымі	26
відэафільм	26
дзіра	26
інфрачырвоным	26
процілеглы	26
крэмну	26
кутняя	26
валенсіяй	26
пяст	26
кадр	26
пераключэньня	26
дзіцянятаў	26
выраба	26
задавальненьні	26
тала	26
бэйтс	26
казачны	26
латы	26
наукове	26
сьціснутым	26
навукова-папулярны	26
профіляў	26
іпаліт	26
элеаноры	26
тэлеканалам	26
социалистической	26
акрыяў	26
аформленыя	26
школу-інтэрнат	26
скраў	26
кінэматографа	26
банду	26
праразаліся	26
адабраньня	26
лаўкрафта	26
тарэц	26
улацлавак	26
прыватнаўласьніцкія	26
бэльгійцы	26
зенит	26
элекцыю	26
івана-франкоўску	26
шахту	26
тэлефонам	26
арсеня	26
лукашык	26
апорах	26
пуні	26
ўата	26
пэрс	26
цяжарнай	26
краёвую	26
вакантны	26
прыхаджане	26
сянна	26
пампэя	26
хлопцу	26
пройдет	26
жэрэмі	26
золотой	26
бабруйчанаў	26
перапыніла	26
дражна	26
зборак	26
асабовым	26
фэдэрацыямі	26
абавязках	26
каўскі	26
полькі	26
формирования	26
тыбэцкае	26
кандэнсатары	26
брусы	26
шпулі	26
одной	26
шасьцідзясятнікаў	26
малевічы	26
відродження	26
весялова	26
джэдай	26
выведвальны	26
зага	26
абразе	26
политиздат	26
тадас	26
яраслаўскага	26
спрошчаным	26
лынтупах	26
тормаз	26
дабравест	26
особое	26
мята	26
встречи	26
ряд	26
хочет	26
казанова	26
марыён	26
аформлена	26
документ	26
памочніцай	26
фігурнае	26
эйс	26
событий	26
шатровы	26
ружанскім	26
вартавыя	26
альбіёну	26
велікасельскай	26
шарашоўскім	26
мокраўскага	26
індурскі	26
белацаркоўная	26
павільёну	26
прывядзеньне	26
стандард	26
усьпенскай	26
ставангер	26
энэргаблёкі	26
насавой	26
пазычаньне	26
гэйл	26
молодежь	26
бульвару	26
рычаг	26
абухаўскага	26
хлусава	26
завулкам	26
шмуэль	26
сакратаркай	26
пяхотнае	26
покидает	26
гамарніка	26
’чароўны	26
заклён’	26
форман	26
сораскага	26
астрель	26
-бел	26
крывічах	26
столбцовского	26
негарэльскага	26
рошча	26
вясейскага	26
акалоўскага	26
фенна	26
вошел	26
халопеніцкаму	26
кінаакторы	26
адміністрацы	26
зэмбінскі	26
рукакрылых	26
отар	26
бернардзінцаў	26
назначэнні	26
крупаўскага	26
гаўрылава	26
цягач	26
ловіць	26
ліб	26
шэрсьць	26
брэтонскае	26
зволе	26
стыпэндыя	26
гонтавы	26
ппл	26
покидают	26
лагазінскага	26
мотастралковай	26
српске	26
тсн	26
падаўжаць	26
руставанымі	26
мніхі	26
дхамапады	26
запаведзь	26
дронькі	26
суквецьцях	26
дзейнікам	26
амонія	26
сэгундзе	26
эксэльсіёр	26
ёталянд	26
штурмавікі	26
штурмавая	26
крой	26
бутрыма	26
йыхві	26
хвэйсбуку	26
хуткастрэльнасьць	26
багушэвіцкага	26
мам	26
чэлес	26
люар	26
мазгавога	26
алмі	26
фрымэн	26
купаламі-банямі	26
цёмна-карычневага	26
эвенкійскай	26
шаравое	26
глізэ	26
доўбізны	26
михайла	26
рубілкаўскага	26
дзітвянскім	26
піно	26
валяўкоўскага	26
смолевичи-сти	26
шчадрынскі	26
сьвірыдавічы	26
тор-м	26
пятрышкаўскага	26
рашаўцы	26
словникова	26
нафтане	26
хоўд	26
падмікольле	26
покера	26
лнр	26
ўжгарадзе	26
рэсьпіраторнага	26
лютого	26
пэнэ	26
бвр	26
тэсьленка	26
вайшнорыі	26
карыдзі	26
ігудала	26
маракоўт	26
гастлер	26
стэтэма	26
петровичъ	26
заливако	26
эйх	26
відуклеўскі	26
пэста	26
шур	25
мальцев	25
рынак-валоцкая	25
ўтвараліся	25
сьляпянка	25
дашкольнай	25
госьпіс	25
плястычнай	25
лазэраў	25
здания	25
усадьбы	25
бушлякоў	25
беларуска-амэрыканскі	25
слынны	25
чаркасава	25
квітнелі	25
спрыяючы	25
культурнаму	25
абмяркоўваецца	25
тэарэтыкі	25
колькаснага	25
мяшчанамі	25
дваранскім	25
базылянскай	25
ягелонскі	25
пісьменьнік-палеміст	25
суконную	25
мануфактуру	25
адыгрываў	25
брестский	25
дзекуць-малей	25
андреевич	25
дубравенкі	25
адчыненай	25
могилёв	25
правабярэжная	25
ялец	25
вялікая-рынак	25
брацтвы	25
юдэй	25
самадзейных	25
мінін	25
плавальны	25
падыходзіла	25
абутковай	25
вэртыкаль	25
залман	25
згадвалі	25
иж	25
брылёў	25
рэактыўнай	25
нораў	25
друкарняў	25
наступальную	25
гуру	25
спакуса	25
геральд	25
пачынальніка	25
закладкі	25
два-тры	25
дубавец-сагановіч-	25
семен	25
славілася	25
беспасярэдняй	25
дольнай	25
разьню	25
рынак-віленская	25
дражджавога	25
раздробленасьці	25
тыранам	25
андрусаўскім	25
намесьніцтвы	25
заступніца	25
старшынь	25
божышча	25
збудаванай	25
дзядзінцы	25
хоміч	25
мітычнага	25
плябанію	25
наваградка	25
аграрным	25
касцюк	25
крэдытнай	25
шылінг	25
анп	25
акіянічны	25
карынтыя	25
ліфты	25
па-чэску	25
аўгсбурскага	25
дваранінам	25
дасягнутае	25
прымушаны	25
стацца	25
магія	25
гурвіч	25
жан-жак	25
складанак	25
пабочныя	25
акустычны	25
алівія	25
кнігавыдавец	25
бараўляны	25
кублічы	25
каторая	25
дасканалых	25
распрацоўваўся	25
праўдзівасьці	25
сямей	25
падначаленьня	25
стоўбцы	25
тэрарыст	25
аднесьлі	25
жураўлі	25
ўоліс	25
мэртэнс	25
нелегальнага	25
урачыстасьць	25
лёля	25
пэрл	25
касту	25
вэранікі	25
самаадукацыяй	25
валерам	25
ільдэфонс	25
мураўёў-вешальнік	25
павешаньне	25
суб’ектнасьці	25
юрсапрынт	25
флямэнка	25
дапаможнымі	25
аўчыньнікаў	25
мэталаканструкцыяў	25
сьвіслацкую	25
ўжытыя	25
вынішчэньня	25
ўітні	25
парагвайскі	25
дзясятую	25
-кілямэтровай	25
санэт	25
літаратуразнаўчых	25
даглядаць	25
дасылае	25
дзённік	25
гарацыюса	25
парушыўшы	25
нататка	25
смоліча	25
этом	25
пока	25
крест	25
адамович	25
горкім	25
валянцінам	25
васількоў	25
музэй-сядзіба	25
кутняга	25
зводнага	25
вынайдзеныя	25
дзям’ян	25
замэнгоф	25
пакістана	25
жаніцца	25
тыф	25
накладзена	25
фашысцкую	25
рэзюмэ	25
пяюць	25
беларуска-расейскага	25
багушэвічаў	25
канстанцыю	25
юбілейнага	25
ўвабрала	25
паўтор	25
інтанацыі	25
пісаны	25
тэлеграфу	25
уліс	25
танныя	25
першадрукара	25
саламонавых	25
наблізіць	25
пасляслоўі	25
запісаліся	25
грунтоўную	25
партрэце	25
каханоўскага	25
заручыўся	25
адліты	25
ўжыць	25
библия	25
пратэкцыі	25
чэскімі	25
адрынутыя	25
багаслоўскай	25
багаслоўскія	25
герархічнай	25
дараваны	25
анархіі	25
абставінамі	25
сьцяг-пагоня	25
пачатае	25
супраціўнікам	25
спазьненьнем	25
удалым	25
сяньня	25
клясыфікацыяў	25
геаметрыя	25
шышэя	25
дапаможную	25
бітаў	25
мугамад	25
разін	25
лукомскі	25
пруст	25
прафсаюз	25
матыльда	25
чарнышэвіч	25
падпісваўся	25
филологических	25
мрый	25
атаманскай	25
ёта	25
насавы	25
сабекошт	25
распаўсюджваньню	25
зыходных	25
панэляў	25
гатовай	25
альбаніяй	25
іянічныя	25
баксытаў	25
апэльсіны	25
лімон	25
сухадольскі	25
мэмуарыстка	25
інстытутамі	25
дзяржаваў-удзельніц	25
ўступу	25
дэтэктываў	25
дэп	25
напрацоўкі	25
вэрмонт	25
рывэра	25
паверыў	25
каруза	25
кантужаны	25
адчуваю	25
раздавалі	25
папскую	25
мастак-жывапісец	25
мэблевай	25
лида	25
шаўковых	25
раманаўскай	25
водападзеле	25
бальная	25
чумакоў	25
фальклярыста	25
ясеня	25
балядзе	25
кімбараўцы	25
маслабойня	25
запісках	25
швэдам	25
электратэхнічнай	25
інваліднасьці	25
найніжэйшым	25
фасфарытаў	25
хрысьціянаў-баптыстаў	25
здабываюцца	25
падвышэньні	25
сэпаратысцкіх	25
перавароты	25
невысокі	25
лябараторыях	25
кох	25
зарубінецкай	25
бажніцы	25
графічна	25
лякальны	25
ордэнскай	25
фанэры	25
здесь	25
пэруанскі	25
жадан	25
грэгарыянскім	25
латгалаў	25
шчыльную	25
пратэстанцкае	25
плаціну	25
састарэлым	25
выпіскі	25
тыхъ	25
мэмарандуму	25
даведзены	25
рачынскага	25
анімацыйныя	25
чаркасаў	25
этыцы	25
феафан	25
выдзяліў	25
зьмі	25
цер	25
павага	25
ворганы	25
дакумэнтальным	25
рэпартажаў	25
купалаўскім	25
лябёдка	25
лінгвістычным	25
папаўняецца	25
двухбаковай	25
здавацца	25
ліме	25
нанава	25
апірышча	25
катэхізісу	25
царкоўна-славянскай	25
фё	25
канфуцыя	25
праўдзівай	25
адметнасьцяў	25
увяла	25
руска-беларускі	25
зубры	25
зьнятага	25
верхавых	25
градзе	25
диссертация	25
энцыкляпэдыяй	25
казанскім	25
маньчжурскай	25
бачаньні	25
наладжваньне	25
эмігрантамі	25
бацькоўскім	25
дазволы	25
запарожцаў	25
чартарыйскім	25
эканомію	25
уласнаручна	25
флябэр	25
прыходзіўся	25
лаўку	25
інспэкцыю	25
янукевіч	25
беленькі	25
кузьняцова	25
жвавы	25
ўнівэрсальная	25
узаемаадносіны	25
сынай	25
дасланыя	25
мэцы	25
клява	25
душан	25
ульянаўская	25
вусьцем	25
місіянэра	25
расьцягнулася	25
кубараў	25
лютар	25
чарвяк	25
рэвальвэр	25
эдўін	25
летувісам	25
лёнданам	25
гасьцям	25
атруту	25
тытана	25
домаш	25
фальклярыстыкі	25
агульнанацыянальнае	25
джэні	25
крытыкаваць	25
перасьледвалі	25
папуляцыяў	25
колінз	25
брытаў	25
дыябэту	25
камандоры	25
просто	25
навяртаньне	25
касьпіян	25
нарнію	25
ўэстмінстэрскім	25
сукенка	25
аркада	25
клінічны	25
эшалён	25
апэрацыйнае	25
вараб’ёў	25
ўпамінаньне	25
просячы	25
зе	25
высадку	25
даруе	25
помсьціць	25
уплывовы	25
балтымар	25
грос	25
індывідаў	25
высунулі	25
экранах	25
галь	25
зламаць	25
флэтчар	25
непрыманьне	25
мэсіі	25
збаўленьня	25
пасьлядоўнікам	25
ромул	25
мэйнард	25
санэ	25
песенька	25
алькагольны	25
рыбэнтроп	25
чары	25
празрысты	25
кісьлямі	25
спажываньні	25
лявіцкая	25
фарматам	25
кнопка	25
навінка	25
бальтазар	25
спушчаны	25
малдаўскае	25
гражданская	25
эўрапейскаму	25
падгрупаў	25
зьменам	25
пэстыцыдаў	25
брукс	25
оружия	25
гадавалася	25
жыроны	25
трыстан	25
мнішак	25
прадэманстравалі	25
спэцыялізаванага	25
лекарка	25
даўка	25
дзеепрыметнік	25
пампіду	25
аксыд	25
прамыслоўцы	25
нобель	25
промняў	25
патэнцыйнага	25
афарызмы	25
адрозьнівалі	25
атаясамліваньня	25
вусным	25
крыніцам	25
міграцыяй	25
прыналежнасьцю	25
дыфэрэнцыяцыі	25
маштабнай	25
параўнальнае	25
выцясьненьне	25
парных	25
творны	25
стороне	25
дыфэрэнцыяцыя	25
засьведчаная	25
канкрэтнае	25
-н-	25
сыстэматычны	25
рэдкае	25
гукавага	25
прадпрымаліся	25
параўнальнага	25
мэдыцынскія	25
першакрыніцы	25
вызвольнай	25
запякаюць	25
рэдкасьцю	25
вараны	25
кулінарных	25
выплачвалі	25
вытокам	25
экалягічнае	25
шэрлака	25
адпачыць	25
губляючы	25
кашу	25
сьветлымі	25
падзякаваў	25
сьвежага	25
селядца	25
азэрбайджанскіх	25
прыстаў	25
патэльню	25
масамі	25
сухімі	25
зэляндыяй	25
маштабную	25
лока	25
скіраваў	25
дзясяткамі	25
дрэваапрацоўкі	25
публіку	25
кінаіндустрыі	25
сьпелыя	25
шклянцы	25
ковенскую	25
адчувала	25
адрыятыкі	25
здраднік	25
бга	25
ўзяло	25
мудрацы	25
дапускаюцца	25
надсана	25
высьпяваньня	25
тэхналягічнай	25
ардзе	25
хрысьціў	25
ідэнтыфікуюць	25
цесных	25
неабавязкова	25
рангаў	25
стрыжня	25
зубцамі	25
лыжка	25
вуго	25
дэбрэцэн	25
выкрыты	25
лугавой	25
трысьнёгу	25
вр	25
разьезд	25
крупа	25
зьбіваюць	25
марыніч	25
нацыяналізьме	25
заказы	25
юзэфы	25
хрысьціянствам	25
буржуазнага	25
сьвіньню	25
давай	25
кругабег	25
арыстакратычнага	25
азіяцкім	25
запрашаліся	25
зрабіцца	25
прымяняюць	25
пашыраў	25
спадзяючыся	25
ніякае	25
пірамідаў	25
бутэльку	25
таляронак	25
баранілі	25
ўсесаюзны	25
пазначаўся	25
разсказы	25
прыняцьцю	25
глёбусе	25
генэтычнай	25
ўводзяць	25
апісваць	25
страбон	25
псыхічнай	25
падначаленьні	25
рэжыца	25
удалыя	25
асаблівымі	25
паловаю	25
хрест	25
пераймаць	25
замірэньні	25
узмацніўся	25
манголіяй	25
заможнымі	25
мітах	25
мяхі	25
прапагандысцкі	25
международные	25
расейскамоўная	25
асфальт	25
кардону	25
маршрутамі	25
ўзьняць	25
торунскі	25
ноўгарад-северскага	25
нахіленая	25
вадзяной	25
нэўтральных	25
штудыі	25
аўтаномнымі	25
гарадкі	25
гле	25
радаводу	25
река	25
выяўляцца	25
калёнку	25
панскіх	25
адмаўляючыся	25
пасьпяваньня	25
агаты	25
людовіку	25
фэрдынанду	25
ўскія	25
павярнуць	25
обществе	25
агульнаю	25
разыходжаньняў	25
магнэтызм	25
зараджаныя	25
шчадрын	25
андронік	25
крыштофа	25
чэхаславаччынай	25
молдова	25
вогненая	25
запушчаныя	25
існуючай	25
канфэрэнцый	25
пастаўшчыкоў	25
комікс	25
набыццё	25
гісторый	25
чыннасьць	25
зьмяншэньні	25
ледавіковы	25
ўмела	25
геральдычнага	25
дзяржальня	25
дзімітрыя	25
імпрэзах	25
рукапіснага	25
кандэнсацыі	25
дзюбай	25
ўратавала	25
інфляцыю	25
уваскрасеньне	25
лісейчыкаў	25
флаге	25
панкавец	25
сьвеціць	25
рачное	25
вэрдэнам	25
павольным	25
істрыя	25
згрупаваныя	25
сфэрычнай	25
схавалі	25
аланаў	25
пазбавіўшы	25
антытэрарыстычнай	25
пасварыўся	25
пасялковых	25
найдаўжэйшая	25
ўсеагульным	25
семенъ	25
сэйме	25
судзебнік	25
калевала	25
информационное	25
шліфэна	25
адклікала	25
комплексного	25
критического	25
рабінаў	25
закінутая	25
мадэльнага	25
алімпіяды-	25
камандная	25
суцэльныя	25
выру	25
разгарнуўся	25
прамовіў	25
стыкавыя	25
племянной	25
брытаніяй	25
плебісцыту	25
росквітам	25
наклады	25
парыскую	25
хмарачосы	25
гутарыў	25
законапраекты	25
альмэрыя	25
гвадаляхара	25
мэрыда	25
аднесеная	25
пантыфіка	25
таіці	25
пэпі	25
італійскіх	25
трубаправоды	25
інвэстыцый	25
кандыдатура	25
манэтамі	25
прымацца	25
дэвальвацыі	25
распазнаваньня	25
мэтавых	25
расчараваньня	25
прызначыўшы	25
гіт-парадах	25
пірацтва	25
віталт	25
дароўнай	25
тевтонского	25
ливонии	25
флярынаў	25
ўдавой	25
прагрэсіўных	25
рачынскі	25
іконай	25
гішпанскаму	25
вэляскеса	25
старажытнарымскага	25
франьё	25
праўкі	25
дынара	25
ўлучаны	25
абмяжоўвала	25
бацькоўства	25
фрагмэнтамі	25
аднадумцамі	25
катаньня	25
ровара	25
нэаклясычным	25
абата	25
сяргееў	25
асырыйскай	25
падаткамі	25
ўстрымацца	25
ахвотнікаў	25
кіляграму	25
білетаў	25
пакістанская	25
мараканскі	25
пакрылі	25
рудава	25
памілаваньне	25
уласьніка	25
чэкі	25
манастырскай	25
весна	25
багародзіцу	25
ўзьвёў	25
плясты	25
зьмешанага	25
тэлеграфа	25
мэндоса	25
распрацоўшчык	25
патранатам	25
нэкралёг	25
місуры	25
жан-мары	25
кастэнка	25
застрэліўся	25
джошуа	25
сніду	25
ўспрымае	25
гурко	25
скарбовы	25
балоцістай	25
друцка-бярэзінскага	25
вадасховішчам	25
падарожныя	25
самураяў	25
тода	25
незаселеныя	25
флёрынаў	25
пераканаўся	25
крыжацкага	25
доўгатэрміновага	25
магістры	25
атакуюць	25
захадамі	25
усталяваным	25
пералёт	25
партугалец	25
пошукавай	25
шавельскім	25
габэлен	25
арабійскага	25
ўказы	25
зараастрызму	25
ёга	25
плімут	25
рэгулярнымі	25
тыта	25
нафтавае	25
празрыстай	25
руіс	25
праявіць	25
мацнейшымі	25
салодкае	25
іларыён	25
высьвятлілася	25
лебедзеве	25
абкладаньня	25
падпісцы	25
тытунёвых	25
рыбаводзтва	25
зацікавіў	25
сьвіты	25
навінамі	25
глінай	25
пахаваньнямі	25
пехацінцаў	25
пераправіўся	25
дзеямі	25
штурмавалі	25
старастам	25
корвіна	25
прысудзіла	25
зваў	25
адносінам	25
беразіна	25
сьвірны	25
межава	25
інтэнсіўныя	25
засьценкаўскі	25
валяўкоўскі	25
руднянскім	25
рапс	25
андрэйчанка	25
казімірава	25
схілу	25
поймы	25
машканскі	25
кантаты	25
дэмакратычнымі	25
рашучасьць	25
па-італьянску	25
вандроўку	25
аро	25
дуэль	25
зосі	25
ператварае	25
мэтанакіравана	25
гродзеншчыны	25
дыялектная	25
бдму	25
сьпіртзавод	25
афіцэрскай	25
тузла	25
перабіраецца	25
антокалі	25
коласава	25
арыштаванага	25
сталовічы	25
шастак	25
экспанаваліся	25
заха	25
кнігазбору	25
рыфмаваная	25
джозэфам	25
сьвяточным	25
зьмея	25
кабета	25
кампартыя	25
быта	25
павільёне	25
лазэрныя	25
хуткасная	25
нобэлеўскія	25
лабадзенка	25
кыргыскай	25
грэгар	25
католікі	25
спала	25
моркву	25
падыходзіў	25
польска-літоўскай	25
грот	25
сталина	25
дыфэрэнцыйныя	25
шастакі	25
ідэях	25
прапаў	25
прысуджалася	25
водный	25
пяшчаная	25
ручаямі	25
банат	25
кантраляваліся	25
герашчанка	25
ганарар	25
шашалевіч	25
авіяцыю	25
ўдавалася	25
оскарам	25
зацятым	25
валянтэры	25
аб’ектна-арыентаванае	25
зручнага	25
дынамічныя	25
ватыканскім	25
турыну	25
ўмацаваная	25
дырк	25
злобін	25
галівудзкай	25
няправільныя	25
палітэхніка	25
зяновічаў	25
кагальнае	25
абароненых	25
відавочную	25
патэлефанаваў	25
старца	25
выдзяленьні	25
імпульсаў	25
намінаваўся	25
чараўнікоў	25
бездань	25
мінчанка	25
анкета	25
казачных	25
лужа	25
буржуа	25
рухаючыся	25
кіслародам	25
разьвітае	25
скокаў	25
хірурга	25
прапорцыяў	25
дабрачынная	25
прадстаўнічых	25
улёткі	25
рытуальныя	25
невысокім	25
палёнія	25
акцёр	25
трынідада	25
плянтацыях	25
фэрмэры	25
перадсэзоннай	25
расінгу	25
бечык	25
плаўнік	25
камсамол	25
калектыўную	25
сумарнай	25
патрабаваньню	25
сурмач	25
магнатам	25
камплектаваньня	25
геапалітыкі	25
пробашчы	25
абшарніцкіх	25
фармаваньнях	25
пакладаў	25
мэтавага	25
радыялёгіі	25
напрамкамі	25
гомельтранснафта	25
-р	25
ўпрыгожаныя	25
надпісе	25
вече	25
зэнітныя	25
сядзібамі	25
перабудаваныя	25
арынока	25
дабруджы	25
засушлівых	25
дэмаґрафія	25
магічны	25
агюста	25
адбіткаў	25
тайбэй	25
каналізацыя	25
міхайлава	25
тэмзы	25
гіры	25
модзе	25
ідэалягічна	25
паўправаднікі	25
папараці	25
адрозненьні	25
сусьветы	25
выснове	25
указвае	25
зьнешнасьці	25
правінцыйным	25
прыгарадаў	25
плоскага	25
мона	25
тына	25
артэміды	25
эфэсе	25
артабаз	25
напаткаў	25
акінчыца	25
датэрміновым	25
цтва	25
разцы	25
консуламі	25
самарыі	25
чарнагорцы	25
неверагодныя	25
сфармаванае	25
адчуваньняў	25
чацьвёртую	25
імпэрскімі	25
выключыла	25
раскладзе	25
сьвядомага	25
грамадою	25
распушчаныя	25
забег	25
грэнобль	25
капітальныя	25
падпарадкавана	25
флятылія	25
хуанам	25
асушэньня	25
ўладыслаў	25
основания	25
форце	25
лістап	25
распрацоўнікам	25
электраэнэргетыкі	25
ўроцлаў	25
радзіві	25
марыла	25
невялічкія	25
ласосна	25
эрозія	25
ловяць	25
зэльве	25
процістаяньне	25
дзявятага	25
заключнай	25
правадырамі	25
аздобы	25
перадрук	25
павялічваючы	25
трафіку	25
аўтабіяграфію	25
канфіскаваная	25
машэка	25
скланеньні	25
саляны	25
уладзімерскай	25
іпуць	25
высьветлілі	25
місто	25
правымі	25
абнародаваньня	25
вітае	25
тройдзеня	25
будзіла	25
драм-н-бэйс	25
гучны	25
ўразіла	25
рагін	25
изъ	25
вывядзеньня	25
канюк	25
прадзеда	25
пуцей	25
форумах	25
задзейнічаць	25
патройны	25
дарослае	25
купаньне	25
анатолія	25
электрарухавікі	25
палюсоў	25
-гаст-	25
любімым	25
гомэс	25
законапраекту	25
чпб	25
канструктывізму	25
аповяды	25
песьняю	25
рэґі	25
інструмэнтальных	25
ударыў	25
чарнобыльскіх	25
апярэдзіла	25
вечаровыя	25
спагнаньняў	25
сакрамэнтаў	25
грозаве	25
сей	25
паходных	25
фартэпіянныя	25
меркаванае	25
спадарожнікавых	25
вугальнай	25
віньніцкая	25
сэрцаў	25
югана	25
паніжэньнях	25
гераічная	25
графіняй	25
ўдалых	25
калмыцкае	25
абнаўленьні	25
люстэрку	25
паглынаецца	25
сфармаваных	25
грыгорый	25
политике	25
чаркесы	25
ісламам	25
сканчаючы	25
ахіла	25
недаступныя	25
інтэрфэйсаў	25
сіетлу	25
ручным	25
грэшнікаў	25
аркестраў	25
турбінаў	25
налады	25
ляховіч	25
прыгожымі	25
патэнцыйным	25
смалу	25
вінцу	25
барысюк	25
малюшыцкім	25
рослаўскім	25
целаскладу	25
жабинковского	25
балацьце	25
чарні	25
парада	25
кадравыя	25
старосьце	25
волмы	25
каменцы	25
крашынскі	25
сталовіцкі	25
лясьнянскі	25
другарадныя	25
фідэс	25
арыяў	25
паверхам	25
гарадзілава	25
беднаты	25
выбітнай	25
кулакі	25
сумнявацца	25
бывала	25
дзьвюм	25
сажалкамі	25
кампазыцыйнай	25
паддубна	25
пастаўка	25
датэрміновае	25
кац	25
рамонтам	25
байніцамі	25
арлінгтан	25
сэксуальны	25
пляніроўку	25
зручныя	25
блізьнятаў	25
камандорскі	25
каменецкого	25
авальнае	25
аўтамабілебудаўнічыя	25
фядута	25
кгц	25
азнаямленьня	25
выкладу	25
бачыны	25
жадаючых	25
ппа	25
гт	25
рангі	25
парасон	25
маркамі	25
пастаяннымі	25
рэабілітацыю	25
культурна-асьветнага	25
гіляры	25
руан	25
падпісны	25
велямічы	25
шок	25
віцэ-прэм’ера	25
галубоў	25
хляве	25
знойдзенага	25
айдага	25
прылуках	25
башкірскі	25
шэньсі	25
ханы	25
валгаградзкая	25
стрыт	25
вяляцічаў	25
вербавіцкага	25
кміты	25
літера	25
гроші	25
кішкам	25
которой	25
істор	25
актів	25
остроглядовичи	25
амэрыканца	25
штабс-капітан	25
рэакцый	25
ірака	25
патыліцы	25
самоцік	25
раманчука	25
ўстаноў	25
версіі	25
кобальт	25
адзнакаў	25
адвага’	25
саудаўскую	25
замарожваньня	25
процілеглай	25
становішчаў	25
беняконскім	25
намінантаў	25
люцынскага	25
галкіпэра	25
сэце	25
ўла	25
плоскімі	25
історичні	25
жывапісныя	25
астрафізыкі	25
гандлёва-прамысловай	25
гатаваньні	25
адгалінаваньнем	25
запоўненыя	25
радыёлякацыйнай	25
касманаўтыка	25
выбуховая	25
рухані	25
харасан	25
барса	25
паўтарэньне	25
спамінаў	25
лісткі	25
паштоўцы	25
сухаволя	25
завіруха	25
сэльты	25
марыся	25
леонэ	25
язэпавіч	25
сэрбскахарвацкай	25
непрыстойных	25
пракрочыла	25
джэйсана	25
бабінавіцкім	25
адклікаць	25
перабываньня	25
літру	25
коўзанкі	25
шэметава	25
юля	25
складніку	25
сэрыйнага	25
імпрэзе	25
крагуевац	25
завочнай	25
выкладзена	25
нарачанскай	25
зэмбіне	25
дтз	25
нічыпаравіч	25
цзянсу	25
ганьсу	25
рэзэрвуары	25
іказьні	25
ткачы	25
слабодкі	25
расфармавалі	25
штомесячныя	25
сэксуальным	25
адвольныя	25
матеріалів	25
конференції	25
маце	25
вайткявичус	25
прыгожую	25
брусоў	25
адтэрміноўкі	25
падклясы	25
біяграфічных	25
завесьці	25
паэзыі	25
кадру	25
’цяжкі	25
важкі’	25
ліцьвінавічы	25
поразаве	25
рашчынай	25
шатровымі	25
пхёнчхане	25
шорт-трэк	25
вітала	25
зьменны	25
ястраб	25
арэса	25
доўгаўскі	25
валасовіч	25
шырокаўскі	25
пятрэнка	25
вішоўскі	25
поисках	25
папярочнай	25
евро	25
ыменья	25
тою	25
дзяржаўцам	25
настаяцеля	25
брагінскае	25
ракіцкай	25
бабчынскай	25
старажылаў	25
сэміцкія	25
баса	25
вылучацца	25
бясплатную	25
газавым	25
рэактыўнага	25
касьцё	25
кольцах	25
сырт	25
рэпін	25
дулуб	25
узвышаліся	25
замоўлены	25
інтымнай	25
квартэту	25
землеўласьнікаў	25
гэві-мэталу	25
латгальскай	25
шклом	25
мілянскім	25
даўнасьці	25
курсанты	25
філіялу	25
ученых	25
лондане	25
выставак	25
насып	25
парталаў	25
патака	25
радэзіі	25
сьвятланай	25
лавіч	25
падольск	25
пармэзан	25
подтвердил	25
шапятоўка	25
абстаноўкі	25
дрыбіне	25
шарагоўца	25
мультфільме	25
драко	25
каляніялізм	25
алімпіка	25
шчарбакова	25
падначаленымі	25
сылюэце	25
карэспандэнты	25
карлайл	25
тынкоўкі	25
абн	25
стральчатыя	25
мерачы	25
ветразях	25
парафій	25
карынцкага	25
куяўска-паморскага	25
пляніроўкі	25
хірургам	25
рудзкага	25
валь	25
рубрыка	25
опера	25
роўнавялікіх	25
таран	25
сыраробны	25
камісарамі	25
учыненыя	25
стаўрапольскага	25
мітані	25
абышоўся	25
высокааплатных	25
алісана	25
ражок	25
наносілі	25
шахі	25
люцыюса	25
ўхвалы	25
сандэрлэнду	25
договорных	25
выступать	25
кадравай	25
яблыка	25
спадкаваньня	25
сьмілавічаў	25
палацава-паркавага	25
гульням	25
лікавыя	25
вальтар	25
выдыху	25
паралельны	25
пэйс	25
копач	25
кваліфікуюцца	25
псыхіятрыя	25
загадчыцай	25
бесьпілётных	25
асіньнікі	25
рогамі	25
пагосту	25
лос-анджэлеса	25
кабылянка	25
раўка	25
васілёўка	25
вапнякамі	25
краязнаўцаў	25
людзяневіцкага	25
ліі	25
молатам	25
дзямідавіцкім	25
сунігайла	25
бараўскім	25
адрамантаваны	25
кузавам	25
футбольный	25
антрапанімія	25
саракавік	25
рэйках	25
салечнікаў	25
рэчыччыне	25
толковый	25
наказы	25
малчанаў	25
мэдыцынскую	25
удзельніцай	25
кбіт	25
цясьніна	25
тытаніка	25
падбору	25
дакіневіч	25
атлетыкай	25
ступеня	25
кінакамэры	25
кінастужку	25
шэйфер	25
гедройцаў	25
эрдман	25
фанэтычнага	25
пераробкі	25
стаўрапольскі	25
плошчах	25
мараўскі	25
вушка	25
кансультанта	25
стах	25
хорамі	25
кіраваны	25
рбк	25
кран	25
вэйль	25
высунутыя	25
почётные	25
капцёўскі	25
крыту	25
ўганаравалі	25
крыстыянам	25
буда-кошелевского	25
кулямёту	25
віткі	25
старцавіцкі	25
казловіцкага	25
ардашынскага	25
ігрушкаўскі	25
мясоцкага	25
бераст	25
пятрэвіцкі	25
жылічах	25
пт-	25
сэніца	25
грамадзяніну	25
дыяфрагмы	25
’вайна	25
бронетранспартэр	25
клівы	25
сельска-гарадзкая	25
сёдэртэлье	25
вішнеўскай	25
раскрываюць	25
понасенков	25
вій	25
пісні	25
отдан	25
коцела	25
апс	25
шатан	25
ёнчэпінг	25
головна	25
штэрн	25
надбудаваны	25
райсн	25
ваніна	25
дульны	25
валета	25
выкрытая	25
круспэ	25
сардэчнікам	25
глаз	25
прыцэла	25
гімэер	25
дыёд	25
битвы	25
заведама	25
люнд	25
акрэсьлівала	25
брэндзі	25
зьлёт	25
аві	25
варгас	25
нязбодзіцкага	25
кутзэе	25
надсямейства	25
адпуа	25
вірусных	25
аэрафлёту	25
торонто	25
аймаку	25
гоначнікам	25
ле-ману	25
расьсеянае	25
кіляватаў	25
аталянты	25
балтийское	25
нітры	25
орлеўскі	25
-грэч	25
зволен	25
хвойнае	25
пвк	25
загідуліна	25
яглевіцкі	25
геймплэй	25
заходнерусізм	25
бранявы	25
джокавіча	25
-кон-	25
-кун-	25
’адважны’	25
банкаматаў	25
вагавой	25
камэдыйна-драматычны	25
фолк-гурты	25
сан-лярэнса	25
мацеевіч	25
брантэ	25
папярнянскі	25
дыска-поля	25
валевачоўскі	25
гомсельмашу	25
раваніцкага	25
пятрышкаўскі	25
сфільмаваны	25
эстонии	25
муниципального	25
джаан	25
экстраклясу	25
толкование	25
явін	25
расейска-чачэнская	25
зьняволенаю	25
пк-	25
радзівілаўка	25
бдсм	25
загальцы	25
госьлінг	25
шорт-трэкісты	25
дзядка	25
гаус	25
зафіксанае	25
фчфб	25
пшазьдзецкіх	24
тапаніміцы	24
польскамоўная	24
мовазнаўчых	24
ўтварэньню	24
ацалеў	24
оламаўцу	24
аптэку	24
лябараторыяй	24
прылеглы	24
водаправод	24
вулічная	24
выдалілі	24
інтэграваныя	24
кінаактора	24
аўрора	24
пласьце	24
наземная	24
салідарнасць	24
ахопліваць	24
справакавала	24
забабонаў	24
шляхцічам	24
лемцюгова	24
трансфармацыю	24
падыйшлі	24
трыбуне	24
организация	24
ворныя	24
растений	24
баярскай	24
адстаўных	24
несьцярэнка	24
комплекснага	24
карват	24
кірху	24
манарху	24
шаўцы	24
уніяцкія	24
гінулі	24
верхаводка	24
магатэкс	24
мясны	24
тралейбусны	24
тапароў	24
чытальня	24
віцебшчына	24
ручаём	24
палацавай	24
тексты	24
падышло	24
ўдзельная	24
гомельскія	24
навазыбкаў	24
мэцэнатка	24
авіяканструктар	24
канцавых	24
палявое	24
калідору	24
белой	24
папірус	24
езуіцкія	24
вішнявецкім	24
шматмоўная	24
пасольстваў	24
зямянскіх	24
маштабнае	24
канькабежны	24
льнокамбінат	24
плябаніяй	24
тэж	24
актуальнасьць	24
траціне	24
падарожнікам	24
знаходзячы	24
варожае	24
блакітную	24
гербавы	24
вэрф	24
парыцкі	24
далёкая	24
торг	24
прошлое	24
навагрудак	24
падарункам	24
сьпінай	24
ганчарны	24
гарадзечанскай	24
бухгальтарскі	24
кантэкстах	24
аб’ектыўных	24
перасьцярогі	24
складе	24
статуэтка	24
герцагавіну	24
нямецкамоўныя	24
выключаючы	24
парлямэнтамі	24
васемнаццаці	24
арандавалі	24
выдаленыя	24
сташкевіч	24
вёрсты	24
купалаўскіх	24
выкрасьці	24
гадсан	24
істотай	24
ўэлз	24
ускосна	24
бангалор	24
тэра	24
зыходзяць	24
зубовіч	24
скарлет	24
няскончаная	24
узыходжаньне	24
прэлат	24
джазавая	24
ізяславу	24
танганьікі	24
індуісцкіх	24
масхадаў	24
гіпотэзай	24
эўклідавай	24
міталягічнай	24
выкладзеных	24
веданьні	24
аўкштайтаў	24
вераціла	24
мэндэс	24
адасоблена	24
віетнамскі	24
вашага	24
ўлётак	24
закапалі	24
наўседа	24
дамінга	24
ганзага	24
аналягічнымі	24
эўрапе	24
тарасенка	24
маўзэр	24
вікінгур	24
паркс	24
мэтале	24
выразаць	24
дазнаньня	24
русецкага	24
гернікі	24
дапушчальныя	24
мазырскія	24
кіданьне	24
прадпрымальніца	24
пратэставаў	24
набыткі	24
можно	24
родину	24
клясыку	24
гасьцёўні	24
двухгадовай	24
барткевіч	24
настроеных	24
анджэла	24
працаўніком	24
ўмоўны	24
вершаваная	24
словаря	24
аўтакефальных	24
заграбская	24
спробамі	24
акрэсьленыя	24
двух-	24
лірыку	24
іраклі	24
датчанамі	24
магістру	24
зьўляецца	24
гандляваў	24
красамоўства	24
разважаў	24
тр	24
падарожная	24
добрасумленна	24
купцамі	24
подзьвігу	24
мудрым	24
контратаку	24
раздаў	24
карміць	24
вывучалася	24
спрачаюцца	24
эўклід	24
прасторавыя	24
капсулы	24
містык	24
разанскага	24
прэтэндэнт	24
фядора	24
генэалёгіі	24
бурбіс	24
шарашоўскі	24
лукіскай	24
праблематыкі	24
зьмешчанае	24
кладзе	24
абрынулася	24
фадзеева	24
жылкі	24
універсітэт	24
сямігадовую	24
брэхт	24
эй	24
эв	24
нд	24
камплектацыі	24
тэлефаніі	24
офісныя	24
ўтварыцца	24
выкапнямі	24
адрозная	24
адвольна	24
пагадзіўшыся	24
упэўненасьць	24
маскалік	24
хрысьціянска-дэмакратычны	24
манеты	24
стэка	24
карловіч	24
кансорцыюму	24
маладэчанскую	24
гуно	24
маэстра	24
паўтараць	24
ластаўкі	24
роўмінг	24
функцыянаваў	24
дзярэчынскі	24
басалыга	24
сыном	24
ўршулі	24
става	24
варган	24
дапускаў	24
прэзэнтуе	24
адстаўны	24
практыкаваньне	24
бюджэтнай	24
вадацёкаў	24
нёманскай	24
прахалодным	24
асушаная	24
супрацоўніцтву	24
памежнае	24
экспартуецца	24
магутнасьцяў	24
ганг	24
мажарытарнай	24
чатырохкутніка	24
энэргетыку	24
-томнік	24
каляднае	24
шаняўскі	24
плятыні	24
сейму	24
дабром	24
абагульніў	24
прападобны	24
аўрамчык	24
адпісаў	24
дрокаў	24
ваўначоска	24
казімераўская	24
шырлі	24
інжынэрна-будаўнічы	24
рэабілітацыя	24
фашысцкіх	24
акторскім	24
біяграфічная	24
цімкавічах	24
анляйн	24
кампазыцыях	24
экспэрымэнтамі	24
аддаленага	24
лякальная	24
аніводная	24
баялася	24
праблематыку	24
даравіч	24
навучэнцам	24
выдзяляе	24
сіена	24
ракурс	24
подпісамі	24
прарасейскі	24
стагоддзях	24
выцісканьня	24
давідзюк	24
закладка	24
хлебу	24
тратылавым	24
аднавіцца	24
сацыялёгію	24
прачытаньня	24
сумненьне	24
марксізм	24
ляйпцыскім	24
легальнай	24
саксонію	24
пераабіраўся	24
міласэрнасьць	24
фан	24
шэсьцяў	24
бараўлянскага	24
рэстарана	24
рабаўнікоў	24
арганізаваную	24
грэчкі	24
сьмятона	24
булька	24
вместе	24
йцы	24
абменам	24
ваганьнямі	24
сістэме	24
чалавечымі	24
прынясеньня	24
кланы	24
прысутная	24
пасланьнік	24
карпусамі	24
значэння	24
дэбютанта	24
адпраўляліся	24
прэсавай	24
впервые	24
бунін	24
перасякала	24
глябовіча	24
цітовіча	24
латышкевіч	24
палякова	24
сыходзілі	24
качестве	24
гёдэль	24
мэрыя	24
брандо	24
палестынцаў	24
пусьціць	24
ўлучэньне	24
салей	24
шумахэр	24
брэдбэры	24
цімур	24
някрасаў	24
кавыль	24
керанскі	24
малекулярнага	24
чапліна	24
праваабарончая	24
інтэрнэшнл	24
гарманічна	24
календароў	24
бізнэсовых	24
месцазнаходжаньнем	24
адсылкі	24
толкінам	24
куту	24
латынь	24
гандляром	24
дыснэя	24
ірвін	24
сапач	24
г’юга	24
курдзкая	24
дзянікіна	24
ламаносаў	24
гудзевіцкі	24
швэ	24
стрэчаньне	24
таранта	24
лісткоў	24
кадэнцыі	24
машэраў	24
прушынскага	24
чымбург	24
эйфэль	24
барыкады	24
уваходжаньне	24
запазычылі	24
вязанка	24
мэтазгоднасьці	24
нармалізацыя	24
сымфанічнай	24
катастрафічнай	24
верагодны	24
паваеннага	24
княжа	24
шанхайскай	24
сьцеблы	24
капальнях	24
гарбінскі	24
нарвай	24
пранік	24
бэрнгард	24
тэалягічныя	24
плянэтарый	24
клінаў	24
фрэдрык	24
лягічнай	24
ўсьведамленьня	24
чаргаваньнем	24
павольнага	24
сьпяць	24
завушніцы	24
клявішных	24
ўнівэрсытэтамі	24
адсочваць	24
стабільнасьцю	24
абвалілася	24
ўпартай	24
публіюс	24
обороны	24
вяртаньню	24
марака	24
пазытывізму	24
гронкі	24
кляры	24
асады	24
змаўчаньні	24
рашэньню	24
танных	24
зьнясіленьне	24
жить	24
нямецкамоўны	24
артыкль	24
прачытаўшы	24
зьязджае	24
фрэдэрыкам	24
верагодных	24
ракетай	24
памяншэньнем	24
рагулі	24
катынскага	24
меднага	24
банісадр	24
сухапутнымі	24
рысам	24
руский	24
зінкявічус	24
функцыянальнае	24
манаполія	24
знаёмымі	24
арыстакратычных	24
палеміку	24
адлюстравалася	24
глухімі	24
формам	24
суіснаваньне	24
братъ	24
адасоблены	24
пэрфэкт	24
зьбегу	24
археаграфічнай	24
прынстане	24
аляшкевіч	24
тэктанічныя	24
балу	24
рэбры	24
галёнкі	24
ляшчы	24
фасоля	24
мурза	24
недаверам	24
панскія	24
вырашаліся	24
гарэлкай	24
швецыі	24
наскрозь	24
выпіць	24
інтэнсіўным	24
прыправаў	24
дазволеная	24
цюрскай	24
прыгатаваць	24
посудзе	24
шклянку	24
пераводзяць	24
густым	24
адведзена	24
пераўзыходзіла	24
тайваню	24
супрацоўнічаюць	24
афраамэрыканцы	24
гранты	24
дугласа	24
рэпартэры	24
духмяны	24
великое	24
аналягічнага	24
эвалюцыянавала	24
даходзяць	24
борьбы	24
пачулі	24
прапаведнікі	24
сазе	24
дужы	24
порцыі	24
генэтычным	24
гібрыды	24
суквецьце	24
габрэя	24
хаіма	24
галерея	24
падазраюць	24
насычанасьць	24
балатон	24
міжнародна	24
гняздуецца	24
лавілі	24
аселы	24
рашучасьці	24
зарэччы	24
санях	24
верхавіны	24
патронамі	24
супраціве	24
сакрэтная	24
выкарыстае	24
зручнай	24
дэманстраваць	24
цукры	24
лысенкі	24
джота	24
грэка-католікаў	24
кінастужак	24
віні	24
гіндэнбург	24
леакадзія	24
інфэкцыяй	24
прэзыдэнтка	24
перавагамі	24
спыняў	24
сьмяяцца	24
рабіцца	24
індакітай	24
намінальная	24
бясспрэчным	24
хімікаты	24
вішну	24
шуміць	24
ясныя	24
строфаў	24
сьцьверджаньняў	24
наезды	24
дзіўнай	24
іроніі	24
белорусскомъ	24
наречіи	24
васильев	24
дасталося	24
адважыўся	24
клайпедзкім	24
прыкладаньні	24
мікрабіялёгія	24
састар	24
групуюцца	24
назапашваецца	24
карысную	24
ўзаемасувязь	24
генэтычная	24
афанасій	24
памятаюць	24
зэмгалэ	24
спадзявалася	24
баронаў	24
абаронена	24
прыморскіх	24
валенты	24
фэадальная	24
ардой	24
попов	24
пг	24
свод	24
шануюць	24
спусташэньня	24
харчу	24
булаву	24
нефармальных	24
дзэ-дуна	24
чэлядзь	24
праўнага	24
віленчукоў	24
франтоне	24
панявескі	24
прыморская	24
электратэхніка	24
недакладнасьці	24
экватары	24
мінаньня	24
пэрыгелія	24
прагнозаў	24
суадносін	24
афэлія	24
юныя	24
эдўардс	24
бадзі	24
ніканаўскі	24
падоўжаных	24
ружовая	24
цэнтнэраў	24
пасеваў	24
стэмфард	24
сканцэнтравацца	24
удзельнічаючы	24
прыбалтыка	24
зрабі	24
зразумелыя	24
няверных	24
мікулін	24
шырокапалоснага	24
дыстанцыйна	24
частаце	24
прыёрбанк	24
павялічыцца	24
пустэльняў	24
кваліфікуецца	24
затрымлівае	24
полю	24
неаднаразовых	24
сілавой	24
дынабургу	24
люцына	24
льнасьць	24
пытальнік	24
каўбаса	24
атлусьценьне	24
падрыхтоўчы	24
прапагандысцкую	24
рынок	24
сел	24
положения	24
разьвязаньні	24
якуціі	24
запісаўшы	24
багемскі	24
эмануіла	24
антыёха	24
абвесьціць	24
драгі	24
аднаўляльнай	24
індустрыю	24
ўпоперак	24
рэфэры	24
арганізуюць	24
ваяводзе	24
радаме	24
канапелька	24
абмеркаваньняў	24
агіду	24
ханствам	24
галіччыны	24
галіччына	24
інтерв’ю	24
абрамаў	24
буйвал	24
пясчаная	24
ужываючы	24
мірыцца	24
дарава	24
дарданэлы	24
прыфрантавой	24
тэлеграфнае	24
любень	24
дапусьціў	24
адліга	24
пасажырам	24
распускаць	24
ўлучна	24
міленіюм	24
несялоўскі	24
польска-бальшавіцкай	24
геркулес	24
курляндзкай	24
дро	24
імітуе	24
старинные	24
вечароў	24
закатавалі	24
ардэны	24
эстуарый	24
бараны	24
голі	24
касмадром	24
цікавасьцю	24
ампіру	24
балеарскія	24
астурыя	24
галісія	24
дыяцэзіяў	24
буэнас-айрэса	24
калюмбіяй	24
учреждений	24
выяўляючы	24
вымушанае	24
думай	24
балканскія	24
арганізацыйным	24
альтэрнатыўным	24
пабочны	24
батарэю	24
прадугледжваўся	24
іграла	24
ўражаны	24
кавэр-вэрсіі	24
пахавальных	24
крыжацкім	24
вотчыны	24
узаемаадносінаў	24
руцкага	24
вечназялёных	24
сота	24
рэфармаваў	24
гуарані	24
белэнэрга	24
газаправоду	24
панараму	24
ўварвацца	24
даручае	24
васальнай	24
драва	24
далмацыя	24
ваяводзіне	24
астраўкоў	24
кантрольнага	24
заключаюцца	24
слугамі	24
сталіцамі	24
яшчарка	24
вазамі	24
пасьвячоны	24
бруно	24
случчына	24
невысокай	24
джура	24
скарбам	24
пагоняю	24
адзінкавым	24
аболецкі	24
разанская	24
найвышэйшымі	24
жыльлёвай	24
праіснавалі	24
наўпроставага	24
ўнёскаў	24
узаемных	24
друцкае	24
чамярыцкага	24
цуду	24
скіпэтар	24
асьветнікаў	24
’увесь	24
кожны’	24
апярэдзіць	24
дацкую	24
дрэйка	24
мэксыканскім	24
бэата	24
палянскі	24
выхадныя	24
задаволеныя	24
казахстанскі	24
ост	24
копала	24
пасажырамі	24
балтымары	24
кавалера	24
зьмітро	24
эсэн	24
республик	24
вярэнава	24
фамільны	24
дубчак	24
хворая	24
перакінулі	24
аплачваць	24
барадзіно	24
бранятанкавых	24
вяле	24
нарушэвіча	24
лацінамоўным	24
архіварыус	24
кузьняў	24
перакрылі	24
кезгайлаў	24
каліграфіі	24
сона	24
паміраючы	24
мэмэль	24
прапаноўваючы	24
адбіўшы	24
тактычную	24
падмацаваньні	24
сёньняшнія	24
ўспрымацца	24
аўдыт	24
гіпатэтычная	24
запароскіх	24
рупіяў	24
спадае	24
дырэкторыя	24
функцыянальная	24
перасадкі	24
гуканьне	24
навукова-тэхнічных	24
краінаў-удзельніц	24
заміроўская	24
нэўшатэль	24
ўсенародным	24
гатовасьці	24
прэтэндэнта	24
згодай	24
гарэла	24
эньё	24
плястычны	24
фэхтаваньні	24
прастамоўі	24
цесьць	24
коннае	24
дзялілі	24
паўлін	24
вызначанымі	24
даходах	24
ільлініча	24
рыторыцы	24
замяняў	24
праўдзіва	24
цікавілі	24
ліпні	24
ніжагародзкага	24
крэтынга	24
падчашыі	24
лист	24
пагаршэньнем	24
-пср	24
волна	24
крапіўна	24
вусьценскі	24
бярозкаўскі	24
дзяцел	24
дабрынь	24
маласавінскі	24
гушча	24
торфапрадпрыемства	24
паўлоўскага	24
ўрублеўскага	24
пашпартам	24
гасьцяваў	24
жартам	24
абразам	24
стылістычныя	24
мышанкі	24
лётнага	24
біг	24
зьнікне	24
дрыгва	24
прысьвячае	24
караў	24
бярдычаве	24
паслухаць	24
дзевятнаццаць	24
маральная	24
пазьбягаў	24
усьпенская	24
долараў	24
вызначальнай	24
беспасярэднім	24
вялебнага	24
дзола	24
зьмяю	24
вадаправод	24
трубах	24
завальнай	24
гуртком	24
каардынацыйная	24
электрацягнікі	24
аздабляе	24
ўплывовым	24
прасоўвае	24
патэнцыйную	24
ратэрдамскі	24
молату	24
ўчастках	24
сыстэмнай	24
даныя	24
зачыненымі	24
раённымі	24
паднімаецца	24
вузкую	24
ўмеранага	24
шыраце	24
мянялася	24
марсэльеза	24
карнэгі	24
ўганараваны	24
дапускаць	24
баркулабаве	24
друкаваньне	24
траяк	24
вінцуком	24
наглядае	24
касаваньне	24
лексыкалёгія	24
нагоду	24
афарбаваная	24
прасякнутая	24
лясьнік	24
эвакуяваўся	24
глушы	24
качество	24
волата	24
распарадзіўся	24
матывуючы	24
вынаходзтвам	24
бедзтвы	24
зялінскі	24
вікімэдыі	24
прарвалі	24
выбарг	24
лян	24
прасоўваў	24
канцлеры	24
закладзенай	24
вывезьці	24
танны	24
рэма	24
юліюсам	24
боствы	24
вэста	24
летакоў	24
ўсерасейскі	24
разагнаны	24
сурвілы	24
національного	24
лека	24
фэрара	24
машыннай	24
аланам	24
бані	24
дзімітры	24
льныя	24
элітаў	24
шэньчжэнь	24
ставок	24
грыневіча	24
рэпэтыцыяў	24
гучаў	24
складанцы	24
віча	24
скарбовая	24
дынамічнага	24
масіва	24
адмыслоўцамі	24
рэдакцыйны	24
прэзідэнцкіх	24
прэзентацыя	24
македонцаў	24
гіганты	24
кузаваў	24
вандроўцы	24
грамадзя	24
азяранскага	24
зямельная	24
прагіну	24
ледавіку	24
маляўнічай	24
азотныя	24
джудзі	24
разбойнікі	24
джоан	24
зыходзіла	24
хадыкі	24
афармляюцца	24
ляпис	24
гарызонце	24
калката	24
нафтагазавай	24
зпг	24
паравога	24
ушел	24
навагодняя	24
міні-альбомы	24
выклікацца	24
ільлініч	24
кавалерыяй	24
каміны	24
керамічнай	24
прааналізаваў	24
электраабсталяваньня	24
чарапавец	24
акцыянэрных	24
эксплюатуецца	24
шнуравой	24
сіяністы	24
бальшавіцкімі	24
ковенскае	24
крышталічнага	24
кардыялёгія	24
нэўрахірургіі	24
адпраўленьні	24
заслаўскім	24
камандаваньні	24
паўночна-заходняе	24
выкладалася	24
рыяда	24
кантынуўм	24
агульнасьць	24
бішкек	24
канах	24
венскіх	24
фармацэўтычных	24
імпрэзу	24
сатрапа	24
агнёў	24
международный	24
нга	24
навакольнаму	24
зарэгістравацца	24
прынятымі	24
ушэсьценская	24
загс	24
лінгва-франка	24
мэсія	24
море	24
курганах	24
ацэненыя	24
германцы	24
барокавага	24
куманава	24
густам	24
растворам	24
здымка	24
маніла	24
касе	24
паважаных	24
слаямі	24
веснавога	24
авечага	24
крэмн	24
заводзкім	24
кліф	24
зьесьці	24
прадмеце	24
пазытыўныя	24
аб’ектыўнай	24
апісвалася	24
схапіць	24
памерлым	24
сталовую	24
канцэпт	24
народжанага	24
прышэсьце	24
служэньні	24
адмаўляць	24
ўспрымаюць	24
паўночным-усходзе	24
перадгор’ях	24
люўры	24
атручваньня	24
абрэвіятурай	24
пазачарговыя	24
прасьветы	24
гайдукевіча	24
ўсялякай	24
катлавіне	24
выпарэньне	24
маршаў	24
крызісы	24
ляйбніца	24
пагромы	24
электрацягнікоў	24
грунтовых	24
абмежавала	24
каралеўскаму	24
глебай	24
-кілямэтровы	24
гліняныя	24
кніганошаў	24
фап	24
ўласьнікамі	24
буслы	24
лясьніцтве	24
пагарэлае	24
далонь	24
адчаю	24
напалеонаўскага	24
цэрэра	24
зямельнымі	24
даўгамі	24
тыповага	24
адхілена	24
хал	24
навасёлках	24
целяханах	24
акры	24
цытрыны	24
граната	24
дыфэрэнцыйнае	24
выдаліў	24
пераваротам	24
сышліся	24
пераканалі	24
скрынкападобная	24
ваўкавыскія	24
зьменіцца	24
іспыту	24
каноніка	24
аляксандраўскім	24
дневник	24
апораў	24
швабія	24
пфальц	24
базэльскі	24
саксонскім	24
муляры	24
замежнікам	24
мічурына	24
лагодны	24
расьсьледваньне	24
свай	24
рэйк’явіка	24
хрысьціцель	24
вартавы	24
мангі	24
макі	24
турэмных	24
сляды	24
дыяганальлю	24
групам	24
рупіі	24
цэлестын	24
этнография	24
хрэшчацік	24
ўвахода	24
лексікон	24
сацыялінгвістыка	24
гучнасьці	24
лівіюс	24
чарльза	24
засноўваюцца	24
своими	24
тымору	24
ўладкавалася	24
камчаткі	24
засяляе	24
вінаграднікі	24
вайшыла	24
’паляваньне’	24
’паляўнічы’	24
пікаляміні	24
калеб	24
апостальскіх	24
суботах	24
сеткавыя	24
станавіцца	24
прыпеўкі	24
шаблёны	24
паліны	24
пагорка	24
белаазёрск	24
адрэзаць	24
рэйсам	24
прыбіральні	24
малявала	24
-каст-	24
-гест-	24
каштарт	24
’госьць	24
вандроўнік’	24
якавам	24
кракаўскіх	24
жандармэрыя	24
існымі	24
любімых	24
правак	24
сатаны	24
азёрская-брыгіцкая	24
суднаходны	24
гаан	24
уступілі	24
беспартыйных	24
состояние	24
ўказаў	24
байкатаваць	24
лоўчэн	24
запіску	24
качанава	24
агракамбінат	24
шрэдэра	24
выракі	24
грошах	24
аднаасобным	24
гонкай	24
наносаў	24
экватарыяльныя	24
пальмаў	24
батсване	24
зацьвярджаць	24
пастава	24
высунула	24
бацькавай	24
вучню	24
славенск	24
ганку	24
расейца	24
лякарнях	24
нафтаздабыча	24
рызаліт	24
бамбардзіроўкі	24
валі	24
пэрыядычны	24
ўсклалі	24
тэкстыльных	24
каляровае	24
дамініён	24
гумовыя	24
рашыд	24
правадніком	24
цны	24
гвалтаў	24
апрацоўваецца	24
кансолі	24
цуг	24
сн	24
кампэтэнцыя	24
картагену	24
дастатковая	24
тысячагодзьдзем	24
нядоўгі	24
аб’яўленыя	24
мусульманскае	24
каломба	24
архіяпіскапам	24
культавага	24
районе	24
батчынскага	24
міжлесьсе	24
давіч	24
ходараўскім	24
уручную	24
лозы	24
сяля	24
сакало	24
рышча	24
багрыма	24
кадрамі	24
пачапаўскі	24
чарнаўчыцкі	24
крэйсэраў	24
каменскім	24
веткі	24
арганам	24
ушанаваны	24
славянск	24
асава	24
падвышае	24
драгічын	24
ліўскае	24
ацалела	24
трнава	24
апэляцыйнага	24
явы	24
жабінкі	24
адрыя	24
мэнке	24
дварцы	24
рэвіская	24
шэпарда	24
адмяняць	24
бюджэтныя	24
нэшыяналз	24
ганалулу	24
татаршчына	24
мётчанскім	24
жыль	24
аматара	24
змены	24
святыні	24
пераглядзе	24
адміністраваньня	24
дамэне	24
росіцы	24
друкаваньня	24
ўбору	24
кавічы	24
тыльнага	24
супрацьракетнай	24
аналітыкаў	24
барунах	24
выпускацца	24
ледзяной	24
грэнадэрскай	24
адбудаваў	24
архангела	24
кізьляр	24
пракрыты	24
жабаў	24
ледзяных	24
жалобны	24
сымпозіюм	24
загорскі	24
макары	24
ўфы	24
рач	24
смалігавічы	24
вербкавічы	24
наровлянского	24
ільлёй	24
слугой	24
грабніцкі	24
прычтаў	24
прычту	24
боряк	24
пачапава	24
іс-	24
неміровіч	24
ірпень	24
міронаўка	24
каменскае	24
падыходзілі	24
паўночнаамэрыканскай	24
густых	24
млекакормячых	24
папулярна	24
валенштайн	24
нэрвовыя	24
сьвятліцы	24
дванаццатая	24
валя	24
узьняць	24
зенюк	24
генеральны	24
вучыла	24
сюжэтная	24
сартоў	24
хойнікі	24
гамельчукоў	24
бэрвольд	24
рэдагавала	24
кино-театр	24
рапсавы	24
плывучыя	24
парамэтрах	24
суле	24
камісарыяты	24
національна	24
белгарад	24
водна-балотныя	24
ракападобныя	24
выслоўе	24
княгіню	24
наблізіцца	24
ёгурт	24
стартавыя	24
вечных	24
пашыранасьць	24
радон	24
монография	24
атакаў	24
победа	24
расколіны	24
патэнты	24
зараджэньня	24
завочны	24
джонсанам	24
ванны	24
электрычнымі	24
джэфа	24
выплаціла	24
ліцейны	24
забыцца	24
художник	24
пазасудовым	24
мітрафана	24
наём	24
научно-практической	24
кабуле	24
прэм’ерай	24
шэфам	24
лядавіка	24
патокам	24
валёнская	24
славенскім	24
мадуляцыя	24
трактоўцы	24
занарач	24
гккрб-	24
мэрсіі	24
нечаканых	24
выяўленьнем	24
лужыца	24
хатай	24
кодавай	24
гоцкі	24
статыстычная	24
шыфр	24
праездам	24
грамадскага	24
фамилий	24
зорнае	24
пэтыцыя	24
цеханавец	24
арно	24
псыхааналіз	24
марфіну	24
міжкантынэнтальны	24
міської	24
білевіч	24
скляпеньнях	24
квартэты	24
машынабудаўнічая	24
хірургічнай	24
пазнакай	24
аўтабіяграфічнай	24
кілі	24
мэдалісты	24
ўдарам	24
запалы	24
мон	24
прасякнутыя	24
гурскага	24
аб-ба	24
ўльянаўскай	24
чараўніца	24
водпуск	24
вінтоўкамі	24
жэ	24
гвалты	24
возвращение	24
завяршэньнямі	24
паўцыркульнай	24
праразаецца	24
перший	24
касавым	24
гаўрылавіч	24
сопат	24
харунжым	24
заямнаўскі	24
канвелішкі	24
ляскавічы	24
андрэеўскі	24
лэнд	24
прадусарамі	24
хадавая	24
бобры	24
сьпярыжжа	24
старастай	24
юбілейнай	24
надо	24
пэтах-тыква	24
абнавілі	24
нпс	24
участкам	24
анжэла	24
кансэкраваў	24
молодых	24
ліцьвінізму	24
олафа	24
аскольд	24
галяктычнай	24
зьдзейсьніўшы	24
мурманская	24
кінэтычная	24
шахтару	24
гасьцявой	24
пяцігадовая	24
опэрнай	24
ўвасабленьнем	24
кампактныя	24
ахрэмчыка	24
фрунзэнскім	24
даўнім	24
намэнклятура	24
лугам	24
іншаю	24
сан-сыра	24
простаю	24
лідзіі	24
выдаткоўваньне	24
забаўляльнай	24
збройным	24
призначення	24
травня	24
газаправода	24
відзаў	24
нарушэвічаў	24
дзіцяткам	24
кудраўцаў	24
ленскі	24
зімні	24
абухаўскі	24
пачына	24
пазаштатным	24
справядлівая	24
зацьвярджала	24
навогул	24
любов	24
перакрыцьце	24
сымэтрычную	24
філдынг	24
бэніну	24
камяніцу	24
дэкараваныя	24
чэмпіёнскім	24
пабеленыя	24
вальмамі	24
бабінцам	24
сампдорыя	24
экв	24
адзіночку	24
перакрыжаваныя	24
сайті	24
разьмеркавальных	24
эўрамайдане	24
мэдсястра	24
тачы	24
сыграць	24
вылічальныя	24
адабраньні	24
броўкамі	24
апсіда	24
тарноўскага	24
фелікса	24
гаспадарскім	24
воласці	24
кэйн	24
сьвіслаччу	24
афіцэрскім	24
гранатамёты	24
каленік	24
геральдычным	24
багуцічы	24
туркам	24
расходы	24
чіра	24
ўпаўнаважаным	24
кіраўнічай	24
мініятураў	24
сяньне	24
прапускаў	24
гранит	24
объявила	24
асасуны	24
таганрог	24
флігеляў	24
палітвязьнем	24
крыстынай	24
сталёвым	24
жыро	24
цьвінтар	24
последние	24
чароўнага	24
документи	24
вадвіч	24
надежда	24
готбэрга	24
мільярдэры	24
тнае	24
калекцыянаваньне	24
хлапцоў	24
туран	24
мысам	24
руставі	24
сару	24
халк	24
паміру	24
ггц	24
сілавым	24
зьменным	24
сыднэю	24
узьдзеяньні	24
кімбар	24
запарожац	24
кваліфікацыйнай	24
цярэнцьеў	24
канічы	24
пашкоджаньнем	24
хараўскі	24
кадравага	24
загацьце	24
варэньня	24
дэбюты	24
газпраму	24
рудаўка	24
рудка	24
заходы	24
адамова	24
лучкі	24
семяноўка	24
задзейнічаныя	24
распаўсюджаньні	24
олександра	24
заднімі	24
сми	24
лясьнічы	24
натальлю	24
орґанаў	24
зда	24
сцяпанавіч	24
вучонае	24
распарадчых	24
кампаніяю	24
езяроскага	24
правіны	24
мэк	24
выслугі	24
пасьпець	24
морда	24
дурань	24
гамбіт	24
адлюстравалі	24
васьміканцовага	24
історична	24
стацыянарнай	24
лубянка	24
рудзіца	24
лешчанка	24
снарадамі	24
авальная	24
максыміліяну	24
тарлецкі	24
нявесту	24
бэйл	24
шанхаю	24
валадаркі	24
соты	24
гарпассавету	24
зарэчны	24
бомбардиров	24
словаўтваральнага	24
колб	24
філянтропы	24
лазавік	24
чыгуначнікі	24
дудзічах	24
лужычанаў	24
падстанцыю	24
ўлацлаўку	24
засьведчаньне	24
тэлесэрыялах	24
тэлефільмы	24
лянга	24
бялізна	24
нафтагаз	24
любанского	24
лышчынскага	24
калода	24
рнба	24
лавак	24
участников	24
сасудаў	24
узды	24
езярышчанскага	24
закрыта	24
сір-	24
сіс-	24
сур-	24
сэю	24
няісныя	24
мётчанскага	24
новадзявяткавіцкага	24
пабор	24
абухаўшчына	24
вердаміцкі	24
ліпскага	24
цюрлёўскага	24
праабражэнскай	24
наст	24
раўнаньнем	24
дзержинского	24
кулямётам	24
выслугу	24
зіга	24
арганізацыйную	24
бітаўт	24
-віг-	24
-вік-	24
бойка’	24
америки	24
насьценныя	24
альковіцкага	24
эрэдывізія	24
будэ	24
брэтанія	24
чэрнеўцы	24
інфэкцыю	24
подыюме	24
чахец	24
вязе	24
жэтоны	24
бяларуцкага	24
рубяжэвіцкай	24
барановичах	24
луізы	24
лексікалогія	24
гранатамёт	24
юраўскай	24
ваенізаванай	24
францкевіча	24
гангадзэ	24
чаліцай	24
вірусныя	24
чарнэлі	24
кабеля	24
дальнасьць	24
малягі	24
асыставаў	24
клініка	24
спускавы	24
донецька	24
своечасовае	24
дзяржава-ўдзельніца	24
субацкага	24
паляцкіскага	24
гопкінза	24
военные	24
кап’ё’	24
зп	24
кію	24
штурмавых	24
саксоніі-ангальт	24
маргарыну	24
кваліфікуюць	24
ройса	24
даччыны	24
жылінскім	24
банскабыстрыцкім	24
полярная	24
филипп	24
мультсэрыялы	24
чаргуючы	24
царского	24
безнаяўным	24
кайзэрсьляўтэрн	24
кніне	24
роду’	24
дкнт	24
фарм-клюбам	24
лкс	24
стрэптавідзін	24
кацярынаю	24
шчадрынскага	24
новака	24
фленсбург-гандэвіт	24
падсасоньнікі	24
хачапуры	24
комі-пярмяцкай	24
куліша	24
акс-	24
сыгнатура	24
вызначыўшыся	24
кубападобнага	24
ковалюк	24
булган	24
заграбскай	24
буйвід	24
рудар	24
юрчанка	24
вількійскі	24
падборамі	24
вільфрэд	24
фрыкатыў	24
рэканструюецца	24
бакшанскі	24
рускаго	24
прабалта-славянскай	24
форт-	24
локніца	24
палякаў-каталікоў	24
ніжэйстаячых	24
слаўгарадскага	24
крыптавалюты	24
прихожане	24
пораха	24
ґранатамёта	24
геатэрмальных	24
хіёль	24
кічжун	24
варб	24
валевачоўскага	24
біргу	24
наймаладзейшай	24
тульгавіцкай	24
неіснуюць	24
навязкаю	24
обольцах	24
непокупный	24
кампуту	24
мечыслаўская	24
прывакзальны	23
зручнае	23
дипломатических	23
разрабавала	23
загадвалі	23
городу	23
паліклінік	23
азгура	23
імклівага	23
дэнацыяналізацыі	23
ракаўскае	23
консульскі	23
бабарыка	23
бібліяфіл	23
энцыкляпэдыст	23
узмоцнены	23
даасізм	23
прыбыцьцём	23
ўцягнутая	23
зафіксаванай	23
нацыямі	23
дасьледуюцца	23
дваранамі	23
аднадворцы	23
даказалі	23
археология	23
нашей	23
давед	23
смаленчука	23
сікорскага	23
гудэрыян	23
свастыкай	23
кацельня	23
гараўскі	23
вялікакняскай	23
отечества	23
братэрскіх	23
яснае	23
мяшаным	23
слаўка	23
мэталаапрацоўкі	23
мазанік	23
радзькоў	23
лучосы	23
калядзінскі	23
заручаўе	23
шынкоў	23
збудавала	23
юр’ева	23
дзьвіной	23
дзе-нідзе	23
рэзыдэнтам	23
маналіт	23
аматарская	23
альгерду	23
лебяда	23
геральдычнай	23
литовские	23
запалкавая	23
злін	23
шабунеўскі	23
пацьвярджаў	23
нафтахімічная	23
бабруйскаграмаш	23
узьведзеная	23
герасімава	23
запарожжы	23
умяшчальнасьцю	23
речной	23
сіянісцкага	23
шляхетских	23
пасольскай	23
богаяўленскага	23
часты	23
стойкасьць	23
лазьню	23
сакрушальную	23
інвэстар	23
вытворчасці	23
ашмянскія	23
выхадца	23
мэталюргічная	23
квант	23
солтанаў	23
лоўляй	23
шапку	23
забіралі	23
язда	23
сечыве	23
ждан	23
раманцоў	23
камунікацый	23
заснавальніку	23
блізьнюк	23
новгород	23
карыята	23
тройцу	23
заборскага	23
грунвальдскай	23
гегемоніі	23
душыць	23
усталёўваюцца	23
арганіза	23
фіксуе	23
санкцыю	23
пралёт	23
ведамствамі	23
па-вугорску	23
рыльке	23
зелянінай	23
банкет	23
русіфікацыю	23
калоды	23
фігурыст	23
легіянэр	23
рок-каранацыі	23
расейска-францускай	23
азёрнай	23
браўнінг	23
пахаваным	23
дажыць	23
тэлеспэктакль	23
фаніпалі	23
канвэнту	23
прушынскіх	23
філіяла	23
дзяржвыд	23
гвінэя-бісаў	23
грэнада	23
мартыніка	23
сэн-п’ер	23
такелаў	23
эрытрэя	23
клярнэт	23
апісаньнях	23
перапрацавалі	23
андрэаса	23
нарысамі	23
слядах	23
экспэрымэнтальную	23
ўолес	23
раквэрэ	23
рэвалюцыянэрка	23
глуша	23
стакгольмскай	23
зямляцтва	23
ачольвалі	23
серакоўскі	23
крэслы	23
прыгаварыў	23
адваротнае	23
машара	23
своеасаблівых	23
рамка	23
рабле	23
апэратыўна	23
васямнаццаці	23
зрынаньне	23
ўшаноўваецца	23
вясьлярка	23
аварыйнага	23
ілона	23
кладбище	23
себя	23
адпачываў	23
стэнд	23
цёткай	23
партрэтная	23
падземнае	23
вярблюдаў	23
мілтан	23
гжэгаж	23
ямайскі	23
абвяшчаюць	23
рош	23
абсьледаваньні	23
шчорсаўскі	23
міле	23
махнач	23
крылова	23
камэдыяй	23
неўміручасьці	23
ўзьдзе	23
дэклярацыяй	23
рэвалюцыянэрам	23
родзіч	23
адбудаваць	23
спалучаныя	23
бедна	23
выяўляла	23
ўнукі	23
шабляў	23
транзытных	23
выданняў	23
ўнівэрсытэцкіх	23
падокшын	23
дыскусію	23
мэцэнатаў	23
руска	23
напружаных	23
працам	23
скарзе	23
людемъ	23
адметную	23
графічнае	23
выхоўваць	23
прачытаньне	23
жанравай	23
грамадзкаму	23
справядлівага	23
адмаўляючы	23
белгазпрамбанк	23
калінінградзе	23
фарпостам	23
пераправу	23
тэлугу	23
алтайская	23
ўмелі	23
рацыянальных	23
дроб	23
датчанін	23
мятла	23
кернаўскі	23
паморскі	23
цыліндры	23
мэер	23
смоленского	23
западная	23
дакладамі	23
оі	23
карпарацыю	23
немагчымая	23
усталёўкі	23
устаноўка	23
кампілятараў	23
форумы	23
падземнымі	23
зьвесткам	23
найноўшых	23
цой	23
прыдатнымі	23
памножыць	23
арытмэтычныя	23
абрынуліся	23
неафіцыйнага	23
немецкой	23
пакладзеная	23
выдаючы	23
блэр	23
асыстэнта	23
любімай	23
каталіцтвам	23
спасылку	23
вяртаюць	23
харбіне	23
мілянскай	23
хварэе	23
даносе	23
студыях	23
юзьвюк	23
зайсьці	23
даччынай	23
кубінская	23
уда	23
рамёствамі	23
шчару	23
ганчарныя	23
крыштальны	23
раздробнага	23
агатка	23
бабінавіцкі	23
вязьням	23
грубым	23
кембрыджу	23
альбе	23
фрыстайліст	23
відэакліпаў	23
кубліцкі	23
гусьляў	23
мамонька	23
лацінай	23
племени	23
бюллетень	23
рэйтана	23
кар’ерных	23
калодзішчы	23
ратамка	23
перапад	23
ліфтаў	23
адвэнтыстаў	23
нёманская	23
слонімскае	23
налібоцкая	23
рыбніца	23
дахоўкі	23
жывёлін	23
мазырсоль	23
жабінцы	23
унітарнай	23
тытунёвай	23
ўсяслаў	23
ліцэнзіяў	23
памятае	23
мэтафізыка	23
ўезда	23
масласырзавод	23
джардана	23
ібсэн	23
чаў	23
бянько	23
паазер’е	23
шкраба	23
старажытнарымскай	23
часавым	23
аўтэнтычныя	23
павесіць	23
узаемныя	23
віхры	23
шлюбныя	23
вапнавы	23
імправізацыі	23
архаічная	23
мартыралёг	23
карагандзінскай	23
крывальцэвіч	23
выдавецтвах	23
пяцігодкі	23
камунар	23
забалочанымі	23
блум	23
туча	23
семежаў	23
хвастоў	23
спэцыфіка	23
экспэрымэнтах	23
рэнтгенаўскага	23
аптычнае	23
адноснага	23
галяктыкаў	23
мазовія	23
катэхізіса	23
каштоўнасьцях	23
старабеларускі	23
нематэрыяльных	23
имп	23
ідэалягічную	23
паказальна	23
непасьлядоўнасьць	23
граматыкай	23
накладаньня	23
набокаў	23
эгер	23
ману	23
кальян	23
воўчынскі	23
шастакова	23
вяляцічы	23
тэвельскі	23
пералічаны	23
адважнага	23
ўпэўненыя	23
захавальнікам	23
паняткамі	23
функцыянальны	23
юнг	23
успрыманьня	23
гарантам	23
атэіст	23
псковам	23
гейдар	23
надрукаванага	23
далучанай	23
плотам	23
абвастрылася	23
намёт	23
вінаградава	23
зьбіваць	23
намётаў	23
кхп-бнф	23
лясгасу	23
выканаўцу	23
вымушанай	23
падрыхтаваную	23
ніксан	23
скептыцызм	23
краскі	23
шэдэўраў	23
ігаравы	23
справаздачах	23
сьціпла	23
паказвалася	23
хартум	23
спадабаліся	23
адкінула	23
зараастрызм	23
настаўленьні	23
зацятай	23
апусьціліся	23
праявілі	23
пераможаная	23
ачоліла	23
ўчыніла	23
доўгачаканы	23
паўночнікаў	23
фрэгат	23
апалінэр	23
антысэмітызму	23
ільвэс	23
футбольнымі	23
этычных	23
дарыда	23
кіроўную	23
малдоўскі	23
переходе	23
накладзеныя	23
вырашальных	23
перавозкамі	23
макоўская	23
танцоўшчык	23
ячэек	23
осла	23
семяновіча	23
лучанок	23
ігнатам	23
этыёпію	23
казанскае	23
апрануў	23
гейдара	23
ёганэс	23
ракіта	23
буйнейшым	23
навучаючыся	23
няміраў	23
лёнданскую	23
інтэлігенцыю	23
фут	23
фазаў	23
надзейным	23
маркграфа	23
нефармальнай	23
навярнуўся	23
мэтамарфозы	23
мякка	23
нагорна-карабаская	23
рэкс	23
вішнявецкімі	23
сажыч	23
энгелькінг	23
карэйскае	23
тамільскай	23
прэсавы	23
мовазнаўцамі	23
браліся	23
мная	23
рукапісам	23
данаў	23
сырыйскага	23
філон	23
нафтаправоду	23
міжплянэтнага	23
чыгір	23
белнацкаму	23
забаронаў	23
тыповую	23
магнітудай	23
чальцом-карэспандэнтам	23
ўолт	23
стэйн	23
царкоўнаму	23
зрушаны	23
гармоніку	23
слабымі	23
педагогическое	23
пазьбягаючы	23
зьмененае	23
спрошчаны	23
друкарняй	23
рытмічныя	23
дзяржбанку	23
масквою	23
пушкінскай	23
сьцюарт	23
пагоршыла	23
міратворчыя	23
пачатка	23
кастусёў	23
глябалізацыя	23
вынайдзена	23
дамашэвіч	23
кангрэсаў	23
перакладных	23
гатцук	23
парадкавыя	23
падабенстве	23
сэрбскахарвацкая	23
зорках	23
эратычных	23
крысталь	23
радыяактыўнасьць	23
рэнтгенаўскіх	23
кадрах	23
шастакоў	23
грэгарыянскага	23
стабільныя	23
сялянска-работніцкая	23
языкъ	23
прыметніку	23
палянізмаў	23
арэалаў	23
этнасам	23
ўсходнеславянскага	23
зьмяшэньне	23
супрасьлеўскі	23
адлюстроўвацца	23
старэйшае	23
разьмяркоўваліся	23
кр	23
суіснавалі	23
дыялектнае	23
тагачаснаму	23
адносным	23
аднародных	23
заканамернасьць	23
людьми	23
ужываны	23
пазначацца	23
тар’я	23
білан	23
катастрофаў	23
купацца	23
зёлак	23
кулінарнай	23
маліны	23
клёну	23
бортнікаў	23
харугвамі	23
краўцы	23
процідзеяньне	23
франкамоўнай	23
асіповіч	23
падначалены	23
перакінуць	23
зразумелы	23
загінуць	23
агуркоў	23
філіпаў	23
спыненьнем	23
напамін	23
траска	23
азёрныя	23
запазычаньнем	23
ураджаю	23
стравамі	23
мэтраполіяй	23
радыкалаў	23
швайцарцы	23
берагавых	23
салёнае	23
апэляцыйны	23
добраахвотны	23
бэнджаміна	23
крытыкуючы	23
мортан	23
брытні	23
перамешваюць	23
цукроў	23
сыроп	23
хатыні	23
джарэд	23
культурна-асьветніцкі	23
гравітацыйная	23
сюзэрэнітэт	23
цамблак	23
авараў	23
ёжэф	23
ўзышоў	23
кандак	23
шматгадовае	23
сіта	23
ісьляндцаў	23
спатканьня	23
тэмпе	23
калита	23
спажываецца	23
маўрамі	23
парнаса	23
дачкамі	23
замовіла	23
апэльсін	23
хадкевічу	23
адчуваўся	23
курапатка	23
кубікамі	23
паляўнічым	23
тушыць	23
разьвядзеньне	23
арэхамі	23
бугай	23
ваўчок	23
гімалаях	23
панос	23
энэргасыстэмы	23
уступіўшы	23
рысяў	23
каменную	23
кантралююцца	23
паездках	23
чутках	23
ціміразева	23
грунтоўныя	23
дудзіцкі	23
кальвінскага	23
гапеева	23
археаграфіі	23
хлапец	23
засяродзіліся	23
гадоўля	23
пакліканьне	23
драпежнік	23
суіснаваньня	23
літоўска-польскі	23
рэфэрэнт	23
старка	23
унівэрсальнага	23
падтэкст	23
патрэбам	23
нарадзіцца	23
званок	23
квітнеюць	23
латыскім	23
задушанае	23
статыстыкай	23
историографии	23
рушаць	23
субтропіках	23
сьпінны	23
показателей	23
устава	23
памылцы	23
датычылася	23
найніжэйшай	23
ўступленьні	23
вялікалітвы-беларусі	23
мартынюк	23
таксаномія	23
матэрыю	23
выманьня	23
патрыярхіі	23
газавую	23
курляндзкае	23
прыйшоўшы	23
ўстойлівым	23
юрмала	23
сьціплыя	23
ліепаі	23
посах	23
жамойцкімі	23
інтэлектуальным	23
торунскага	23
ўдзельныя	23
летувіс	23
праўны	23
прыніжэньне	23
мэталічнае	23
антарктыцы	23
цяжэйшыя	23
кружок	23
дасьледаваны	23
аляксандравічам	23
нарымонта	23
давыду	23
травяністай	23
пылок	23
адтулін	23
бульбаводзтва	23
унучкай	23
лізаветай	23
версія	23
схаванае	23
пкі	23
крочыць	23
азначаюцца	23
аднага	23
навукоўцу	23
віцэ-адмірал	23
дэі	23
давядзецца	23
гібрыдных	23
дабрачынную	23
сівец	23
рок-князёўна	23
варашылаўскага	23
альбэда	23
ведамстве	23
тарчу	23
падпарадкаванай	23
надрукаванае	23
дэпутату	23
супярэчыў	23
такійскага	23
паўфабрыкаты	23
шумейка	23
тыльзыцкага	23
адвагі	23
коньніцу	23
незалежнасці	23
якіх-кольвек	23
адважна	23
макмілін	23
котвіч	23
ахмэда	23
калябрыя	23
банкаўскую	23
папамі	23
бясконцыя	23
пераўтварыліся	23
ідэям	23
клясам	23
кідаючы	23
разгорнутых	23
арыёна	23
мікрафон	23
шода	23
чобат	23
сфэрычным	23
прамавугольным	23
лічым	23
трызнаў	23
усходнеславянскія	23
стэпавы	23
усеўкраінскага	23
прарасейскія	23
надзённыя	23
гідраэлектрастанцыяў	23
нявольнікаў	23
адасобленым	23
гучных	23
ляпляндыя	23
багдаду	23
расеяю	23
ізі	23
любэрт	23
рыбаков	23
германізацыі	23
сіцька	23
лютвін	23
буле	23
радаман	23
круп	23
выдуманая	23
гюйгэнс	23
прымірыць	23
ліёнскага	23
галаў	23
карле	23
корсыкі	23
цёплымі	23
распрацоўваюць	23
выражэньні	23
субсыдыі	23
рэймс	23
вырашаюцца	23
перадгор’і	23
пірэнэяў	23
разьдзеленыя	23
успрымаецца	23
сасноўскага	23
кракаўскія	23
тубыльцы	23
раялістаў	23
кабеты	23
узаемнага	23
кентум	23
тыпалёгія	23
ўрачыстыя	23
каток	23
спартовымі	23
пратэжэ	23
мусульманскімі	23
басанож	23
нямецкамоўнай	23
герасім	23
індульгенцыяў	23
плятыны	23
запасныя	23
морт	23
мкі	23
капэлі	23
расчараваньнем	23
віганд	23
каранацыю	23
скіргайлу	23
малалетняга	23
белямук	23
падпарадкаванае	23
быцені	23
пасланцы	23
новэ	23
знакамітасьцяў	23
кальдэрона	23
тыцыяна	23
кераміку	23
п’есай	23
элітных	23
гуляецца	23
леону	23
мусы	23
сілком	23
найменшыя	23
жупаніяй	23
інфармацыйнымі	23
ўжытая	23
баляславам	23
родавых	23
брытанцам	23
сьлядамі	23
вэнэсуэлу	23
падвергнуўся	23
санча	23
кашталяну	23
шматразовага	23
рокашу	23
бешанковічаў	23
гарбуноў	23
зрабіўшыся	23
малайскі	23
медзьдзю	23
казінец	23
ўладзімеравіч	23
аўкцыёны	23
трыльёнаў	23
адлічваць	23
пагашэньне	23
стаўцы	23
прыцягнутых	23
падаткаплатнікаў	23
васаламі	23
солнце	23
цьвярскіх	23
паганцамі	23
жолаб	23
плаціла	23
вясельны	23
робэртсан	23
русінскай	23
інгрыд	23
платформы	23
рыла	23
пячатак	23
гальшанаў	23
візуальны	23
джазавай	23
род-айлэнд	23
гарадоцкая	23
воспоминаний	23
старостаў	23
курортнага	23
аўтапарк	23
манеру	23
меркаваньнямі	23
валенрода	23
папоўскі	23
абезгалоўлены	23
марыенбург	23
кавальства	23
прымеркаванае	23
канкістадоры	23
перамагаюць	23
родні	23
альда	23
крыстыну	23
працаздольнасьці	23
агульнанацыянальных	23
рынкевіч	23
парлямэнты	23
тасканскага	23
тормазу	23
нікляс	23
таваразвароту	23
ідэнтыфікаваць	23
марыянскі	23
міжтэрміновы	23
станькаве	23
дасьледваньнямі	23
станюты	23
байцамі	23
цудоўных	23
военачальнікі	23
ўсталяванага	23
павялічанай	23
выкарыстаных	23
белсаюздрук	23
долевага	23
якабам	23
зьнятым	23
бдту	23
затрымалася	23
камандаваць	23
шатры	23
пэрымэтар	23
вернутае	23
здаваў	23
апостола	23
радыёхвалі	23
баўбасаў	23
мяжанскі	23
схопленыя	23
нізінаў	23
ліпецкая	23
жукаўка	23
ноў	23
аўтографы	23
навагрудку	23
вакацыяў	23
заручынаў	23
сьледчая	23
раптоўнай	23
эўфрат	23
нядоўгім	23
эву	23
сьвядомы	23
жэшаў	23
брусевіч	23
адпаведнікамі	23
жлобінская	23
бюракратыі	23
зьбяднелага	23
руні	23
крэсах	23
філёляга	23
сергіевіча	23
крывіцкім	23
песенькі	23
мысьляра	23
купальля	23
афармляў	23
ільінская	23
шага	23
габэлены	23
кодавая	23
родавага	23
наймацнейшая	23
вызваляюцца	23
рагвалодавіч	23
рэштках	23
-храмасомы	23
раззброілі	23
выгнутыя	23
аніводны	23
дастаўляць	23
прынясе	23
крывыя	23
кейнза	23
рагнар	23
выкладаньні	23
густанаселенай	23
хмызьнякамі	23
каляніялізму	23
зарганізаваны	23
настроены	23
досьледных	23
аддавалася	23
адкрываў	23
паўгрош	23
давераных	23
пераадольвае	23
комі-зыранская	23
літаратурна-мэмарыяльны	23
ўзнагародай	23
частковую	23
па-дэ-кале	23
уключыла	23
нільса	23
прапануючы	23
рэі	23
грандыёзны	23
рэфармацыю	23
анэксаваны	23
палестрына	23
вітэрба	23
абазначаная	23
амплітуда	23
няўрадавая	23
вацлаву	23
велікодныя	23
прыгодах	23
зубава	23
цікавымі	23
параілі	23
бясьпечныя	23
якубецкі	23
банкаўскім	23
гасьцёў	23
абедзе	23
перарэгістрацыі	23
вядзьмак	23
пустэльнік	23
амон	23
трудо	23
шэлехаў	23
прымітыўны	23
панцыр	23
птушынага	23
улксм	23
забясьпячэньня	23
авожык	23
дугласам	23
аквітанія	23
заснавальніцай	23
арубы	23
адвольных	23
рабочую	23
правасла	23
сантас	23
рэфармаваны	23
праяву	23
вэб-старонак	23
вітыя	23
мармурам	23
гардзей	23
антоніа	23
дыяксыд	23
антарктыкі	23
грунтоўнай	23
лаву	23
хаатычна	23
сырэцка-пячэрская	23
паслужыць	23
служкаў	23
бураціна	23
мільённы	23
здольную	23
скандынаўскае	23
язычніцтва	23
духавенству	23
меншавікоў	23
знішчэння	23
падмурка	23
гліністыя	23
хрысціянства	23
лісабонскага	23
маламажэйкаўская	23
страўняў	23
язычнікаў	23
тыролю	23
гертруды	23
вожыка	23
падгорыцы	23
аракс	23
візыра	23
пасаджаныя	23
брыгаднага	23
языковых	23
тэафілія	23
сьвятарскія	23
недахопамі	23
губляў	23
зарадзіўся	23
адвага	23
пабіла	23
ленінскае	23
смале	23
намаляваць	23
ратонда	23
бэтлееме	23
катлавінамі	23
гірын	23
ачыстка	23
дыяспару	23
цель	23
масьленіца	23
паглыбленьні	23
сьвядомае	23
вымову	23
цыліндрычнае	23
малюскамі	23
ілжывыя	23
трапных	23
прыкладаньне	23
прохоров	23
правільная	23
каардынатах	23
пляскаты	23
абрысу	23
гарбузаў	23
сажалках	23
-летие	23
іншаземнага	23
строяў	23
касіні	23
дэна	23
панарамны	23
броварам	23
нармальная	23
блякавалі	23
аблогай	23
разграміўшы	23
пора	23
ачоліць	23
наведваючы	23
навукова-вытворчага	23
участковых	23
сілавы	23
левэнгаўпта	23
усьвяты	23
перадаючы	23
прафсаюзнага	23
паглынула	23
камяністыя	23
лужыцкія	23
будыстаў	23
адводзіцца	23
зьмяшаная	23
герцагствам	23
раззбраеньне	23
максіміляна	23
прыязджаюць	23
музэйнага	23
ангельскамоўныя	23
бібліятэчнай	23
асырыя	23
пасіўны	23
аўтамагістраляў	23
масіўным	23
торэса	23
лічаныя	23
арандатарам	23
частай	23
допыце	23
запатрабаваных	23
вульканічныя	23
перасекчы	23
прасоўваньню	23
касінеры	23
сусанін	23
траваедныя	23
падзагалоўкам	23
падняліся	23
ажаніць	23
судзьдзю	23
акадэміях	23
аддаваўся	23
ваеннапалоннымі	23
усклаў	23
знакавым	23
іянічных	23
укладзены	23
атруты	23
летсср	23
трайдзень	23
халіф	23
камароўскім	23
племянныя	23
намерваўся	23
састарэлай	23
сілавымі	23
найм	23
аб’яднання	23
дасканалая	23
замацаваўшы	23
непадзельнай	23
скульптурны	23
бабулю	23
рэкордна	23
допісаў	23
партия	23
сила	23
мармуровы	23
затапляецца	23
археологические	23
скарочанае	23
тармажэньня	23
мальтыйская	23
дараваць	23
іншаземцам	23
поводу	23
капаць	23
’вырак’	23
фортаў	23
-вайс-	23
наладжваньня	23
пазьбегла	23
малдаўскіх	23
днястру	23
урыўкаў	23
урадлівасьці	23
этнаграфічнае	23
валоданьнем	23
прыбытковых	23
западзіна	23
эдырнэ	23
пашырыўшы	23
разьліву	23
сьвітаньне	23
лідэру	23
уваходзячы	23
компас	23
выкладчыцай	23
забыцьця	23
пральны	23
каложы	23
адгалінаваньняў	23
юдзеніча	23
ўцёкамі	23
прыходзька	23
цьвікоў	23
перабудаваць	23
ібсэна	23
ўзгоркамі	23
новікі	23
эацэну	23
лічбе	23
ахоўніка	23
электрычнасьцю	23
магутны’	23
александро	23
уяўны	23
нскага	23
вэктарнай	23
гайдэр	23
цэнтральна-афрыканскай	23
пасяляецца	23
пясчаны	23
брыгіта	23
нарын	23
вадародных	23
палігонаў	23
вадаспадаў	23
бежанстве	23
прыбалтыку	23
ідэалягічнага	23
разьвязкі	23
пераўтвараюць	23
хопіць	23
шыіты	23
салег	23
пракацілася	23
праціўніку	23
газападобны	23
сарваў	23
аленам	23
карні	23
зробленую	23
практыкаваньнях	23
аркнэйскіх	23
горцаў	23
присовокуплением	23
восаўскага	23
ўскладняецца	23
плашчы	23
падкарпацкага	23
гарадцы	23
чыцы	23
мнік	23
строчыцы	23
керанскага	23
тасманія	23
настольным	23
буйкі	23
адданых	23
супадаць	23
-мер-	23
маргела	23
валадзімер	23
варонеская	23
марина	23
дастаўцы	23
папко	23
зьлін	23
трех	23
лінгвістычна	23
эштадыю	23
франтмэн	23
гатаўт	23
браўка	23
арыстакрат	23
ельнянскім	23
рагозна	23
знаменскі	23
прыбудаваны	23
спраўдзіліся	23
піяністам	23
фэрмэра	23
прыпынкам	23
базаваліся	23
лагішынскага	23
балотнага	23
кацёлкі	23
інданэзійскай	23
хвастамі	23
дзьвярныя	23
сьвянцянах	23
сэксалёгія	23
чыгунках	23
бэвэрлі-гілз	23
рынак-койданаўская	23
шня	23
мяшчанскай	23
горскіх	23
гарнітуры	23
саўскі	23
праектных	23
дзякі	23
зачытаў	23
ўвільгатненьня	23
абхаскай	23
мяняюць	23
дамэнных	23
тытулярнага	23
камэнтаваў	23
вокладках	23
козловский	23
папуа-новай	23
нясеньня	23
церахавай	23
сьпісаны	23
вскэ	23
казлоўка	23
берасцейшчыны	23
пакаленьню	23
вісела	23
осьцікавіч	23
штомесячных	23
йшай	23
рамонтных	23
прыдарожныя	23
квартала	23
момантамі	23
даведваемся	23
прадоўжыў	23
рыльскага	23
рэпрадукцыі	23
астрашыцкім	23
загадку	23
пятроўка	23
улюбёным	23
мядзьве	23
рудалт	23
карпавічы	23
нараўлянскай	23
боньча	23
рэўт	23
скалаў	23
сасновая	23
рэцэптары	23
знакавай	23
запэўніць	23
пазачарговы	23
агрэсіўны	23
буда-кашалёва	23
дэйва	23
паўлаўка	23
-бер-	23
-бір-	23
мутаўт	23
сабалі	23
магнітная	23
пэкіну	23
дубо	23
паказам	23
адрозніваецца	23
ударамі	23
лекции	23
пучкоў	23
голацкі	23
праґрамы	23
геадэзія	23
кальмары	23
зьнікнуць	23
сынклер	23
гранд-эст	23
алівэйра	23
арыентавана	23
шака	23
камэту	23
журавінаў	23
вядзьмарства	23
жывёльных	23
ольстэрска-шатляндзкай	23
цеплаправоднасьці	23
піцьця	23
біяпаліва	23
таталітарнага	23
ляцеў	23
каляндарным	23
ніньнё	23
скарачае	23
кантэйнэр	23
захар’еўскай	23
бальконам	23
гвазьдзік	23
кантрольныя	23
зададзенай	23
зімбабвэ	23
портлэнду	23
кепскага	23
драўняныя	23
тарыф	23
камсамольскі	23
лічынак	23
іканапісу	23
благі	23
шэфэр	23
баскетбаліста	23
карэспандэнцыя	23
ангары	23
назьбіраўшы	23
ўлічылі	23
баскетбольным	23
тэхаскі	23
бун	23
рышара	23
объекты	23
навукова-практычнага	23
современные	23
плястычных	23
мінарэт	23
экімань	23
нэрвовы	23
общей	23
вокнах	23
паганка	23
некранутай	23
сітуацыя	23
кізі	23
зьвязацца	23
урачом	23
цюменская	23
кнуд	23
праявах	23
жупан	23
апака	23
пішча	23
юность	23
інтэрпрэтаваць	23
абмяркоўваць	23
страляў	23
марла	23
ціт	23
ако	23
мілошавіча	23
клас	23
заходнеўкраінскай	23
квадратнае	23
тапаграфічнай	23
распрацоўкамі	23
босыя	23
трынаццаты	23
сэнт-джонз	23
пэлегрыні	23
ізабэлі	23
нурэц	23
фрагменты	23
хірургічнага	23
малайскага	23
сьледу	23
сымфанічныя	23
астраномію	23
квадратным	23
клана	23
тыбэцкі	23
аўтабіяграфічная	23
ваякі	23
-кар-	23
-кор-	23
ліцьвякі	23
дэніэл	23
замак-кастэль	23
дваровага	23
гелгар	23
уваходы	23
экспартны	23
кіслае	23
вейна	23
абароненасьці	23
абсалютызм	23
прэс-сакратаром	23
вапна	23
клімаўка	23
белевічы	23
айнур	23
патапаўскі	23
ўключаліся	23
чарт	23
дызэльныя	23
агрэгаты	23
хамурапі	23
замком	23
ярэмію	23
катарскага	23
джерела	23
сіліч	23
мацук	23
войскаму	23
хамутом	23
раменнай	23
шляёй	23
біклагай	23
мазьніцай	23
юравічах	23
брагіня	23
шкураты	23
сьпеўны	23
фіялетавым	23
успамінамі	23
будоўлях	23
чысьцякова	23
открытия	23
дваровы	23
ўэсэксу	23
летака	23
продажах	23
інвалід	23
ксмзб	23
абшчыне	23
цяльца	23
арбітальны	23
ветразяў	23
рукаве	23
пузыры	23
ава	23
чартаў	23
лібанскай	23
грубая	23
бэка	23
ухта	23
просвіта	23
аднагодкаў	23
эцюд	23
любоўны	23
тэўта	23
пазыцыйнай	23
ружовае	23
рэкамэндавала	23
рэжысэр-пастаноўшчык	23
падазрэньне	23
алехну	23
няве	23
чацьвёрку	23
прасьвет	23
мараканскія	23
рэкорду	23
тарнопалі	23
ўзмацняе	23
сэлім	23
ўязная	23
перакрыцьцё	23
парапэтам	23
баўскі	23
кабы	23
пазалочаным	23
франтона	23
вежы-званіцы	23
выкраў	23
давойны	23
глівін	23
матываваныя	23
сэнэгальскія	23
добраахвотніцкі	23
чароўным	23
прасьветам	23
лучковыя	23
набраныя	23
ўлічваюцца	23
інга	23
папялушкі	23
будкі	23
каленкавічах	23
прагнозы	23
прадцечанская	23
няшчасных	23
блюа	23
тосна	23
ацэньваць	23
ліны	23
гамарбю	23
сёл	23
шляхцічу	23
узвышаўся	23
бітум	23
палангі	23
кандамініюм	23
луганск	23
страха	23
аркадамі	23
трыбунале	23
вэрдэн	23
холдынгавая	23
ўдыху	23
аўра	23
дыфэрэнцыйных	23
результаты	23
пкб	23
новастворанага	23
сэсіяў	23
принял	23
прашаў	23
матросам	23
стопкі	23
адклікалі	23
спасовіч	23
амэрыканкі	23
современный	23
растворы	23
шырвінты	23
дзяржсакратара	23
перадавога	23
клад	23
балкан	23
вэстэрос	23
панявескім	23
октябрьского	23
казармах	23
рычоўскага	23
чырвона-белыя	23
даленга	23
капу	23
магільня	23
арачнымі	23
кветкавыя	23
упрыгожаныя	23
палоскай	23
лынтупаў	23
удакладненьне	23
мцэнск	23
грамадзянка	23
лапацінскага	23
суаўт	23
славацк	23
сэрыйнай	23
заблудаўскага	23
сенцы	23
хрэнін	23
безопасности	23
літавор	23
несколько	23
сафонава	23
пастаўцы	23
прычыненьня	23
снова	23
лекарамі	23
военно-исторический	23
сергеевич	23
заплаціла	23
выведнікі	23
музыки	23
галодныя	23
архірэйскага	23
старажытнагрэцкім	23
рэспубліканскімі	23
дыяпазонах	23
біскуп-суфраган	23
скверам	23
мультымэдыйны	23
раманаўка	23
спакойным	23
рэфэрэнтам	23
ўзбуджэньне	23
старскі	23
балашыха	23
шагнамэ	23
апочка	23
льні	23
расейскамоўным	23
початок	23
платаў	23
велікасельскага	23
шчарчоўскі	23
ступеняй	23
маты	23
такары	23
кодзі	23
іншамоўнага	23
газпрама	23
брузгі	23
шарлёта	23
індурскага	23
вакольныя	23
кнігаводзтва	23
ем	23
габэленаў	23
мацаваньне	23
губернатор	23
военное	23
грыва	23
выбуховыя	23
дубненскага	23
койданаўскаму	23
самотнай	23
сораскі	23
хутарскога	23
голубовского	23
глядовичского	23
куриловичского	23
лунненского	23
зельвенского	23
малажынскага	23
европейских	23
дзевіна	23
лугамавіцкай	23
крупіцкі	23
батуры	23
краснадару	23
вясейскі	23
судкоўскі	23
бялкоўшчынскага	23
лідзкія	23
вусьценскага	23
касьцеша	23
ввэр-	23
вызваленні	23
ужыцьцё	23
юнацкі	23
мардоўскіх	23
бкг	23
нувас	23
лесьніка	23
казялужжа	23
фарнабаз	23
артэрыяў	23
квадратнымі	23
цельшаў	23
паўлінаў	23
алмацінскага	23
гальскае	23
саж	23
бонусаў	23
прымянялі	23
апытаныя	23
дабрынскага	23
фіна-вугорскі	23
андроід	23
ббк	23
знаёмая	23
рэалізоўваецца	23
аляксееўка	23
мядовы	23
праванс-альпы-лазурны	23
сьценцы	23
тыпізацыяй	23
кіла	23
набыткам	23
праектнай	23
гэлтахтах	23
полаза	23
зьняволеная	23
кабелі	23
снарада	23
кашалеўскі	23
калізэўм	23
ніжнякамск	23
сэлен	23
карабіны	23
правопису	23
запаленьні	23
дэрбішыр	23
адстаўшы	23
разжыўся	23
ткп	23
кампазытаркі	23
мельничук	23
навядзеньне	23
защитника	23
валадыёўскі	23
устаноўленым	23
трумсё	23
кінакамэдыя	23
бушка	23
’суліца	23
дастаць	23
саміц	23
эргрутэ	23
кілепадобнымі	23
чэлеса	23
наймальнікаў	23
ліпідаў	23
шчытападобнай	23
гэлаксі	23
каранавірусы	23
галівудзкая	23
мацеевічы	23
набойніцу	23
палігонах	23
перакла	23
марван	23
цынгель	23
трнаве	23
габышев	23
лянус	23
пракельцкае	23
бэнфікай	23
дэкараваны	23
андэрлехту	23
нэк	23
ўлусу	23
закладаў	23
ягелёнія	23
мэцу	23
багданаве	23
краковія	23
ашторп	23
націскным	23
спогади	23
юзуфоўскага	23
старамангольскае	23
чурлёны	23
аўґустын	23
чы-ну	23
антокальская	23
юшко	23
джаніке	23
пэвэнсі	23
дыгары	23
паліхромнай	23
алехандро	23
клічнік	23
станова	23
карусант	23
ігф	23
младаст	23
тусан	23
динамо-молодечно	23
кэмры	23
эйсмонт	23
юсіф	23
постановка	23
аркатурнымі	23
асьці	23
дыгрыза	23
парнаграфіяю	23
маклішча	23
рсм	23
чэлендж-лігі	23
мунскага	23
рашизм	23
банёр	23
амельнянскай	23
лаврин	23
тяглых	23
коджымы	23
макрына	23
білакур	23
эмэрытус	23
яць	22
польскамоўных	22
полесью	22
паланілі	22
войтам	22
тюрьмах	22
гасьцінца	22
лёсікам	22
заслаўскай	22
аздараўленчы	22
плянавальнай	22
зьнішчаліся	22
грунтоўнае	22
архірэйскім	22
сіліцкі	22
алфёраў	22
площадь	22
храналягічны	22
пэрыядызацыя	22
тэмпаў	22
вусныя	22
падрабязных	22
археаграфія	22
ўказана	22
даводзяць	22
прызнаваліся	22
ситуация	22
ідэнтычнасці	22
вымагалі	22
памылковай	22
луцкай	22
новаабранага	22
выбарных	22
ўнівэрсальнай	22
праектны	22
мікраэлектронікі	22
карыкатурыст	22
эстрадных	22
дойліды	22
мясьцінамі	22
уступам	22
асадкавыя	22
бесьперапынны	22
выражаная	22
паўднёва-ўсходнія	22
свойская	22
спэцыялізаваная	22
спорта	22
прыборабудаваньне	22
ірвінг	22
шура	22
яцкоў	22
панаваньні	22
топоров	22
зьнішчаючы	22
трутнеў	22
падковы	22
ліцэяў	22
разгалінаваная	22
умацаваных	22
замкнёную	22
недастатковая	22
радзівонаў	22
создания	22
памылковыя	22
волость	22
всю	22
патаемны	22
спаскую	22
тлушчавы	22
мазурава	22
палтавай	22
клоўн	22
забудоўвалася	22
генэтык	22
прыёмкі	22
трусава	22
збудаваных	22
вылучна	22
аўтобусным	22
вараг	22
дыспансэр	22
камунальнік	22
кандрацюк	22
букварь	22
выракам	22
слабадзкая	22
серады	22
даведніках	22
заўвагаў	22
гедзімінам	22
зьвінавацілі	22
пракудзін-горскі	22
гістарычна-філялягічны	22
каўкаскія	22
спрошчанай	22
фэўдальных	22
настроеныя	22
зямяніну	22
шацілы	22
неаднаразовы	22
гермянчук	22
кіраўск	22
улашчыка	22
вакольнага	22
падрыхтоўчыя	22
абазначаюцца	22
радзівон	22
кельцкімі	22
вылучыўшы	22
альпійскі	22
скандалам	22
вызнала	22
джыні	22
наладжаная	22
лянг	22
гэльмут	22
спажываньнем	22
бандароўна	22
наладжаны	22
патасам	22
песьняра	22
авіяшоў	22
фэдэратыўную	22
гвадэлюпа	22
тэначтытлан	22
мальбарку	22
канкорд	22
ёнэско	22
генэрал-ад’ютант	22
майн	22
кашавога	22
сколько	22
перасьледаў	22
бітэль	22
комік	22
астап	22
багамы	22
астроляг	22
музыкальной	22
сыстэматызацыі	22
меркавала	22
рэвальвэра	22
вадароднай	22
юхнавец	22
адкрыццё	22
грыбаедава	22
нобэль	22
гэн	22
вялюгін	22
начальствам	22
ямантаў	22
флёрэс	22
блюзавы	22
пісьмовымі	22
антычнасьць	22
дасьледаваньням	22
мітрафанаў	22
дучыц	22
наносіцца	22
краеўскі	22
кубізму	22
таленавітай	22
нб	22
наполеона	22
пералому	22
радыяактыўныя	22
аддаленай	22
дзятлаў	22
мужыка	22
азнаёміўся	22
вэрлена	22
прысьвячэньнем	22
прыйдзецца	22
равенскага	22
дэбютуе	22
всегда	22
магчымасьцей	22
букет	22
поэта	22
цацка	22
завтра	22
броз	22
паліцыянтам	22
дыбоўскі	22
пяцёркі	22
стэльмах	22
дубоўскі	22
эмацыйным	22
сцэнарыі	22
журба	22
пэрэльман	22
славенскае	22
скеп’ян	22
дакастрычніцкі	22
насычэньня	22
публіцыстычны	22
месным	22
гарэх	22
словазлучэньняў	22
вітан-дубейкаўскі	22
сьцежкамі	22
валуна	22
вынаходнікаў	22
гон	22
павуціньня	22
параграфа	22
адносіў	22
выкладнікі	22
арытмэтыцы	22
узьведзеныя	22
максіміліяна	22
ўнівэрсытэцкая	22
асьветлены	22
катаваньне	22
васала	22
гаштольдам	22
друкара	22
суть	22
памерлы	22
давераная	22
пластамі	22
вечную	22
недастатковае	22
ўспрыняцьця	22
зразумелай	22
кінулася	22
маскавітамі	22
перамогаю	22
гравітацыйныя	22
бітлз	22
ісьляндцы	22
баскі	22
мансі	22
масаі	22
сыман	22
уяўныя	22
растоўскага	22
хаванскі	22
балерына	22
арсен	22
канчэўскі	22
лячыўся	22
прысудзе	22
публіцыстыцы	22
каміля	22
запісанае	22
тонкае	22
рэкамэндуюць	22
высокаму	22
заснавальніцаў	22
мышэй	22
коз	22
нікелю	22
обращения	22
льво	22
разьвіваных	22
прадукта	22
экспартам	22
славутая	22
дэкер	22
электрагітары	22
кнэсэту	22
кадрам	22
фронтмэн	22
дасьледчыца	22
мовіць	22
кінадраматург	22
спусташэньне	22
азначаны	22
борхэс	22
карпі	22
опэр	22
шчука	22
выкладчыцкай	22
пётрам	22
узбэкістане	22
крэдытныя	22
басовішчы-	22
ўдзельніцы	22
значыліся	22
ляда	22
сацыял-дэмакратыі	22
мескімі	22
ўлева	22
вузкакалейная	22
суматра	22
рысінскі	22
нясвіжскі	22
амундсэн	22
сьлі	22
прывіда	22
даданьні	22
абумовіў	22
мазыршчыны	22
казимир	22
ўласнаручна	22
нерухомых	22
адміністрацыйна-тэрытарыяльным	22
лясістасьць	22
соду	22
суднаходныя	22
пінкавічы	22
часоваму	22
дамбаў	22
набярэжных	22
ўдалечыні	22
більярд	22
спэктаклем	22
сатурну	22
зьнішчэньню	22
мсьціславіча	22
дузе	22
яўнута	22
каляндары	22
побытавым	22
вугла	22
незалежнасць	22
пэрспэктываў	22
федарук	22
адтэрміноўкай	22
калектывізацыю	22
хаславічы	22
унікальнымі	22
летапіснай	22
мсьціслаўца	22
кіпра	22
вікенцьевіч	22
жалуды	22
ўласава	22
ўратаваньне	22
мазалаўскі	22
пражэктар	22
бэнтлі	22
хаакін	22
зерневыя	22
узьдзенскім	22
злосьць	22
піці	22
экспэрымэнце	22
лазэр	22
квантавы	22
падарожнічаюць	22
адлегласьцяў	22
нацыяналістычны	22
рэзанансу	22
анціпенка	22
фіналістаў	22
худож	22
трактоўкі	22
асьветніцкага	22
называньне	22
засвоіць	22
прыемныя	22
уо	22
роўні	22
энэрґіі	22
кастынг	22
лянкевіча	22
санд	22
сьцяпанкаўскі	22
жывёлагадоўлю	22
здраўніца	22
уступны	22
стацкага	22
стыпэндыяў	22
ценяў	22
млоснасьць	22
перша	22
разумовай	22
прадстаўленым	22
сьвядомым	22
дамейкаў	22
барэльефам	22
хадайніцтве	22
король	22
генэрал-маёрам	22
слонімскую	22
плёнам	22
кірхгольмам	22
заведзеная	22
астаповіч	22
недапушчальнасьці	22
игры	22
пытанняў	22
павіннае	22
слуханьні	22
адзінкавымі	22
пакутнікам	22
сымфонію	22
самадзяржаўя	22
азорскіх	22
талес	22
нікалаева	22
задае	22
офісам	22
разьмяшчалі	22
міжурадавых	22
б’юцца	22
абасыдаў	22
зальвянка	22
структурным	22
апп	22
этапа	22
сыграет	22
бароўскага	22
садама	22
сьлёз	22
цяньаньмэнь	22
ліпінскі	22
салігорцы	22
фінішы	22
паразамі	22
славенскіх	22
подкупу	22
лоевам	22
найстарэйшага	22
масей	22
унівэрсітэце	22
пясэцкі	22
дзейнічаючы	22
геоляга-мінэралягічных	22
ддт	22
жалейкі	22
мікрабіёляг	22
брыжыт	22
суражу	22
жэнэўская	22
дэпартацыяў	22
фантастычнай	22
ўолта	22
фолкнэр	22
суполкаю	22
чыталіся	22
віленшчына	22
хаўрусныя	22
грэві	22
прымуць	22
онъ	22
безумоўнай	22
жарту	22
меер	22
янаўцы	22
лот	22
стараангельская	22
конунг	22
заўчаснай	22
жудасная	22
лей	22
навэліст	22
нацыяналістам	22
каралеўствамі	22
панамскага	22
дзям’янка	22
падвышаная	22
зьменлівасьць	22
сістэму	22
фізыялягічных	22
функцыянальна	22
старабеларускага	22
гераічнай	22
каятана	22
васіла	22
белавескіх	22
рэфэрэндума	22
кірылаў	22
зграі	22
ваўжэцкі	22
скульптурных	22
шымборска	22
экспрэсіянізм	22
эвангельлях	22
зьвернутая	22
калянізацыю	22
паданьню	22
грэка-каталіцкую	22
хвасьце	22
псыхалягічным	22
вашых	22
учебно	22
афрадыты	22
гаманда	22
гучныя	22
загрузілі	22
рэаліяў	22
непрыстойнасьці	22
геадэзіст	22
нейкімі	22
фоліо	22
банкіры	22
пацёмкін	22
драган	22
эмігранцкім	22
храмасомаў	22
кухнях	22
международного	22
харавой	22
пасьмяротныя	22
ядравай	22
эльба	22
бомбай	22
разгромленая	22
пазаштатны	22
вялебны	22
артаграфію	22
створанымі	22
нязьменная	22
аўтарытэтаў	22
масарыка	22
тэлеперадачаў	22
амапам	22
снег	22
запісваюць	22
дзеючая	22
задаваць	22
залежны	22
запавольвае	22
ланцуговай	22
выдзеленая	22
маркер	22
бясьсьледна	22
скінула	22
пазбаўлена	22
даходзячы	22
составленный	22
ўкладаньне	22
адлічваецца	22
валынскія	22
выцясьненьня	22
інтарэсу	22
білінгвізму	22
палемічныя	22
зазнаваць	22
палажэньнямі	22
рэдукаваных	22
адлюстроўваўся	22
прыметніках	22
прадпрынятая	22
захаванай	22
тымъ	22
творнага	22
гоны	22
дамо	22
актавых	22
ўтвараўся	22
тыи	22
аорысту	22
коли	22
прыстаўку	22
дапасаваньне	22
нешматлікімі	22
устойлівых	22
вышла	22
жанрамі	22
корол	22
мінімальнае	22
перакладныя	22
характарызаваў	22
бэнэт	22
герцагіня	22
фокса	22
зьнішчаных	22
прывілеяваных	22
спажывалася	22
пячонкі	22
шчупакі	22
зьменшыла	22
паганская	22
парэчкі	22
акупацыйным	22
духмяныя	22
усялякай	22
верху	22
уключаецца	22
пажыцьцёвы	22
хмелю	22
цыліндрычных	22
бруха	22
сьвяточнага	22
сьвініну	22
ной	22
пастаўлялася	22
курыца	22
закрываюць	22
выстаўляецца	22
ваенна-марскіх	22
вырабніцтва	22
спачуваньня	22
дарагімі	22
постмадэрнізму	22
смакавыя	22
перакладаюць	22
ураджайнасьць	22
філятэліі	22
інфлянцкае	22
анжуйскі	22
апыняецца	22
пшанічны	22
трапар	22
пантэону	22
вядомаю	22
дзьме	22
прапагандысцкія	22
згадаць	22
буйнай	22
грамадзка-палітычную	22
тартоў	22
супу	22
гібрыдаў	22
бацькоўскіх	22
фіялетавыя	22
трыюмвірат	22
лікёр	22
пастаўляе	22
існуючы	22
