# stem	class	alternations	source	provenance	target	verdict	impact	forms	blast_radius	evidence	examples
#
# CANDIDATES, NOT ENTRIES. Proposed loan stems mined from Wikidata labels by
# scripts/mine_wikidata_labels.py. Nothing here is applied: the stem inventory is what
# holds the false-positive rate at zero, and it stays hand-reviewed.
#
# Wikidata labels are aligned by construction — one item, a `be` label and a
# `be-tarask` label — so there is no sentence alignment and no similarity threshold
# here, and no bias from either. Wikidata is CC0.
#
# Only differences that are IN SCOPE (differ solely by modelled alternations) and that
# need a stem (l, i, e, g, eu — not bare softness) become candidates.
#
# verdict       what 17M tokens of genuine be-tarask say about the blast radius:
#                 supported  Taraškievica writes the converted form and not the original
#                 refuted    it writes the ORIGINAL — the stem would corrupt real words
#                 unknown    too rare there to say; read the blast radius yourself
#               Weak evidence, treated as weak: an unconverted form on be-tarask looks
#               exactly like a refutation, so `unknown` rejects nothing.
# impact        tokens in data/corpora/frequency_be.tsv this stem would resolve
# forms         how many distinct forms it matches there
# blast_radius  the most frequent of those forms. THIS IS THE REVIEW COLUMN: longest
#               match only protects against a false friend when a native guard already
#               exists, so if a listed form is ordinary Belarusian vocabulary, add the
#               guard in the same pass. A ! marks forms the converter currently leaves
#               alone — those are what would start changing.
# evidence      the counts behind the verdict, so it can be checked rather than believed.
#
# Sorted by verdict, then impact. NOT by impact alone: a short stem matching native
# vocabulary has the largest blast radius by construction, so impact order puts the
# most destructive candidates at the top — `бел` from Бела → Бэла scores 454,828, and
# all of it is беларускі, беларусь, Беларусі. Supported first means the top of this
# file is work worth doing.
ўніверсітэт	loan	e,i	Wikidata Q2072655,Q214341	derived	ўнівэрсытэт	supported	29850	6	!ўніверсітэта(16300) !ўніверсітэт(12205) !ўніверсітэты(456) !ўніверсітэтаў(303) !ўніверсітэтах(296) !ўніверсітэту(290)	ўнівэрсытэта=244 vs ўніверсітэта=64; ўнівэрсытэт=2681 vs ўніверсітэт=58; ўнівэрсытэты=211 vs ўніверсітэты=0	ўніверсітэт→ўнівэрсытэт ўніверсітэт→ўнівэрсытэт ўніверсітэт→ўнівэрсытэт ўніверсітэт→ўнівэрсытэт
амерык	loan	e	Wikidata Q221474,Q828	derived	амэрык	supported	28978	15	!амерыканскі(8056) !амерыкі(5444) !амерыканская(3014) !амерыканскай(2290) !амерыканскіх(2040) !амерыканскага(1985)	амэрыканскі=2398 vs амерыканскі=0; амэрыкі=1751 vs амерыкі=42; амэрыканская=785 vs амерыканская=0	Амерыкі→Амэрыкі Амерыка→Амэрыка Амерыка→Амэрыка Амерыкі→Амэрыкі
імперы	loan	e	Wikidata Q1974218,Q12560	derived	імпэры	supported	26654	4	!імперыі(20744) !імперыя(4181) !імперыяй(1010) !імперыю(719)	імпэрыі=11100 vs імперыі=70; імпэрыя=1560 vs імперыя=0; імпэрыяй=434 vs імперыяй=0	імперыі→імпэрыі імперыя→імпэрыя імперыя→імпэрыя імперыя→імпэрыя
генерал	loan	e	Wikidata Q6482685,Q83460	derived	генэрал	supported	22671	21	!генерал(4161) !генерала(3074) !генеральнага(2448) !генеральны(1993) !генерал-маёр(1698) !генерал-лейтэнант(1654)	генэрал=1183 vs генерал=50; генэрала=853 vs генерала=35; генэральнага=652 vs генеральнага=30	Генералы→Генэралы генерал→генэрал Генерал→Генэрал Генерал→Генэрал
амерыкан	loan	e	Wikidata Q467421	derived	амэрыкан	supported	21997	12	!амерыканскі(8056) !амерыканская(3014) !амерыканскай(2290) !амерыканскіх(2040) !амерыканскага(1985) !амерыканскія(1300)	амэрыканскі=2398 vs амерыканскі=0; амэрыканская=785 vs амерыканская=0; амэрыканскай=626 vs амерыканскай=0	Амерыкана→Амэрыкана
клас	loan	l	Wikidata Q192618	derived	кляс	supported	20971	22	класа(3833) клас(1983) класіфікацыя(1676) класаў(1592) класіфікацыі(1505) класічнай(1434)	кляса=359 vs класа=50; кляс=123 vs клас=23; клясаў=456 vs класаў=0	Клас→Кляс
амерыканск	loan	e	Wikidata Q82728,Q40261	derived	амэрыканск	supported	20962	10	!амерыканскі(8056) !амерыканская(3014) !амерыканскай(2290) !амерыканскіх(2040) !амерыканскага(1985) !амерыканскія(1300)	амэрыканскі=2398 vs амерыканскі=0; амэрыканская=785 vs амерыканская=0; амэрыканскай=626 vs амерыканскай=0	Амерыканскі→Амэрыканскі Амерыканскі→Амэрыканскі
галактык	loan	l	Wikidata Q318	derived	галяктык	supported	17327	3	!галактыка(14770) !галактыкі(1875) !галактык(682)	галяктыка=356 vs галактыка=0; галяктыкі=422 vs галактыкі=30; галяктык=99 vs галактык=0	галактыка→галяктыка
газет	loan	e	Wikidata Q85398871,Q3920707	derived	газэт	supported	15529	6	!газеты(6639) !газета(6153) !газету(869) !газет(790) !газетах(729) !газетай(349)	газэты=3198 vs газеты=226; газэту=531 vs газету=0; газэт=146 vs газет=0	газета→газэта газета→газэта газета→газэта газета→газэта
энцыклапеды	loan	e,l	Wikidata Q2634919,Q2995179	derived	энцыкляпэды	supported	14888	3	!энцыклапедыя(11812) !энцыклапедычны(1818) !энцыклапедыі(1258)	энцыкляпэдыі=476 vs энцыклапедыі=26	Энцыклапедыя→энцыкляпэдыя Энцыклапедыя→энцыкляпэдыя энцыклапедыя→энцыкляпэдыя Энцыклапедыя→энцыкляпэдыя
амерыканскі	loan	e	Wikidata Q11703,Q184858	derived	амэрыканскі	supported	13084	5	!амерыканскі(8056) !амерыканскіх(2040) !амерыканскія(1300) !амерыканскім(1230) !амерыканскімі(458)	амэрыканскі=2398 vs амерыканскі=0; амэрыканскіх=532 vs амерыканскіх=0; амэрыканскія=326 vs амерыканскія=0	Амерыканскія→Амэрыканскія Амерыканскія→Амэрыканскія
швецы	loan	e	Wikidata Q190129,Q127448	derived	швэцы	supported	9562	4	!швецыі(6950) !швецыя(1545) !швецыяй(534) !швецыю(533)	швэцыі=1964 vs швецыі=24; швэцыя=631 vs швецыя=0; швэцыяй=238 vs швецыяй=0	Швецыі→Швэцыі Швецыі→Швэцыі Швецыі→Швэцыі
басейн	loan	e	Wikidata Q2887540,Q23907747	derived	басэйн	supported	9418	3	!басейн(4743) !басейне(2918) !басейна(1757)	басэйн=1895 vs басейн=0; басэйне=491 vs басейне=0; басэйна=163 vs басейна=0	басейн→басэйн басейн→басэйн
месь	loan	e	Wikidata Q14530	derived	мэсь	supported	7933	1	!месье(7933)	мэсье=257 vs месье=0	Месье→Мэсье
кало	loan	l	Wikidata Q147589	derived	калё	supported	7701	11	калоніі(2295) !калоны(1027) калоній(763) калонія(694) !калона(686) !калон(589)	калёніі=701 vs калоніі=0; калёны=228 vs калоны=0; калёнія=293 vs калонія=0	Кало→Калё
калон	loan	l	Wikidata Q907366,Q2628659	derived	калён	supported	7701	11	калоніі(2295) !калоны(1027) калоній(763) калонія(694) !калона(686) !калон(589)	калёніі=701 vs калоніі=0; калёны=228 vs калоны=0; калёнія=293 vs калонія=0	калона→калёна калона→калёна калона→калёна калона→калёна
амерыканска	loan	e	Wikidata Q16641,Q389336	derived	амэрыканска	supported	7637	4	!амерыканская(3014) !амерыканскай(2290) !амерыканскага(1985) !амерыканскае(348)	амэрыканская=785 vs амерыканская=0; амэрыканскай=626 vs амерыканскай=0; амэрыканскага=566 vs амерыканскага=0	Амерыканскае→Амэрыканскае Амерыканская→Амэрыканская Амерыканская→Амэрыканская Амерыканская→Амэрыканская
тэмператур	loan	e	Wikidata Q264647,Q81182	derived	тэмпэратур	supported	7245	6	!тэмпература(3309) !тэмпературы(2569) !тэмператур(443) !тэмпературай(361) !тэмпературу(321) !тэмпературах(242)	тэмпэратура=1194 vs тэмпература=0; тэмпэратуры=783 vs тэмпературы=0; тэмпэратур=40 vs тэмператур=0	тэмпература→тэмпэратура тэмпературы→тэмпэратуры тэмпература→тэмпэратура
кампазітар	loan	i	Wikidata Q36834	derived	кампазытар	supported	7128	5	!кампазітар(3457) !кампазітары(1523) !кампазітара(950) !кампазітараў(833) !кампазітарам(365)	кампазытар=1286 vs кампазітар=27; кампазытары=410 vs кампазітары=0; кампазытара=344 vs кампазітара=0	кампазітар→кампазытар
опер	loan	e	Wikidata Q48623,Q209937	derived	опэр	supported	6676	8	!оперы(3582) !опера(967) !оперныя(533) !оперны(437) !опер(365) !оперная(280)	опэры=692 vs оперы=29; опэра=239 vs опера=25; опэрныя=73 vs оперныя=0	оперы→опэры опера→опэра оперы→опэры опера→опэра
азербайджан	loan	e	Wikidata Q2030101,Q227	derived	азэрбайджан	supported	6255	6	!азербайджана(3081) !азербайджанскай(938) !азербайджан(922) !азербайджане(656) !азербайджанская(334) !азербайджанскі(324)	азэрбайджанскай=198 vs азербайджанскай=0; азэрбайджан=322 vs азербайджан=0; азэрбайджане=198 vs азербайджане=0	Азербайджане→Азэрбайджане Азербайджан→Азэрбайджан Азербайджане→Азэрбайджане Азербайджан→Азэрбайджан
экспедыцы	loan	e	Wikidata Q21223302	derived	экспэдыцы	supported	5301	5	экспедыцыі(2785) экспедыцыя(1079) экспедыцыю(531) экспедыцый(481) экспедыцыяй(425)	экспэдыцыі=348 vs экспедыцыі=0; экспэдыцыя=183 vs экспедыцыя=0; экспэдыцыю=104 vs экспедыцыю=0	экспедыцыі→экспэдыцыі
сфер	loan	e	Wikidata Q13030829	derived	сфэр	supported	5194	5	!сферы(2937) !сфера(1082) !сферу(444) !сферах(438) !сфер(293)	сфэры=837 vs сферы=26; сфэра=194 vs сфера=46; сфэру=140 vs сферу=0	сферы→сфэры
армен	loan	e	Wikidata Q93153	derived	армэн	supported	5156	4	арменіі(3494) арменія(1173) !армении(248) арменію(241)	армэніі=754 vs арменіі=0; армэнія=290 vs арменія=0; армэнію=75 vs арменію=0	Армен→Армэн
флот	loan	l	Wikidata Q4335207,Q16736835	derived	флёт	supported	4967	4	!флоту(2339) !флот(1664) !флота(524) !флотам(440)	флёту=580 vs флоту=0; флёт=391 vs флот=0; флёта=38 vs флота=0	флот→флёт флоту→флёту флот→флёт
метал	loan	e	Wikidata Q20378,Q19563	derived	мэтал	supported	4941	10	!металаў(1304) !металу(737) !метал(447) !металургіі(446) !металічныя(396) !металічных(391)	мэталаў=333 vs металаў=0; мэталу=215 vs металу=0; мэтал=198 vs метал=0	метал→мэтал металы→мэталы металы→мэталы
педагагічн	loan	e	Wikidata Q1977379,Q2027201	derived	пэдагагічн	supported	4910	5	!педагагічны(1600) !педагагічнага(1463) !педагагічным(720) !педагагічных(668) !педагагічнай(459)	пэдагагічны=340 vs педагагічны=0; пэдагагічнага=403 vs педагагічнага=0; пэдагагічным=196 vs педагагічным=0	педагагічны→пэдагагічны педагагічны→пэдагагічны
энергі	loan	e	Wikidata Q12705,Q127993	derived	энэргі	supported	4665	4	!энергіі(2613) !энергія(1026) !энергію(676) !энергіяй(350)	энэргіі=911 vs энергіі=0; энэргія=398 vs энергія=0; энэргію=225 vs энергію=0	энергія→энэргія энергія→энэргія энергіі→энэргіі энергія→энэргія
эфект	loan	e	Wikidata Q765652	derived	эфэкт	supported	4434	8	!эфект(1391) !эфекты(558) !эфекту(517) эфектыўнасці(514) эфектыўнасць(486) !эфектыўна(376)	эфэкт=337 vs эфект=0; эфэкты=125 vs эфекты=0; эфэкту=138 vs эфекту=0	эфект→эфэкт
роберт	loan	e	Wikidata Q6482746	derived	робэрт	supported	4324	4	!роберт(2322) !роберта(1060) !робертсан(611) !робертам(331)	робэрт=732 vs роберт=54; робэрта=274 vs роберта=0; робэртсан=23 vs робертсан=0	Роберт→Робэрт
сіры	loan	i	Wikidata Q178810,Q56650604	derived	сыры	supported	4182	6	!сірыі(2405) !сірыйскай(544) !сірыя(439) !сірыйская(288) !сірыю(260) !сірыйскіх(246)	сырыі=308 vs сірыі=0; сырыйскай=38 vs сірыйскай=0; сырыя=128 vs сірыя=0	Сірыі→Сырыі Сірыі→Сырыі
планет	loan	e,l	Wikidata Q121750,Q2199	derived	плянэт	supported	4176	4	планеты(1940) планет(1218) планета(775) планету(243)	плянэты=724 vs планеты=53; плянэт=190 vs планет=0; плянэта=279 vs планета=0	планеты→плянэты планета→плянэта планет→плянэт
нарвегі	loan	e	Wikidata Q86881,Q133198	derived	нарвэгі	supported	4020	3	!нарвегіі(2905) !нарвегія(830) !нарвегію(285)	нарвэгіі=794 vs нарвегіі=0; нарвэгія=396 vs нарвегія=0; нарвэгію=59 vs нарвегію=0	Нарвегіі→Нарвэгіі Нарвегіі→Нарвэгіі
генеральна	loan	e	Wikidata Q47423,Q2331803	derived	генэральна	supported	3749	3	!генеральнага(2448) !генеральнай(807) !генеральная(494)	генэральнага=652 vs генеральнага=30; генэральнай=371 vs генеральнай=0; генэральная=266 vs генеральная=0	Генеральная→Генэральная Генеральная→Генэральная Генеральная→Генэральная Генеральная→Генэральная
сербі	loan	e	Wikidata Q2414726,Q945958	derived	сэрбі	supported	3343	2	!сербіі(2501) !сербія(842)	сэрбіі=1430 vs сербіі=0; сэрбія=412 vs сербія=0	Сербіі→Сэрбіі Сербіі→Сэрбіі Сербіі→Сэрбіі Сербіі→Сэрбіі
ірланды	loan	l	Wikidata Q187385,Q179872	derived	ірлянды	supported	3031	2	!ірландыі(2378) !ірландыя(653)	ірляндыі=1024 vs ірландыі=0; ірляндыя=372 vs ірландыя=0	Ірландыі→Ірляндыі Ірландыі→Ірляндыі Ірландыі→Ірляндыі Ірландыі→Ірляндыі
фер	loan	e	Wikidata Q54885	derived	фэр	supported	2945	5	!фердынанд(1053) !фердынанда(727) !ферма(600) !фернанда(305) !фермы(260)	фэрдынанд=285 vs фердынанд=0; фэрдынанда=203 vs фердынанда=0; фэрма=170 vs ферма=0	Фера→Фэра
вікіпеды	loan	e	Wikidata Q595628,Q208533	derived	вікіпэды	supported	2862	2	!вікіпедыя(1913) !вікіпедыі(949)	вікіпэдыя=1305 vs вікіпедыя=0; вікіпэдыі=728 vs вікіпедыі=0	Вікіпедыя→Вікіпэдыя Вікіпедыя→Вікіпэдыя Вікіпедыя→Вікіпэдыя Вікіпедыя→Вікіпэдыя
праспект	loan	e	Wikidata Q2995182,Q1168713	derived	праспэкт	supported	2793	3	праспект(1625) праспекта(886) праспектам(282)	праспэкт=313 vs праспект=0; праспэкта=47 vs праспекта=0; праспэктам=59 vs праспектам=0	праспект→праспэкт праспект→праспэкт праспект→праспэкт
фальклор	loan	l	Wikidata Q25680865	derived	фальклёр	supported	2593	3	!фальклору(1339) !фальклор(925) !фальклоры(329)	фальклёру=432 vs фальклору=86; фальклёр=226 vs фальклор=51; фальклёры=97 vs фальклоры=0	фальклор→фальклёр
нідэрландаў	loan	l	Wikidata Q200191,Q29999	derived	нідэрляндаў	supported	2340	1	!нідэрландаў(2340)	нідэрляндаў=1149 vs нідэрландаў=0	Нідэрландаў→Нідэрляндаў Нідэрландаў→Нідэрляндаў
прафесійна	loan	e	Wikidata Q127269320	derived	прафэсійна	supported	2254	3	!прафесійнай(1056) !прафесійнага(622) !прафесійная(576)	прафэсійнай=396 vs прафесійнай=0; прафэсійнага=221 vs прафесійнага=0; прафэсійная=156 vs прафесійная=0	прафесійнае→прафэсійнае
атмасфер	loan	e	Wikidata Q8104,Q177974	derived	атмасфэр	supported	2229	3	!атмасферы(1359) !атмасферу(496) !атмасфера(374)	атмасфэры=364 vs атмасферы=0; атмасфэру=129 vs атмасферу=0; атмасфэра=129 vs атмасфера=0	атмасфера→атмасфэра атмасфера→атмасфэра Атмасфера→Атмасфэра атмасфера→атмасфэра
вулкан	loan	l	Wikidata Q8072,Q4128306	derived	вулькан	supported	2096	5	!вулкан(573) !вулкана(532) !вулканы(443) !вулканаў(287) !вулканічнае(261)	вулькан=130 vs вулкан=0; вулькана=63 vs вулкана=0; вульканы=107 vs вулканы=0	вулкан→вулькан Вулкан→Вулькан Вулкан→Вулькан Вулкан→Вулькан
евангелл	loan	e,l	Wikidata Q4337285,Q616891	derived	эвангельл	supported	1981	3	евангелле(912) евангелля(572) евангеллі(497)	эвангельле=310 vs евангелле=0; эвангельля=223 vs евангелля=0; эвангельлі=135 vs евангеллі=0	Евангелле→Эвангельле Евангелле→Эвангельле Евангелле→Эвангельле Евангелле→Эвангельле
архіпелаг	loan	e,l	Wikidata Q33837,Q369944	derived	архіпэляг	supported	1966	3	!архіпелага(883) !архіпелаг(833) !архіпелагу(250)	архіпэляга=39 vs архіпелага=0; архіпэляг=206 vs архіпелаг=0; архіпэлягу=258 vs архіпелагу=0	архіпелаг→архіпэляг Архіпелаг→Архіпэляг Архіпелаг→Архіпэляг Архіпелаг→Архіпэляг
федэральна	loan	e	Wikidata Q41968,Q15971609	derived	фэдэральна	supported	1960	3	!федэральнага(862) !федэральнай(735) !федэральная(363)	фэдэральнага=244 vs федэральнага=0; фэдэральнай=305 vs федэральнай=0; фэдэральная=202 vs федэральная=0	федэральная→фэдэральная федэральная→фэдэральная
эсперант	loan	e	Wikidata Q607188,Q427827	derived	эспэрант	supported	1861	2	эсперанта(1606) эсперантыстаў(255)	эспэранта=472 vs эсперанта=0; эспэрантыстаў=53 vs эсперантыстаў=0	эсперанта→эспэранта эсперанта→эспэранта эсперанта→эспэранта
механік	loan	e	Wikidata Q944,Q11397	derived	мэханік	supported	1838	2	!механікі(1186) !механіка(652)	мэханікі=215 vs механікі=0; мэханіка=128 vs механіка=0	механіка→мэханіка механіка→мэханіка
зеланды	loan	e,l	Wikidata Q705,Q26589	derived	зэлянды	supported	1819	2	!зеландыі(1303) !зеландыя(516)	зэляндыі=295 vs зеландыі=0; зэляндыя=182 vs зеландыя=0	Зеландыя→Зэляндыя Зеландыя→Зэляндыя Зеландыя→Зэляндыя
кабінет	loan	e	Wikidata Q640506,Q613729	derived	кабінэт	supported	1797	2	!кабінет(924) !кабінета(873)	кабінэт=296 vs кабінет=26; кабінэта=85 vs кабінета=0	кабінет→кабінэт Кабінет→Кабінэт
альбер	loan	e	Wikidata Q3910,Q34670	derived	альбэр	supported	1786	2	!альберта(902) !альберт(884)	альбэрта=245 vs альберта=0; альбэрт=348 vs альберт=48	Альбер→Альбэр Альбер→Альбэр
албані	loan	l	Wikidata Q1814009,Q1474287	derived	альбані	supported	1773	2	!албаніі(1229) !албанія(544)	альбаніі=631 vs албаніі=0; альбанія=239 vs албанія=0	Албаніі→Альбаніі Албаніі→Альбаніі Албанія→Альбанія Албанія→Альбанія
камеды	loan	e	Wikidata Q40185,Q40831	derived	камэды	supported	1749	2	!камедыі(1120) !камедыя(629)	камэдыі=459 vs камедыі=0; камэдыя=234 vs камедыя=0	камедыя→камэдыя камедыя→камэдыя Камедыя→Камэдыя
ісланды	loan	l	Wikidata Q1143175,Q2069617	derived	ісьлянды	supported	1685	2	!ісландыі(1188) !ісландыя(497)	ісьляндыі=745 vs ісландыі=0; ісьляндыя=298 vs ісландыя=0	Ісландыі→Ісьляндыі Ісландыі→Ісьляндыі Ісландыі→Ісьляндыі Ісландыі→Ісьляндыі
камерцыйн	loan	e	Wikidata Q31213215,Q959524	derived	камэрцыйн	supported	1678	5	!камерцыйны(431) !камерцыйных(430) !камерцыйнага(287) !камерцыйныя(272) !камерцыйнай(258)	камэрцыйны=219 vs камерцыйны=0; камэрцыйных=189 vs камерцыйных=0; камэрцыйнага=91 vs камерцыйнага=0	камерцыйны→камэрцыйны Камерцыйны→Камэрцыйны
калумбі	loan	l	Wikidata Q739	derived	калюмбі	supported	1665	2	!калумбіі(1009) !калумбія(656)	калюмбіі=353 vs калумбіі=26; калюмбія=209 vs калумбія=55	Калумбія→Калюмбія
атлант	loan	l	Wikidata Q4295217,Q2041015	derived	атлянт	supported	1641	3	!атлантычнага(905) !атлантычным(380) !атлантычны(356)	атлянтычнага=328 vs атлантычнага=0; атлянтычным=122 vs атлантычным=0; атлянтычны=158 vs атлантычны=0	Атлант→Атлянт Атлант→Атлянт
атлантычн	loan	l	Wikidata Q97	derived	атлянтычн	supported	1641	3	!атлантычнага(905) !атлантычным(380) !атлантычны(356)	атлянтычнага=328 vs атлантычнага=0; атлянтычным=122 vs атлантычным=0; атлянтычны=158 vs атлантычны=0	Атлантычны→Атлянтычны
энергетык	loan	e	Wikidata Q13030840	derived	энэргетык	supported	1592	3	!энергетыкі(906) !энергетыка(352) !энергетык-бду(334)	энэргетыкі=253 vs энергетыкі=0; энэргетыка=142 vs энергетыка=0; энэргетык-бду=78 vs энергетык-бду=0	энергетык→энэргетык
абсерваторы	loan	e	Wikidata Q62832,Q1018734	derived	абсэрваторы	supported	1561	2	!абсерваторыі(1043) !абсерваторыя(518)	абсэрваторыі=170 vs абсерваторыі=0; абсэрваторыя=117 vs абсерваторыя=0	абсерваторыя→абсэрваторыя абсерваторыя→абсэрваторыя абсерваторыя→абсэрваторыя абсерваторыя→абсэрваторыя
пілот	loan	l	Wikidata Q13030832	derived	пілёт	supported	1560	4	!пілот(550) !пілотаў(398) !пілоты(347) !пілота(265)	пілёт=135 vs пілот=0; пілётаў=82 vs пілотаў=0; пілёты=86 vs пілоты=0	пілот→пілёт
венесуэл	loan	e	Wikidata Q717	derived	вэнэсуэл	supported	1553	3	!венесуэлы(824) !венесуэла(409) !венесуэле(320)	вэнэсуэлы=165 vs венесуэлы=0; вэнэсуэла=143 vs венесуэла=0; вэнэсуэле=76 vs венесуэле=0	Венесуэла→Вэнэсуэла
люксембург	loan	e	Wikidata Q32,Q1842	derived	люксэмбург	supported	1542	3	!люксембург(680) !люксембурга(594) !люксембургу(268)	люксэмбург=336 vs люксембург=0; люксэмбургу=482 vs люксембургу=0	Люксембург→Люксэмбург Люксембург→Люксэмбург
канфедэрацы	loan	e	Wikidata Q874784,Q166185	derived	канфэдэрацы	supported	1515	2	!канфедэрацыі(1067) !канфедэрацыя(448)	канфэдэрацыі=541 vs канфедэрацыі=0; канфэдэрацыя=165 vs канфедэрацыя=0	канфедэрацыя→канфэдэрацыя канфедэрацыя→канфэдэрацыя канфедэрацыя→канфэдэрацыя Канфедэрацыя→Канфэдэрацыя
дэкларацы	loan	l	Wikidata Q13030722,Q5401642	derived	дэклярацы	supported	1364	3	!дэкларацыі(572) !дэкларацыя(439) !дэкларацыю(353)	дэклярацыі=242 vs дэкларацыі=0; дэклярацыя=175 vs дэкларацыя=0; дэклярацыю=237 vs дэкларацыю=0	Дэкларацыя→Дэклярацыя Дэкларацыя→Дэклярацыя Дэкларацыя→Дэклярацыя Дэкларацыя→Дэклярацыя
алжыр	loan	l	Wikidata Q262,Q141026	derived	альжыр	supported	1347	3	!алжыра(534) !алжыр(465) !алжыры(348)	альжыр=146 vs алжыр=0; альжыры=206 vs алжыры=0	Алжыр→Альжыр Алжыр→Альжыр Алжыр→Альжыр
кантынент	loan	e	Wikidata Q5107	derived	кантынэнт	supported	1260	3	!кантынентальны(464) !кантынента(443) !кантынентальнай(353)	кантынэнтальны=233 vs кантынентальны=0; кантынэнта=50 vs кантынента=0; кантынэнтальнай=187 vs кантынентальнай=0	кантынент→кантынэнт
секс	loan	e	Wikidata Q8398,Q2122	derived	сэкс	supported	1244	4	!сексуальных(331) !сексуальнай(325) !секс(315) !сексуальныя(273)	сэксуальных=108 vs сексуальных=0; сэксуальнай=113 vs сексуальнай=0; сэкс=195 vs секс=0	секс→сэкс секс→сэкс секс→сэкс секс→сэкс
дамен	loan	e	Wikidata Q29469,Q146481	derived	дамэн	supported	1242	3	!дамен(580) !дамена(398) !даменіка(264)	дамэн=379 vs дамен=0; дамэніка=43 vs даменіка=0	дамен→дамэн дамен→дамэн Дамен→дамэн
уеф	loan	e	Wikidata Q35572,Q40241	derived	уэф	supported	1182	1	!уефа(1182)	уэфа=1648 vs уефа=0	УЕФА→УЭФА УЕФА→УЭФА УЕФА→УЭФА УЕФА→УЭФА
арсен	loan	e	Wikidata Q47576	derived	арсэн	supported	1175	2	!арсенал(873) !арсенала(302)	арсэнал=460 vs арсенал=47; арсэнала=77 vs арсенала=0	Арсен→Арсэн
арсенал	loan	e	Wikidata Q81669,Q210373	derived	арсэнал	supported	1175	2	!арсенал(873) !арсенала(302)	арсэнал=460 vs арсенал=47; арсэнала=77 vs арсенала=0	арсенал→арсэнал Арсенал→Арсэнал Арсенал→Арсэнал Арсенал→Арсэнал
ланд	loan	l	Wikidata Q379672	derived	лянд	supported	1166	4	ландшафт(367) ландшафту(278) ландшафты(263) ландшафтаў(258)	ляндшафт=91 vs ландшафт=0; ляндшафту=86 vs ландшафту=0; ляндшафты=30 vs ландшафты=0	Ланда→Лянда
ветэрынар	loan	e	Wikidata Q202883	derived	вэтэрынар	supported	1134	3	!ветэрынарнай(544) !ветэрынарны(320) !ветэрынарыі(270)	вэтэрынарнай=69 vs ветэрынарнай=0; вэтэрынарны=94 vs ветэрынарны=0; вэтэрынарыі=49 vs ветэрынарыі=0	ветэрынар→вэтэрынар
сербскай	loan	e	Wikidata Q1100730,Q12754142	derived	сэрбскай	supported	1091	1	!сербскай(1091)	сэрбскай=518 vs сербскай=0	Сербскай→Сэрбскай Сербскай→Сэрбскай Сербскай→Сэрбскай Сербскай→Сэрбскай
ветэран	loan	e	Wikidata Q193891	derived	вэтэран	supported	1085	2	!ветэранаў(690) !ветэран(395)	вэтэранаў=243 vs ветэранаў=0; вэтэран=79 vs ветэран=0	ветэран→вэтэран
кінематограф	loan	e	Wikidata Q590870,Q2995438	derived	кінэматограф	supported	1072	3	!кінематографа(412) !кінематографе(370) !кінематограф(290)	кінэматографа=26 vs кінематографа=0; кінэматографе=54 vs кінематографе=0; кінэматограф=86 vs кінематограф=0	кінематограф→кінэматограф Кінематограф→Кінэматограф
гвіне	loan	e	Wikidata Q3502438,Q1006	derived	гвінэ	supported	1061	2	!гвінеі(666) !гвінея(395)	гвінэі=154 vs гвінеі=0; гвінэя=115 vs гвінея=0	Гвінеі→Гвінэі Гвінея→Гвінэя Гвінеі→Гвінэі Гвінеі→Гвінэі
сквер	loan	e	Wikidata Q3809104,Q13030932	derived	сквэр	supported	1048	2	!сквер(601) !скверы(447)	сквэр=137 vs сквер=0; сквэры=69 vs скверы=0	сквер→сквэр сквер→сквэр
венер	loan	e	Wikidata Q313,Q16694189	derived	вэнэр	supported	1017	2	!венеры(596) !венера(421)	вэнэры=80 vs венеры=0; вэнэра=126 vs венера=0	Венера→Вэнэра Венера→Вэнэра Венера→Вэнэра Венера→Вэнэра
імперыяй	loan	e	Wikidata Q74298	derived	імпэрыяй	supported	1010	1	!імперыяй(1010)	імпэрыяй=434 vs імперыяй=0	імперыяй→імпэрыяй
базілік	loan	i	Wikidata Q38859,Q163687	derived	базылік	supported	1003	2	!базіліка(535) !базілікі(468)	базыліка=416 vs базіліка=0; базылікі=151 vs базілікі=0	Базілік→базылік базіліка→базыліка Базіліка→Базыліка Базіліка→Базыліка
металург	loan	e,l	Wikidata Q14917048	derived	мэталюрг	supported	1001	3	!металургіі(446) !металургія(298) !металург(257)	мэталюргіі=112 vs металургіі=0; мэталюргія=104 vs металургія=0; мэталюрг=118 vs металург=0	металург→мэталюрг
аператыўн	loan	e	Wikidata Q4335207	derived	апэратыўн	supported	946	2	!аператыўнай(490) !аператыўнага(456)	апэратыўнай=95 vs аператыўнай=0; апэратыўнага=107 vs аператыўнага=0	Аператыўны→Апэратыўны
аператыўна	loan	e	Wikidata Q2287072,Q21643625	derived	апэратыўна	supported	946	2	!аператыўнай(490) !аператыўнага(456)	апэратыўнай=95 vs аператыўнай=0; апэратыўнага=107 vs аператыўнага=0	Аператыўнае→Апэратыўнае Аператыўная→Апэратыўная Аператыўная→апэратыўная аператыўнае→апэратыўнае
генет	loan	e	Wikidata Q43221	derived	генэт	supported	919	2	!генетыкі(657) !генетычныя(262)	генэтыкі=64 vs генетыкі=0; генэтычныя=42 vs генетычныя=0	Генета→Генэта
атлантычна	loan	l	Wikidata Q2869396	derived	атлянтычна	supported	905	1	!атлантычнага(905)	атлянтычнага=328 vs атлантычнага=0	Атлантычная→Атлянтычная
канвенцы	loan	e	Wikidata Q570224,Q125371	derived	канвэнцы	supported	880	2	!канвенцыі(547) !канвенцыя(333)	канвэнцыі=239 vs канвенцыі=0; канвэнцыя=145 vs канвенцыя=0	канвенцыя→канвэнцыя канвенцыя→канвэнцыя канвенцыя→канвэнцыя канвенцыі→канвэнцыі
федэральнаг	loan	e	Wikidata Q183342	derived	фэдэральнаг	supported	862	1	!федэральнага(862)	фэдэральнага=244 vs федэральнага=0	федэральнага→фэдэральнага
бакалаўр	loan	l	Wikidata Q163727	derived	бакаляўр	supported	852	1	!бакалаўра(852)	бакаляўра=159 vs бакалаўра=0	бакалаўр→бакаляўр
венецыянск	loan	e	Wikidata Q194205,Q49024	derived	вэнэцыянск	supported	810	3	!венецыянскай(293) !венецыянскі(278) !венецыянскага(239)	вэнэцыянскай=63 vs венецыянскай=0; вэнэцыянскі=43 vs венецыянскі=0; вэнэцыянскага=37 vs венецыянскага=0	Венецыянскі→Вэнэцыянскі Венецыянскі→Вэнэцыянскі
ламбард	loan	l	Wikidata Q176637	derived	лямбард	supported	763	1	!ламбардыя(763)	лямбардыя=36 vs ламбардыя=0	Ламбард→Лямбард
ламбарды	loan	l	Wikidata Q1210	derived	лямбарды	supported	763	1	!ламбардыя(763)	лямбардыя=36 vs ламбардыя=0	Ламбардыя→Лямбардыя
будапешт	loan	e	Wikidata Q1781	derived	будапэшт	supported	736	2	!будапешт(383) !будапешта(353)	будапэшт=182 vs будапешт=0	Будапешт→Будапэшт
бенедыкт	loan	e	Wikidata Q2616833,Q151902	derived	бэнэдыкт	supported	730	2	!бенедыкт(473) !бенедыкта(257)	бэнэдыкт=273 vs бенедыкт=0; бэнэдыкта=139 vs бенедыкта=0	Бенедыкт→Бэнэдыкт Бенедыкт→Бэнэдыкт Бенедыкт→Бэнэдыкт Бенедыкт→Бэнэдыкт
вагнер	loan	e	Wikidata Q1463587	derived	вагнэр	supported	722	2	!вагнера(387) !вагнер(335)	вагнэра=85 vs вагнера=0; вагнэр=85 vs вагнер=0	Вагнер→Вагнэр
грэнланды	loan	l	Wikidata Q223,Q4148644	derived	грэнлянды	supported	701	1	!грэнландыі(701)	грэнляндыі=120 vs грэнландыі=0	Грэнландыя→Грэнляндыя Грэнландыя→Грэнляндыя
акцыянер	loan	e	Wikidata Q381136	derived	акцыянэр	supported	690	2	!акцыянернае(382) !акцыянернага(308)	акцыянэрнае=186 vs акцыянернае=0; акцыянэрнага=63 vs акцыянернага=0	акцыянер→акцыянэр
ветэранаў	loan	e	Wikidata Q13028195,Q13028749	derived	вэтэранаў	supported	690	1	!ветэранаў(690)	вэтэранаў=243 vs ветэранаў=0	ветэранаў→вэтэранаў ветэранаў→вэтэранаў ветэранаў→вэтэранаў
геолаг	loan	l	Wikidata Q13030817	derived	геоляг	supported	685	2	!геолаг(448) !геолагі(237)	геоляг=115 vs геолаг=0; геолягі=31 vs геолагі=0	геолаг→геоляг
інвентар	loan	e	Wikidata Q13028238	derived	інвэнтар	supported	672	2	!інвентар(345) !інвентары(327)	інвэнтар=116 vs інвентар=0; інвэнтары=169 vs інвентары=0	інвентару→інвэнтару
абеліск	loan	e	Wikidata Q4329125,Q4329123	derived	абэліск	supported	663	1	!абеліск(663)	абэліск=171 vs абеліск=0	Абеліск→Абэліск Абеліск→Абэліск Абеліск→Абэліск
сезар	loan	e	Wikidata Q182459	derived	сэзар	supported	652	1	!сезар(652)	сэзар=71 vs сезар=0	Сезар→Сэзар
медыч	loan	e	Wikidata Q131552,Q177854	derived	мэдыч	supported	651	1	!медычы(651)	мэдычы=121 vs медычы=0	Медычы→Мэдычы Медычы→Мэдычы
клімент	loan	e	Wikidata Q171001,Q155961	derived	клімэнт	supported	632	2	!клімент(391) !клімента(241)	клімэнт=108 vs клімент=0; клімэнта=70 vs клімента=0	Клімент→Клімэнт Клімент→Клімэнт Клімент→Клімэнт Клімент→Клімэнт
капенгаген	loan	e	Wikidata Q1748,Q188430	derived	капэнгаген	supported	626	2	!капенгагене(357) !капенгаген(269)	капэнгагене=112 vs капенгагене=0; капэнгаген=147 vs капенгаген=0	Капенгаген→Капэнгаген Капенгаген→Капэнгаген
бангладэш	loan	l	Wikidata Q902	derived	банглядэш	supported	611	1	!бангладэш(611)	банглядэш=116 vs бангладэш=0	Бангладэш→Банглядэш
робертс	loan	e	Wikidata Q40523	derived	робэртс	supported	611	1	!робертсан(611)	робэртсан=23 vs робертсан=0	Робертс→Робэртс
лакаматыў	loan	l	Wikidata Q93301,Q13033195	derived	лякаматыў	supported	610	1	!лакаматыў(610)	лякаматыў=245 vs лакаматыў=0	лакаматыў→лякаматыў Лакаматыў→Лякаматыў Лакаматыў→Лякаматыў Лакаматыў→Лякаматыў
кінакамеды	loan	e	Wikidata Q157443	derived	кінакамэды	supported	608	1	!кінакамедыі(608)	кінакамэдыі=222 vs кінакамедыі=0	кінакамедыя→кінакамэдыя
апалон	loan	l	Wikidata Q37340,Q619117	derived	апалён	supported	561	2	!апалон(307) !апалона(254)	апалён=123 vs апалон=0; апалёна=48 vs апалона=0	Апалон→Апалён Апалон→Апалён Апалон→Апалён Апалон→Апалён
ветэрынарнай	loan	e	Wikidata Q877421,Q4112332	derived	вэтэрынарнай	supported	544	1	!ветэрынарнай(544)	вэтэрынарнай=69 vs ветэрынарнай=0	ветэрынарнай→вэтэрынарнай ветэрынарнай→вэтэрынарнай
венецыянска	loan	e	Wikidata Q4948,Q610687	derived	вэнэцыянска	supported	532	2	!венецыянскай(293) !венецыянскага(239)	вэнэцыянскай=63 vs венецыянскай=0; вэнэцыянскага=37 vs венецыянскага=0	Венецыянская→Вэнэцыянская Венецыянская→Вэнэцыянская
зімбабвэ	loan	i	Wikidata Q209217,Q272235	derived	зымбабвэ	supported	524	1	зімбабвэ(524)	зымбабвэ=189 vs зімбабвэ=23	Зімбабвэ→Зымбабвэ Зімбабвэ→Зымбабвэ Зімбабвэ→Зымбабвэ Зімбабвэ→Зымбабвэ
джозеф	loan	e	Wikidata Q2003028,Q157043	derived	джозэф	supported	508	1	!джозеф(508)	джозэф=187 vs джозеф=0	Джозеф→Джозэф Джозеф→Джозэф Джозеф→Джозэф Джозеф→Джозэф
вердз	loan	e	Wikidata Q7317	derived	вэрдз	supported	486	1	вердзі(486)	вэрдзі=230 vs вердзі=0	Вердзі→Вэрдзі
каталоні	loan	l	Wikidata Q5705	derived	каталёні	supported	482	1	!каталоніі(482)	каталёніі=186 vs каталоніі=0	Каталонія→Каталёнія
біятлон	loan	l	Wikidata Q166788,Q4409698	derived	біятлён	supported	477	1	!біятлоне(477)	біятлёне=79 vs біятлоне=0	біятлон→біятлён біятлоне→біятлёне
парламенцка	loan	e,l	Wikidata Q11744698	derived	парлямэнцка	supported	458	1	!парламенцкай(458)	парлямэнцкай=167 vs парламенцкай=0	парламенцкая→парлямэнцкая
фландры	loan	l	Wikidata Q1113	derived	фляндры	supported	455	1	!фландрыі(455)	фляндрыі=106 vs фландрыі=0	Фландрыя→Фляндрыя
клод	loan	l	Wikidata Q442851,Q471010	derived	клёд	supported	422	1	!клод(422)	клёд=84 vs клод=0	Клод→Клёд Клод→Клёд Клод→Клёд Клод→Клёд
марсель	loan	e	Wikidata Q132885	derived	марсэль	supported	412	1	!марсель(412)	марсэль=175 vs марсель=0	Марсель→Марсэль
федэратыўна	loan	e	Wikidata Q1277557,Q545205	derived	фэдэратыўна	supported	411	1	!федэратыўнай(411)	фэдэратыўнай=154 vs федэратыўнай=0	Федэратыўная→Фэдэратыўная Федэратыўная→Фэдэратыўная
маніфест	loan	e	Wikidata Q105688070	derived	маніфэст	supported	380	1	!маніфест(380)	маніфэст=175 vs маніфест=0	маніфест→маніфэст
генеалогі	loan	e,l	Wikidata Q47307	derived	генэалёгі	supported	366	1	генеалогія(366)	генэалёгія=157 vs генеалогія=0	генеалогія→генэалёгія
імперскай	loan	e	Wikidata Q152698,Q119265415	derived	імпэрскай	supported	366	1	!імперскай(366)	імпэрскай=158 vs імперскай=0	імперскай→імпэрскай імперскай→імпэрскай
асіміляцы	loan	i	Wikidata Q232174,Q148877	derived	асыміляцы	supported	361	1	!асіміляцыі(361)	асыміляцыі=118 vs асіміляцыі=0	Асіміляцыя→асыміляцыя асіміляцыя→асыміляцыя
крыстафер	loan	e	Wikidata Q105158,Q28975	derived	крыстафэр	supported	361	1	!крыстафер(361)	крыстафэр=116 vs крыстафер=0	Крыстафер→Крыстафэр Крыстафер→Крыстафэр Крыстафер→Крыстафэр Крыстафер→Крыстафэр
мехік	loan	e	Wikidata Q459090	derived	мэхік	supported	358	1	!мехіка(358)	мэхіка=147 vs мехіка=0	Мехіка→Мэхіка
трансільвані	loan	i	Wikidata Q1989779	derived	трансыльвані	supported	354	1	!трансільваніі(354)	трансыльваніі=86 vs трансільваніі=0	Трансільваніі→Трансыльваніі
камет	loan	e	Wikidata Q140464,Q3559	derived	камэт	supported	351	1	!каметы(351)	камэты=107 vs каметы=0	камета→камэта камета→камэта Камета→Камэта Камета→камэта
блакад	loan	l	Wikidata Q151860,Q16736835	derived	блякад	supported	344	1	!блакады(344)	блякады=55 vs блакады=0	Блакада→Блякада Блакада→Блякада
вектар	loan	e	Wikidata Q44528	derived	вэктар	supported	340	1	!вектар(340)	вэктар=81 vs вектар=0	вектар→вэктар
кібернетык	loan	e	Wikidata Q123637	derived	кібэрнэтык	supported	332	1	!кібернетыкі(332)	кібэрнэтыкі=35 vs кібернетыкі=0	кібернетыка→кібэрнэтыка
герберт	loan	e	Wikidata Q4926833,Q42511	derived	гербэрт	supported	316	1	!герберт(316)	гербэрт=27 vs герберт=0	Герберт→Гербэрт Герберт→Гэрбэрт Герберт→Гэрбэрт Герберт→Гэрбэрт
ліберальна	loan	e	Wikidata Q2731720	derived	лібэральна	supported	315	1	!ліберальнай(315)	лібэральнай=99 vs ліберальнай=0	Ліберальная→Лібэральная
вестыбюль	loan	e	Wikidata Q301276	derived	вэстыбюль	supported	310	1	!вестыбюль(310)	вэстыбюль=40 vs вестыбюль=0	Вестыбюль→Вэстыбюль
луідж	loan	l	Wikidata Q959524,Q20721	derived	люідж	supported	307	1	!луіджы(307)	люіджы=90 vs луіджы=0	Луіджы→Люіджы Луіджы→Люіджы Луіджы→Люіджы
наменклатур	loan	e,l	Wikidata Q36642,Q956978	derived	намэнклятур	supported	307	1	!наменклатуры(307)	намэнклятуры=54 vs наменклатуры=0	наменклатура→намэнклятура наменклатуры→намэнклятуры
ларэн	loan	l	Wikidata Q127984	derived	лярэн	supported	302	1	!ларэнца(302)	лярэнца=91 vs ларэнца=0	Ларэн→Лярэн
ларэнц	loan	l	Wikidata Q14831282,Q160538	derived	лярэнц	supported	302	1	!ларэнца(302)	лярэнца=91 vs ларэнца=0	Ларэнца→Лярэнца Ларэнца→Лярэнца Ларэнца→Лярэнца Ларэнца→Лярэнца
бергам	loan	e	Wikidata Q628	derived	бэргам	supported	300	1	!бергама(300)	бэргама=41 vs бергама=0	Бергама→Бэргама
ахмед	loan	e	Wikidata Q199482,Q57613	derived	ахмэд	supported	298	1	!ахмед(298)	ахмэд=48 vs ахмед=0	Ахмед→Ахмэд Ахмед→Ахмэд Ахмед→Ахмэд
адысе	loan	e	Wikidata Q35160	derived	адысэ	supported	290	1	!адысея(290)	адысэя=45 vs адысея=0	Адысея→Адысэя
брусель	loan	e	Wikidata Q239,Q1050331	derived	брусэль	supported	287	1	!брусель(287)	брусэль=170 vs брусель=0	Брусель→Брусэль Брусель→Брусэль
зеўс	loan	e	Wikidata Q34201	derived	зэўс	supported	279	1	!зеўса(279)	зэўса=74 vs зеўса=0	Зеўс→Зэўс
гамер	loan	e	Wikidata Q6691	derived	гамэр	supported	278	1	!гамера(278)	гамэра=73 vs гамера=0	Гамер→Гамэр
луўр	loan	l	Wikidata Q19675	derived	люўр	supported	278	1	!луўр(278)	люўр=41 vs луўр=0	Луўр→Люўр
кармеліт	loan	e	Wikidata Q186277	derived	кармэліт	supported	277	1	!кармелітаў(277)	кармэлітаў=253 vs кармелітаў=0	кармеліты→Кармэліты
кармелітаў	loan	e	Wikidata Q106114495,Q83432324	derived	кармэлітаў	supported	277	1	!кармелітаў(277)	кармэлітаў=253 vs кармелітаў=0	кармелітаў→кармэлітаў кармелітаў→кармэлітаў кармелітаў→кармэлітаў
алгарытм	loan	l	Wikidata Q8366	derived	альгарытм	supported	274	1	!алгарытм(274)	альгарытм=56 vs алгарытм=0	алгарытм→альгарытм
квебек	loan	e	Wikidata Q176,Q2145	derived	квэбэк	supported	274	1	!квебек(274)	квэбэк=176 vs квебек=0	Квебек→Квэбэк Квебек→Квэбэк
ліверпул	loan	e	Wikidata Q24826,Q1130849	derived	лівэрпул	supported	274	1	!ліверпул(274)	лівэрпул=281 vs ліверпул=0	Ліверпул→Лівэрпул Ліверпул→Лівэрпул
вернер	loan	e	Wikidata Q40904,Q129173	derived	вэрнэр	supported	273	1	вернер(273)	вэрнэр=50 vs вернер=0	Вернер→Вэрнэр Вернер→Вэрнэр
ветэрынары	loan	e	Wikidata Q170201	derived	вэтэрынары	supported	270	1	!ветэрынарыі(270)	вэтэрынарыі=49 vs ветэрынарыі=0	ветэрынарыя→вэтэрынарыя
карлсруэ	loan	l	Wikidata Q1040,Q105853	derived	карльсруэ	supported	265	1	!карлсруэ(265)	карльсруэ=59 vs карлсруэ=0	Карлсруэ→Карльсруэ Карлсруэ→Карльсруэ
даменік	loan	e	Wikidata Q167837,Q336806	derived	дамэнік	supported	264	1	!даменіка(264)	дамэніка=43 vs даменіка=0	Даменіка→Дамэніка Даменіка→Дамэніка Даменіка→Дамэніка
жалезабетон	loan	e	Wikidata Q184190	derived	жалезабэтон	supported	255	1	!жалезабетонных(255)	жалезабэтонных=70 vs жалезабетонных=0	жалезабетон→жалезабэтон
жазеф	loan	e	Wikidata Q7726,Q557043	derived	жазэф	supported	250	1	!жазеф(250)	жазэф=67 vs жазеф=0	Жазеф→Жазэф Жазеф→Жазэф Жазеф→Жазэф Жазеф→Жазэф
лорэнц	loan	l	Wikidata Q41688,Q78496	derived	лёрэнц	supported	248	1	!лорэнца(248)	лёрэнца=29 vs лорэнца=0	Лорэнц→Лёрэнц Лорэнц→Лёрэнц
энергетычных	loan	e	Wikidata Q4330438	derived	энэргетычных	supported	245	1	!энергетычных(245)	энэргетычных=85 vs энергетычных=0	энергетычных→энэргетычных
нерон	loan	e	Wikidata Q1570519	derived	нэрон	supported	242	1	!нерона(242)	нэрона=41 vs нерона=0	Нерона→Нэрона
манетн	loan	e	Wikidata Q613420	derived	манэтн	supported	239	1	!манетны(239)	манэтны=49 vs манетны=0	манетны→манэтны
вебер	loan	e	Wikidata Q170804	derived	вэбэр	supported	238	1	!вебер(238)	вэбэр=57 vs вебер=0	вебер→вэбэр
венгер	loan	e	Wikidata Q47576	derived	вэнгер	unknown	3854	7	!венгерскай(931) !венгерскі(836) !венгерскага(746) !венгерская(503) !венгерскіх(294) !венгерскія(278)	-	Венгер→Вэнгер
васільевіч	loan	l	Wikidata Q953979,Q1163079	derived	васілевіч	unknown	1597	1	!васільевіч(1597)	-	Васільевіч→Васілевіч Васільевіч→Васілевіч
давід	loan	i	Wikidata Q37610,Q70567	derived	давыд	unknown	1317	2	!давід(788) !давіда(529)	-	Давід→Давыд Давід→Давыд Давід→Давыд
фларэнцы	loan	l	Wikidata Q1378371	derived	флярэнці	unknown	1233	2	!фларэнцыі(859) !фларэнцыя(374)	-	Фларэнцы→Флярэнці
луіз	loan	l	Wikidata Q159409,Q432760	derived	люіз	unknown	802	2	!луіза(510) !луізы(292)	-	Луіза→Люіза Луіза→Люіза Луіза→Люіза Луіза→Люіза
абел	loan	e,l	Wikidata Q42188,Q57502	derived	абэль	unknown	663	1	!абеліск(663)	-	Абел→Абэль Абела→Абэла
луіс	loan	l	Wikidata Q356808,Q7981	derived	люіс	unknown	471	1	!луіс(471)	-	Луіс→Люіс Луіс→Люіс Луіс→Люіс Луіс→Люіс
карлас	loan	l	Wikidata Q85518537,Q349162	derived	карляс	unknown	358	1	!карлас(358)	-	Карлас→Карляс Карлас→Карляс Карлас→Карляс Карлас→Карляс
андрамед	loan	e	Wikidata Q9256	derived	андрамэд	unknown	332	1	!андрамеда(332)	-	Андрамеда→Андрамэда
камерун	loan	e	Wikidata Q1009	derived	камэрун	unknown	331	1	!камеруна(331)	-	Камерун→Камэрун
скала	loan	l	Wikidata Q5471	derived	скаля	unknown	318	1	!скала(318)	-	Скала→Скаля
канфесі	loan	e	Wikidata Q13414953	derived	канфэсі	unknown	305	1	!канфесій(305)	-	канфесія→канфэсія
шарлот	loan	l	Wikidata Q2660138	derived	шарлёт	unknown	303	1	!шарлота(303)	-	Шарлоты→Шарлёты
емен	loan	e	Wikidata Q19686631,Q805	derived	емэн	unknown	291	1	!емена(291)	-	Емене→Емэне Емен→Емэн
лукас	loan	l	Wikidata Q436230,Q5981954	derived	люкас	unknown	273	1	лукас(273)	-	Лукас→Люкас Лукас→Люкас Лукас→Люкас Лукас→Люкас
максвел	loan	e	Wikidata Q43293	derived	максвэл	unknown	264	1	максвела(264)	-	Максвел→Максвэл
аагенез	loan	e	Wikidata Q507032	derived	аагенэз	unknown	0	0	-	-	Аагенез→аагенэз
абель	loan	e	Wikidata Q318375,Q224167	derived	абэль	unknown	0	0	-	-	Абель→Абэль Абель→Абэль Абель→Абэль Абель→Абэль
абенсберг	loan	e	Wikidata Q255698	derived	абэнсбэрг	unknown	0	0	-	-	Абенсберг→Абэнсбэрг
абер	loan	e	Wikidata Q157672	derived	абэр	unknown	0	0	-	-	Абер→Абэр
абердарск	loan	e	Wikidata Q319371	derived	абэрдарск	unknown	0	0	-	-	Абердарскі→Абэрдарскі
аблаўт	loan	l	Wikidata Q5125709	derived	абляўт	unknown	0	0	-	-	Аблаўт→Абляўт
абсент	loan	e	Wikidata Q170210	derived	абсэнт	unknown	0	0	-	-	Абсент→абсэнт
абсідыян	loan	i	Wikidata Q53754	derived	абсыдыян	unknown	0	0	-	-	Абсідыян→абсыдыян
авалон	loan	l	Wikidata Q216901	derived	авалён	unknown	0	0	-	-	Авалон→Авалён
аванес	loan	e	Wikidata Q1399327,Q13054964	derived	аванэс	unknown	0	0	-	-	Аванес→Аванэс Аванеса→Аванэса
авейр	loan	e	Wikidata Q485581	derived	авэйр	unknown	0	0	-	-	Авейру→Авэйру
авелін	loan	e	Wikidata Q13433	derived	авэлін	unknown	0	0	-	-	Авеліна→Авэліна
авеноль	loan	e	Wikidata Q557043	derived	авэноль	unknown	0	0	-	-	Авеноль→Авэноль
авенід	loan	e	Wikidata Q41068	derived	авэнід	unknown	0	0	-	-	Авеніда→Авэніда
авернь	loan	e	Wikidata Q24082791	derived	авэрнь	unknown	0	0	-	-	Авернь→Авэрнь
аверс	loan	e	Wikidata Q257418	derived	авэрс	unknown	0	0	-	-	аверс→авэрс
аверэйсел	loan	e	Wikidata Q773	derived	авэрэйсэл	unknown	0	0	-	-	Аверэйсел→Авэрэйсэл
авестыйска	loan	e	Wikidata Q29572	derived	авэстыйска	unknown	0	0	-	-	авестыйская→авэстыйская
аветык	loan	e	Wikidata Q254988	derived	авэтык	unknown	0	0	-	-	Аветык→Авэтык
авіла	loan	l	Wikidata Q15688	derived	авіля	unknown	0	0	-	-	Авіла→Авіля
аганес	loan	e	Wikidata Q923247	derived	аганэс	unknown	0	0	-	-	Аганес→Аганэс
аганесон	loan	e	Wikidata Q1307	derived	аганэсон	unknown	0	0	-	-	аганесон→аганэсон
агілар	loan	l	Wikidata Q318416	derived	агіляр	unknown	0	0	-	-	Агілар→Агіляр
адвент	loan	e	Wikidata Q83012	derived	адвэнт	unknown	0	0	-	-	адвент→адвэнт
адыс-абеб	loan	e	Wikidata Q3624	derived	адыс-абэб	unknown	0	0	-	-	Адыс-Абеба→Адыс-Абэба
адысей	loan	e	Wikidata Q47231	derived	адысэй	unknown	0	0	-	-	Адысей→Адысэй
адысеяс	loan	e	Wikidata Q160478	derived	адысэяс	unknown	0	0	-	-	Адысеяс→Адысэяс
адэкалон	loan	l	Wikidata Q2863	derived	адэкалён	unknown	0	0	-	-	адэкалон→адэкалён
адэльберт	loan	e	Wikidata Q154782	derived	адэльбэрт	unknown	0	0	-	-	Адэльберт→Адэльбэрт
азербайджанск	loan	e	Wikidata Q2072655,Q186413	derived	азэрбайджанск	unknown	0	0	-	-	Азербайджанскі→Азэрбайджанскі Азербайджанскі→Азэрбайджанскі азербайджанскі→Азэрбайджанскі Азербайджанскі→Азэрбайджанскі
азербайджанска	loan	e	Wikidata Q131337,Q1996684	derived	азэрбайджанска	unknown	0	0	-	-	Азербайджанская→Азэрбайджанская азербайджанская→Азэрбайджанская азербайджанская→азэрбайджанская Азербайджанская→Азэрбайджанская
азербайджанскай	loan	e	Wikidata Q1047973,Q1060556	derived	азэрбайджанскай	unknown	0	0	-	-	Азербайджанскай→Азэрбайджанскай Азербайджанскай→Азэрбайджанскай
азербайджанц	loan	e	Wikidata Q482942	derived	азэрбайджанц	unknown	0	0	-	-	Азербайджанцы→азэрбайджанцы
азіз	loan	i	Wikidata Q57298,Q57308	derived	азыз	unknown	0	0	-	-	Азіз→Азыз Азіз→Азыз
ай-петр	loan	e	Wikidata Q1517833	derived	ай-пэтр	unknown	0	0	-	-	Ай-Петры→Ай-Пэтры
айзенах	loan	e	Wikidata Q7070	derived	айзэнах	unknown	0	0	-	-	Айзенах→Айзэнах
айзенгютэнштат	loan	e	Wikidata Q16106	derived	айзэнгютэнштат	unknown	0	0	-	-	Айзенгютэнштат→Айзэнгютэнштат
айзенштат	loan	e	Wikidata Q126321	derived	айзэнштат	unknown	0	0	-	-	Айзенштат→Айзэнштат
айсберг	loan	e	Wikidata Q47568	derived	айсбэрг	unknown	0	0	-	-	айсберг→айсбэрг
акведук	loan	e	Wikidata Q474	derived	аквэдук	unknown	0	0	-	-	Акведук→Аквэдук
аквілан	loan	l	Wikidata Q191151	derived	аквілян	unknown	0	0	-	-	Аквілані→Аквіляні
акжэтпес	loan	e	Wikidata Q931971	derived	акжэтпэс	unknown	0	0	-	-	Акжэтпес→Акжэтпэс
аксалотль	loan	l	Wikidata Q22718	derived	аксалётль	unknown	0	0	-	-	Аксалотль→Аксалётль
аксел	loan	e	Wikidata Q170068	derived	аксэл	unknown	0	0	-	-	Акселі→Аксэлі
аксель	loan	e	Wikidata Q151838	derived	аксэль	unknown	0	0	-	-	Аксель→Аксэль
аксельрод	loan	e	Wikidata Q206788,Q4059882	derived	аксэльрод	unknown	0	0	-	-	Аксельрод→Аксэльрод Аксельрод→Аксэльрод
аксітанска	loan	i	Wikidata Q595628,Q14185	derived	аксытанска	unknown	0	0	-	-	Аксітанская→Аксытанская аксітанская→аксытанская
аксітані	loan	i	Wikidata Q104285,Q18678265	derived	аксытані	unknown	0	0	-	-	Аксітанія→Аксытанія Аксітанія→Аксытанія
аксітацын	loan	i	Wikidata Q169960	derived	аксытацын	unknown	0	0	-	-	аксітацын→Аксытацын
алаб	loan	l	Wikidata Q31981	derived	аляб	unknown	0	0	-	-	Алаба→Аляба
алафон	loan	l	Wikidata Q146863	derived	аляфон	unknown	0	0	-	-	алафон→аляфон
албаналагічных	loan	l	Wikidata Q2603847	derived	альбаналягічных	unknown	0	0	-	-	албаналагічных→альбаналягічных
албанск	loan	l	Wikidata Q294355	derived	альбанск	unknown	0	0	-	-	Албанскі→Альбанскі
албанска	loan	l	Wikidata Q208533,Q1199173	derived	альбанска	unknown	0	0	-	-	Албанская→Альбанская албанская→Альбанская албанская→альбанская Албанская→Альбанская
албанскай	loan	l	Wikidata Q181037	derived	альбанскай	unknown	0	0	-	-	албанскай→альбанскай
албанц	loan	l	Wikidata Q179248,Q1581447	derived	альбанц	unknown	0	0	-	-	албанцы→альбанцы Албанцы→Альбанцы
албін	loan	l	Wikidata Q261679	derived	альбін	unknown	0	0	-	-	Албін→Альбін
алвеш	loan	e	Wikidata Q193000	derived	алвэш	unknown	0	0	-	-	Алвеш→Алвэш
алгебраічна	loan	l	Wikidata Q180969	derived	альгебраічна	unknown	0	0	-	-	алгебраічная→альгебраічная
алерт	loan	e	Wikidata Q501744	derived	алэрт	unknown	0	0	-	-	Алерт→Алэрт
алжырск	loan	l	Wikidata Q840762,Q199674	derived	альжырск	unknown	0	0	-	-	Алжырскі→альжырскі алжырскі→альжырскі
алкагалізм	loan	l	Wikidata Q15326	derived	алькагалізм	unknown	0	0	-	-	алкагалізм→алькагалізм
алкен	loan	l	Wikidata Q81406	derived	алькен	unknown	0	0	-	-	Алкены→алькены
алкіл	loan	l	Wikidata Q335268	derived	алькіл	unknown	0	0	-	-	алкіл→алькіл
алкін	loan	l	Wikidata Q159226	derived	алькін	unknown	0	0	-	-	алкіны→алькіны
алмазбек	loan	e	Wikidata Q24692	derived	алмазбэк	unknown	0	0	-	-	Алмазбек→Алмазбэк
алмерэ	loan	e,l	Wikidata Q83178	derived	альмэрэ	unknown	0	0	-	-	Алмерэ→Альмэрэ
алойз	loan	l	Wikidata Q9148929	derived	алёйз	unknown	0	0	-	-	Алойзы→Алёйзы
алоіс	loan	l	Wikidata Q15434505	derived	алёіс	unknown	0	0	-	-	Алоіс→Алёіс
алхімаўк	loan	l	Wikidata Q3917605	derived	альхімаўк	unknown	0	0	-	-	Алхімаўка→Альхімаўка
алхімі	loan	l	Wikidata Q39689	derived	альхімі	unknown	0	0	-	-	алхімія→альхімія
альбасетэ	loan	e	Wikidata Q15095,Q576285	derived	альбасэтэ	unknown	0	0	-	-	Альбасетэ→Альбасэтэ Альбасетэ→Альбасэтэ
альбервіль	loan	e	Wikidata Q159469	derived	альбэрвіль	unknown	0	0	-	-	Альбервіль→Альбэрвіль
альбертс	loan	e,l	Wikidata Q382253	derived	албэртс	unknown	0	0	-	-	Альбертс→Албэртс
альберц	loan	e	Wikidata Q182046	derived	альбэрц	unknown	0	0	-	-	Альберці→Альбэрці
альбукерк	loan	l	Wikidata Q34804	derived	албукерк	unknown	0	0	-	-	Альбукерке→Албукерке
альвенслебен	loan	e	Wikidata Q448675	derived	альвэнслебэн	unknown	0	0	-	-	Альвенслебена→Альвэнслебэна
альзет	loan	e	Wikidata Q450722	derived	альзэт	unknown	0	0	-	-	Альзет→Альзэт
алькавер	loan	e	Wikidata Q980768	derived	алькавэр	unknown	0	0	-	-	Алькавер→Алькавэр
алькала-дэ-энарэс	loan	l	Wikidata Q46940	derived	алькаля-дэ-энарэс	unknown	0	0	-	-	Алькала-дэ-Энарэс→Алькаля-дэ-Энарэс
алькмунд	loan	l	Wikidata Q362867	derived	алкмунд	unknown	0	0	-	-	Алькмунд→Алкмунд
альмеры	loan	e	Wikidata Q10400,Q10407	derived	альмэры	unknown	0	0	-	-	Альмерыя→Альмэрыя Альмерыя→Альмэрыя
альтдорфер	loan	e	Wikidata Q153746	derived	альтдорфэр	unknown	0	0	-	-	Альтдорфер→Альтдорфэр
альтэнкірхен	loan	e	Wikidata Q488373	derived	альтэнкірхэн	unknown	0	0	-	-	Альтэнкірхен→Альтэнкірхэн
альфтанес	loan	e	Wikidata Q139045	derived	альфтанэс	unknown	0	0	-	-	Альфтанес→Альфтанэс
алівейр	loan	e	Wikidata Q151394,Q326476	derived	алівэйр	unknown	0	0	-	-	Алівейра→Алівэйра Алівейра→Алівэйра
амберг	loan	e	Wikidata Q7042	derived	амбэрг	unknown	0	0	-	-	Амберг→Амбэрг
амегавік	loan	e	Wikidata Q154436	derived	амэгавік	unknown	0	0	-	-	АмегаВікі→АмэгаВікі
амедэ	loan	e	Wikidata Q43476	derived	амэдэ	unknown	0	0	-	-	Амедэо→Амэдэо
амелі	loan	e	Wikidata Q11685622	derived	амэлі	unknown	0	0	-	-	Амелія→Амэлія
аменабар	loan	e	Wikidata Q274070	derived	амэнабар	unknown	0	0	-	-	Аменабар→Амэнабар
аменсалізм	loan	e	Wikidata Q462809	derived	амэнсалізм	unknown	0	0	-	-	аменсалізм→амэнсалізм
амерыг	loan	e	Wikidata Q47674	derived	амэрыг	unknown	0	0	-	-	Амерыга→Амэрыга
аметрын	loan	e	Wikidata Q429774	derived	амэтрын	unknown	0	0	-	-	аметрын→Амэтрын
аметыст	loan	e	Wikidata Q79058	derived	амэтыст	unknown	0	0	-	-	Аметыст→Амэтыст
ампер	loan	e	Wikidata Q25272,Q380824	derived	ампэр	unknown	0	0	-	-	ампер→ампэр Ампер→Ампэр
ампер-гадзін	loan	e	Wikidata Q212120	derived	ампэр-гадзін	unknown	0	0	-	-	ампер-гадзіна→ампэр-гадзіна
амплу	loan	l	Wikidata Q16830339	derived	амплю	unknown	0	0	-	-	амплуа→амплюа
амфізбен	loan	e	Wikidata Q467382	derived	амфізбэн	unknown	0	0	-	-	Амфізбены→Амфізбэны
амілоз	loan	l	Wikidata Q207466	derived	амілёз	unknown	0	0	-	-	Амілоза→Амілёза
анаксімен	loan	e,i	Wikidata Q80612	derived	анаксымэн	unknown	0	0	-	-	Анаксімен→Анаксымэн
анамасіялогі	loan	i,l	Wikidata Q1129340	derived	анамасыялёгі	unknown	0	0	-	-	Анамасіялогія→Анамасыялёгія
анапест	loan	e	Wikidata Q465509	derived	анапэст	unknown	0	0	-	-	Анапест→Анапэст
англад	loan	l	Wikidata Q459343	derived	англяд	unknown	0	0	-	-	Англада→Англяда
андэрсен	loan	e	Wikidata Q5673	derived	андэрсэн	unknown	0	0	-	-	Андэрсен→Андэрсэн
анекдот	loan	e	Wikidata Q2374151	derived	анэкдот	unknown	0	0	-	-	анекдот→анэкдот
анексі	loan	e	Wikidata Q194465	derived	анэксі	unknown	0	0	-	-	анексія→анэксія
анестэзі	loan	e	Wikidata Q131130	derived	анэстэзі	unknown	0	0	-	-	анестэзія→анэстэзія
анетэ	loan	e	Wikidata Q566722	derived	анэтэ	unknown	0	0	-	-	Анетэ→Анэтэ
анеўрызм	loan	e	Wikidata Q189389	derived	анэўрызм	unknown	0	0	-	-	анеўрызма→анэўрызма
анклам	loan	l	Wikidata Q488513	derived	анклям	unknown	0	0	-	-	Анклам→Анклям
анклаў	loan	l	Wikidata Q171441	derived	анкляў	unknown	0	0	-	-	анклаў→анкляў
антанізберг	loan	e	Wikidata Q6463930	derived	антанізбэрг	unknown	0	0	-	-	Антанізберг→Антанізбэрг
антверпен	loan	e	Wikidata Q12892,Q732002	derived	антвэрпэн	unknown	0	0	-	-	Антверпен→Антвэрпэн Антверпен→Антвэрпэн
антуанет	loan	e	Wikidata Q2279661	derived	антуанэт	unknown	0	0	-	-	Антуанета→Антуанэта
антыкамер	loan	e	Wikidata Q3919519	derived	антыкамэр	unknown	0	0	-	-	Антыкамера→антыкамэра
антыперспірант	loan	e	Wikidata Q1423889	derived	антыпэрсьпірант	unknown	0	0	-	-	Антыперспірант→антыпэрсьпірант
антысемітызм	loan	e	Wikidata Q22649	derived	антысэмітызм	unknown	0	0	-	-	антысемітызм→антысэмітызм
антысербскі	loan	e	Wikidata Q15285397	derived	антысэрбскі	unknown	0	0	-	-	Антысербскія→Антысэрбскія
антыцыклон	loan	l	Wikidata Q177414	derived	антыцыклён	unknown	0	0	-	-	антыцыклон→антыцыклён
анфілад	loan	l	Wikidata Q1341702	derived	анфіляд	unknown	0	0	-	-	Анфілада→анфіляда
анхела	loan	e,l	Wikidata Q25536435	derived	анхэля	unknown	0	0	-	-	Анхела→Анхэля
анхель	loan	e	Wikidata Q2628231,Q251683	derived	анхэль	unknown	0	0	-	-	Анхель→Анхэль Анхель→Анхэль
апалоні	loan	l	Wikidata Q97213724	derived	апалёні	unknown	0	0	-	-	Апалонія→Апалёнія
апалінер	loan	e	Wikidata Q133855	derived	апалінэр	unknown	0	0	-	-	Апалінер→Апалінэр
апель	loan	e	Wikidata Q152793	derived	апэль	unknown	0	0	-	-	Апель→Апэль
апельсін	loan	e	Wikidata Q3355098	derived	апэльсін	unknown	0	0	-	-	Апельсін→апэльсін
апендыкуляры	loan	e	Wikidata Q28960	derived	апэндыкуляры	unknown	0	0	-	-	Апендыкулярыі→Апэндыкулярыі
апендыцыт	loan	e	Wikidata Q121041	derived	апэндыцыт	unknown	0	0	-	-	Апендыцыт→апэндыцыт
апенінск	loan	e	Wikidata Q145694	derived	апэнінск	unknown	0	0	-	-	Апенінскі→Апэнінскі
аперанд	loan	e	Wikidata Q719375	derived	апэранд	unknown	0	0	-	-	аперанд→апэранд
аператыўна-аналітычн	loan	e	Wikidata Q4335188	derived	апэратыўна-аналітычн	unknown	0	0	-	-	Аператыўна-аналітычны→Апэратыўна-аналітычны
аперытыў	loan	e	Wikidata Q192150	derived	апэрытыў	unknown	0	0	-	-	аперытыў→апэрытыў
апетыт	loan	e	Wikidata Q28578	derived	апэтыт	unknown	0	0	-	-	Апетыт→апэтыт
арамейскі	loan	e	Wikidata Q28602	derived	арамэйскі	unknown	0	0	-	-	арамейскія→арамэйскія
арбело	loan	e,l	Wikidata Q250901	derived	арбэлё	unknown	0	0	-	-	Арбелоа→Арбэлёа
арвен	loan	e	Wikidata Q206018	derived	арвэн	unknown	0	0	-	-	Арвен→Арвэн
аркнейскі	loan	e	Wikidata Q100166	derived	аркнэйскі	unknown	0	0	-	-	Аркнейскія→Аркнэйскія
арнем	loan	e	Wikidata Q1310	derived	арнэм	unknown	0	0	-	-	Арнем→Арнэм
арсіт	loan	i	Wikidata Q632801	derived	арсыт	unknown	0	0	-	-	Арсіт→Арсыт
артаклаз	loan	l	Wikidata Q21813710	derived	артакляз	unknown	0	0	-	-	артаклаз→артакляз
арфей	loan	e	Wikidata Q174353	derived	арфэй	unknown	0	0	-	-	Арфей→Арфэй
архей	loan	e	Wikidata Q423258	derived	архэй	unknown	0	0	-	-	Архей→Архэй
архілох	loan	l	Wikidata Q201323	derived	архілёх	unknown	0	0	-	-	Архілох→Архілёх
архімед	loan	e	Wikidata Q8739	derived	архімэд	unknown	0	0	-	-	Архімед→Архімэд
арыберт	loan	e	Wikidata Q154373	derived	арыбэрт	unknown	0	0	-	-	Арыберт→Арыбэрт
арэндал	loan	l	Wikidata Q57919	derived	арэндаль	unknown	0	0	-	-	Арэндал→Арэндаль
ар’еплуг	loan	l	Wikidata Q671330,Q493855	derived	ар’еплюг	unknown	0	0	-	-	Ар’еплуг→Ар’еплюг Ар’еплуг→Ар’еплюг
асебес	loan	e	Wikidata Q2628231	derived	асэбэс	unknown	0	0	-	-	Асебес→Асэбэс
асексуальнасць	loan	e	Wikidata Q724351	derived	асэксуальнасьць	unknown	0	0	-	-	асексуальнасць→асэксуальнасьць
асенаўград	loan	e	Wikidata Q191871	derived	асэнаўград	unknown	0	0	-	-	Асенаўград→Асэнаўград
асер	loan	e	Wikidata Q167600,Q182876	derived	асэр	unknown	0	0	-	-	Асер→Асэр Асер→Асэр
аспермі	loan	e	Wikidata Q736599	derived	аспэрмі	unknown	0	0	-	-	Аспермія→аспэрмія
астраметры	loan	e	Wikidata Q181505	derived	астрамэтры	unknown	0	0	-	-	Астраметрыя→астрамэтрыя
астрафізічна	loan	i	Wikidata Q1018734	derived	астрафізычна	unknown	0	0	-	-	астрафізічная→астрафізычная
астэнасфер	loan	e	Wikidata Q166257	derived	астэнасфэр	unknown	0	0	-	-	астэнасфера→астэнасфэра
асцылограф	loan	l	Wikidata Q174320	derived	асцылёграф	unknown	0	0	-	-	асцылограф→асцылёграф
асіры	loan	i	Wikidata Q41137	derived	асыры	unknown	0	0	-	-	Асірыя→Асырыя
асірыйска	loan	i	Wikidata Q203179	derived	асырыйска	unknown	0	0	-	-	Асірыйская→Асырыйская
асірыйц	loan	i	Wikidata Q377085	derived	асырыйц	unknown	0	0	-	-	асірыйцы→асырыйцы
асірыс	loan	i	Wikidata Q46491	derived	асырыс	unknown	0	0	-	-	Асірыс→Асырыс
аталант	loan	l	Wikidata Q1886	derived	аталянт	unknown	0	0	-	-	Аталанта→Аталянта
атлант-м	loan	l	Wikidata Q4072117	derived	атлянт-м	unknown	0	0	-	-	Атлант-М→Атлянт-М
атлантык	loan	l	Wikidata Q29147	derived	атлянтык	unknown	0	0	-	-	Атлантык→Атлянтык
атмасферн	loan	e	Wikidata Q81809	derived	атмасфэрн	unknown	0	0	-	-	атмасферны→атмасфэрны
атмасферны	loan	e	Wikidata Q25257	derived	атмасфэрны	unknown	0	0	-	-	атмасферныя→атмасфэрныя
афект	loan	e	Wikidata Q159904	derived	афэкт	unknown	0	0	-	-	афект→афэкт
афраамерыканц	loan	e	Wikidata Q49085	derived	афраамэрыканц	unknown	0	0	-	-	афраамерыканцы→афраамэрыканцы
афрыканер	loan	e	Wikidata Q385799	derived	афрыканэр	unknown	0	0	-	-	афрыканеры→Афрыканэры
ахалцыхе	loan	e	Wikidata Q212546	derived	ахалцыхэ	unknown	0	0	-	-	Ахалцыхе→Ахалцыхэ
ахемен	loan	e	Wikidata Q312032,Q561925	derived	ахемэн	unknown	0	0	-	-	Ахемен→Ахемэн Ахемен→Ахемэн
ахеменідаў	loan	e	Wikidata Q389688	derived	ахемэнідаў	unknown	0	0	-	-	Ахеменідаў→Ахемэнідаў
ахмет	loan	e	Wikidata Q58198	derived	ахмэт	unknown	0	0	-	-	Ахмет→Ахмэт
ацэлот	loan	l	Wikidata Q33261	derived	ацэлёт	unknown	0	0	-	-	ацэлот→ацэлёт
ашафенбург	loan	e	Wikidata Q3942	derived	ашафэнбург	unknown	0	0	-	-	Ашафенбург→Ашафэнбург
ашбертан	loan	e	Wikidata Q724934	derived	ашбэртан	unknown	0	0	-	-	Ашбертан→Ашбэртан
ашкелон	loan	l	Wikidata Q263126	derived	ашкелён	unknown	0	0	-	-	Ашкелон→Ашкелён
ашэрслебен	loan	e	Wikidata Q486991	derived	ашэрсьлебэн	unknown	0	0	-	-	Ашэрслебен→Ашэрсьлебэн
аэрафлот	loan	l	Wikidata Q58707	derived	аэрафлёт	unknown	0	0	-	-	Аэрафлот→Аэрафлёт
аўтарамент	loan	e	Wikidata Q4056427	derived	аўтарамэнт	unknown	0	0	-	-	Аўтарамент→Аўтарамэнт
бабет	loan	e	Wikidata Q2403656	derived	бабэт	unknown	0	0	-	-	Бабета→Бабэта
бабынці	loan	i	Wikidata Q1961267	derived	бабінцы	unknown	0	0	-	-	Бабынці→Бабінцы
багемска	loan	e	Wikidata Q27894574	derived	багэмска	unknown	0	0	-	-	Багемская→Багэмская
бад-кісінген	loan	i	Wikidata Q488346	derived	бад-кісынген	unknown	0	0	-	-	Бад-Кісінген→Бад-Кісынген
бад-лібенцэль	loan	e	Wikidata Q522349	derived	бад-лібэнцэль	unknown	0	0	-	-	Бад-Лібенцэль→Бад-Лібэнцэль
бадалон	loan	l	Wikidata Q15468	derived	бадалён	unknown	0	0	-	-	Бадалона→Бадалёна
бадштубер	loan	e	Wikidata Q151278	derived	бадштубэр	unknown	0	0	-	-	Бадштубер→Бадштубэр
бадэн-вюртэмберг	loan	e	Wikidata Q985	derived	бадэн-вюртэмбэрг	unknown	0	0	-	-	Бадэн-Вюртэмберг→Бадэн-Вюртэмбэрг
базель	loan	e	Wikidata Q78,Q189671	derived	базэль	unknown	0	0	-	-	Базель→Базэль Базель→Базэль
базельска	loan	e	Wikidata Q688971,Q688984	derived	базэльска	unknown	0	0	-	-	Базельская→Базэльская Базельская→Базэльская
базілеўскі	loan	i	Wikidata Q4075250	derived	базылеўскі	unknown	0	0	-	-	Базілеўскія→Базылеўскія
базілікат	loan	i	Wikidata Q1452	derived	базылікат	unknown	0	0	-	-	Базіліката→Базыліката
бакалаўрыят	loan	l	Wikidata Q1901305	derived	бакаляўрыят	unknown	0	0	-	-	Бакалаўрыят→бакаляўрыят
баксітагорск	loan	i	Wikidata Q15236,Q7657	derived	баксытагорск	unknown	0	0	-	-	Баксітагорск→Баксытагорск Баксітагорскі→Баксытагорскі
баласк	loan	l	Wikidata Q437254	derived	баляск	unknown	0	0	-	-	Баласко→Баляско
балдуін	loan	l	Wikidata Q146465	derived	бальдуін	unknown	0	0	-	-	Балдуін→Бальдуін
балонн	loan	l	Wikidata Q1891,Q1893	derived	балёньн	unknown	0	0	-	-	Балоння→Балёньня Балоння→Балёньня
балонск	loan	l	Wikidata Q187073,Q131262	derived	балёнск	unknown	0	0	-	-	Балонскі→Балёнскі Балонскі→Балёнскі
балтасар	loan	l	Wikidata Q167522	derived	бальтасар	unknown	0	0	-	-	Балтасар→Бальтасар
бамберг	loan	e	Wikidata Q3936	derived	бамбэрг	unknown	0	0	-	-	Бамберг→Бамбэрг
банавентур	loan	e	Wikidata Q43746,Q726848	derived	банавэнтур	unknown	0	0	-	-	Банавентура→Банавэнтура Банавентура→Банавэнтура
бандар-серы-бегаван	loan	e	Wikidata Q9279	derived	бандар-сэры-бэгаван	unknown	0	0	-	-	Бандар-Серы-Бегаван→Бандар-Сэры-Бэгаван
банер	loan	e	Wikidata Q234885	derived	банэр	unknown	0	0	-	-	Банера→Банэра
банскабістрыцк	loan	i	Wikidata Q183640	derived	банскабыстрыцк	unknown	0	0	-	-	Банскабістрыцкі→Банскабыстрыцкі
бардэла	loan	l	Wikidata Q40655898	derived	бардэля	unknown	0	0	-	-	Бардэла→Бардэля
барселонск	loan	e,l	Wikidata Q237189	derived	барсэлёнск	unknown	0	0	-	-	Барселонскі→Барсэлёнскі
барсін	loan	i	Wikidata Q233783	derived	барсын	unknown	0	0	-	-	Барсіна→Барсына
барысфен	loan	e	Wikidata Q38994996	derived	барысфэн	unknown	0	0	-	-	Барысфен→Барысфэн
басілік	loan	i	Wikidata Q20855548	derived	басылік	unknown	0	0	-	-	Басілікі→Басылікі
беат	loan	e	Wikidata Q4877021	derived	бэат	unknown	0	0	-	-	Беата→Бэата
беатрыкс	loan	e	Wikidata Q1367402	derived	бэатрыкс	unknown	0	0	-	-	Беатрыкс→Бэатрыкс
беатыфікацы	loan	e	Wikidata Q51620	derived	бэатыфікацы	unknown	0	0	-	-	беатыфікацыя→бэатыфікацыя
бебр	loan	e	Wikidata Q558530	derived	бэбр	unknown	0	0	-	-	Бебра→Бэбра
беванж-сюр-атэр	loan	e	Wikidata Q986590	derived	бэванж-сюр-атэр	unknown	0	0	-	-	Беванж-сюр-Атэр→Бэванж-сюр-Атэр
бегай	loan	e	Wikidata Q107422711	derived	бэгай	unknown	0	0	-	-	Бегай→Бэгай
бегемотавы	loan	e	Wikidata Q213336	derived	бэгемотавы	unknown	0	0	-	-	бегемотавыя→Бэгемотавыя
бедфард	loan	e	Wikidata Q208257	derived	бэдфард	unknown	0	0	-	-	Бедфард→Бэдфард
бедфардшыр	loan	e	Wikidata Q23143	derived	бэдфардшыр	unknown	0	0	-	-	Бедфардшыр→Бэдфардшыр
беернарт	loan	e	Wikidata Q202049	derived	бэернарт	unknown	0	0	-	-	Беернарт→Бэернарт
безансон	loan	e	Wikidata Q37776	derived	бэзансон	unknown	0	0	-	-	Безансон→Бэзансон
бейл	loan	e	Wikidata Q45772	derived	бэйл	unknown	0	0	-	-	Бейл→Бэйл
бейрут	loan	e	Wikidata Q3820	derived	бэйрут	unknown	0	0	-	-	Бейрут→Бэйрут
бейсбол	loan	e	Wikidata Q5369	derived	бэйсбол	unknown	0	0	-	-	бейсбол→бэйсбол
бейсінгер	loan	e,i	Wikidata Q131380	derived	бэйсынгер	unknown	0	0	-	-	Бейсінгер→Бэйсынгер
бекер	loan	e	Wikidata Q191020	derived	бэкер	unknown	0	0	-	-	Бекер→Бэкер
бекерых	loan	e	Wikidata Q813727	derived	бэкерых	unknown	0	0	-	-	Бекерых→Бэкерых
бекерэль	loan	e	Wikidata Q41269,Q102573	derived	бэкерэль	unknown	0	0	-	-	Бекерэль→Бэкерэль бекерэль→бэкерэль
бекешчаб	loan	e	Wikidata Q178878,Q570228	derived	бэкешчаб	unknown	0	0	-	-	Бекешчаба→Бэкешчаба Бекешчаба→Бэкешчаба
бекон	loan	e	Wikidata Q11106	derived	бэкон	unknown	0	0	-	-	Бекон→бэкон
бекір	loan	e	Wikidata Q779375	derived	бэкір	unknown	0	0	-	-	Бекір→Бэкір
беларуска-амерыканск	loan	e	Wikidata Q13028674	derived	беларуска-амэрыканск	unknown	0	0	-	-	Беларуска-амерыканскі→Беларуска-амэрыканскі
беларуска-амерыканска	loan	e	Wikidata Q13028672,Q13028673	derived	беларуска-амэрыканска	unknown	0	0	-	-	Беларуска-амерыканскае→Беларуска-амэрыканскае Беларуска-амерыканская→Беларуска-амэрыканская
беларуска-амерыканскай	loan	e	Wikidata Q17045157	derived	беларуска-амэрыканскай	unknown	0	0	-	-	беларуска-амерыканскай→беларуска-амэрыканскай
беларуска-бразільскі	loan	i	Wikidata Q21843498	derived	беларуска-бразыльскі	unknown	0	0	-	-	Беларуска-бразільскія→беларуска-бразыльскія
беларуска-сербскі	loan	e	Wikidata Q3918723	derived	беларуска-сэрбскі	unknown	0	0	-	-	Беларуска-сербскія→беларуска-сэрбскія
белгік	loan	e,l	Wikidata Q206443	derived	бэльгік	unknown	0	0	-	-	Белгіка→Бэльгіка
белен	loan	e	Wikidata Q235421	derived	бэлен	unknown	0	0	-	-	Белен→Бэлен
белененсіш	loan	e	Wikidata Q216510	derived	бэленэнсіш	unknown	0	0	-	-	Белененсіш→Бэленэнсіш
белетрыстык	loan	e	Wikidata Q268416	derived	бэлетрыстык	unknown	0	0	-	-	белетрыстыка→бэлетрыстыка
белудж	loan	e	Wikidata Q201501	derived	бэлудж	unknown	0	0	-	-	белуджы→бэлуджы
белуш	loan	e	Wikidata Q107933	derived	бэлуш	unknown	0	0	-	-	Белушы→Бэлушы
белфаст	loan	e	Wikidata Q10686	derived	бэлфаст	unknown	0	0	-	-	Белфаст→Бэлфаст
бельведэр	loan	e	Wikidata Q816265	derived	бэльвэдэр	unknown	0	0	-	-	Бельведэр→Бэльвэдэр
бельвіль	loan	e	Wikidata Q815949	derived	бэльвіль	unknown	0	0	-	-	Бельвіль→Бэльвіль
бельманд	loan	e	Wikidata Q106255	derived	бэльманд	unknown	0	0	-	-	Бельмандо→Бэльмандо
бельмапан	loan	e	Wikidata Q3043	derived	бэльмапан	unknown	0	0	-	-	Бельмапан→Бэльмапан
бельфор	loan	e	Wikidata Q171545	derived	бэльфор	unknown	0	0	-	-	Бельфор→Бэльфор
белэнерг	loan	e	Wikidata Q3920439	derived	белэнэрг	unknown	0	0	-	-	Белэнерга→Белэнэрга
белювеліргандаль	loan	e	Wikidata Q17324740	derived	белювэліргандаль	unknown	0	0	-	-	Белювеліргандаль→Белювэліргандаль
беліз	loan	e	Wikidata Q242,Q108223	derived	бэліз	unknown	0	0	-	-	Беліз→Бэліз Беліз→Бэліз
белін	loan	e	Wikidata Q17169	derived	бэлін	unknown	0	0	-	-	Беліні→Бэліні
белінвестбанк	loan	e	Wikidata Q4081940	derived	белінвэстбанк	unknown	0	0	-	-	Белінвестбанк→Белінвэстбанк
белінцон	loan	e	Wikidata Q64044,Q289112	derived	бэлінцон	unknown	0	0	-	-	Белінцона→Бэлінцона Белінцона→Бэлінцона
бемоль	loan	e	Wikidata Q7001368	derived	бэмоль	unknown	0	0	-	-	бемоль→бэмоль
бен-гурыён	loan	e	Wikidata Q37610	derived	бэн-гурыён	unknown	0	0	-	-	Бен-Гурыён→Бэн-Гурыён
бен-невіс	loan	e	Wikidata Q104674	derived	бэн-нэвіс	unknown	0	0	-	-	Бен-Невіс→Бэн-Нэвіс
бенгальска	loan	e	Wikidata Q427715,Q214835	derived	бэнгальска	unknown	0	0	-	-	Бенгальская→бэнгальская Бенгальская→бэнгальская бенгальская→бэнгальская
бенгалі	loan	e	Wikidata Q1356	derived	бэнгалі	unknown	0	0	-	-	Бенгалія→Бэнгалія
бенджамін	loan	e	Wikidata Q381128,Q35678	derived	бэнджамін	unknown	0	0	-	-	Бенджамін→Бэнджамін Бенджамін→Бэнджамін Бенджамін→Бэнджамін Бенджамін→Бэнджамін
бендэр	loan	e	Wikidata Q192176	derived	бэндэр	unknown	0	0	-	-	Бендэр→Бэндэр
беневент	loan	e	Wikidata Q13437,Q652516	derived	бэнэвэнт	unknown	0	0	-	-	Беневента→Бэнэвэнта Беневента→Бэнэвэнта
бенешаў	loan	e	Wikidata Q470394	derived	бэнэшаў	unknown	0	0	-	-	Бенешаў→Бэнэшаў
бенжамен	loan	e	Wikidata Q17097967	derived	бэнжамэн	unknown	0	0	-	-	Бенжамен→Бэнжамэн
бензем	loan	e	Wikidata Q1912	derived	бэнзэм	unknown	0	0	-	-	Бензема→Бэнзэма
бензол	loan	e	Wikidata Q2270	derived	бэнзол	unknown	0	0	-	-	бензол→бэнзол
бензінав	loan	e,i	Wikidata Q502048	derived	бэнзынав	unknown	0	0	-	-	бензінавы→бэнзынавы
бенталь	loan	e	Wikidata Q686881	derived	бэнталь	unknown	0	0	-	-	бенталь→бэнталь
бентас	loan	e	Wikidata Q182238	derived	бэнтас	unknown	0	0	-	-	Бентас→Бэнтас
бенуэ	loan	e	Wikidata Q204806	derived	бэнуэ	unknown	0	0	-	-	Бенуэ→Бэнуэ
бенфік	loan	e	Wikidata Q131499	derived	бэнфік	unknown	0	0	-	-	Бенфіка→Бэнфіка
бенц	loan	e	Wikidata Q40224	derived	бэнц	unknown	0	0	-	-	Бенц→Бэнц
бенілюкс	loan	e	Wikidata Q13116	derived	бэнілюкс	unknown	0	0	-	-	Бенілюкс→Бэнілюкс
бенін	loan	e	Wikidata Q962	derived	бэнін	unknown	0	0	-	-	Бенін→Бэнін
беніт	loan	e	Wikidata Q23559,Q189869	derived	бэніт	unknown	0	0	-	-	Беніта→Бэніта Беніта→Бэніта
беранэ	loan	e	Wikidata Q208200	derived	бэранэ	unknown	0	0	-	-	Беранэ→Бэранэ
берат	loan	e	Wikidata Q170244	derived	бэрат	unknown	0	0	-	-	Берат→Бэрат
бераўн	loan	e	Wikidata Q827041	derived	бэраўн	unknown	0	0	-	-	Бераўн→Бэраўн
бербер	loan	e	Wikidata Q45315	derived	бэрбэр	unknown	0	0	-	-	Берберы→бэрбэры
бербераў	loan	e	Wikidata Q793201	derived	бэрбэраў	unknown	0	0	-	-	бербераў→бэрбэраў
бергамск	loan	e	Wikidata Q45855	derived	бэргамск	unknown	0	0	-	-	Бергамскі→Бэргамскі
берген	loan	e	Wikidata Q26793	derived	бэрген	unknown	0	0	-	-	Берген→Бэрген
берген-бельзен	loan	e	Wikidata Q7332	derived	бэрген-бэльзэн	unknown	0	0	-	-	Берген-Бельзен→Бэрген-Бэльзэн
берген-на-руген	loan	e	Wikidata Q492538	derived	бэрген-на-руген	unknown	0	0	-	-	Берген-на-Ругене→Бэрген-на-Ругене
бергсон	loan	e	Wikidata Q42156	derived	бэргсон	unknown	0	0	-	-	Бергсон→Бэргсон
бергфрыд	loan	e	Wikidata Q2302643	derived	бэргфрыд	unknown	0	0	-	-	Бергфрыд→Бэргфрыд
бергіш-гладбах	loan	e,l	Wikidata Q3117	derived	бэргіш-глядбах	unknown	0	0	-	-	Бергіш-Гладбах→Бэргіш-Глядбах
бердорф	loan	e	Wikidata Q818891	derived	бэрдорф	unknown	0	0	-	-	Бердорф→Бэрдорф
бердымухамедаў	loan	e	Wikidata Q57530	derived	бэрдымухамэдаў	unknown	0	0	-	-	Бердымухамедаў→Бэрдымухамэдаў
берзіньш	loan	e	Wikidata Q57506	derived	бэрзіньш	unknown	0	0	-	-	Берзіньш→Бэрзіньш
беркут	loan	e	Wikidata Q520857	derived	бэркут	unknown	0	0	-	-	Беркут→Бэркут
беркшыр	loan	e	Wikidata Q23220	derived	бэркшыр	unknown	0	0	-	-	Беркшыр→Бэркшыр
берліёз	loan	e	Wikidata Q1151	derived	бэрліёз	unknown	0	0	-	-	Берліёз→Бэрліёз
бернаб	loan	e	Wikidata Q244025	derived	бэрнаб	unknown	0	0	-	-	Бернабі→Бэрнабі
берналак	loan	e	Wikidata Q588302,Q106203405	derived	бэрналак	unknown	0	0	-	-	Берналак→Бэрналак Берналак→Бэрналак
бернанк	loan	e	Wikidata Q201795	derived	бэрнанк	unknown	0	0	-	-	Бернанке→Бэрнанке
бернау	loan	e	Wikidata Q9300	derived	бэрнаў	unknown	0	0	-	-	Бернау→Бэрнаў
бернбург	loan	e	Wikidata Q14938	derived	бэрнбург	unknown	0	0	-	-	Бернбург→Бэрнбург
бернгард	loan	e	Wikidata Q18409338	derived	бэрнгард	unknown	0	0	-	-	Бернгард→Бэрнгард
бернд	loan	e	Wikidata Q661722	derived	бэрнд	unknown	0	0	-	-	Бернд→Бэрнд
бернл	loan	e	Wikidata Q209096,Q19458	derived	бэрнл	unknown	0	0	-	-	Бернлі→Бэрнлі Бернлі→Бэрнлі
бернска	loan	e	Wikidata Q375083	derived	бэрнска	unknown	0	0	-	-	Бернская→Бэрнская
бернтал	loan	e	Wikidata Q362616	derived	бэрнтал	unknown	0	0	-	-	Бернтал→Бэрнтал
бернін	loan	e	Wikidata Q160538	derived	бэрнін	unknown	0	0	-	-	Берніні→Бэрніні
берт	loan	e	Wikidata Q160528,Q105320	derived	бэрт	unknown	0	0	-	-	Берт→Бэрт Берта→Бэрта Берта→Бэрта
бертальд	loan	e	Wikidata Q38757	derived	бэртальд	unknown	0	0	-	-	Бертальд→Бэртальд
бертан	loan	e	Wikidata Q48929	derived	бэртан	unknown	0	0	-	-	Бертан→Бэртан
бертольд	loan	e	Wikidata Q2668037	derived	бэртольд	unknown	0	0	-	-	Бертольд→Бэртольд
бертранж	loan	e	Wikidata Q809603	derived	бэртранж	unknown	0	0	-	-	Бертранж→Бэртранж
бертыль	loan	e	Wikidata Q179493	derived	бэртыль	unknown	0	0	-	-	Бертыль→Бэртыль
беры-сент-эдмундс	loan	e	Wikidata Q764754	derived	бэры-сэнт-эдмундс	unknown	0	0	-	-	Беры-Сент-Эдмундс→Бэры-Сэнт-Эдмундс
берыл	loan	e,l	Wikidata Q103480	derived	бэрыль	unknown	0	0	-	-	Берыл→Бэрыль
берымунд	loan	e	Wikidata Q20045654	derived	бэрымунд	unknown	0	0	-	-	Берымунд→Бэрымунд
берынг	loan	e	Wikidata Q44220,Q193962	derived	бэрынг	unknown	0	0	-	-	Берынг→Бэрынг Берынга→Бэрынга Берынг→Бэрынг
берынгав	loan	e	Wikidata Q44725	derived	бэрынгав	unknown	0	0	-	-	Берынгава→Бэрынгава
берынгаў	loan	e	Wikidata Q11769	derived	бэрынгаў	unknown	0	0	-	-	Берынгаў→Бэрынгаў
берэт	loan	e	Wikidata Q4237690	derived	бэрэт	unknown	0	0	-	-	берэт→бэрэт
бесарабі	loan	e	Wikidata Q2377743,Q174994	derived	бэсарабі	unknown	0	0	-	-	Бесарабіі→Бэсарабіі Бесарабія→Бэсарабія Бесарабіі→Бэсарабіі
бесон	loan	e	Wikidata Q484779	derived	бэсон	unknown	0	0	-	-	Бесон→Бэсон
бетэль	loan	e	Wikidata Q561213	derived	бэтэль	unknown	0	0	-	-	Бетэль→Бэтэль
бетэмбур	loan	e	Wikidata Q832342	derived	бэтэмбур	unknown	0	0	-	-	Бетэмбур→Бэтэмбур
бетэндорф	loan	e	Wikidata Q832382	derived	бэтэндорф	unknown	0	0	-	-	Бетэндорф→Бэтэндорф
бефру	loan	e	Wikidata Q815448	derived	бэфру	unknown	0	0	-	-	Бефруа→бэфруа
бец	loan	e	Wikidata Q213122	derived	бэц	unknown	0	0	-	-	Беці→Бэці
бецдорф	loan	e	Wikidata Q850734	derived	бэцдорф	unknown	0	0	-	-	Бецдорф→Бэцдорф
бецыбук	loan	e	Wikidata Q425	derived	бэцібук	unknown	0	0	-	-	Бецыбука→Бэцібука
бешыкташ	loan	e	Wikidata Q459495,Q172567	derived	бэшыкташ	unknown	0	0	-	-	Бешыкташ→Бэшыкташ Бешыкташ→Бэшыкташ
блан	loan	l	Wikidata Q1839	derived	блян	unknown	0	0	-	-	Блан→Блян
бланд	loan	l	Wikidata Q593129	derived	блянд	unknown	0	0	-	-	Бланда→Блянда
блу	loan	l	Wikidata Q160927	derived	блю	unknown	0	0	-	-	Блуа→Блюа
блызнюкы	loan	l	Wikidata Q4088167	derived	блізьнюкі	unknown	0	0	-	-	Блызнюкы→Блізьнюкі
блэкберн	loan	e	Wikidata Q188313,Q1520855	derived	блэкбэрн	unknown	0	0	-	-	Блэкберн→Блэкбэрн Блэкберн→Блэкбэрн Блэкберн→Блэкбэрн
бней	loan	e	Wikidata Q1130570,Q737714	derived	бнэй	unknown	0	0	-	-	Бней→Бнэй Бней→Бнэй
боргарнес	loan	e	Wikidata Q276537	derived	боргарнэс	unknown	0	0	-	-	Боргарнес→Боргарнэс
бразільска	loan	i	Wikidata Q118899	derived	бразыльска	unknown	0	0	-	-	Бразільскае→Бразыльскае
брахікалон	loan	l	Wikidata Q3919472	derived	брахікалён	unknown	0	0	-	-	Брахікалон→Брахікалён
браўзер	loan	e	Wikidata Q6368	derived	браўзэр	unknown	0	0	-	-	браўзер→браўзэр
браўнфельс	loan	e	Wikidata Q525612	derived	браўнфэльс	unknown	0	0	-	-	Браўнфельс→Браўнфэльс
брубек	loan	e	Wikidata Q108597	derived	брубэк	unknown	0	0	-	-	Брубек→Брубэк
бругер	loan	e	Wikidata Q109309	derived	бругэр	unknown	0	0	-	-	Бругер→Бругэр
брукнер	loan	e	Wikidata Q112029,Q81752	derived	брукнэр	unknown	0	0	-	-	Брукнер→Брукнэр Брукнер→Брукнэр
брумер	loan	e	Wikidata Q832417	derived	брумэр	unknown	0	0	-	-	Брумер→Брумэр
бруней	loan	e	Wikidata Q921	derived	брунэй	unknown	0	0	-	-	Бруней→Брунэй
брунейск	loan	e	Wikidata Q206319	derived	брунэйск	unknown	0	0	-	-	брунейскі→брунэйскі
брусельск	loan	e	Wikidata Q240,Q778680	derived	брусэльск	unknown	0	0	-	-	Брусельскі→Брусэльскі Брусельскі→Брусэльскі
брусельска	loan	e	Wikidata Q1255327	derived	брусэльска	unknown	0	0	-	-	Брусельская→Брусэльская
брысталь	loan	l	Wikidata Q23154,Q19456	derived	брыстал	unknown	0	0	-	-	Брысталь→Брыстал Брысталь→Брыстал
брэбенескуль	loan	e	Wikidata Q2091106	derived	брэбэнэскуль	unknown	0	0	-	-	Брэбенескуль→Брэбэнэскуль
брэмен	loan	e	Wikidata Q24879,Q2089922	derived	брэмэн	unknown	0	0	-	-	Брэмен→Брэмэн Брэмені→Брэмэні
брэменск	loan	e	Wikidata Q19665	derived	брэмэнск	unknown	0	0	-	-	Брэменскі→Брэмэнскі
брэменска	loan	e	Wikidata Q19479	derived	брэмэнска	unknown	0	0	-	-	Брэменская→Брэмэнская
брэменскі	loan	e	Wikidata Q112015	derived	брэмэнскі	unknown	0	0	-	-	Брэменскія→Брэмэнскія
буаль	loan	l	Wikidata Q715909	derived	буал	unknown	0	0	-	-	Буальі→Буалі
буанінсень	loan	e	Wikidata Q15792	derived	буанінсэнь	unknown	0	0	-	-	Буанінсенья→Буанінсэнья
будапешцк	loan	e	Wikidata Q1000658,Q390287	derived	будапэшцк	unknown	0	0	-	-	Будапешцкі→Будапэшцкі Будапешцкі→Будапэшцкі Будапешцкі→Будапэшцкі
будапешцка	loan	e	Wikidata Q851259	derived	будапэшцка	unknown	0	0	-	-	Будапешцкая→Будапэшцкая
бужумбура-мер	loan	e	Wikidata Q1816580	derived	бужумбура-мэр	unknown	0	0	-	-	Бужумбура-Меры→Бужумбура-Мэры
бузек	loan	e	Wikidata Q55910	derived	бузэк	unknown	0	0	-	-	Бузек→Бузэк
була	loan	l	Wikidata Q189867	derived	буля	unknown	0	0	-	-	була→буля
булонск	loan	l	Wikidata Q209626	derived	булёнск	unknown	0	0	-	-	Булонскі→Булёнскі
булонь-сюр-мэр	loan	l	Wikidata Q81997	derived	булёнь-сюр-мэр	unknown	0	0	-	-	Булонь-сюр-Мэр→Булёнь-сюр-Мэр
бумердэс	loan	e	Wikidata Q236752	derived	бумэрдэс	unknown	0	0	-	-	Бумердэс→Бумэрдэс
бургенланд	loan	l	Wikidata Q43210	derived	бургенлянд	unknown	0	0	-	-	Бургенланд→Бургенлянд
бурмеранж	loan	e	Wikidata Q1401963	derived	бурмэранж	unknown	0	0	-	-	Бурмеранж→Бурмэранж
бухенвальд	loan	e	Wikidata Q152802	derived	бухэнвальд	unknown	0	0	-	-	Бухенвальд→Бухэнвальд
бюхнер	loan	e	Wikidata Q154014	derived	бюхнэр	unknown	0	0	-	-	Бюхнер→Бюхнэр
бібер	loan	e	Wikidata Q153455	derived	бібэр	unknown	0	0	-	-	Бібер→Бібэр
білефельд	loan	e	Wikidata Q105844,Q2112	derived	білефэльд	unknown	0	0	-	-	Білефельд→Білефэльд Білефельд→Білефэльд
біплан	loan	l	Wikidata Q223818	derived	біплян	unknown	0	0	-	-	біплан→біплян
бірзебудж	loan	e	Wikidata Q258028	derived	бірзэбудж	unknown	0	0	-	-	Бірзебуджа→Бірзэбуджа
бісексуальнасць	loan	e	Wikidata Q43200	derived	бісэксуальнасьць	unknown	0	0	-	-	бісексуальнасць→бісэксуальнасьць
бітнер	loan	e	Wikidata Q6465727	derived	бітнэр	unknown	0	0	-	-	Бітнер→Бітнэр
бітэрфельд	loan	e	Wikidata Q836932	derived	бітэрфэльд	unknown	0	0	-	-	Бітэрфельд→Бітэрфэльд
біясфер	loan	e	Wikidata Q42762	derived	біясфэр	unknown	0	0	-	-	біясфера→біясфэра
біясферн	loan	e	Wikidata Q1194178	derived	біясфэрн	unknown	0	0	-	-	біясферны→біясфэрны
біяфізік	loan	i	Wikidata Q7100	derived	біяфізык	unknown	0	0	-	-	біяфізіка→біяфізыка
вавель	loan	e	Wikidata Q743704	derived	вавэль	unknown	0	0	-	-	Вавель→Вавэль
вайсэнфельс	loan	e	Wikidata Q14815	derived	вайсэнфэльс	unknown	0	0	-	-	Вайсэнфельс→Вайсэнфэльс
вайсіг	loan	i	Wikidata Q6482746	derived	вайсыг	unknown	0	0	-	-	Вайсіг→Вайсыг
вайцзекер	loan	e	Wikidata Q65350	derived	вайцзэкер	unknown	0	0	-	-	Вайцзекер→Вайцзэкер
валансьен	loan	l	Wikidata Q163795,Q212269	derived	валянсьен	unknown	0	0	-	-	Валансьен→Валянсьен Валансьен→Валянсьен
валон	loan	l	Wikidata Q217389,Q381151	derived	валён	unknown	0	0	-	-	Валон→Валён Валоны→Валёны
валонск	loan	l	Wikidata Q1122	derived	валёнск	unknown	0	0	-	-	Валонскі→Валёнскі
валонска	loan	l	Wikidata Q34219	derived	валёнска	unknown	0	0	-	-	Валонская→валёнская
валоні	loan	l	Wikidata Q231	derived	валёні	unknown	0	0	-	-	Валонія→Валёнія
вальферданж	loan	e	Wikidata Q917508	derived	вальфэрданж	unknown	0	0	-	-	Вальферданж→Вальфэрданж
ванкувер	loan	e	Wikidata Q24639,Q170479	derived	ванкувэр	unknown	0	0	-	-	Ванкувер→Ванкувэр Ванкувер→Ванкувэр Ванкувер→Ванкувэр Ванкувер→Ванкувэр
варберг	loan	e	Wikidata Q21168,Q179180	derived	варбэрг	unknown	0	0	-	-	Варберг→Варбэрг Варберг→Варбэрг
варвінск	loan	i	Wikidata Q2991976	derived	варвынск	unknown	0	0	-	-	Варвінскі→Варвынскі
васлуй	loan	l	Wikidata Q192269	derived	васьлюй	unknown	0	0	-	-	Васлуй→Васьлюй
веганств	loan	e	Wikidata Q181138	derived	вэганств	unknown	0	0	-	-	веганства→вэганства
вегенер	loan	e	Wikidata Q76323	derived	вэгенэр	unknown	0	0	-	-	Вегенер→Вэгенэр
вегетарыянств	loan	e	Wikidata Q83364	derived	вэгетарыянств	unknown	0	0	-	-	вегетарыянства→вэгетарыянства
ведыйска	loan	e	Wikidata Q36858	derived	вэдыйска	unknown	0	0	-	-	Ведыйская→Вэдыйская
веен	loan	e	Wikidata Q310621	derived	вээн	unknown	0	0	-	-	Веен→Вээн
везер	loan	e	Wikidata Q1650	derived	вэзэр	unknown	0	0	-	-	Везер→Вэзэр
везуль	loan	e	Wikidata Q203309	derived	вэзуль	unknown	0	0	-	-	Везуль→Вэзуль
вейдэр	loan	e	Wikidata Q12206942	derived	вэйдэр	unknown	0	0	-	-	Вейдэр→Вэйдэр
вейлер-ла-тур	loan	e,l	Wikidata Q985390	derived	вэйлер-ля-тур	unknown	0	0	-	-	Вейлер-ла-Тур→Вэйлер-ля-Тур
вейсенгоф	loan	e	Wikidata Q4106042	derived	вэйсэнгоф	unknown	0	0	-	-	Вейсенгоф→Вэйсэнгоф
вексель	loan	e	Wikidata Q190122	derived	вэксэль	unknown	0	0	-	-	вексель→вэксэль
вексілалогі	loan	e,l	Wikidata Q186083	derived	вэксілялёгі	unknown	0	0	-	-	вексілалогія→вэксілялёгія
вектарна	loan	e	Wikidata Q170130	derived	вэктарна	unknown	0	0	-	-	вектарная→вэктарная
веламабіль	loan	e,l	Wikidata Q892572	derived	вэлямабіль	unknown	0	0	-	-	Веламабіль→вэлямабіль
веларыкш	loan	e,l	Wikidata Q1362895	derived	вэлярыкш	unknown	0	0	-	-	Веларыкша→вэлярыкша
веласкес	loan	e,l	Wikidata Q297,Q310566	derived	вэляскес	unknown	0	0	-	-	Веласкес→Вэляскес Веласкес→Вэляскес Веласкес→Вэляскес
велаят	loan	e	Wikidata Q399899,Q486073	derived	вэлаят	unknown	0	0	-	-	велаят→вэлаят велаят→вэлаят велаят→вэлаят велаят→вэлаят
велебіт	loan	e	Wikidata Q223275	derived	вэлебіт	unknown	0	0	-	-	Велебіт→Вэлебіт
веленштэйн	loan	e	Wikidata Q1398947	derived	вэленштэйн	unknown	0	0	-	-	Веленштэйн→Вэленштэйн
велес	loan	e	Wikidata Q157050	derived	вэлес	unknown	0	0	-	-	Велес→Вэлес
велетр	loan	e	Wikidata Q189236	derived	вэлетр	unknown	0	0	-	-	Велетры→Вэлетры
велетрыйск	loan	e	Wikidata Q1495940	derived	вэлетрыйск	unknown	0	0	-	-	Велетрыйскі→Вэлетрыйскі
вельс	loan	e	Wikidata Q178582	derived	вэльс	unknown	0	0	-	-	Вельс→Вэльс
веліт	loan	e	Wikidata Q749335	derived	вэліт	unknown	0	0	-	-	Веліты→Вэліты
вендэнск	loan	e	Wikidata Q3646482	derived	вэндэнск	unknown	0	0	-	-	вендэнскі→вэндэнскі
венерн	loan	e	Wikidata Q173596	derived	вэнэрн	unknown	0	0	-	-	Венерн→Вэнэрн
венерычны	loan	e	Wikidata Q12198	derived	вэнэрычны	unknown	0	0	-	-	Венерычныя→Вэнэрычныя
венет	loan	e	Wikidata Q1243	derived	вэнэт	unknown	0	0	-	-	Венета→Вэнэта
венк	loan	e	Wikidata Q3398829	derived	вэнк	unknown	0	0	-	-	Венка→Вэнка
веноз	loan	e	Wikidata Q192958	derived	вэноз	unknown	0	0	-	-	Веноза→Вэноза
венсан	loan	e	Wikidata Q201381	derived	вэнсан	unknown	0	0	-	-	Венсан→Вэнсан
венсен	loan	e	Wikidata Q193819	derived	вэнсэн	unknown	0	0	-	-	Венсен→Вэнсэн
венсенск	loan	e	Wikidata Q271639	derived	вэнсэнск	unknown	0	0	-	-	Венсенскі→Вэнсэнскі
вент	loan	e	Wikidata Q1104010	derived	вэнт	unknown	0	0	-	-	Вента→Вэнта
венцлав	loan	e	Wikidata Q571075	derived	вэнцлав	unknown	0	0	-	-	Венцлава→Вэнцлава
веніямінав	loan	e	Wikidata Q1812965	derived	вэніямінав	unknown	0	0	-	-	Веніямінава→Вэніямінава
вепс	loan	e	Wikidata Q37556	derived	вэпс	unknown	0	0	-	-	Вепсы→Вэпсы
вепска	loan	e	Wikidata Q32747	derived	вэпска	unknown	0	0	-	-	Вепская→вэпская
вепсі	loan	e	Wikidata Q11011248	derived	вэпсі	unknown	0	0	-	-	Вепсія→Вэпсія
веранд	loan	e	Wikidata Q693922	derived	вэранд	unknown	0	0	-	-	веранда→вэранда
вербенавы	loan	e	Wikidata Q156960	derived	вэрбэнавы	unknown	0	0	-	-	Вербенавыя→Вэрбэнавыя
вербруген	loan	e	Wikidata Q98682558	derived	вэрбруген	unknown	0	0	-	-	Вербруген→Вэрбруген
вербункаш	loan	e	Wikidata Q220535	derived	вэрбункаш	unknown	0	0	-	-	Вербункаш→Вэрбункаш
вердагер	loan	e	Wikidata Q379290	derived	вэрдагер	unknown	0	0	-	-	Вердагер→Вэрдагер
вердыкт	loan	e	Wikidata Q13370881	derived	вэрдыкт	unknown	0	0	-	-	Вердыкт→вэрдыкт
вердэн	loan	e	Wikidata Q154748	derived	вэрдэн	unknown	0	0	-	-	Вердэн→Вэрдэн
вердэр	loan	e	Wikidata Q51976	derived	вэрдэр	unknown	0	0	-	-	Вердэр→Вэрдэр
верлібр	loan	e	Wikidata Q141126	derived	вэрлібр	unknown	0	0	-	-	верлібр→вэрлібр
вермонт	loan	e	Wikidata Q16551	derived	вэрмонт	unknown	0	0	-	-	Вермонт→Вэрмонт
вермут	loan	e	Wikidata Q231088	derived	вэрмут	unknown	0	0	-	-	Вермут→Вэрмут
вернал	loan	e	Wikidata Q482828	derived	вэрнал	unknown	0	0	-	-	Вернал→Вэрнал
вернігеродэ	loan	e	Wikidata Q15982	derived	вэрнігеродэ	unknown	0	0	-	-	Вернігеродэ→Вэрнігеродэ
верон	loan	e	Wikidata Q2028	derived	вэрон	unknown	0	0	-	-	Верона→Вэрона
веронск	loan	e	Wikidata Q2531629	derived	вэронск	unknown	0	0	-	-	Веронскі→Вэронскі
веронік	loan	e	Wikidata Q1256457	derived	вэронік	unknown	0	0	-	-	Вероніка→Вэроніка
веспасіян	loan	e	Wikidata Q1419	derived	вэспасіян	unknown	0	0	-	-	Веспасіян→Вэспасіян
веспрэм	loan	e	Wikidata Q146317,Q643692	derived	вэспрэм	unknown	0	0	-	-	Веспрэм→Вэспрэм Веспрэм→Вэспрэм
вест-агдэр	loan	e	Wikidata Q50623	derived	вэст-агдэр	unknown	0	0	-	-	Вест-Агдэр→Вэст-Агдэр
вест-інды	loan	e	Wikidata Q669037,Q829655	derived	вэст-інды	unknown	0	0	-	-	Вест-Індыя→Вэст-Індыя Вест-Індыя→Вэст-Індыя
вестгот	loan	e	Wikidata Q23693	derived	вэстгот	unknown	0	0	-	-	вестготы→вэстготы
вестман	loan	e	Wikidata Q608352	derived	вэстман	unknown	0	0	-	-	Вестмана→Вэстмана
вестманаэяр	loan	e	Wikidata Q187251	derived	вэстманаэяр	unknown	0	0	-	-	Вестманаэяр→Вэстманаэяр
вестэрло	loan	e,l	Wikidata Q849544	derived	вэстэрлё	unknown	0	0	-	-	Вестэрло→Вэстэрлё
вестэрман	loan	e	Wikidata Q115341	derived	вэстэрман	unknown	0	0	-	-	Вестэрман→Вэстэрман
вестэрн	loan	e	Wikidata Q21590660	derived	вэстэрн	unknown	0	0	-	-	вестэрн→вэстэрн
вестэрнізацы	loan	e	Wikidata Q6498273	derived	вэстэрнізацы	unknown	0	0	-	-	Вестэрнізацыя→вэстэрнізацыя
вестэрос	loan	e	Wikidata Q25412	derived	вэстэрос	unknown	0	0	-	-	Вестэрос→Вэстэрос
ветэрн	loan	e	Wikidata Q188195	derived	вэтэрн	unknown	0	0	-	-	Ветэрн→Вэтэрн
вефсн	loan	e	Wikidata Q180550	derived	вэфсн	unknown	0	0	-	-	Вефсна→Вэфсна
вехтэн	loan	e	Wikidata Q312851	derived	вэхтэн	unknown	0	0	-	-	Вехтэн→Вэхтэн
вецлар	loan	e,l	Wikidata Q4178	derived	вэцляр	unknown	0	0	-	-	Вецлар→Вэцляр
волан	loan	l	Wikidata Q2474713	derived	волян	unknown	0	0	-	-	Волан→Волян
вольфсберг	loan	e	Wikidata Q487527,Q694484	derived	вольфсбэрг	unknown	0	0	-	-	Вольфсберг→Вольфсбэрг Вольфсберг→Вольфсбэрг
вонегут	loan	e	Wikidata Q49074	derived	вонэгут	unknown	0	0	-	-	Вонегут→Вонэгут
вормельданж	loan	e	Wikidata Q985399	derived	вормэльданж	unknown	0	0	-	-	Вормельданж→Вормэльданж
вулканізацы	loan	l	Wikidata Q188631	derived	вульканізацы	unknown	0	0	-	-	вулканізацыя→вульканізацыя
вулкэнешць	loan	e	Wikidata Q1012868	derived	вулкэнэшць	unknown	0	0	-	-	Вулкэнешць→Вулкэнэшць
вуперталь	loan	e	Wikidata Q2107	derived	вупэрталь	unknown	0	0	-	-	Вуперталь→Вупэрталь
вэб-сервер	loan	e	Wikidata Q11288	derived	вэб-сэрвэр	unknown	0	0	-	-	Вэб-сервер→вэб-сэрвэр
вюртэмберг	loan	e	Wikidata Q159626	derived	вюртэмбэрг	unknown	0	0	-	-	Вюртэмберг→Вюртэмбэрг
віверавы	loan	e	Wikidata Q185864	derived	вівэравы	unknown	0	0	-	-	віверавыя→вівэравыя
відэаклуб	loan	l	Wikidata Q96903892	derived	відэаклюб	unknown	0	0	-	-	відэаклуб→відэаклюб
візеу	loan	e	Wikidata Q117676	derived	візэў	unknown	0	0	-	-	Візеу→Візэў
віке-фрэйберг	loan	e	Wikidata Q151301	derived	віке-фрэйбэрг	unknown	0	0	-	-	Віке-Фрэйберга→Віке-Фрэйбэрга
віківерсітэт	loan	e,i	Wikidata Q370	derived	віківэрсытэт	unknown	0	0	-	-	Віківерсітэт→Віківэрсытэт
віланов	loan	l	Wikidata Q356568	derived	вілянов	unknown	0	0	-	-	Вілановы→Віляновы
вілдэрс	loan	l	Wikidata Q105338	derived	вільдэрс	unknown	0	0	-	-	Вілдэрс→Вільдэрс
вількамірск	loan	l	Wikidata Q68929	derived	вілкамірск	unknown	0	0	-	-	Вількамірскі→Вілкамірскі
вільпен	loan	e	Wikidata Q131660	derived	вільпэн	unknown	0	0	-	-	Вільпен→Вільпэн
вільярэаль	loan	l	Wikidata Q12292	derived	вільярэал	unknown	0	0	-	-	Вільярэаль→Вільярэал
віляні	loan	i	Wikidata Q836513	derived	віляны	unknown	0	0	-	-	Віляні→Віляны
вімперг	loan	e	Wikidata Q267181	derived	вімпэрг	unknown	0	0	-	-	Вімперг→Вімпэрг
вімінал	loan	l	Wikidata Q216085	derived	віміналь	unknown	0	0	-	-	Вімінал→Віміналь
вінер-нойштат	loan	e	Wikidata Q131612,Q134073	derived	вінэр-нойштат	unknown	0	0	-	-	Вінер-Нойштат→Вінэр-Нойштат Вінер-Нойштат→Вінэр-Нойштат
вінселер	loan	e	Wikidata Q985385	derived	вінсэлер	unknown	0	0	-	-	Вінселер→Вінсэлер
вінілхларыд	loan	l	Wikidata Q338869	derived	вінілхлярыд	unknown	0	0	-	-	Вінілхларыд→вінілхлярыд
вініпег	loan	e	Wikidata Q2135	derived	вініпэг	unknown	0	0	-	-	Вініпег→Вініпэг
віртанен	loan	e	Wikidata Q157239	derived	віртанэн	unknown	0	0	-	-	Віртанен→Віртанэн
вісентэ	loan	e	Wikidata Q134644	derived	вісэнтэ	unknown	0	0	-	-	Вісентэ→Вісэнтэ
вісландэр	loan	l	Wikidata Q15718013	derived	вісьляндэр	unknown	0	0	-	-	Вісландэр→Вісьляндэр
вітсель	loan	e	Wikidata Q151838	derived	вітсэль	unknown	0	0	-	-	Вітсель→Вітсэль
вітшэвельска	loan	e	Wikidata Q385254	derived	вітшэвэльска	unknown	0	0	-	-	Вітшэвельская→Вітшэвэльская
вітэвеен	loan	e	Wikidata Q1992436	derived	вітэвээн	unknown	0	0	-	-	Вітэвеен→Вітэвээн
вішк	loan	i	Wikidata Q1999379	derived	вышк	unknown	0	0	-	-	Вішкі→Вышкі
віяланчэль	loan	l	Wikidata Q8371	derived	віялянчэль	unknown	0	0	-	-	віяланчэль→віялянчэль
габелен	loan	e	Wikidata Q184296,Q1524036	derived	габэлен	unknown	0	0	-	-	габелен→габэлен Габелен→Габэлен
габрыела	loan	l	Wikidata Q80871	derived	габрыеля	unknown	0	0	-	-	Габрыела→Габрыеля
габрыэла	loan	l	Wikidata Q11971424	derived	габрыеля	unknown	0	0	-	-	Габрыэла→Габрыеля
гавел	loan	e	Wikidata Q36233	derived	гавэл	unknown	0	0	-	-	Гавел→Гавэл
гаверл	loan	e	Wikidata Q627508,Q735624	derived	гавэрл	unknown	0	0	-	-	Гаверла→Гавэрла Гаверла→Гавэрла
гаер	loan	e	Wikidata Q95758	derived	гаэр	unknown	0	0	-	-	Гаер→Гаэр
газель-доркас	loan	e	Wikidata Q387240	derived	газэль-доркас	unknown	0	0	-	-	Газель-доркас→Газэль-доркас
газенваген	loan	e	Wikidata Q152982	derived	газэнваген	unknown	0	0	-	-	газенваген→газэнваген
газіянтэп	loan	i	Wikidata Q93338,Q3759076	derived	газыянтэп	unknown	0	0	-	-	Газіянтэп→Газыянтэп Газіянтэп→Газыянтэп Газіянтэп→Газыянтэп
газіянтэпспор	loan	i	Wikidata Q285722	derived	газыянтэпспор	unknown	0	0	-	-	Газіянтэпспор→Газыянтэпспор
гайдэльберг	loan	e	Wikidata Q2966	derived	гайдэльбэрг	unknown	0	0	-	-	Гайдэльберг→Гайдэльбэрг
галаген	loan	l	Wikidata Q19605	derived	галяген	unknown	0	0	-	-	Галагены→галягены
галактоз	loan	l	Wikidata Q66589593	derived	галяктоз	unknown	0	0	-	-	Галактоза→Галяктоза
галактычна	loan	l	Wikidata Q733195	derived	галяктычна	unknown	0	0	-	-	Галактычная→Галяктычная
галатуры	loan	l	Wikidata Q127470	derived	галятуры	unknown	0	0	-	-	Галатурыі→галятурыі
галаты	loan	l	Wikidata Q26847	derived	галяты	unknown	0	0	-	-	Галатыя→Галятыя
галацэнск	loan	l	Wikidata Q723716	derived	галяцэнск	unknown	0	0	-	-	Галацэнскі→Галяцэнскі
галон	loan	l	Wikidata Q178413	derived	галён	unknown	0	0	-	-	галон→галён
галыцк	loan	l	Wikidata Q1035559	derived	галіцк	unknown	0	0	-	-	Галыцкі→Галіцкі
гальберштат	loan	e	Wikidata Q7072	derived	гальбэрштат	unknown	0	0	-	-	Гальберштат→Гальбэрштат
гальве	loan	e	Wikidata Q2579161	derived	гальвэ	unknown	0	0	-	-	Гальве→Гальвэ
галянберг	loan	e	Wikidata Q21649880	derived	галянбэрг	unknown	0	0	-	-	Галянберг→Галянбэрг
гамеапаты	loan	e	Wikidata Q81058	derived	гамэапаты	unknown	0	0	-	-	гамеапатыя→гамэапатыя
гамет	loan	e	Wikidata Q211050	derived	гамэт	unknown	0	0	-	-	гамета→гамэта
гамзат-бек	loan	e	Wikidata Q2737419	derived	гамзат-бэк	unknown	0	0	-	-	Гамзат-бек→Гамзат-бэк
гановер	loan	e	Wikidata Q1715	derived	гановэр	unknown	0	0	-	-	Гановер→Гановэр
гаральд	loan	l	Wikidata Q41042	derived	гаралд	unknown	0	0	-	-	Гаральд→Гаралд
гаранавіч-крамбергер	loan	e	Wikidata Q1287538	derived	гаранавіч-крамбэргэр	unknown	0	0	-	-	Гаранавіч-Крамбергер→Гаранавіч-Крамбэргэр
гарбсен	loan	e	Wikidata Q4001	derived	гарбсэн	unknown	0	0	-	-	Гарбсен→Гарбсэн
гарднер	loan	e	Wikidata Q164487	derived	гарднэр	unknown	0	0	-	-	Гарднер→Гарднэр
гарленд	loan	e	Wikidata Q49274,Q11637	derived	гарлэнд	unknown	0	0	-	-	Гарленд→Гарлэнд Гарленд→Гарлэнд
гарміш-партэнкірхен	loan	e	Wikidata Q127043	derived	гарміш-партэнкірхэн	unknown	0	0	-	-	Гарміш-Партэнкірхен→Гарміш-Партэнкірхэн
гарнер	loan	e	Wikidata Q172044	derived	гарнэр	unknown	0	0	-	-	Гарнер→Гарнэр
гартберг	loan	e	Wikidata Q699746	derived	гартбэрг	unknown	0	0	-	-	Гартберг→Гартбэрг
гаяна-эсекіб	loan	e	Wikidata Q816253	derived	гаяна-эсэкіб	unknown	0	0	-	-	Гаяна-Эсекіба→Гаяна-Эсэкіба
гаўланд	loan	l	Wikidata Q1670311	derived	гаўлянд	unknown	0	0	-	-	Гаўланд→Гаўлянд
гаўмат	loan	g	Wikidata Q557609	derived	ґаўмат	unknown	0	0	-	-	Гаўмата→Ґаўмата
гвадалахар	loan	l	Wikidata Q9022,Q503321	derived	гвадаляхар	unknown	0	0	-	-	Гвадалахара→Гвадаляхара Гвадалахара→Гвадаляхара
гвадэлуп	loan	l	Wikidata Q17012	derived	гвадэлюп	unknown	0	0	-	-	Гвадэлупа→Гвадэлюпа
гвен	loan	e	Wikidata Q274339	derived	гвэн	unknown	0	0	-	-	Гвен→Гвэн
гвінейск	loan	e	Wikidata Q213311	derived	гвінэйск	unknown	0	0	-	-	Гвінейскі→Гвінэйскі
гвінея-бісау	loan	e	Wikidata Q1007	derived	гвінэя-бісаў	unknown	0	0	-	-	Гвінея-Бісау→Гвінэя-Бісаў
гвінеі-бісау	loan	e	Wikidata Q752650	derived	гвінэі-бісаў	unknown	0	0	-	-	Гвінеі-Бісау→Гвінэі-Бісаў
геаметрычна	loan	e	Wikidata Q123410761	derived	геамэтрычна	unknown	0	0	-	-	Геаметрычная→Геамэтрычная
геафізік	loan	i	Wikidata Q46255	derived	геафізык	unknown	0	0	-	-	геафізіка→геафізыка
гебзе	loan	e	Wikidata Q206116	derived	гебзэ	unknown	0	0	-	-	Гебзе→Гебзэ
гегель	loan	e	Wikidata Q9235	derived	гэгель	unknown	0	0	-	-	Гегель→Гэгель
гей-парнаграфі	loan	e	Wikidata Q1067692	derived	гэй-парнаграфі	unknown	0	0	-	-	гей-парнаграфія→Гэй-парнаграфія
гейзер	loan	e	Wikidata Q83471	derived	гейзэр	unknown	0	0	-	-	гейзер→гейзэр
гейсберт	loan	e	Wikidata Q780144	derived	гэйсбэрт	unknown	0	0	-	-	Гейсберт→Гэйсбэрт
гейсір	loan	i	Wikidata Q216846	derived	гейсыр	unknown	0	0	-	-	Гейсір→Гейсыр
гекла	loan	e,l	Wikidata Q184975	derived	гэкля	unknown	0	0	-	-	Гекла→Гэкля
гелен	loan	e	Wikidata Q9287404	derived	гэлен	unknown	0	0	-	-	Гелена→Гэлена
гельзенкірхен	loan	e	Wikidata Q2765	derived	гэльзэнкірхэн	unknown	0	0	-	-	Гельзенкірхен→Гэльзэнкірхэн
гельмут	loan	e	Wikidata Q18191106,Q2516	derived	гэльмут	unknown	0	0	-	-	Гельмут→Гэльмут Гельмут→Гэльмут
гемер	loan	e	Wikidata Q192107	derived	гемэр	unknown	0	0	-	-	Гемера→Гемэра
гендэль	loan	e	Wikidata Q7302	derived	гэндэль	unknown	0	0	-	-	Гендэль→Гэндэль
генерал-фельдмаршал	loan	e	Wikidata Q7820253	derived	генэрал-фэльдмаршал	unknown	0	0	-	-	генерал-фельдмаршал→генэрал-фэльдмаршал
генерал-фельдцэйхмайстар	loan	e	Wikidata Q2646776	derived	генэрал-фэльдцэйхмайстар	unknown	0	0	-	-	генерал-фельдцэйхмайстар→генэрал-фэльдцэйхмайстар
генералісімус	loan	e	Wikidata Q191079	derived	генэралісімус	unknown	0	0	-	-	генералісімус→генэралісімус
генігсдорф	loan	e	Wikidata Q583462	derived	гэнігсдорф	unknown	0	0	-	-	Генігсдорф→Гэнігсдорф
геракл	loan	e	Wikidata Q122248	derived	гэракл	unknown	0	0	-	-	Геракл→Гэракл
гербест	loan	e	Wikidata Q2502886	derived	гэрбэст	unknown	0	0	-	-	Гербест→Гэрбэст
германштат	loan	e	Wikidata Q24884611	derived	гэрманштат	unknown	0	0	-	-	Германштат→Гэрманштат
герменеўтык	loan	e	Wikidata Q102686	derived	гермэнэўтык	unknown	0	0	-	-	герменеўтыка→гермэнэўтыка
гермес	loan	e	Wikidata Q41484	derived	гермэс	unknown	0	0	-	-	Гермес→Гермэс
герпеталогі	loan	e,l	Wikidata Q174416	derived	герпэталёгі	unknown	0	0	-	-	герпеталогія→герпэталёгія
герт	loan	e	Wikidata Q40998789,Q102720	derived	гэрт	unknown	0	0	-	-	Герт→Гэрт Герта→Гэрта
гесэ	loan	e	Wikidata Q25973	derived	гэсэ	unknown	0	0	-	-	Гесэ→Гэсэ
гесэн	loan	e	Wikidata Q1199	derived	гэсэн	unknown	0	0	-	-	Гесэн→Гэсэн
гетэрасексуальнасць	loan	e	Wikidata Q1035954	derived	гетэрасэксуальнасьць	unknown	0	0	-	-	гетэрасексуальнасць→гетэрасэксуальнасьць
гефест	loan	e	Wikidata Q44384	derived	гефэст	unknown	0	0	-	-	Гефест→Гефэст
гладыятар	loan	l	Wikidata Q482999,Q128518	derived	глядыятар	unknown	0	0	-	-	Гладыятар→глядыятар Гладыятар→Глядыятар
гларус	loan	l	Wikidata Q63912	derived	глярус	unknown	0	0	-	-	Гларус→Глярус
гластанберска	loan	e	Wikidata Q544113	derived	гластанбэрска	unknown	0	0	-	-	Гластанберскае→Гластанбэрскае
глаўком	loan	l	Wikidata Q159701	derived	гляўком	unknown	0	0	-	-	глаўкома→гляўкома
глогер	loan	e,l	Wikidata Q245332	derived	глёгэр	unknown	0	0	-	-	Глогер→Глёгэр
глос	loan	l	Wikidata Q1138529	derived	глёс	unknown	0	0	-	-	Глоса→Глёса
глутамінава	loan	l	Wikidata Q181136	derived	глютамінава	unknown	0	0	-	-	Глутамінавая→глютамінавая
глынян	loan	l	Wikidata Q997502	derived	глінян	unknown	0	0	-	-	Глыняны→Гліняны
гней	loan	e	Wikidata Q212667	derived	гнэй	unknown	0	0	-	-	Гней→Гнэй
гнейс	loan	e	Wikidata Q166409	derived	гнэйс	unknown	0	0	-	-	Гнейс→Гнэйс
гомасексуальнасць	loan	e	Wikidata Q6636	derived	гомасэксуальнасьць	unknown	0	0	-	-	гомасексуальнасць→гомасэксуальнасьць
гослар	loan	l	Wikidata Q3896	derived	госьляр	unknown	0	0	-	-	Гослар→Госьляр
готберг	loan	e	Wikidata Q77696	derived	готбэрг	unknown	0	0	-	-	Готберг→Готбэрг
готланд	loan	l	Wikidata Q1168602	derived	готлянд	unknown	0	0	-	-	Готланд→Готлянд
гофенгайм	loan	e	Wikidata Q22707	derived	гофэнгайм	unknown	0	0	-	-	Гофенгайм→Гофэнгайм
гран-плас	loan	l	Wikidata Q215429	derived	гран-пляс	unknown	0	0	-	-	Гран-Плас→Гран-Пляс
грасет	loan	e	Wikidata Q6716	derived	грасэт	unknown	0	0	-	-	Грасета→Грасэта
графен	loan	e	Wikidata Q169917	derived	графэн	unknown	0	0	-	-	графен→графэн
гросвенедыгер	loan	e	Wikidata Q697907	derived	гросвэнэдыгер	unknown	0	0	-	-	Гросвенедыгер→Гросвэнэдыгер
гросглокнер	loan	e,l	Wikidata Q3388	derived	гросглёкнэр	unknown	0	0	-	-	Гросглокнер→Гросглёкнэр
гротгер	loan	e	Wikidata Q714401	derived	гротгэр	unknown	0	0	-	-	Гротгер→Гротгэр
грунло	loan	l	Wikidata Q72991	derived	грунлё	unknown	0	0	-	-	Грунло→Грунлё
грымельсгаўзен	loan	e	Wikidata Q31220	derived	грымэльсгаўзэн	unknown	0	0	-	-	Грымельсгаўзен→Грымэльсгаўзэн
грэвенмахер	loan	e	Wikidata Q215826	derived	грэвэнмахэр	unknown	0	0	-	-	Грэвенмахер→Грэвэнмахэр
гуантанамер	loan	e	Wikidata Q1168686,Q835454	derived	гуантанамэр	unknown	0	0	-	-	Гуантанамера→Гуантанамэра Гуантанамера→Гуантанамэра
гуачымантонес	loan	e	Wikidata Q2989048	derived	гуачымантонэс	unknown	0	0	-	-	Гуачымантонес→Гуачымантонэс
гувер	loan	e	Wikidata Q35236	derived	гувэр	unknown	0	0	-	-	Гувер→Гувэр
гугенберг	loan	e	Wikidata Q65121	derived	гугенбэрг	unknown	0	0	-	-	Гугенберг→Гугенбэрг
гудэрмес	loan	e	Wikidata Q134693	derived	гудэрмэс	unknown	0	0	-	-	Гудэрмес→Гудэрмэс
гулбенск	loan	e	Wikidata Q209187	derived	гулбэнск	unknown	0	0	-	-	Гулбенскі→Гулбэнскі
гуменнэ	loan	e	Wikidata Q502264	derived	гумэннэ	unknown	0	0	-	-	Гуменнэ→Гумэннэ
гумерсбах	loan	e	Wikidata Q679685	derived	гумэрсбах	unknown	0	0	-	-	Гумерсбах→Гумэрсбах
гутэнберг	loan	e	Wikidata Q158075	derived	гутэнбэрг	unknown	0	0	-	-	Гутэнберга→Гутэнбэрга
гюйгенс	loan	e	Wikidata Q39599	derived	гюйгэнс	unknown	0	0	-	-	Гюйгенс→Гюйгэнс
гюльмамедаў	loan	e	Wikidata Q1975211	derived	гюльмамэдаў	unknown	0	0	-	-	Гюльмамедаў→Гюльмамэдаў
гібралтар	loan	l	Wikidata Q1410	derived	гібральтар	unknown	0	0	-	-	Гібралтар→Гібральтар
гібралтарск	loan	l	Wikidata Q41429	derived	гібральтарск	unknown	0	0	-	-	Гібралтарскі→гібральтарскі
гідралаз	loan	l	Wikidata Q96286	derived	гідраляз	unknown	0	0	-	-	гідралазы→гідралязы
гідрасфер	loan	e	Wikidata Q83169	derived	гідрасфэр	unknown	0	0	-	-	гідрасфера→гідрасфэра
гідраэнергетык	loan	e	Wikidata Q13030550	derived	гідраэнэргетык	unknown	0	0	-	-	Гідраэнергетыка→Гідраэнэргетыка
гізел	loan	e	Wikidata Q232039	derived	гізэл	unknown	0	0	-	-	Гізела→Гізэла
гілберт	loan	e	Wikidata Q51684	derived	гілбэрт	unknown	0	0	-	-	Гілберт→Гілбэрт
гільберт	loan	e	Wikidata Q183167,Q41585	derived	гільбэрт	unknown	0	0	-	-	Гільберт→Гільбэрт Гільберт→Гільбэрт Гільберт→Гільбэрт
гільзен	loan	e	Wikidata Q5406977	derived	гільзэн	unknown	0	0	-	-	Гільзен→Гільзэн
гільф	loan	i	Wikidata Q59105	derived	гыльф	unknown	0	0	-	-	Гільфі→Гыльфі
гінекалагічн	loan	e,l	Wikidata Q60775893	derived	гінэкалягічн	unknown	0	0	-	-	Гінекалагічны→Гінэкалягічны
гінекалогі	loan	e,l	Wikidata Q1221899	derived	гінэкалёгі	unknown	0	0	-	-	гінекалогія→гінэкалёгія
гінзберг	loan	e	Wikidata Q6711	derived	гінзбэрг	unknown	0	0	-	-	Гінзберг→Гінзбэрг
гіпербал	loan	e	Wikidata Q165301,Q181036	derived	гіпэрбал	unknown	0	0	-	-	гіпербала→гіпэрбала гіпербала→гіпэрбала Гіпербала→Гіпэрбала
гіпердактылічна	loan	e	Wikidata Q4138719	derived	гіпэрдактылічна	unknown	0	0	-	-	Гіпердактылічная→Гіпэрдактылічная
гіперсексуальнасць	loan	e	Wikidata Q267907	derived	гіпэрсэксуальнасьць	unknown	0	0	-	-	гіперсексуальнасць→гіпэрсэксуальнасьць
гіпертэкст	loan	e	Wikidata Q93241	derived	гіпэртэкст	unknown	0	0	-	-	Гіпертэкст→гіпэртэкст
гіпертэнзі	loan	e	Wikidata Q41861	derived	гіпэртэнзі	unknown	0	0	-	-	гіпертэнзія→гіпэртэнзія
гіперыён	loan	e	Wikidata Q179209	derived	гіпэрыён	unknown	0	0	-	-	Гіперыён→Гіпэрыён
гіперінфляцы	loan	e	Wikidata Q185565	derived	гіпэрінфляцы	unknown	0	0	-	-	Гіперінфляцыя→гіпэрінфляцыя
гісен	loan	e	Wikidata Q3874	derived	гісэн	unknown	0	0	-	-	Гісен→Гісэн
гісласан	loan	l	Wikidata Q549425	derived	гісьлясан	unknown	0	0	-	-	Гісласан→Гісьлясан
даведыйск	loan	e	Wikidata Q4163989	derived	давэдыйск	unknown	0	0	-	-	Даведыйскі→Давэдыйскі
дакалумбав	loan	l	Wikidata Q2590372	derived	дакалюмбав	unknown	0	0	-	-	Дакалумбава→Дакалюмбава
дактыласкапі	loan	l	Wikidata Q1435618	derived	дактыляскапі	unknown	0	0	-	-	дактыласкапія→дактыляскапія
даламіт	loan	l	Wikidata Q167741	derived	даляміт	unknown	0	0	-	-	даламіт→даляміт
далан	loan	l	Wikidata Q551861	derived	далян	unknown	0	0	-	-	Далан→Далян
далароз	loan	l	Wikidata Q214077	derived	даляроз	unknown	0	0	-	-	Далароза→Даляроза
далын	loan	l	Wikidata Q157472,Q2011658	derived	далін	unknown	0	0	-	-	Далына→Даліна Далына→Даліна
далынск	loan	l	Wikidata Q1035580,Q2010598	derived	далінск	unknown	0	0	-	-	Далынскі→Далінскі Далынскі→Далінскі
дамаклоід	loan	l	Wikidata Q1621992	derived	дамаклёід	unknown	0	0	-	-	Дамаклоіды→Дамаклёіды
даменна	loan	e	Wikidata Q32635	derived	дамэнна	unknown	0	0	-	-	даменнае→дамэннае
данфермлін	loan	e	Wikidata Q211950	derived	данфэрмлін	unknown	0	0	-	-	Данфермлін→Данфэрмлін
джазмен	loan	e	Wikidata Q15981151	derived	джазмэн	unknown	0	0	-	-	джазмен→джазмэн
джанлук	loan	l	Wikidata Q22237703	derived	джанлюк	unknown	0	0	-	-	Джанлука→Джанлюка
джанлуідж	loan	l	Wikidata Q68060	derived	джанлюідж	unknown	0	0	-	-	Джанлуіджы→Джанлюіджы
джыгме	loan	e	Wikidata Q318177,Q298020	derived	джыгмэ	unknown	0	0	-	-	Джыгме→Джыгмэ Джыгме→Джыгмэ Джыгме→Джыгмэ
джыралам	loan	l	Wikidata Q164823	derived	джыралям	unknown	0	0	-	-	Джыралама→Джыраляма
джэніфер	loan	e	Wikidata Q172044,Q189490	derived	джэніфэр	unknown	0	0	-	-	Джэніфер→Джэніфэр Джэніфер→Джэніфэр Джэніфер→Джэніфэр
джэральд	loan	l	Wikidata Q9582	derived	джэралд	unknown	0	0	-	-	Джэральд→Джэралд
джэрмейн	loan	e	Wikidata Q188746	derived	джэрмэйн	unknown	0	0	-	-	Джэрмейн→Джэрмэйн
джэсік	loan	i	Wikidata Q173585,Q254018	derived	джэсык	unknown	0	0	-	-	Джэсіка→Джэсыка Джэсіка→Джэсыка Джэсіка→Джэсыка
джэферсан	loan	e	Wikidata Q162269,Q16300824	derived	джэфэрсан	unknown	0	0	-	-	Джэферсан→Джэфэрсан Джэферсан→Джэфэрсан Джэферсан→Джэфэрсан
дзаферан	loan	e	Wikidata Q495277	derived	дзафэран	unknown	0	0	-	-	Дзаферані→Дзафэрані
дзюамель	loan	e	Wikidata Q19794	derived	дзюамэль	unknown	0	0	-	-	Дзюамель→Дзюамэль
дзюменіль	loan	e	Wikidata Q203371	derived	дзюмэніль	unknown	0	0	-	-	Дзюменіль→Дзюмэніль
дзюпен	loan	e	Wikidata Q432760	derived	дзюпэн	unknown	0	0	-	-	Дзюпен→Дзюпэн
дзюсеп	loan	e	Wikidata Q205319	derived	дзюсэп	unknown	0	0	-	-	Дзюсеп→Дзюсэп
дзіран	loan	i	Wikidata Q1974190	derived	дзыран	unknown	0	0	-	-	Дзіран→Дзыран
допельгангер	loan	e	Wikidata Q461363	derived	допэльгангер	unknown	0	0	-	-	Допельгангер→допэльгангер
дорсет	loan	e	Wikidata Q23159	derived	дорсэт	unknown	0	0	-	-	Дорсет→Дорсэт
драмен	loan	e	Wikidata Q26525	derived	драмэн	unknown	0	0	-	-	Драмен→Драмэн
дызель	loan	e	Wikidata Q178166	derived	дызэль	unknown	0	0	-	-	Дызель→Дызэль
дызельн	loan	e	Wikidata Q174174	derived	дызэльн	unknown	0	0	-	-	дызельны→дызэльны
дызельна	loan	e	Wikidata Q38423	derived	дызэльна	unknown	0	0	-	-	дызельнае→дызэльнае
дысплей	loan	e	Wikidata Q327065	derived	дысплэй	unknown	0	0	-	-	дысплей→дысплэй
дыяксід	loan	i	Wikidata Q1997	derived	дыяксыд	unknown	0	0	-	-	дыяксід→дыяксыд
дыямед	loan	e	Wikidata Q208256	derived	дыямэд	unknown	0	0	-	-	Дыямед→Дыямэд
дэвелаперска	loan	e	Wikidata Q695829	derived	дэвэлапэрска	unknown	0	0	-	-	дэвелаперская→дэвэлапэрская
дэкаланізацы	loan	l	Wikidata Q119265415	derived	дэкалянізацы	unknown	0	0	-	-	дэкаланізацыі→дэкалянізацыі
дэкамерон	loan	e	Wikidata Q16438	derived	дэкамэрон	unknown	0	0	-	-	Дэкамерон→Дэкамэрон
дэлар	loan	l	Wikidata Q64071790	derived	дэляр	unknown	0	0	-	-	Дэлара→Дэляра
дэлару-мардрус	loan	l	Wikidata Q3087508	derived	дэляру-мардрус	unknown	0	0	-	-	Дэлару-Мардрус→Дэляру-Мардрус
дэлон	loan	l	Wikidata Q106529	derived	дэлён	unknown	0	0	-	-	Дэлон→Дэлён
дэлфт	loan	l	Wikidata Q690	derived	дэльфт	unknown	0	0	-	-	Дэлфт→Дэльфт
дэменцы	loan	e	Wikidata Q83030	derived	дэмэнцы	unknown	0	0	-	-	дэменцыя→дэмэнцыя
дэметр	loan	e	Wikidata Q40730	derived	дэмэтр	unknown	0	0	-	-	Дэметра→Дэмэтра
дэнвер	loan	e	Wikidata Q16554,Q162954	derived	дэнвэр	unknown	0	0	-	-	Дэнвер→Дэнвэр Дэнвер→Дэнвэр
дэнзел	loan	e	Wikidata Q42101	derived	дэнзэл	unknown	0	0	-	-	Дэнзел→Дэнзэл
дэсклот	loan	l	Wikidata Q2621130	derived	дэсклёт	unknown	0	0	-	-	Дэсклот→Дэсклёт
дэсмет	loan	e	Wikidata Q58369565	derived	дэсмэт	unknown	0	0	-	-	Дэсмет→Дэсмэт
дэфенс	loan	e	Wikidata Q1024338	derived	дэфэнс	unknown	0	0	-	-	Дэфенса→Дэфэнса
дэцыметровы	loan	e	Wikidata Q628096	derived	дэцымэтровы	unknown	0	0	-	-	Дэцыметровыя→дэцымэтровыя
д’аламбер	loan	e,l	Wikidata Q153232	derived	д’алямбэр	unknown	0	0	-	-	д’Аламбер→д’Алямбэр
евангеліст	loan	e	Wikidata Q86297723	derived	эвангеліст	unknown	0	0	-	-	Евангеліста→Эвангеліста
ездр	loan	e	Wikidata Q131635	derived	эздр	unknown	0	0	-	-	Ездры→Эздры
езекііл	loan	e	Wikidata Q178390	derived	езэкііл	unknown	0	0	-	-	Езекііля→Езэкііля
емелк	loan	e	Wikidata Q54624070	derived	емэлк	unknown	0	0	-	-	Емелка→Емэлка
жавенель	loan	e	Wikidata Q21294765	derived	жавэнэль	unknown	0	0	-	-	Жавенель→Жавэнэль
жак-лу	loan	l	Wikidata Q83155	derived	жак-лю	unknown	0	0	-	-	Жак-Луі→Жак-Люі
жан-бедэль	loan	e	Wikidata Q162708	derived	жан-бэдэль	unknown	0	0	-	-	Жан-Бедэль→Жан-Бэдэль
жан-клод	loan	l	Wikidata Q308840,Q57661	derived	жан-клёд	unknown	0	0	-	-	Жан-Клод→Жан-Клёд Жан-Клод→Жан-Клёд
жан-лу	loan	l	Wikidata Q309898,Q713235	derived	жан-лю	unknown	0	0	-	-	Жан-Луі→Жан-Люі Жан-Луі→Жан-Люі Жан-Луі→Жан-Люі
жандармеры	loan	e	Wikidata Q204310	derived	жандармэры	unknown	0	0	-	-	жандармерыя→жандармэрыя
жмерынск	loan	e	Wikidata Q2996213	derived	жмэрынск	unknown	0	0	-	-	Жмерынскі→Жмэрынскі
жувенэ	loan	e	Wikidata Q712455	derived	жувэнэ	unknown	0	0	-	-	Жувенэ→Жувэнэ
жыльбер	loan	e	Wikidata Q516283	derived	жыльбэр	unknown	0	0	-	-	Жыльбер→Жыльбэр
жылібер	loan	e	Wikidata Q2621687	derived	жылібэр	unknown	0	0	-	-	Жылібер→Жылібэр
жэнеўск	loan	e	Wikidata Q684661	derived	жэнэўск	unknown	0	0	-	-	Жэнеўскі→Жэнэўскі
жэнеўска	loan	e	Wikidata Q6403	derived	жэнэўска	unknown	0	0	-	-	Жэнеўскае→Жэнэўскае
жэнеўскі	loan	e	Wikidata Q133536,Q957806	derived	жэнэўскі	unknown	0	0	-	-	Жэнеўскія→Жэнэўскія Жэнеўскія→Жэнэўскія
загальці	loan	i	Wikidata Q4183399	derived	загальцы	unknown	0	0	-	-	Загальці→Загальцы
залаэгерсег	loan	e	Wikidata Q60037,Q144952	derived	залаэгерсэг	unknown	0	0	-	-	Залаэгерсег→Залаэгерсэг Залаэгерсег→Залаэгерсэг
залман	loan	l	Wikidata Q299100	derived	зальман	unknown	0	0	-	-	Залман→Зальман
зальцведэль	loan	e	Wikidata Q486985	derived	зальцвэдэль	unknown	0	0	-	-	Зальцведэль→Зальцвэдэль
зальцкамергут	loan	e	Wikidata Q266703	derived	зальцкамэргут	unknown	0	0	-	-	Зальцкамергут→Зальцкамэргут
замбез	loan	e	Wikidata Q43106	derived	замбэз	unknown	0	0	-	-	Замбезі→Замбэзі
зангергаўзен	loan	e	Wikidata Q502434	derived	зангергаўзэн	unknown	0	0	-	-	Зангергаўзен→Зангергаўзэн
зандгаўзен	loan	e	Wikidata Q639525	derived	зандгаўзэн	unknown	0	0	-	-	Зандгаўзен→Зандгаўзэн
занзібар	loan	i	Wikidata Q1774,Q2222874	derived	занзыбар	unknown	0	0	-	-	Занзібар→Занзыбар Занзібар→Занзыбар
зарнен	loan	e	Wikidata Q63964	derived	зарнэн	unknown	0	0	-	-	Зарнен→Зарнэн
затлерс	loan	e	Wikidata Q182673	derived	затлэрс	unknown	0	0	-	-	Затлерс→Затлэрс
заходнееўрапейск	loan	e	Wikidata Q189946	derived	заходнеэўрапейск	unknown	0	0	-	-	Заходнееўрапейскі→Заходнеэўрапейскі
здэнек	loan	e	Wikidata Q55552687,Q169027	derived	здэнэк	unknown	0	0	-	-	Здэнек→Здэнэк Здэнек→Здэнэк
зебр	loan	e	Wikidata Q32789,Q219565	derived	зэбр	unknown	0	0	-	-	зебра→зэбра Зебра→Зэбра
зебрава	loan	e	Wikidata Q169468	derived	зэбрава	unknown	0	0	-	-	Зебравая→Зэбравая
зебудж	loan	e	Wikidata Q44573	derived	зэбудж	unknown	0	0	-	-	Зебудж→Зэбудж
зейлстр	loan	e,l	Wikidata Q380970	derived	зэйльстр	unknown	0	0	-	-	Зейлстра→Зэйльстра
зейс-інкварт	loan	e	Wikidata Q650219	derived	зэйс-інкварт	unknown	0	0	-	-	Зейс-Інкварт→Зэйс-Інкварт
зейтун	loan	e	Wikidata Q44392	derived	зэйтун	unknown	0	0	-	-	Зейтун→Зэйтун
зелігенштат	loan	e	Wikidata Q516529	derived	зэлігенштат	unknown	0	0	-	-	Зелігенштат→Зэлігенштат
зембін	loan	e	Wikidata Q2061031	derived	зэмбін	unknown	0	0	-	-	Зембін→Зэмбін
зембінк	loan	e	Wikidata Q13032299	derived	зэмбінк	unknown	0	0	-	-	Зембінка→Зэмбінка
зембінск	loan	e	Wikidata Q6494849,Q6494859	derived	зэмбінск	unknown	0	0	-	-	Зембінскі→Зэмбінскі Зембінскі→Зэмбінскі Зембінскі→Зэмбінскі Зембінскі→Зэмбінскі
земгал	loan	e	Wikidata Q287800	derived	зэмгал	unknown	0	0	-	-	Земгалы→зэмгалы
земгалс	loan	e	Wikidata Q366054	derived	зэмгалс	unknown	0	0	-	-	Земгалс→Зэмгалс
земун	loan	e	Wikidata Q189419	derived	зэмун	unknown	0	0	-	-	Земун→Зэмун
зенфтэнберг	loan	e	Wikidata Q491754	derived	зэнфтэнбэрг	unknown	0	0	-	-	Зенфтэнберг→Зэнфтэнбэрг
зеніт	loan	e	Wikidata Q82806	derived	зэніт	unknown	0	0	-	-	Зеніт→зэніт
зенітн	loan	e	Wikidata Q109924081	derived	зэнітн	unknown	0	0	-	-	зенітны→зэнітны
зеніц	loan	e	Wikidata Q184046	derived	зэніц	unknown	0	0	-	-	Зеніца→Зэніца
зеніцка-добайск	loan	e	Wikidata Q18253	derived	зэніцка-добайск	unknown	0	0	-	-	Зеніцка-Добайскі→Зэніцка-Добайскі
зестафон	loan	e	Wikidata Q734315,Q568664	derived	зэстафон	unknown	0	0	-	-	Зестафоні→Зэстафоні Зестафоні→Зэстафоні
зефір	loan	e	Wikidata Q191368,Q321797	derived	зэфір	unknown	0	0	-	-	Зефір→Зэфір зефір→зэфір
зомерфельд	loan	e	Wikidata Q77078	derived	зомэрфэльд	unknown	0	0	-	-	Зомерфельд→Зомэрфэльд
зубель	loan	e	Wikidata Q390912	derived	зубэль	unknown	0	0	-	-	Зубель→Зубэль
зутнер	loan	e	Wikidata Q18456	derived	зутнэр	unknown	0	0	-	-	Зутнер→Зутнэр
зынджырлы-медрэсэ	loan	e	Wikidata Q2792158	derived	зынджырлы-мэдрэсэ	unknown	0	0	-	-	Зынджырлы-медрэсэ→Зынджырлы-мэдрэсэ
зюлтэ-варэгем	loan	l	Wikidata Q376635	derived	зюльтэ-варэгем	unknown	0	0	-	-	Зюлтэ-Варэгем→Зюльтэ-Варэгем
зіберт	loan	e,i	Wikidata Q656456	derived	зыбэрт	unknown	0	0	-	-	Зіберт→Зыбэрт
зіверт	loan	e,i	Wikidata Q103246	derived	зывэрт	unknown	0	0	-	-	зіверт→зывэрт
зігмунд	loan	i	Wikidata Q9215	derived	зыгмунд	unknown	0	0	-	-	Зігмунд→Зыгмунд
зігнем	loan	e,i	Wikidata Q150137	derived	зыгнэм	unknown	0	0	-	-	Зігнема→Зыгнэма
зігот	loan	i	Wikidata Q170145	derived	зыгот	unknown	0	0	-	-	зігота→Зыгота
зідан	loan	i	Wikidata Q1835	derived	зыдан	unknown	0	0	-	-	Зідан→Зыдан
зідз	loan	i	Wikidata Q471010	derived	зыдз	unknown	0	0	-	-	Зідзі→Зыдзі
кааператыў	loan	e	Wikidata Q745877	derived	каапэратыў	unknown	0	0	-	-	кааператыў→каапэратыў
кааператыўн	loan	e	Wikidata Q18225297	derived	каапэратыўн	unknown	0	0	-	-	кааператыўны→каапэратыўны
каба-вердэ	loan	e	Wikidata Q1011	derived	каба-вэрдэ	unknown	0	0	-	-	Каба-Вердэ→Каба-Вэрдэ
кабасет	loan	e	Wikidata Q1024754	derived	кабасэт	unknown	0	0	-	-	Кабасет→Кабасэт
кабейн	loan	e	Wikidata Q8446	derived	кабэйн	unknown	0	0	-	-	Кабейн→Кабэйн
кабельтаў	loan	e	Wikidata Q899762	derived	кабэльтаў	unknown	0	0	-	-	Кабельтаў→кабэльтаў
кавадарці	loan	i	Wikidata Q158088	derived	кавадарцы	unknown	0	0	-	-	Кавадарці→Кавадарцы
каземат	loan	e	Wikidata Q89521	derived	казэмат	unknown	0	0	-	-	Каземат→Казэмат
кайзер	loan	e	Wikidata Q138340	derived	кайзэр	unknown	0	0	-	-	Кайзер→кайзэр
кайзерслаўтэрн	loan	e,l	Wikidata Q3758,Q8466	derived	кайзэрсьляўтэрн	unknown	0	0	-	-	Кайзерслаўтэрн→Кайзэрсьляўтэрн Кайзерслаўтэрн→Кайзэрсьляўтэрн
кайлан	loan	l	Wikidata Q435070	derived	кайлян	unknown	0	0	-	-	Кайлан→Кайлян
кайсер	loan	e	Wikidata Q48338	derived	кайсэр	unknown	0	0	-	-	Кайсеры→Кайсэры
кайсерыспор	loan	e	Wikidata Q608122	derived	кайсэрыспор	unknown	0	0	-	-	Кайсерыспор→Кайсэрыспор
какаштла	loan	l	Wikidata Q1024995	derived	какаштля	unknown	0	0	-	-	Какаштла→Какаштля
калабарацыянізм	loan	l	Wikidata Q263836,Q156744	derived	калябарацыянізм	unknown	0	0	-	-	калабарацыянізм→калябарацыянізм калабарацыянізм→калябарацыянізм
калабры	loan	l	Wikidata Q1458	derived	калябры	unknown	0	0	-	-	Калабрыя→Калябрыя
калабрыйск	loan	l	Wikidata Q1752540	derived	калябрыйск	unknown	0	0	-	-	Калабрыйскі→Калябрыйскі
каламары	loan	l	Wikidata Q737468	derived	калямары	unknown	0	0	-	-	Каламарыя→Калямарыя
каламат	loan	l	Wikidata Q167895	derived	калямат	unknown	0	0	-	-	Каламата→Калямата
каламбур	loan	l	Wikidata Q263668,Q13133448	derived	калямбур	unknown	0	0	-	-	каламбур→калямбур Каламбур→Калямбур
каланад	loan	l	Wikidata Q657100	derived	калянад	unknown	0	0	-	-	Каланада→калянада
каланіялізм	loan	l	Wikidata Q7167	derived	каляніялізм	unknown	0	0	-	-	каланіялізм→каляніялізм
калапс	loan	l	Wikidata Q329273	derived	каляпс	unknown	0	0	-	-	калапс→каляпс
каларада-спрынгс	loan	l	Wikidata Q49258	derived	калярада-спрынгс	unknown	0	0	-	-	Каларада-Спрынгс→Калярада-Спрынгс
калонія-дэль-сакрамент	loan	e,l	Wikidata Q56064	derived	калёнія-дэль-сакрамэнт	unknown	0	0	-	-	Калонія-дэль-Сакрамента→Калёнія-дэль-Сакрамэнта
калоры	loan	l	Wikidata Q130964	derived	калёры	unknown	0	0	-	-	калорыя→калёрыя
калос	loan	l	Wikidata Q1570519,Q41553	derived	калёс	unknown	0	0	-	-	Калос→Калёс Калос→Калёс
калтасінск	loan	i	Wikidata Q394716	derived	калтасынск	unknown	0	0	-	-	Калтасінскі→Калтасынскі
калумбійск	loan	l	Wikidata Q49088	derived	калюмбійск	unknown	0	0	-	-	Калумбійскі→Калюмбійскі
калыт	loan	l	Wikidata Q1999829	derived	каліт	unknown	0	0	-	-	Калыта→Каліта
кальмар-берг	loan	e	Wikidata Q676957	derived	кальмар-бэрг	unknown	0	0	-	-	Кальмар-Берг→Кальмар-Бэрг
кальюлайд	loan	l	Wikidata Q12366816	derived	кальюляйд	unknown	0	0	-	-	Кальюлайд→Кальюляйд
калізей	loan	e	Wikidata Q10285	derived	калізэй	unknown	0	0	-	-	Калізей→Калізэй
камбамбе	loan	e	Wikidata Q5472742	derived	камбамбэ	unknown	0	0	-	-	Камбамбе→Камбамбэ
камбейск	loan	e	Wikidata Q654010	derived	камбэйск	unknown	0	0	-	-	Камбейскі→Камбэйскі
камбербэтч	loan	e	Wikidata Q244674	derived	камбэрбэтч	unknown	0	0	-	-	Камбербэтч→Камбэрбэтч
камедыйн	loan	e	Wikidata Q2678111	derived	камэдыйн	unknown	0	0	-	-	камедыйны→камэдыйны
камедыйна	loan	e	Wikidata Q859369	derived	камэдыйна	unknown	0	0	-	-	камедыйная→камэдыйная
камелот	loan	e,l	Wikidata Q220437	derived	камэлёт	unknown	0	0	-	-	Камелот→Камэлёт
камелінакветны	loan	e	Wikidata Q290349	derived	камэлінакветны	unknown	0	0	-	-	Камелінакветныя→Камэлінакветныя
каменсалізм	loan	e	Wikidata Q191934	derived	камэнсалізм	unknown	0	0	-	-	каменсалізм→камэнсалізм
каментатар	loan	e	Wikidata Q1642960	derived	камэнтатар	unknown	0	0	-	-	каментатар→камэнтатар
камер-юнкер	loan	e	Wikidata Q1723189	derived	камэр-юнкер	unknown	0	0	-	-	камер-юнкер→камэр-юнкер
камергер	loan	e	Wikidata Q264323	derived	камэргер	unknown	0	0	-	-	камергер→камэргер
камерн	loan	e	Wikidata Q1146465,Q4146816	derived	камэрн	unknown	0	0	-	-	камерны→камэрны камерны→камэрны
камертон	loan	e	Wikidata Q201898	derived	камэртон	unknown	0	0	-	-	камертон→камэртон
каміла	loan	l	Wikidata Q236109	derived	каміля	unknown	0	0	-	-	Каміла→Каміля
канбер	loan	e	Wikidata Q3114	derived	канбэр	unknown	0	0	-	-	Канбера→Канбэра
канвентуальны	loan	e	Wikidata Q692799	derived	канвэнтуальны	unknown	0	0	-	-	Канвентуальныя→Канвэнтуальныя
канвергенцы	loan	e	Wikidata Q1516952	derived	канвэргенцы	unknown	0	0	-	-	Канвергенцыя→Канвэргенцыя
канверт	loan	e	Wikidata Q170124	derived	канвэрт	unknown	0	0	-	-	канверт→канвэрт
канектыкут	loan	e	Wikidata Q779	derived	канэктыкут	unknown	0	0	-	-	Канектыкут→Канэктыкут
канелонес	loan	e,l	Wikidata Q841342	derived	канэлёнэс	unknown	0	0	-	-	Канелонес→Канэлёнэс
канклаў	loan	l	Wikidata Q186431,Q116701124	derived	канкляў	unknown	0	0	-	-	Канклаў→канкляў Канклаў→Канкляў
кансепсьён	loan	e	Wikidata Q1880	derived	кансэпсьён	unknown	0	0	-	-	Кансепсьён→Кансэпсьён
кансерваван	loan	e	Wikidata Q1427463	derived	кансэрваван	unknown	0	0	-	-	Кансерваваны→кансэрваваны
кансерватар	loan	e	Wikidata Q17045056	derived	кансэрватар	unknown	0	0	-	-	кансерватары→кансэрватары
кансерватызм	loan	e	Wikidata Q7169	derived	кансэрватызм	unknown	0	0	-	-	кансерватызм→кансэрватызм
кансерватыўна	loan	e	Wikidata Q9626,Q822938	derived	кансэрватыўна	unknown	0	0	-	-	Кансерватыўная→Кансэрватыўная кансерватыўная→кансэрватыўная
кансерватыўна-хрысціянска	loan	e	Wikidata Q2632652	derived	кансэрватыўна-хрысьціянска	unknown	0	0	-	-	Кансерватыўна-Хрысціянская→Кансэрватыўна-Хрысьціянская
кансервацы	loan	e	Wikidata Q1479406	derived	кансэрвацы	unknown	0	0	-	-	кансервацыя→кансэрвацыя
кантынентальн	loan	e	Wikidata Q1983034,Q185005	derived	кантынэнтальн	unknown	0	0	-	-	Кантынентальны→Кантынэнтальны Кантынентальны→Кантынэнтальны
кантынентальна	loan	e	Wikidata Q190001	derived	кантынэнтальна	unknown	0	0	-	-	Кантынентальная→Кантынэнтальная
кантынентальны	loan	e	Wikidata Q215566	derived	кантынэнтальны	unknown	0	0	-	-	Кантынентальныя→Кантынэнтальныя
канфедэрат	loan	e	Wikidata Q11742320	derived	канфэдэрат	unknown	0	0	-	-	канфедэраты→канфэдэраты
канфедэрацк	loan	e	Wikidata Q736009	derived	канфэдэрацк	unknown	0	0	-	-	Канфедэрацкі→Канфэдэрацкі
капела	loan	e,l	Wikidata Q12970	derived	капэля	unknown	0	0	-	-	Капела→Капэля
капенгагенск	loan	e	Wikidata Q212741	derived	капэнгагенск	unknown	0	0	-	-	Капенгагенскі→Капэнгагенскі
капенгагенска	loan	e	Wikidata Q2010247	derived	капэнгагенска	unknown	0	0	-	-	Капенгагенская→Капэнгагенская
каперс	loan	e	Wikidata Q156251	derived	капэрс	unknown	0	0	-	-	Каперсы→Капэрсы
капет	loan	e	Wikidata Q159575	derived	капэт	unknown	0	0	-	-	Капет→Капэт
капфенберг	loan	e	Wikidata Q623049	derived	капфэнбэрг	unknown	0	0	-	-	Капфенберг→Капфэнбэрг
капычынці	loan	i	Wikidata Q997381	derived	капычынцы	unknown	0	0	-	-	Капычынці→Капычынцы
каралас	loan	l	Wikidata Q57303	derived	караляс	unknown	0	0	-	-	Каралас→Караляс
карамель	loan	e	Wikidata Q183440	derived	карамэль	unknown	0	0	-	-	карамель→карамэль
карлскрун	loan	l	Wikidata Q25789,Q1128384	derived	карльскрун	unknown	0	0	-	-	Карлскруна→Карльскруна Карлскруна→Карльскруна
карлскуг	loan	l	Wikidata Q54732,Q509634	derived	карльскуг	unknown	0	0	-	-	Карлскуга→Карльскуга Карлскуга→Карльскуга
карлскірхэ	loan	l	Wikidata Q408847	derived	карльскірхэ	unknown	0	0	-	-	Карлскірхэ→Карльскірхэ
карлуш	loan	l	Wikidata Q234001	derived	карлюш	unknown	0	0	-	-	Карлуш→Карлюш
кармаскалінск	loan	i	Wikidata Q1104923	derived	кармаскалынск	unknown	0	0	-	-	Кармаскалінскі→Кармаскалынскі
кармель	loan	e	Wikidata Q185318	derived	кармэль	unknown	0	0	-	-	Кармель→Кармэль
кароткаметражн	loan	e	Wikidata Q24862	derived	кароткамэтражн	unknown	0	0	-	-	кароткаметражны→кароткамэтражны
карпелан	loan	e,l	Wikidata Q318198	derived	карпэлян	unknown	0	0	-	-	Карпелан→Карпэлян
карпентэр	loan	e	Wikidata Q1250861	derived	карпэнтэр	unknown	0	0	-	-	Карпентэр→Карпэнтэр
карсіканска	loan	i	Wikidata Q33111	derived	карсыканска	unknown	0	0	-	-	Карсіканская→Карсыканская
картахен	loan	e	Wikidata Q162615	derived	картахэн	unknown	0	0	-	-	Картахена→Картахэна
картвельскі	loan	e	Wikidata Q34030	derived	картвэльскі	unknown	0	0	-	-	картвельскія→картвэльскія
картленд	loan	e	Wikidata Q235965	derived	картлэнд	unknown	0	0	-	-	Картленд→Картлэнд
касабланк	loan	l	Wikidata Q7903,Q132689	derived	касаблянк	unknown	0	0	-	-	Касабланка→Касаблянка Касабланка→Касаблянка
касель	loan	e	Wikidata Q2865	derived	касэль	unknown	0	0	-	-	Касель→Касэль
касельн	loan	e	Wikidata Q1915	derived	касэльн	unknown	0	0	-	-	Касельні→Касэльні
касетн	loan	e	Wikidata Q2507183	derived	касэтн	unknown	0	0	-	-	Касетны→Касэтны
касметалогі	loan	e,l	Wikidata Q2474068	derived	касмэталёгі	unknown	0	0	-	-	касметалогія→касмэталёгія
касметык	loan	e	Wikidata Q131207	derived	касмэтык	unknown	0	0	-	-	касметыка→касмэтыка
кастанед	loan	e	Wikidata Q158878	derived	кастанэд	unknown	0	0	-	-	Кастанеда→Кастанэда
касігіянгуіт	loan	i	Wikidata Q950991	derived	касыгіянгуіт	unknown	0	0	-	-	Касігіянгуіт→Касыгіянгуіт
касіяпе	loan	e	Wikidata Q28133089,Q10464	derived	касіяпэ	unknown	0	0	-	-	Касіяпея→Касіяпэя Касіяпея→Касіяпэя
катала	loan	l	Wikidata Q2914475	derived	каталя	unknown	0	0	-	-	Катала→Каталя
каталанска	loan	l	Wikidata Q7026	derived	каталянска	unknown	0	0	-	-	каталанская→каталянская
каталонска	loan	l	Wikidata Q199693	derived	каталёнска	unknown	0	0	-	-	Каталонская→каталёнская
кафеін	loan	e	Wikidata Q60235	derived	кафэін	unknown	0	0	-	-	кафеін→кафэін
кашалот	loan	l	Wikidata Q81214	derived	кашалёт	unknown	0	0	-	-	Кашалот→кашалёт
кведз	loan	e	Wikidata Q2062800	derived	квэдз	unknown	0	0	-	-	Кведзі→Квэдзі
кведлінбург	loan	e	Wikidata Q40623	derived	квэдлінбург	unknown	0	0	-	-	Кведлінбург→Квэдлінбург
квенска	loan	e	Wikidata Q165795	derived	квэнска	unknown	0	0	-	-	квенская→квэнская
кверагердз	loan	e	Wikidata Q1025701	derived	квэрагердз	unknown	0	0	-	-	Кверагердзі→Квэрагердзі
квірынал	loan	l	Wikidata Q207896	derived	квірыналь	unknown	0	0	-	-	Квірынал→Квірыналь
кебнекайсэ	loan	e	Wikidata Q214011	derived	кебнэкайсэ	unknown	0	0	-	-	Кебнекайсэ→Кебнэкайсэ
кейла	loan	l	Wikidata Q207275,Q1542679	derived	кейля	unknown	0	0	-	-	Кейла→Кейля Кейла→Кейля
кейлар	loan	l	Wikidata Q969423	derived	кейляр	unknown	0	0	-	-	Кейлар→Кейляр
кейнсіянств	loan	e	Wikidata Q83937	derived	кэйнсіянств	unknown	0	0	-	-	Кейнсіянства→кэйнсіянства
келвін	loan	l	Wikidata Q115601844	derived	кельвін	unknown	0	0	-	-	Келвін→Кельвін
кельтыбер	loan	e	Wikidata Q5011445	derived	кельтыбэр	unknown	0	0	-	-	Кельтыберы→кельтыбэры
кенет	loan	e	Wikidata Q77208523	derived	кенэт	unknown	0	0	-	-	Кенет→Кенэт
кентэрбер	loan	e	Wikidata Q29303	derived	кэнтэрбэр	unknown	0	0	-	-	Кентэрберы→Кэнтэрбэры
керуак	loan	e	Wikidata Q160534	derived	кэруак	unknown	0	0	-	-	Керуак→Кэруак
кестхей	loan	e	Wikidata Q526335	derived	кэстхэй	unknown	0	0	-	-	Кестхей→Кэстхэй
кечкемет	loan	e	Wikidata Q171357	derived	кечкемэт	unknown	0	0	-	-	Кечкемет→Кечкемэт
клаак	loan	l	Wikidata Q19035	derived	кляак	unknown	0	0	-	-	Клаака→Кляака
клавесін	loan	e,i,l	Wikidata Q81982	derived	клявэсын	unknown	0	0	-	-	клавесін→клявэсын
клавіятур	loan	l	Wikidata Q1921606	derived	клявіятур	unknown	0	0	-	-	клавіятура→клявіятура
клагенфурт	loan	e,l	Wikidata Q699184,Q41753	derived	клягенфурт	unknown	0	0	-	-	Клагенфурт→Клягенфурт Клагенфурт→Клягэнфурт
клагенфурцк	loan	l	Wikidata Q690639	derived	клягенфурцк	unknown	0	0	-	-	Клагенфурцкі→Клягенфурцкі
клаксвуйк	loan	l	Wikidata Q189361	derived	кляксвуйк	unknown	0	0	-	-	Клаксвуйк→Кляксвуйк
кларэльвен	loan	e,l	Wikidata Q1338024	derived	клярэльвэн	unknown	0	0	-	-	Кларэльвен→Клярэльвэн
клаус	loan	l	Wikidata Q57778,Q21209	derived	кляўс	unknown	0	0	-	-	Клаус→Кляўс Клаус→Кляўс Клаус→Кляўс
клафуц	loan	l	Wikidata Q1094707	derived	кляфуц	unknown	0	0	-	-	Клафуці→кляфуці
клаўды	loan	l	Wikidata Q5771800	derived	кляўды	unknown	0	0	-	-	Клаўдыя→Кляўдыя
клаўзер	loan	e	Wikidata Q1365270	derived	клаўзэр	unknown	0	0	-	-	Клаўзер→Клаўзэр
клаўзул	loan	l	Wikidata Q1972334	derived	кляўзул	unknown	0	0	-	-	Клаўзула→Кляўзула
клаўс	loan	l	Wikidata Q656456,Q37370	derived	кляўс	unknown	0	0	-	-	Клаўс→Кляўс Клаўс→Кляўс
клеменс	loan	e	Wikidata Q57235,Q160808	derived	клемэнс	unknown	0	0	-	-	Клеменс→Клемэнс Клеменс→Клемэнс
клемент	loan	e	Wikidata Q129006	derived	клемэнт	unknown	0	0	-	-	Клемент→Клемэнт
клер	loan	e	Wikidata Q657080	derived	клэр	unknown	0	0	-	-	Клер→Клэр
клермон-феран	loan	e	Wikidata Q42168	derived	клермон-фэран	unknown	0	0	-	-	Клермон-Феран→Клермон-Фэран
клостэрнойбург	loan	l	Wikidata Q487522	derived	клёстэрнойбург	unknown	0	0	-	-	Клостэрнойбург→Клёстэрнойбург
клум	loan	l	Wikidata Q60036	derived	клюм	unknown	0	0	-	-	Клум→Клюм
клясер	loan	e	Wikidata Q2618913	derived	клясэр	unknown	0	0	-	-	Клясер→Клясэр
кліўленд	loan	e	Wikidata Q37320,Q162990	derived	кліўлэнд	unknown	0	0	-	-	Кліўленд→Кліўлэнд Кліўленд→Кліўлэнд
кнесет	loan	e	Wikidata Q133396	derived	кнэсэт	unknown	0	0	-	-	Кнесет→Кнэсэт
ковентр	loan	e	Wikidata Q6225,Q19580	derived	ковэнтр	unknown	0	0	-	-	Ковентры→Ковэнтры Ковентры→Ковэнтры
колбейн	loan	e,l	Wikidata Q128936	derived	кольбэйн	unknown	0	0	-	-	Колбейн→Кольбэйн
колбер	loan	e	Wikidata Q2414254	derived	колбэр	unknown	0	0	-	-	Колбер→Колбэр
конеск	loan	e	Wikidata Q472110	derived	конэск	unknown	0	0	-	-	Конескі→Конэскі
копер	loan	e	Wikidata Q1015,Q44305	derived	копэр	unknown	0	0	-	-	Копер→Копэр Копер→Копэр
коперск	loan	e	Wikidata Q478048	derived	копэрск	unknown	0	0	-	-	Коперскі→Копэрскі
костнер	loan	e	Wikidata Q11930	derived	костнэр	unknown	0	0	-	-	Костнер→Костнэр
крамер	loan	e	Wikidata Q193577,Q193577	derived	крамэр	unknown	0	0	-	-	Крамер→Крамэр Крамера→Крамэра Крамер→Крамэр
крузейр	loan	e	Wikidata Q188277	derived	крузэйр	unknown	0	0	-	-	Крузейру→Крузэйру
крыстал	loan	l	Wikidata Q19722068	derived	крысталь	unknown	0	0	-	-	Крыстал→Крысталь
крыстофель	loan	e	Wikidata Q31220	derived	крыстофэль	unknown	0	0	-	-	Крыстофель→Крыстофэль
крыстэнсен	loan	e	Wikidata Q16063229	derived	крыстэнсэн	unknown	0	0	-	-	Крыстэнсен→Крыстэнсэн
крычаўцэментнашыфер	loan	e	Wikidata Q19832219	derived	крычаўцэмэнтнашыфэр	unknown	0	0	-	-	Крычаўцэментнашыфер→Крычаўцэмэнтнашыфэр
крэйвен	loan	e	Wikidata Q318043	derived	крэйвэн	unknown	0	0	-	-	Крэйвен→Крэйвэн
крэманезэ	loan	e	Wikidata Q759482	derived	крэманэзэ	unknown	0	0	-	-	Крэманезэ→Крэманэзэ
крэмер	loan	e	Wikidata Q139560	derived	крэмэр	unknown	0	0	-	-	Крэмер→Крэмэр
крэфельд	loan	e	Wikidata Q2805	derived	крэфэльд	unknown	0	0	-	-	Крэфельд→Крэфэльд
ксаверы	loan	e	Wikidata Q13133482	derived	ксавэры	unknown	0	0	-	-	Ксаверыя→Ксавэрыя
ксенафобі	loan	e	Wikidata Q166005	derived	ксэнафобі	unknown	0	0	-	-	ксенафобія→ксэнафобія
ксенон	loan	e	Wikidata Q1106	derived	ксэнон	unknown	0	0	-	-	ксенон→ксэнон
ксілафон	loan	i,l	Wikidata Q165666	derived	ксыляфон	unknown	0	0	-	-	ксілафон→ксыляфон
ксілем	loan	i	Wikidata Q122811	derived	ксылем	unknown	0	0	-	-	ксілема→Ксылема
ксілоз	loan	i,l	Wikidata Q66589603	derived	ксылёз	unknown	0	0	-	-	Ксілоза→Ксылёза
ку-клукс-клан	loan	l	Wikidata Q47131	derived	ку-клюкс-клан	unknown	0	0	-	-	Ку-клукс-клан→Ку-клюкс-клан
кувейт	loan	e	Wikidata Q817,Q35178	derived	кувэйт	unknown	0	0	-	-	Кувейт→Кувэйт Кувейт→Кувэйт
кулан	loan	l	Wikidata Q180960	derived	кулян	unknown	0	0	-	-	Кулан→кулян
кулон	loan	l	Wikidata Q18854,Q83152	derived	кулён	unknown	0	0	-	-	кулон→кулён Кулона→Кулёна кулон→кулён
куненэ	loan	e	Wikidata Q320649	derived	кунэнэ	unknown	0	0	-	-	Куненэ→Кунэнэ
кунсткамер	loan	e	Wikidata Q1277585	derived	кунсткамэр	unknown	0	0	-	-	Кунсткамера→Кунсткамэра
купер	loan	e	Wikidata Q205707,Q93957	derived	купэр	unknown	0	0	-	-	Купер→Купэр Купер→Купэр Купер→Купэр Купер→Купэр
курманбек	loan	e	Wikidata Q484816	derived	курманбэк	unknown	0	0	-	-	Курманбек→Курманбэк
курця-век	loan	e	Wikidata Q1855757	derived	курця-вэк	unknown	0	0	-	-	Курця-Веке→Курця-Вэке
куэтлахучытлан	loan	l	Wikidata Q592359	derived	куэтляхучытлян	unknown	0	0	-	-	Куэтлахучытлан→Куэтляхучытлян
кхмерска	loan	e	Wikidata Q9205	derived	кхмэрска	unknown	0	0	-	-	Кхмерская→Кхмэрская
кызылтэпе	loan	e	Wikidata Q693929	derived	кызылтэпэ	unknown	0	0	-	-	Кызылтэпе→Кызылтэпэ
кэмеран	loan	e	Wikidata Q42574,Q192	derived	кэмэран	unknown	0	0	-	-	Кэмеран→Кэмэран Кэмеран→Кэмэран
кэмпбел-бэнерман	loan	e	Wikidata Q106618	derived	кэмпбэл-бэнэрман	unknown	0	0	-	-	Кэмпбел-Бэнерман→Кэмпбэл-Бэнэрман
кёйпер	loan	e	Wikidata Q320014	derived	кёйпэр	unknown	0	0	-	-	Кёйпер→Кёйпэр
кёнігс-вустэргаўзен	loan	e	Wikidata Q16013	derived	кёнігс-вустэргаўзэн	unknown	0	0	-	-	Кёнігс-Вустэргаўзен→Кёнігс-Вустэргаўзэн
кёрфез	loan	e	Wikidata Q27161	derived	кёрфэз	unknown	0	0	-	-	Кёрфез→Кёрфэз
кібератак	loan	e	Wikidata Q110560472	derived	кібэратак	unknown	0	0	-	-	Кібератака→Кібэратака
кіберпанк	loan	e	Wikidata Q174526	derived	кібэрпанк	unknown	0	0	-	-	кіберпанк→кібэрпанк
кіберпартызан	loan	e	Wikidata Q108094846	derived	кібэрпартызан	unknown	0	0	-	-	Кіберпартызаны→Кібэрпартызаны
кіберспорт	loan	e	Wikidata Q29373575	derived	кібэрспорт	unknown	0	0	-	-	кіберспорту→кібэрспорту
ківэрці	loan	i	Wikidata Q148890	derived	ківерцы	unknown	0	0	-	-	Ківэрці→Ківерцы
кігі	loan	i	Wikidata Q1025145	derived	кігы	unknown	0	0	-	-	Кігі→Кігы
кігінск	loan	i	Wikidata Q1094419	derived	кігынск	unknown	0	0	-	-	Кігінскі→Кігынскі
кіклад	loan	l	Wikidata Q171132	derived	кікляд	unknown	0	0	-	-	Кіклады→Кікляды
кілабайт	loan	l	Wikidata Q79726	derived	кілябайт	unknown	0	0	-	-	кілабайт→кілябайт
кілават-гадзін	loan	l	Wikidata Q182098	derived	кіляват-гадзін	unknown	0	0	-	-	кілават-гадзіна→кіляват-гадзіна
кільмес	loan	e	Wikidata Q828782	derived	кільмэс	unknown	0	0	-	-	Кільмес→Кільмэс
кімерыйц	loan	e	Wikidata Q192730	derived	кімэрыйц	unknown	0	0	-	-	Кімерыйцы→Кімэрыйцы
кінакамер	loan	e	Wikidata Q335095	derived	кінакамэр	unknown	0	0	-	-	кінакамера→кінакамэра
кінафестываль	loan	e	Wikidata Q130871,Q49024	derived	кінафэстываль	unknown	0	0	-	-	кінафестываль→кінафэстываль кінафестываль→кінафэстываль кінафестываль→кінафэстываль
кінематаграфістаў	loan	e	Wikidata Q25536519	derived	кінэматаграфістаў	unknown	0	0	-	-	кінематаграфістаў→кінэматаграфістаў
кінематык	loan	e	Wikidata Q11476,Q22569628	derived	кінэматык	unknown	0	0	-	-	кінематыка→кінэматыка Кінематыка→Кінэматыка
кінескоп	loan	e	Wikidata Q12549235	derived	кінэскоп	unknown	0	0	-	-	кінескоп→кінэскоп
кінетычна	loan	e	Wikidata Q46276	derived	кінэтычна	unknown	0	0	-	-	кінетычная→кінэтычная
кіргіз-міяк	loan	i	Wikidata Q2045277	derived	кыргыз-міяк	unknown	0	0	-	-	Кіргіз-Міякі→Кыргыз-Міякі
кірджалійска	loan	i	Wikidata Q1104675	derived	кырджалійска	unknown	0	0	-	-	Кірджалійская→Кырджалійская
кіршнер	loan	e	Wikidata Q40649	derived	кіршнэр	unknown	0	0	-	-	Кіршнер→Кіршнэр
кісінджэр	loan	i	Wikidata Q66107	derived	кісынджэр	unknown	0	0	-	-	Кісінджэр→Кісынджэр
кітчэнер	loan	e	Wikidata Q200166	derived	кітчэнэр	unknown	0	0	-	-	Кітчэнер→Кітчэнэр
кіцберг	loan	e	Wikidata Q376410	derived	кіцбэрг	unknown	0	0	-	-	Кіцберг→Кіцбэрг
кішпельт	loan	e	Wikidata Q1143742	derived	кішпэльт	unknown	0	0	-	-	Кішпельт→Кішпэльт
ла-кандамін	loan	l	Wikidata Q55095	derived	ля-кандамін	unknown	0	0	-	-	Ла-Кандамін→Ля-Кандамін
ла-манш	loan	l	Wikidata Q34640	derived	ля-манш	unknown	0	0	-	-	Ла-Манш→Ля-Манш
ла-рашэль	loan	l	Wikidata Q82185	derived	ля-рашэль	unknown	0	0	-	-	Ла-Рашэль→Ля-Рашэль
ла-серэн	loan	e,l	Wikidata Q14467	derived	ля-сэрэн	unknown	0	0	-	-	Ла-Серэна→Ля-Сэрэна
ла-фуэрс	loan	l	Wikidata Q1049302	derived	ля-фуэрс	unknown	0	0	-	-	Ла-Фуэрса→Ля-Фуэрса
ла-шо-дэ-фон	loan	l	Wikidata Q68124	derived	ля-шо-дэ-фон	unknown	0	0	-	-	Ла-Шо-дэ-Фон→Ля-Шо-дэ-Фон
лаакоан	loan	l	Wikidata Q22878	derived	ляакоан	unknown	0	0	-	-	Лаакоан→Ляакоан
лабары	loan	l	Wikidata Q3501273,Q1281000	derived	лябары	unknown	0	0	-	-	лабарыя→лябарыя Лабарыя→лябарыя
лабатамі	loan	l	Wikidata Q207684	derived	лябатамі	unknown	0	0	-	-	Лабатамія→Лябатамія
лабэ	loan	l	Wikidata Q237098	derived	лябэ	unknown	0	0	-	-	Лабэ→Лябэ
лабізм	loan	l	Wikidata Q187117	derived	лябізм	unknown	0	0	-	-	лабізм→лябізм
лабіялізацы	loan	l	Wikidata Q1147016	derived	лябіялізацы	unknown	0	0	-	-	лабіялізацыя→лябіялізацыя
лаваль	loan	l	Wikidata Q141810,Q760736	derived	ляваль	unknown	0	0	-	-	Лаваль→Ляваль Лаваль→Ляваль
лавін	loan	l	Wikidata Q7935	derived	лявін	unknown	0	0	-	-	Лавіна→лявіна
лагапеды	loan	e,l	Wikidata Q33226	derived	лягапэды	unknown	0	0	-	-	лагапедыя→лягапэдыя
лагард	loan	l	Wikidata Q484605	derived	лягард	unknown	0	0	-	-	Лагард→Лягард
лагун	loan	l	Wikidata Q187223	derived	лягун	unknown	0	0	-	-	Лагуна→лягуна
лагюн	loan	l	Wikidata Q639491	derived	лягюн	unknown	0	0	-	-	Лагюн→Лягюн
ладавік	loan	l	Wikidata Q236853	derived	лядавік	unknown	0	0	-	-	Ладавіка→Лядавіка
ладжэт	loan	l	Wikidata Q1447296	derived	ляджэт	unknown	0	0	-	-	Ладжэта→Ляджэта
лазан	loan	l	Wikidata Q807,Q309456	derived	лязан	unknown	0	0	-	-	Лазана→Лязана Лазана→Лязана
лазер	loan	e	Wikidata Q38867	derived	лазэр	unknown	0	0	-	-	лазер→лазэр
лазерна	loan	e	Wikidata Q7244973	derived	лазэрна	unknown	0	0	-	-	Лазерная→Лазэрная
лак-дэ-ла-от-сюр	loan	l	Wikidata Q1133688	derived	ляк-дэ-ля-от-сюр	unknown	0	0	-	-	Лак-дэ-ла-От-Сюр→Ляк-дэ-ля-От-Сюр
лакадыўскі	loan	l	Wikidata Q1266371	derived	лякадыўскі	unknown	0	0	-	-	Лакадыўскія→Лякадыўскія
лакаматыв	loan	l	Wikidata Q959086	derived	лякаматыв	unknown	0	0	-	-	Лакаматыва→Лякаматыва
лакан	loan	l	Wikidata Q169906	derived	лякан	unknown	0	0	-	-	Лакан→Лякан
лаксальт	loan	l	Wikidata Q6999245	derived	ляксальт	unknown	0	0	-	-	Лаксальт→Ляксальт
лакснес	loan	e,l	Wikidata Q80321	derived	лякснэс	unknown	0	0	-	-	Лакснес→Лякснэс
лактацы	loan	l	Wikidata Q719426	derived	ляктацы	unknown	0	0	-	-	лактацыя→ляктацыя
лактоз	loan	l	Wikidata Q127900	derived	ляктоз	unknown	0	0	-	-	Лактоза→Ляктоза
лактулоз	loan	l	Wikidata Q422689	derived	ляктулёз	unknown	0	0	-	-	Лактулоза→Ляктулёза
лаланд	loan	l	Wikidata Q967936	derived	лялянд	unknown	0	0	-	-	Лаланд→Лялянд
ламарк	loan	l	Wikidata Q82122	derived	лямарк	unknown	0	0	-	-	Ламарк→Лямарк
ламас	loan	l	Wikidata Q193672	derived	лямас	unknown	0	0	-	-	Ламас→Лямас
ламберт	loan	e	Wikidata Q105158	derived	ламбэрт	unknown	0	0	-	-	Ламберт→Ламбэрт
ламбецк	loan	e	Wikidata Q1130666	derived	ламбэцк	unknown	0	0	-	-	Ламбецкі→Ламбэцкі
ламэ	loan	l	Wikidata Q3792	derived	лямэ	unknown	0	0	-	-	Ламэ→Лямэ
ламі	loan	l	Wikidata Q192980,Q6481836	derived	лямі	unknown	0	0	-	-	Ламія→Лямія Ламія→Лямія
ланг	loan	l	Wikidata Q206446	derived	лянг	unknown	0	0	-	-	Ланге→Лянге
лангабард	loan	l	Wikidata Q130900	derived	лянгабард	unknown	0	0	-	-	Лангабарды→лянгабарды
лангуст	loan	l	Wikidata Q1191353	derived	лянгуст	unknown	0	0	-	-	лангусты→лянгусты
лангут	loan	l	Wikidata Q6498762	derived	лянгут	unknown	0	0	-	-	Лангут→Лянгут
лангёй	loan	l	Wikidata Q139398	derived	лянгёй	unknown	0	0	-	-	Лангёй→Лянгёй
ландау	loan	l	Wikidata Q9209330	derived	ляндаў	unknown	0	0	-	-	Ландау→Ляндаў
ландваров	loan	l	Wikidata Q923393	derived	ляндваров	unknown	0	0	-	-	Ландварова→Ляндварова
ландвойт	loan	l	Wikidata Q2398360	derived	ляндвойт	unknown	0	0	-	-	ландвойт→ляндвойт
ландграф	loan	l	Wikidata Q841633	derived	ляндграф	unknown	0	0	-	-	ландграф→ляндграф
ландсбергіс	loan	e	Wikidata Q164582	derived	ландсбэргіс	unknown	0	0	-	-	Ландсбергіс→Ландсбэргіс
ландэсгаўптман	loan	l	Wikidata Q700110	derived	ляндэсгаўптман	unknown	0	0	-	-	ландэсгаўптман→ляндэсгаўптман
ланжэрон	loan	l	Wikidata Q1662372	derived	лянжэрон	unknown	0	0	-	-	Ланжэрон→лянжэрон
ланс	loan	l	Wikidata Q191843	derived	лянс	unknown	0	0	-	-	Ланс→Лянс
лантан	loan	l	Wikidata Q1801	derived	лянтан	unknown	0	0	-	-	Лантан→лянтан
лану	loan	l	Wikidata Q516283	derived	ляну	unknown	0	0	-	-	Лануа→Лянуа
ланус	loan	l	Wikidata Q1622565,Q324589	derived	лянус	unknown	0	0	-	-	Ланус→Лянус Ланус→Лянус
ланіяке	loan	l	Wikidata Q17863945	derived	ляніяке	unknown	0	0	-	-	Ланіякея→Ляніякея
лаперуз	loan	e,l	Wikidata Q294478	derived	ляпэруз	unknown	0	0	-	-	Лаперуз→Ляпэруз
лапеэнрант	loan	e	Wikidata Q181854	derived	лапээнрант	unknown	0	0	-	-	Лапеэнранта→Лапээнранта
лапланды	loan	l	Wikidata Q62132	derived	ляплянды	unknown	0	0	-	-	Лапландыя→Ляпляндыя
ларан	loan	l	Wikidata Q1839,Q1915	derived	ляран	unknown	0	0	-	-	Ларан→Ляран Ларан→Ляран Ларан→Ляран
ларашэт	loan	l	Wikidata Q985397	derived	лярашэт	unknown	0	0	-	-	Ларашэт→Лярашэт
ларвік	loan	l	Wikidata Q156125	derived	лярвік	unknown	0	0	-	-	Ларвік→Лярвік
ларнак	loan	l	Wikidata Q291447,Q171882	derived	лярнак	unknown	0	0	-	-	Ларнака→Лярнака Ларнака→Лярнака
ларс	loan	l	Wikidata Q182397,Q665197	derived	лярс	unknown	0	0	-	-	Ларс→Лярс Ларс→Лярс Ларс→Лярс
ларэтанска	loan	l	Wikidata Q548685	derived	лярэтанска	unknown	0	0	-	-	Ларэтанская→Лярэтанская
лас-вегас	loan	e	Wikidata Q23768	derived	лас-вэгас	unknown	0	0	-	-	Лас-Вегас→Лас-Вэгас
лас-пальмас	loan	l	Wikidata Q11974,Q11979	derived	ляс-пальмас	unknown	0	0	-	-	Лас-Пальмас→Ляс-Пальмас Лас-Пальмас→Ляс-Пальмас
лас-п’едрас	loan	l	Wikidata Q615470	derived	ляс-п’едрас	unknown	0	0	-	-	Лас-П’едрас→Ляс-П’едрас
ласэ	loan	l	Wikidata Q313112	derived	лясэ	unknown	0	0	-	-	Ласэ→Лясэ
латарэ	loan	l	Wikidata Q189409	derived	лятарэ	unknown	0	0	-	-	латарэя→лятарэя
латур	loan	l	Wikidata Q203371	derived	лятур	unknown	0	0	-	-	Латур→Лятур
латэранскі	loan	l	Wikidata Q193270	derived	лятэранскі	unknown	0	0	-	-	Латэранскія→Лятэранскія
лаур	loan	l	Wikidata Q170697,Q57321	derived	ляўр	unknown	0	0	-	-	Лаура→Ляўра Лаура→Ляўра
лафантэн	loan	l	Wikidata Q190894,Q49496	derived	ляфантэн	unknown	0	0	-	-	Лафантэн→Ляфантэн Лафантэн→Ляфантэн
лашэт	loan	l	Wikidata Q78205	derived	ляшэт	unknown	0	0	-	-	Лашэт→Ляшэт
лаік	loan	l	Wikidata Q114859	derived	ляік	unknown	0	0	-	-	Лаік→Ляік
лаўнгёкудль	loan	l	Wikidata Q737657	derived	ляўнгёкудль	unknown	0	0	-	-	Лаўнгёкудль→Ляўнгёкудль
лаўтар	loan	l	Wikidata Q21484126	derived	ляўтар	unknown	0	0	-	-	Лаўтара→Ляўтара
лаўфен-на-некар	loan	e,l	Wikidata Q525720	derived	ляўфэн-на-нэкар	unknown	0	0	-	-	Лаўфен-на-Некары→Ляўфэн-на-Нэкары
левенгаўпт	loan	e	Wikidata Q350346	derived	левэнгаўпт	unknown	0	0	-	-	Левенгаўпт→Левэнгаўпт
леверкузен	loan	e	Wikidata Q2938	derived	левэркузэн	unknown	0	0	-	-	Леверкузен→Левэркузэн
леганес	loan	e	Wikidata Q77433,Q856119	derived	леганэс	unknown	0	0	-	-	Леганес→Леганэс Леганес→Леганэс
леджэр	loan	e	Wikidata Q40572	derived	лэджэр	unknown	0	0	-	-	Леджэр→Лэджэр
ледл	loan	e	Wikidata Q370527	derived	лэдл	unknown	0	0	-	-	Ледлі→Лэдлі
лейтан	loan	e	Wikidata Q317842,Q187989	derived	лэйтан	unknown	0	0	-	-	Лейтан→Лэйтан Лейтан→Лэйтан
лексікаграфі	loan	i	Wikidata Q184524	derived	лексыкаграфі	unknown	0	0	-	-	лексікаграфія→лексыкаграфія
лексікалогі	loan	i,l	Wikidata Q178433	derived	лексыкалёгі	unknown	0	0	-	-	лексікалогія→лексыкалёгія
лексінгтан	loan	i	Wikidata Q49241	derived	лексынгтан	unknown	0	0	-	-	Лексінгтан→Лексынгтан
лембарк	loan	e	Wikidata Q497148	derived	лэмбарк	unknown	0	0	-	-	Лембарк→Лэмбарк
ленд-ліз	loan	e	Wikidata Q207637	derived	лэнд-ліз	unknown	0	0	-	-	Ленд-ліз→лэнд-ліз
лентэхск	loan	e	Wikidata Q2464174	derived	лэнтэхск	unknown	0	0	-	-	Лентэхскі→Лэнтэхскі
лескавац	loan	e	Wikidata Q192606	derived	лэскавац	unknown	0	0	-	-	Лескавац→Лэскавац
лесл	loan	e	Wikidata Q382021,Q82786	derived	лэсьл	unknown	0	0	-	-	Леслі→Лэсьлі Леслі→Лэсьлі
лестэр	loan	e	Wikidata Q83065,Q128604	derived	лэстэр	unknown	0	0	-	-	Лестэр→Лэстэр Лестэр→Лэстэр Лестэр→Лэстэр
лестэршыр	loan	e	Wikidata Q23106	derived	лэстэршыр	unknown	0	0	-	-	Лестэршыр→Лэстэршыр
лешцін	loan	e	Wikidata Q374425	derived	лэшцін	unknown	0	0	-	-	Лешціны→Лэшціны
ловеч	loan	e	Wikidata Q189328	derived	ловэч	unknown	0	0	-	-	Ловеч→Ловэч
лоджы	loan	l	Wikidata Q466544	derived	лёджы	unknown	0	0	-	-	Лоджыя→Лёджыя
лойп	loan	l	Wikidata Q6506926	derived	лёйп	unknown	0	0	-	-	Лойпа→Лёйпа
локерэн	loan	l	Wikidata Q221940	derived	лёкерэн	unknown	0	0	-	-	Локерэн→Лёкерэн
лола	loan	l	Wikidata Q459343,Q242084	derived	лёля	unknown	0	0	-	-	Лола→Лёля Лола→Лёля
лорэнц-каварыянтнасць	loan	l	Wikidata Q1093427	derived	лёрэнц-каварыянтнасьць	unknown	0	0	-	-	Лорэнц-каварыянтнасць→Лёрэнц-каварыянтнасьць
лотар	loan	l	Wikidata Q76323,Q150735	derived	лётар	unknown	0	0	-	-	Лотар→Лётар Лотар→Лётар Лотар→Лётар
луар	loan	l	Wikidata Q1469,Q613884	derived	люар	unknown	0	0	-	-	Луара→Люара Луара→Люара
лубрыкант	loan	l	Wikidata Q942818	derived	любрыкант	unknown	0	0	-	-	лубрыкант→любрыкант
лузіньян	loan	i,l	Wikidata Q294192	derived	люзыньян	unknown	0	0	-	-	Лузіньян→Люзыньян
лузітані	loan	i,l	Wikidata Q188650	derived	люзытані	unknown	0	0	-	-	Лузітанія→Люзытанія
луйтла-дуймун	loan	l	Wikidata Q206928	derived	люйтля-дуймун	unknown	0	0	-	-	Луйтла-Дуймун→Люйтля-Дуймун
лукан	loan	l	Wikidata Q188646,Q1264391	derived	люкан	unknown	0	0	-	-	Лукан→Люкан Луканы→люканы
лукенвальдэ	loan	l	Wikidata Q574146	derived	люкенвальдэ	unknown	0	0	-	-	Лукенвальдэ→Люкенвальдэ
лукрэцы	loan	l	Wikidata Q229432,Q191103	derived	люкрэцы	unknown	0	0	-	-	Лукрэцыя→Люкрэцыя Лукрэцыя→Люкрэцыя
луксор	loan	l	Wikidata Q30797	derived	люксор	unknown	0	0	-	-	Луксор→Люксор
лукіян	loan	l	Wikidata Q177847	derived	люкіян	unknown	0	0	-	-	Лукіян→Люкіян
луле	loan	l	Wikidata Q26268,Q177019	derived	люле	unknown	0	0	-	-	Лулеа→Люлеа Лулеа→Люлеа
лулу	loan	l	Wikidata Q6702952	derived	люлю	unknown	0	0	-	-	Лулуа→Люлюа
лунд	loan	l	Wikidata Q2167	derived	люнд	unknown	0	0	-	-	Лунд→Люнд
лундгрэн	loan	l	Wikidata Q181678	derived	люндгрэн	unknown	0	0	-	-	Лундгрэн→Люндгрэн
лундквіст	loan	l	Wikidata Q1877442	derived	люндквіст	unknown	0	0	-	-	Лундквіст→Люндквіст
лурд	loan	l	Wikidata Q3327	derived	люрд	unknown	0	0	-	-	Лурд→Люрд
лусаіл	loan	l	Wikidata Q935886	derived	лусаіль	unknown	0	0	-	-	Лусаіл→Лусаіль
лусон	loan	l	Wikidata Q125384	derived	люсон	unknown	0	0	-	-	Лусон→Люсон
лучан	loan	l	Wikidata Q37615,Q310813	derived	лючан	unknown	0	0	-	-	Лучана→Лючана Лучана→Лючана
луі-леапольд	loan	l	Wikidata Q715909	derived	люі-леапольд	unknown	0	0	-	-	Луі-Леапольд→Люі-Леапольд
луі-фердынанд	loan	e,l	Wikidata Q151820	derived	люі-фэрдынанд	unknown	0	0	-	-	Луі-Фердынанд→Люі-Фэрдынанд
луізіян	loan	i	Wikidata Q1588	derived	луізыян	unknown	0	0	-	-	Луізіяна→Луізыяна
лыман	loan	l	Wikidata Q2234641	derived	ліман	unknown	0	0	-	-	Лыман→Ліман
лыманск	loan	l	Wikidata Q964916	derived	ліманск	unknown	0	0	-	-	Лыманскі→Ліманскі
лыпавадалынск	loan	l	Wikidata Q2634104	derived	ліпавадалінск	unknown	0	0	-	-	Лыпавадалынскі→Ліпавадалінскі
лыпавэцк	loan	l	Wikidata Q2619247	derived	ліпавецк	unknown	0	0	-	-	Лыпавэцкі→Ліпавецкі
лысычанск	loan	l	Wikidata Q33280	derived	лісічанск	unknown	0	0	-	-	Лысычанск→Лісічанск
льянер	loan	e	Wikidata Q744114	derived	льянэр	unknown	0	0	-	-	Льянера→Льянэра
любек	loan	e	Wikidata Q2843	derived	любэк	unknown	0	0	-	-	Любек→Любэк
людвігсфельдэ	loan	e	Wikidata Q574170	derived	людвігсфэльдэ	unknown	0	0	-	-	Людвігсфельдэ→Людвігсфэльдэ
люмен	loan	e	Wikidata Q484092,Q225602	derived	люмэн	unknown	0	0	-	-	люмен→люмэн Люмен→Люмэн
люмінесцэнтна	loan	e	Wikidata Q182925	derived	люмінэсцэнтна	unknown	0	0	-	-	люмінесцэнтная→люмінэсцэнтная
люнет	loan	e	Wikidata Q89778	derived	люнэт	unknown	0	0	-	-	люнет→люнэт
лямент	loan	e	Wikidata Q456721	derived	лямэнт	unknown	0	0	-	-	Лямент→Лямэнт
лёвен	loan	e	Wikidata Q118958	derived	лёвэн	unknown	0	0	-	-	Лёвен→Лёвэн
лёдэланж	loan	l	Wikidata Q985382	derived	лёдэлянж	unknown	0	0	-	-	Лёдэланж→Лёдэлянж
ліберальна-дэмакратычна	loan	e	Wikidata Q219231,Q2994036	derived	лібэральна-дэмакратычна	unknown	0	0	-	-	Ліберальна-дэмакратычная→Лібэральна-дэмакратычная Ліберальна-дэмакратычная→Лібэральна-дэмакратычная
ліберальны	loan	e	Wikidata Q9624	derived	лібэральны	unknown	0	0	-	-	Ліберальныя→Лібэральныя
лібералізм	loan	e	Wikidata Q6216	derived	лібэралізм	unknown	0	0	-	-	лібералізм→лібэралізм
ліберац	loan	e	Wikidata Q146351	derived	лібэрац	unknown	0	0	-	-	Ліберац→Лібэрац
ліберацк	loan	e	Wikidata Q193266	derived	лібэрацк	unknown	0	0	-	-	Ліберацкі→Лібэрацкі
лібертад	loan	e	Wikidata Q848642	derived	лібэртад	unknown	0	0	-	-	Лібертад→Лібэртад
лібертадорэс	loan	e	Wikidata Q184795	derived	лібэртадорэс	unknown	0	0	-	-	Лібертадорэс→Лібэртадорэс
лібертарыянств	loan	e	Wikidata Q178598	derived	лібэртарыянств	unknown	0	0	-	-	лібертарыянства→лібэртарыянства
ліберы	loan	e	Wikidata Q15646706,Q677846	derived	лібэры	unknown	0	0	-	-	Ліберыі→Лібэрыі Ліберыі→Лібэрыі Ліберыя→Лібэрыя
ліберыйск	loan	e	Wikidata Q242988	derived	лібэрыйск	unknown	0	0	-	-	Ліберыйскі→лібэрыйскі
лібкнехт	loan	e	Wikidata Q3919794,Q75886	derived	лібкнэхт	unknown	0	0	-	-	Лібкнехта→Лібкнэхта Лібкнехт→Лібкнэхт
лівані	loan	i	Wikidata Q849156	derived	ліваны	unknown	0	0	-	-	Лівані→Ліваны
ліла	loan	l	Wikidata Q23880	derived	ліля	unknown	0	0	-	-	Ліла→Ліля
лімбург-на-лан	loan	l	Wikidata Q16026	derived	лімбург-на-лян	unknown	0	0	-	-	Лімбург-на-Лане→Лімбург-на-Ляне
лімейр	loan	e	Wikidata Q841241	derived	лімэйр	unknown	0	0	-	-	Лімейра→Лімэйра
лімерык	loan	e	Wikidata Q133315,Q294883	derived	лімэрык	unknown	0	0	-	-	Лімерык→Лімэрык Лімерык→Лімэрык Лімерык→лімэрык
лімес	loan	e	Wikidata Q146924	derived	лімэс	unknown	0	0	-	-	Лімес→Лімэс
лінамеесконд	loan	e	Wikidata Q1404892	derived	лінамээсконд	unknown	0	0	-	-	Лінамеесконд→Лінамээсконд
лінднер	loan	e	Wikidata Q85806	derived	лінднэр	unknown	0	0	-	-	Лінднер→Лінднэр
ліндсей	loan	e	Wikidata Q275788	derived	ліндсэй	unknown	0	0	-	-	Ліндсей→Ліндсэй
лісітэ	loan	i	Wikidata Q16863	derived	лісытэ	unknown	0	0	-	-	Лісітэя→Лісытэя
літаратурна-мемарыяльн	loan	e	Wikidata Q2487646,Q5224060	derived	літаратурна-мэмарыяльн	unknown	0	0	-	-	Літаратурна-мемарыяльны→Літаратурна-мэмарыяльны літаратурна-мемарыяльны→літаратурна-мэмарыяльны
літасфер	loan	e	Wikidata Q83296	derived	літасфэр	unknown	0	0	-	-	літасфера→літасфэра
маверыкс	loan	e	Wikidata Q132893	derived	мавэрыкс	unknown	0	0	-	-	Маверыкс→Мавэрыкс
маер-ландрут	loan	l	Wikidata Q7013	derived	маер-ляндрут	unknown	0	0	-	-	Маер-Ландрут→Маер-Ляндрут
майтнер	loan	e	Wikidata Q56189	derived	майтнэр	unknown	0	0	-	-	Майтнер→Майтнэр
макдональд	loan	l	Wikidata Q166646	derived	макдоналд	unknown	0	0	-	-	Макдональд→Макдоналд
малочнакансервав	loan	e	Wikidata Q13030452	derived	малочнакансэрвав	unknown	0	0	-	-	малочнакансервавы→малочнакансэрвавы
манеж	loan	e	Wikidata Q605068	derived	манэж	unknown	0	0	-	-	манеж→манэж
манеліг	loan	e	Wikidata Q1341179	derived	манэліг	unknown	0	0	-	-	Манеліг→Манэліг
мантгомер	loan	e	Wikidata Q152025	derived	мантгомэр	unknown	0	0	-	-	Мантгомеры→Мантгомэры
мантэвердз	loan	e	Wikidata Q53068	derived	мантэвэрдз	unknown	0	0	-	-	Мантэвердзі→Мантэвэрдзі
марсельез	loan	e	Wikidata Q4881942	derived	марсэльез	unknown	0	0	-	-	марсельеза→Марсэльеза
марэйнен	loan	e	Wikidata Q719701	derived	марэйнэн	unknown	0	0	-	-	Марэйнен→Марэйнэн
масен	loan	e	Wikidata Q242609	derived	масэн	unknown	0	0	-	-	Масена→Масэна
матлантэ	loan	l	Wikidata Q152327	derived	матлянтэ	unknown	0	0	-	-	Матлантэ→Матлянтэ
машаналенд	loan	e	Wikidata Q457189	derived	машаналэнд	unknown	0	0	-	-	Машаналенд→Машаналэнд
меджык	loan	e	Wikidata Q161337	derived	мэджык	unknown	0	0	-	-	Меджык→Мэджык
медыяш	loan	e	Wikidata Q856790	derived	мэдыяш	unknown	0	0	-	-	Медыяш→Мэдыяш
медэль	loan	e	Wikidata Q329524	derived	мэдэль	unknown	0	0	-	-	Медэль→Мэдэль
меен	loan	e	Wikidata Q128645	derived	мэен	unknown	0	0	-	-	Меен→Мэен
мейн	loan	e	Wikidata Q114703020	derived	мэйн	unknown	0	0	-	-	Мейну→Мэйну
мейнард	loan	e	Wikidata Q9317	derived	мэйнард	unknown	0	0	-	-	Мейнард→Мэйнард
меланшон	loan	e,l	Wikidata Q5829	derived	мэляншон	unknown	0	0	-	-	Меланшон→Мэляншон
мелон	loan	e,l	Wikidata Q451791	derived	мэлён	unknown	0	0	-	-	Мелоні→Мэлёні
мельбурн	loan	e	Wikidata Q109442129	derived	мэльбурн	unknown	0	0	-	-	Мельбурне→Мэльбурне
мельес	loan	e	Wikidata Q152272	derived	мэльес	unknown	0	0	-	-	Мельес→Мэльес
мемарандум	loan	e	Wikidata Q1000658	derived	мэмарандум	unknown	0	0	-	-	мемарандум→мэмарандум
менгельберг	loan	e	Wikidata Q336725	derived	мэнгельбэрг	unknown	0	0	-	-	Менгельберг→Мэнгельбэрг
мендоз	loan	e	Wikidata Q289662	derived	мэндоз	unknown	0	0	-	-	Мендоза→Мэндоза
менез	loan	e	Wikidata Q1923	derived	мэнэз	unknown	0	0	-	-	Менез→Мэнэз
менкэ	loan	e	Wikidata Q13133620	derived	мэнкэ	unknown	0	0	-	-	Менкэ→Мэнкэ
меркатар	loan	e	Wikidata Q26709039,Q6353	derived	мэркатар	unknown	0	0	-	-	Меркатара→Мэркатара Меркатар→Мэркатар
меркель	loan	e	Wikidata Q567	derived	мэркель	unknown	0	0	-	-	Меркель→Мэркель
мерсійск	loan	e	Wikidata Q4019731	derived	мэрсійск	unknown	0	0	-	-	Мерсійскі→Мэрсійскі
мертэнс	loan	e	Wikidata Q11954,Q107112269	derived	мэртэнс	unknown	0	0	-	-	Мертэнс→Мэртэнс Мертэнс→Мэртэнс
мерыдыян	loan	e	Wikidata Q131108	derived	мэрыдыян	unknown	0	0	-	-	мерыдыян→мэрыдыян
мерэт	loan	e	Wikidata Q21622039	derived	мэрэт	unknown	0	0	-	-	Мерэт→Мэрэт
месараш	loan	e	Wikidata Q502970	derived	мэсараш	unknown	0	0	-	-	Месараш→Мэсараш
металургічн	loan	e,l	Wikidata Q3918712	derived	мэталюргічн	unknown	0	0	-	-	металургічны→мэталюргічны
метан	loan	e	Wikidata Q856790	derived	мэтан	unknown	0	0	-	-	Метан→Мэтан
метафарызацы	loan	e	Wikidata Q13133395	derived	мэтафарызацы	unknown	0	0	-	-	метафарызацыя→мэтафарызацыя
метэарытаў	loan	e	Wikidata Q13028720	derived	мэтэарытаў	unknown	0	0	-	-	метэарытаў→мэтэарытаў
меір	loan	e	Wikidata Q42992	derived	мэір	unknown	0	0	-	-	Меір→Мэір
муніціпалітэт	loan	i	Wikidata Q2305733	derived	муніцыпалітэт	unknown	0	0	-	-	муніціпалітэт→муніцыпалітэт
мякярайнен	loan	e	Wikidata Q240663	derived	мякярайнэн	unknown	0	0	-	-	Мякярайнен→Мякярайнэн
мясакансервав	loan	e	Wikidata Q22497863,Q106612813	derived	мясакансэрвав	unknown	0	0	-	-	мясакансервавы→мясакансэрвавы мясакансервавы→мясакансэрвавы
мёнхенгладбах	loan	e,l	Wikidata Q101959	derived	мёнхэнглядбах	unknown	0	0	-	-	Мёнхенгладбах→Мёнхэнглядбах
мёрсер	loan	e	Wikidata Q188093	derived	мёрсэр	unknown	0	0	-	-	Мёрсер→Мёрсэр
міжпланетна	loan	e,l	Wikidata Q26529	derived	міжплянэтна	unknown	0	0	-	-	міжпланетная→міжплянэтная
мілад	loan	l	Wikidata Q622796	derived	міляд	unknown	0	0	-	-	Мілад→Міляд
мілнер	loan	e	Wikidata Q191136	derived	мілнэр	unknown	0	0	-	-	Мілнер→Мілнэр
мілоска	loan	l	Wikidata Q151952	derived	мілёска	unknown	0	0	-	-	Мілоская→Мілёская
мільтан	loan	l	Wikidata Q79759	derived	мілтан	unknown	0	0	-	-	Мільтан→Мілтан
мінейр	loan	e	Wikidata Q270995	derived	мінэйр	unknown	0	0	-	-	Мінейру→Мінэйру
незвал	loan	e	Wikidata Q471184	derived	нэзвал	unknown	0	0	-	-	Незвал→Нэзвал
нельсан	loan	e	Wikidata Q83235	derived	нэльсан	unknown	0	0	-	-	Нельсан→Нэльсан
нерваль	loan	e	Wikidata Q191305	derived	нэрваль	unknown	0	0	-	-	Нерваль→Нэрваль
нетс	loan	e	Wikidata Q572134	derived	нэтс	unknown	0	0	-	-	Нетс→Нэтс
нобель	loan	e	Wikidata Q23810	derived	нобэль	unknown	0	0	-	-	Нобель→Нобэль
ноперт	loan	e	Wikidata Q23905451	derived	нопэрт	unknown	0	0	-	-	Ноперт→Нопэрт
нурмамбет	loan	e	Wikidata Q17523911	derived	нурмамбэт	unknown	0	0	-	-	Нурмамбет→Нурмамбэт
овертан	loan	e	Wikidata Q542950	derived	овэртан	unknown	0	0	-	-	Овертана→Овэртана
окслейд-чэмберлен	loan	e	Wikidata Q194149	derived	окслэйд-чэмбэрлен	unknown	0	0	-	-	Окслейд-Чэмберлен→Окслэйд-Чэмбэрлен
пайфер	loan	e	Wikidata Q440244	derived	пайфэр	unknown	0	0	-	-	Пайфер→Пайфэр
палмер	loan	e	Wikidata Q99760796	derived	палмэр	unknown	0	0	-	-	Палмер→Палмэр
паломб	loan	l	Wikidata Q310671	derived	палёмб	unknown	0	0	-	-	Паломба→Палёмба
пападопулас	loan	l	Wikidata Q295002,Q310675	derived	пападопуляс	unknown	0	0	-	-	Пападопулас→Пападопуляс Пападопулас→Пападопуляс
паўзін	loan	i	Wikidata Q170697	derived	паўзын	unknown	0	0	-	-	Паўзіні→Паўзыні
пеан	loan	e	Wikidata Q842755	derived	пэан	unknown	0	0	-	-	Пеана→Пэана
пейдж	loan	e	Wikidata Q4934	derived	пэйдж	unknown	0	0	-	-	Пейдж→Пэйдж
пел	loan	e	Wikidata Q218680	derived	пэл	unknown	0	0	-	-	Пеле→Пэле
пеладан	loan	e,l	Wikidata Q710019	derived	пэлядан	unknown	0	0	-	-	Пеладан→Пэлядан
пелегрын	loan	e	Wikidata Q19773058	derived	пэлегрын	unknown	0	0	-	-	Пелегрыні→Пэлегрыні
пеліканав	loan	e	Wikidata Q1332088	derived	пэліканав	unknown	0	0	-	-	пеліканавы→пэліканавы
перальт	loan	e	Wikidata Q456834	derived	пэральт	unknown	0	0	-	-	Перальта→Пэральта
перк	loan	e	Wikidata Q211547	derived	пэрк	unknown	0	0	-	-	Перкі→Пэркі
перлаў	loan	e	Wikidata Q836841	derived	пэрлаў	unknown	0	0	-	-	перлаў→пэрлаў
перон	loan	e	Wikidata Q354570	derived	пэрон	unknown	0	0	-	-	Перон→Пэрон
перуш	loan	e	Wikidata Q2666683	derived	пэруш	unknown	0	0	-	-	Перушо→Пэрушо
перц	loan	e	Wikidata Q109379248	derived	пэрц	unknown	0	0	-	-	Перце→Пэрце
перыньён	loan	e	Wikidata Q434541	derived	пэрыньён	unknown	0	0	-	-	Перыньён→Пэрыньён
перэйр	loan	e	Wikidata Q766289,Q192565	derived	пэрэйр	unknown	0	0	-	-	Перэйра→Пэрэйра Перэйра→Пэрэйра
перэс	loan	e	Wikidata Q206505	derived	пэрэс	unknown	0	0	-	-	Перэс→Пэрэс
перэс-гальдос	loan	e	Wikidata Q189869	derived	пэрэс-гальдос	unknown	0	0	-	-	Перэс-Гальдос→Пэрэс-Гальдос
петах-тыкв	loan	e	Wikidata Q1130537	derived	пэтах-тыкв	unknown	0	0	-	-	Петах-Тыква→Пэтах-Тыква
петкаў	loan	e	Wikidata Q2586864	derived	пэткаў	unknown	0	0	-	-	Петкаў→Пэткаў
петрэск	loan	e	Wikidata Q1159141	derived	пэтрэск	unknown	0	0	-	-	Петрэску→Пэтрэску
петрэус	loan	e	Wikidata Q28591	derived	пэтрэўс	unknown	0	0	-	-	Петрэус→Пэтрэўс
петурсан	loan	e	Wikidata Q445879	derived	пэтурсан	unknown	0	0	-	-	Петурсан→Пэтурсан
пеш	loan	e	Wikidata Q20178	derived	пэш	unknown	0	0	-	-	Пешы→Пэшы
пльзен	loan	e	Wikidata Q944855	derived	пльзэн	unknown	0	0	-	-	Пльзене→Пльзэне
попер	loan	e	Wikidata Q81244	derived	попэр	unknown	0	0	-	-	Попер→Попэр
поўльсен	loan	e	Wikidata Q204141	derived	поўльсэн	unknown	0	0	-	-	Поўльсен→Поўльсэн
празерпін	loan	e	Wikidata Q1365048	derived	празэрпін	unknown	0	0	-	-	празерпіна→празэрпіна
прат-дэ-ла-рыб	loan	l	Wikidata Q727170	derived	прат-дэ-ля-рыб	unknown	0	0	-	-	Прат-дэ-ла-Рыба→Прат-дэ-ля-Рыба
прынсіп	loan	i	Wikidata Q244996,Q602433	derived	прынсып	unknown	0	0	-	-	Прынсіпі→Прынсыпі Прынсіпі→Прынсыпі
прэвер	loan	e	Wikidata Q165274	derived	прэвэр	unknown	0	0	-	-	Прэвер→Прэвэр
пталемей	loan	e	Wikidata Q34943	derived	пталемэй	unknown	0	0	-	-	Пталемей→Пталемэй
п’ерлуідж	loan	l	Wikidata Q179277	derived	п’ерлюідж	unknown	0	0	-	-	П’ерлуіджы→П’ерлюіджы
райнер	loan	e	Wikidata Q15434505,Q18994	derived	райнэр	unknown	0	0	-	-	Райнер→Райнэр Райнер→Райнэр
рамджі	loan	i	Wikidata Q231690	derived	рамджы	unknown	0	0	-	-	Рамджі→Рамджы
расел	loan	e	Wikidata Q366070	derived	расэл	unknown	0	0	-	-	Расел→Расэл
расмусен	loan	e	Wikidata Q182397	derived	расмусэн	unknown	0	0	-	-	Расмусен→Расмусэн
робен	loan	e	Wikidata Q43913	derived	робэн	unknown	0	0	-	-	Робен→Робэн
родэнбер	loan	e	Wikidata Q191716	derived	родэнбэр	unknown	0	0	-	-	Родэнберы→Родэнбэры
розенберг	loan	e	Wikidata Q75849	derived	розэнбэрг	unknown	0	0	-	-	Розенберг→Розэнбэрг
розенфельд	loan	e	Wikidata Q467352	derived	розэнфэльд	unknown	0	0	-	-	Розенфельд→Розэнфэльд
ромер	loan	e	Wikidata Q1255520	derived	ромэр	unknown	0	0	-	-	Ромер→Ромэр
рудальф	loan	l	Wikidata Q9582	derived	рудалф	unknown	0	0	-	-	Рудальф→Рудалф
руставел	loan	e	Wikidata Q1860439	derived	руставэл	unknown	0	0	-	-	Руставелі→Руставэлі
рывер	loan	e	Wikidata Q228798	derived	рывэр	unknown	0	0	-	-	Рывера→Рывэра
рыфеншталь	loan	e	Wikidata Q55415	derived	рыфэншталь	unknown	0	0	-	-	Рыфеншталь→Рыфэншталь
рэвеер	loan	e	Wikidata Q1922	derived	рэвэер	unknown	0	0	-	-	Рэвеер→Рэвэер
рэйнер	loan	e	Wikidata Q775668	derived	рэйнэр	unknown	0	0	-	-	Рэйнер→Рэйнэр
рэнер	loan	e	Wikidata Q23365	derived	рэнэр	unknown	0	0	-	-	Рэнер→Рэнэр
сааведр	loan	e	Wikidata Q193672	derived	саавэдр	unknown	0	0	-	-	Сааведра→Саавэдра
саванарола	loan	l	Wikidata Q164823	derived	саванароля	unknown	0	0	-	-	Саванарола→Саванароля
сакеларапулу	loan	l	Wikidata Q57415743	derived	сакелярапулю	unknown	0	0	-	-	Сакеларапулу→Сакелярапулю
саламонск	loan	l	Wikidata Q753743	derived	салямонск	unknown	0	0	-	-	саламонскі→салямонскі
сальсід	loan	i	Wikidata Q208689	derived	сальсыд	unknown	0	0	-	-	Сальсіда→Сальсыда
салівен	loan	e	Wikidata Q243240	derived	салівэн	unknown	0	0	-	-	Салівен→Салівэн
санетаў	loan	e	Wikidata Q1095600	derived	санэтаў	unknown	0	0	-	-	санетаў→санэтаў
сацыялістаў-рэвалюцыянераў	loan	e	Wikidata Q3646580	derived	сацыялістаў-рэвалюцыянэраў	unknown	0	0	-	-	сацыялістаў-рэвалюцыянераў→сацыялістаў-рэвалюцыянэраў
сацыялістаў-федэралістаў	loan	e	Wikidata Q14916960	derived	сацыялістаў-фэдэралістаў	unknown	0	0	-	-	сацыялістаў-федэралістаў→сацыялістаў-фэдэралістаў
саўт-рывер	loan	e	Wikidata Q32129062	derived	саўт-рывэр	unknown	0	0	-	-	Саўт-Рыверы→Саўт-Рывэры
сверт	loan	e	Wikidata Q1982653	derived	свэрт	unknown	0	0	-	-	Сверт→Свэрт
севарсан	loan	e	Wikidata Q2602888	derived	сэварсан	unknown	0	0	-	-	Севарсан→Сэварсан
сегунд	loan	e	Wikidata Q316102	derived	сэгунд	unknown	0	0	-	-	Сегунда→Сэгунда
седар	loan	e	Wikidata Q154545	derived	сэдар	unknown	0	0	-	-	Седар→Сэдар
сейбрз	loan	e	Wikidata Q131206	derived	сэйбрз	unknown	0	0	-	-	Сейбрз→Сэйбрз
селтыкс	loan	e	Wikidata Q131371	derived	сэлтыкс	unknown	0	0	-	-	Селтыкс→Сэлтыкс
селін	loan	e	Wikidata Q151820	derived	сэлін	unknown	0	0	-	-	Селін→Сэлін
семігальска	loan	e	Wikidata Q1991540	derived	сэмігальска	unknown	0	0	-	-	Семігальскае→Сэмігальскае
сен-мартэн	loan	e	Wikidata Q860172	derived	сэн-мартэн	unknown	0	0	-	-	Сен-Мартэн→Сэн-Мартэн
сен-санс	loan	e	Wikidata Q150445	derived	сэн-санс	unknown	0	0	-	-	Сен-Санс→Сэн-Санс
сен-сір	loan	e	Wikidata Q347652	derived	сэн-сір	unknown	0	0	-	-	Сен-Сір→Сэн-Сір
сенатарз	loan	e	Wikidata Q203013	derived	сэнатарз	unknown	0	0	-	-	Сенатарз→Сэнатарз
сенгор	loan	e	Wikidata Q154545	derived	сэнгор	unknown	0	0	-	-	Сенгор→Сэнгор
сент-экзюпер	loan	e	Wikidata Q2908	derived	сэнт-экзюпэр	unknown	0	0	-	-	Сент-Экзюперы→Сэнт-Экзюпэры
серджыё	loan	e	Wikidata Q463751	derived	сэрджыё	unknown	0	0	-	-	Серджыё→Сэрджыё
серур’	loan	e	Wikidata Q376344	derived	сэрур’	unknown	0	0	-	-	Серур’е→Сэрур’е
сетубал	loan	e	Wikidata Q208585	derived	сэтубал	unknown	0	0	-	-	Сетубал→Сэтубал
скандэрбег	loan	e	Wikidata Q6464414	derived	скандэрбэг	unknown	0	0	-	-	Скандэрбега→Скандэрбэга
снейдэр	loan	e	Wikidata Q124086	derived	снэйдэр	unknown	0	0	-	-	Снейдэр→Снэйдэр
спартыўна-педагагічна	loan	e	Wikidata Q7467352	derived	спартыўна-пэдагагічна	unknown	0	0	-	-	спартыўна-педагагічная→спартыўна-пэдагагічная
спейс	loan	e	Wikidata Q25144	derived	спэйс	unknown	0	0	-	-	Спейсі→Спэйсі
спенс	loan	e	Wikidata Q2419250	derived	спэнс	unknown	0	0	-	-	Спенс→Спэнс
спенсер	loan	e	Wikidata Q221074,Q151097	derived	спэнсэр	unknown	0	0	-	-	Спенсер→Спэнсэр Спенсер→Спэнсэр Спенсер→Спэнсэр
спінацола	loan	l	Wikidata Q6526099	derived	сьпінацоля	unknown	0	0	-	-	Спінацола→Сьпінацоля
стармер	loan	e	Wikidata Q6383803	derived	стармэр	unknown	0	0	-	-	Стармер→Стармэр
столтэнберг	loan	e,l	Wikidata Q57665	derived	стольтэнбэрг	unknown	0	0	-	-	Столтэнберг→Стольтэнбэрг
стольберг	loan	e	Wikidata Q214029	derived	стольбэрг	unknown	0	0	-	-	Стольберг→Стольбэрг
стробель	loan	e	Wikidata Q580102	derived	стробэль	unknown	0	0	-	-	Стробель→Стробэль
стэйнбек	loan	e	Wikidata Q39212	derived	стэйнбэк	unknown	0	0	-	-	Стэйнбек→Стэйнбэк
суверэнітэц	loan	e	Wikidata Q5401642	derived	сувэрэнітэц	unknown	0	0	-	-	суверэнітэце→сувэрэнітэце
суцкевер	loan	e	Wikidata Q330652	derived	суцкевэр	unknown	0	0	-	-	Суцкевер→Суцкевэр
схімелпенінк	loan	e,l	Wikidata Q682310	derived	схімэльпэнінк	unknown	0	0	-	-	Схімелпенінк→Схімэльпэнінк
сэндберг	loan	e	Wikidata Q193608	derived	сэндбэрг	unknown	0	0	-	-	Сэндберг→Сэндбэрг
сібл	loan	i	Wikidata Q839752	derived	сыбл	unknown	0	0	-	-	Сіблі→Сыблі
сігтарсан	loan	i	Wikidata Q128936	derived	сыгтарсан	unknown	0	0	-	-	Сігтарсан→Сыгтарсан
сігурдсан	loan	i	Wikidata Q59105	derived	сыгурдсан	unknown	0	0	-	-	Сігурдсан→Сыгурдсан
сідне	loan	e,i	Wikidata Q109320846	derived	сыднэ	unknown	0	0	-	-	Сіднеі→Сыднэі
сіламяэ	loan	i	Wikidata Q726451	derived	сыламяэ	unknown	0	0	-	-	Сіламяэ→Сыламяэ
сілв	loan	i	Wikidata Q2724855,Q15521306	derived	сылв	unknown	0	0	-	-	Сілва→Сылва Сілва→Сылва Сілва→Сылва
сільв	loan	i	Wikidata Q161069	derived	сыльв	unknown	0	0	-	-	Сільва→Сыльва
сілікатных	loan	i	Wikidata Q106612814	derived	сылікатных	unknown	0	0	-	-	сілікатных→сылікатных
сіменон	loan	e,i	Wikidata Q128790	derived	сымэнон	unknown	0	0	-	-	Сіменон→Сымэнон
сінг’	loan	i	Wikidata Q200273	derived	сынг’	unknown	0	0	-	-	Сінг’е→Сынг’е
сінекліз	loan	e,i	Wikidata Q17115340	derived	сынэкліз	unknown	0	0	-	-	сінекліза→сынэкліза
сінопсіс	loan	i	Wikidata Q4220237	derived	сынопсіс	unknown	0	0	-	-	сінопсіс→сынопсіс
сінцянь	loan	i	Wikidata Q18143	derived	сынцянь	unknown	0	0	-	-	Сінцянь→Сынцянь
сіроп	loan	i	Wikidata Q402563	derived	сыроп	unknown	0	0	-	-	сіроп→сыроп
сіропам	loan	i	Wikidata Q6489716	derived	сыропам	unknown	0	0	-	-	сіропам→сыропам
сіслей	loan	i	Wikidata Q175130	derived	сысьлей	unknown	0	0	-	-	Сіслей→Сысьлей
сісмандз	loan	i	Wikidata Q124073	derived	сысмандз	unknown	0	0	-	-	Сісмандзі→Сысмандзі
сітхаў	loan	i	Wikidata Q42051	derived	сытхаў	unknown	0	0	-	-	сітхаў→сытхаў
тайлер	loan	e	Wikidata Q11881	derived	тайлэр	unknown	0	0	-	-	Тайлер→Тайлэр
танер	loan	e	Wikidata Q18409338	derived	танэр	unknown	0	0	-	-	Танер→Танэр
тану-хрыстафілу	loan	l	Wikidata Q20855548	derived	тану-хрыстафілю	unknown	0	0	-	-	Тану-Хрыстафілу→Тану-Хрыстафілю
тарасевіч	loan	e	Wikidata Q3918624	derived	тарасэвіч	unknown	0	0	-	-	Тарасевіч→Тарасэвіч
тарасідыс	loan	i	Wikidata Q201776	derived	тарасыдыс	unknown	0	0	-	-	Тарасідыс→Тарасыдыс
торлаксан	loan	l	Wikidata Q522982	derived	торляксан	unknown	0	0	-	-	Торлаксан→Торляксан
транзістар	loan	i	Wikidata Q188946	derived	транзыстар	unknown	0	0	-	-	транзістар→транзыстар
тулалан	loan	l	Wikidata Q1944	derived	тулялян	unknown	0	0	-	-	Тулалан→Тулялян
тулуз-латрэк	loan	l	Wikidata Q82445	derived	тулюз-лятрэк	unknown	0	0	-	-	Тулуз-Латрэк→Тулюз-Лятрэк
тунберг	loan	e	Wikidata Q56434717	derived	тунбэрг	unknown	0	0	-	-	Тунберг→Тунбэрг
туркменскай	loan	e	Wikidata Q1047952,Q1199930	derived	туркмэнскай	unknown	0	0	-	-	Туркменскай→Туркмэнскай Туркменскай→Туркмэнскай
тызенгаўз	loan	e	Wikidata Q2630609,Q5408065	derived	тызэнгаўз	unknown	0	0	-	-	Тызенгаўз→Тызэнгаўз Тызенгаўз→Тызэнгаўз Тызенгаўз→Тызэнгаўз
тэвес	loan	e	Wikidata Q50600	derived	тэвэс	unknown	0	0	-	-	Тэвес→Тэвэс
тэнісістаў-прафесіяналаў	loan	e	Wikidata Q744089	derived	тэнісістаў-прафэсіяналаў	unknown	0	0	-	-	тэнісістаў-прафесіяналаў→тэнісістаў-прафэсіяналаў
тэр-петрасян	loan	e	Wikidata Q612949	derived	тэр-пэтрасян	unknown	0	0	-	-	Тэр-Петрасян→Тэр-Пэтрасян
уланд	loan	l	Wikidata Q61058	derived	улянд	unknown	0	0	-	-	Уланд→Улянд
уэлбек	loan	e	Wikidata Q188457	derived	ўэлбэк	unknown	0	0	-	-	Уэлбек→Ўэлбэк
уэсекска	loan	e	Wikidata Q2995934	derived	ўэсэкска	unknown	0	0	-	-	Уэсекская→Ўэсэкская
уільсан	loan	l	Wikidata Q128956	derived	ўілсан	unknown	0	0	-	-	Уільсан→Ўілсан
фабержэ	loan	e	Wikidata Q189762	derived	фабэржэ	unknown	0	0	-	-	Фабержэ→Фабэржэ
фанетык	loan	e	Wikidata Q2024547	derived	фанэтык	unknown	0	0	-	-	фанетыка→фанэтыка
фантэн-латур	loan	l	Wikidata Q310715	derived	фантэн-лятур	unknown	0	0	-	-	Фантэн-Латур→Фантэн-Лятур
ферар	loan	e	Wikidata Q382987	derived	фэрар	unknown	0	0	-	-	Ферары→Фэрары
фернандэс	loan	e	Wikidata Q2642828,Q156325	derived	фэрнандэс	unknown	0	0	-	-	Фернандэс→Фэрнандэс Фернандэса→Фэрнандэса Фернандэс→Фэрнандэс Фернандэс→Фэрнандэс
ферэр	loan	e	Wikidata Q1451434,Q317131	derived	фэрэр	unknown	0	0	-	-	Ферэра→Фэрэра Ферэр→Фэрэр
феўр	loan	e	Wikidata Q156999	derived	фэўр	unknown	0	0	-	-	Феўр→Фэўр
флабер	loan	e,l	Wikidata Q43444	derived	флябэр	unknown	0	0	-	-	Флабер→Флябэр
фламарыён	loan	l	Wikidata Q295524	derived	флямарыён	unknown	0	0	-	-	Фламарыён→Флямарыён
фларыян	loan	l	Wikidata Q3492660	derived	флярыян	unknown	0	0	-	-	Фларыян→Флярыян
флорэс	loan	l	Wikidata Q242084	derived	флёрэс	unknown	0	0	-	-	Флорэс→Флёрэс
фрунзенскаг	loan	e	Wikidata Q57722710	derived	фрунзэнскаг	unknown	0	0	-	-	Фрунзенскага→Фрунзэнскага
фрэйзер	loan	e	Wikidata Q193555,Q102301	derived	фрэйзэр	unknown	0	0	-	-	Фрэйзер→Фрэйзэр Фрэйзер→Фрэйзэр
фынтына-албэ	loan	l	Wikidata Q3850904	derived	фынтына-альбэ	unknown	0	0	-	-	Фынтына-Албэ→Фынтына-Альбэ
фіцджэральд	loan	l	Wikidata Q9696	derived	фіцджэралд	unknown	0	0	-	-	Фіцджэральд→Фіцджэралд
хамене	loan	e	Wikidata Q57336	derived	хамэнэ	unknown	0	0	-	-	Хаменеі→Хамэнэі
херцэг-нов	loan	e	Wikidata Q193103	derived	хэрцэг-нов	unknown	0	0	-	-	Херцэг-Нові→Хэрцэг-Нові
хіменес	loan	e	Wikidata Q347688	derived	хімэнэс	unknown	0	0	-	-	Хіменес→Хімэнэс
хімерам	loan	e	Wikidata Q1440653	derived	хімэрам	unknown	0	0	-	-	хімерамі→хімэрамі
цэлюлозна-кардонным	loan	l	Wikidata Q119173154	derived	цэлюлёзна-кардонным	unknown	0	0	-	-	цэлюлозна-кардонным→цэлюлёзна-кардонным
цёльнер	loan	e	Wikidata Q819564	derived	цёльнэр	unknown	0	0	-	-	Цёльнер→Цёльнэр
чапек	loan	e	Wikidata Q155855	derived	чапэк	unknown	0	0	-	-	Чапек→Чапэк
чосер	loan	e	Wikidata Q5683	derived	чосэр	unknown	0	0	-	-	Чосер→Чосэр
чэмберлен	loan	e	Wikidata Q188999	derived	чэмбэрлэн	unknown	0	0	-	-	Чэмберлен→Чэмбэрлэн
шакалад	loan	l	Wikidata Q13261	derived	шакаляд	unknown	0	0	-	-	шакалад→шакаляд
шапенгаўэр	loan	e	Wikidata Q38193	derived	шапэнгаўэр	unknown	0	0	-	-	Шапенгаўэр→Шапэнгаўэр
шварцэнберг	loan	e	Wikidata Q58195	derived	шварцэнбэрг	unknown	0	0	-	-	Шварцэнберг→Шварцэнбэрг
шпеман	loan	e	Wikidata Q57568	derived	шпэман	unknown	0	0	-	-	Шпеман→Шпэман
шпіцвег	loan	e	Wikidata Q164979	derived	шпіцвэг	unknown	0	0	-	-	Шпіцвег→Шпіцвэг
штаўфенберг	loan	e	Wikidata Q21209	derived	штаўфэнбэрг	unknown	0	0	-	-	Штаўфенберг→Штаўфэнбэрг
штрэземан	loan	e	Wikidata Q103955	derived	штрэзэман	unknown	0	0	-	-	Штрэземан→Штрэзэман
шубель	loan	e	Wikidata Q5280872	derived	шубэль	unknown	0	0	-	-	Шубель→Шубэль
шыльдэнфельд	loan	e	Wikidata Q314048	derived	шыльдэнфэльд	unknown	0	0	-	-	Шыльдэнфельд→Шыльдэнфэльд
шыфер	loan	e	Wikidata Q76717	derived	шыфэр	unknown	0	0	-	-	Шыфер→Шыфэр
шэель	loan	l	Wikidata Q2571	derived	шэел	unknown	0	0	-	-	Шэель→Шэел
эберг	loan	e	Wikidata Q27999595	derived	эбэрг	unknown	0	0	-	-	Эберг→Эбэрг
эберл	loan	e	Wikidata Q975074	derived	эбэрл	unknown	0	0	-	-	Эберле→Эбэрле
эбнер	loan	e	Wikidata Q37370	derived	эбнэр	unknown	0	0	-	-	Эбнер→Эбнэр
эвеланш	loan	e	Wikidata Q206297	derived	эвэланш	unknown	0	0	-	-	Эвеланш→Эвэланш
эверэт	loan	e	Wikidata Q159606	derived	эвэрэт	unknown	0	0	-	-	Эверэт→Эвэрэт
электрамеханік	loan	e	Wikidata Q65179245	derived	электрамэханік	unknown	0	0	-	-	электрамеханікі→электрамэханікі
электрамеханічн	loan	e	Wikidata Q86066303	derived	электрамэханічн	unknown	0	0	-	-	электрамеханічны→электрамэханічны
эльчыбей	loan	e	Wikidata Q319912	derived	эльчыбэй	unknown	0	0	-	-	Эльчыбей→Эльчыбэй
элізабет	loan	e	Wikidata Q5657275	derived	элізабэт	unknown	0	0	-	-	Элізабет→Элізабэт
эмбало	loan	l	Wikidata Q15956282	derived	эмбалё	unknown	0	0	-	-	Эмбало→Эмбалё
энергетычна	loan	e	Wikidata Q3920875	derived	энэргетычна	unknown	0	0	-	-	энергетычная→энэргетычная
эрыксен	loan	e	Wikidata Q294951	derived	эрыксэн	unknown	0	0	-	-	Эрыксен→Эрыксэн
эсківель	loan	e	Wikidata Q206505	derived	эсківэль	unknown	0	0	-	-	Эсківель→Эсківэль
ювелірн	loan	e	Wikidata Q21658193	derived	ювэлірн	unknown	0	0	-	-	ювелірны→ювэлірны
ярузельск	loan	e	Wikidata Q55834	derived	ярузэльск	unknown	0	0	-	-	Ярузельскі→Ярузэльскі
ясперс	loan	e	Wikidata Q76509	derived	яспэрс	unknown	0	0	-	-	Ясперс→Яспэрс
ёпек	loan	e	Wikidata Q40890	derived	ёпэк	unknown	0	0	-	-	Ёпек→Ёпэк
ібер	loan	e	Wikidata Q296828	derived	ібэр	unknown	0	0	-	-	Ібер→Ібэр
ібсен	loan	e	Wikidata Q36661	derived	ібсэн	unknown	0	0	-	-	Ібсен→Ібсэн
ізер	loan	e	Wikidata Q1653331	derived	ізэр	unknown	0	0	-	-	Ізеры→Ізэры
ілмар	loan	l	Wikidata Q157239	derived	ільмар	unknown	0	0	-	-	Ілмары→Ільмары
інвестыцыйных	loan	e	Wikidata Q6528947	derived	інвэстыцыйных	unknown	0	0	-	-	інвестыцыйных→інвэстыцыйных
інквізіцы	loan	i	Wikidata Q184725	derived	інквізыцы	unknown	0	0	-	-	інквізіцыя→інквізыцыя
іпель	loan	e	Wikidata Q13424255	derived	іпэль	unknown	0	0	-	-	Іпель→Іпэль
іраола	loan	l	Wikidata Q317216	derived	іраоля	unknown	0	0	-	-	Іраола→Іраоля
ірасек	loan	e	Wikidata Q161368	derived	ірасэк	unknown	0	0	-	-	Ірасек→Ірасэк
ішкалдз	loan	l	Wikidata Q22893831	derived	ішкальдз	unknown	0	0	-	-	Ішкалдзі→Ішкальдзі
ўніверсальна	loan	e	Wikidata Q4082719	derived	ўнівэрсальна	unknown	0	0	-	-	ўніверсальная→ўнівэрсальная
бел	loan	e	Wikidata Q83326,Q283359	derived	бэл	refuted	454828	64	!беларусі(134555) !беларускай(68536) !беларусь(63616) !беларускі(45254) !беларускага(19782) !беларуская(19718)	беларусі=54462 vs бэларусі=0; беларускай=19978 vs бэларускай=0; беларусь=26462 vs бэларусь=0	Бела→Бэла Бела→Бэла Бела→Бэла
пер	loan	e	Wikidata Q210981,Q347699	derived	пэр	refuted	360941	249	!першы(22201) !першай(20749) !перыяд(17426) !першым(13631) перад(12317) !перапісу(11978)	першы=11697 vs пэршы=0; першай=9190 vs пэршай=0; першым=6994 vs пэршым=0	Перу→Пэру Перо→Пэро
сель	loan	e	Wikidata Q1093568	derived	сэль	refuted	137645	26	!сельсавета(55068) !сельсавет(33683) !сельсаветы(10925) !сельскай(8341) !сельскага(8139) !сельсавеце(3058)	сельсавета=233 vs сэльсавета=0; сельсавет=22718 vs сэльсавет=0; сельсаветы=5469 vs сэльсаветы=0	Селье→Сэлье
герман	loan	e	Wikidata Q13133135,Q25973	derived	гэрман	refuted	31730	14	!германіі(17462) !германія(4107) !германскай(1905) !германію(1577) !германіяй(1428) !герман(869)	германіі=66 vs гэрманіі=0; германія=94 vs гэрманія=0; германскай=129 vs гэрманскай=0	Герман→Гэрман Герман→Гэрман Герман→Гэрман Герман→Гэрман
сіл	loan	i	Wikidata Q19950631	derived	сыл	refuted	28565	17	сіл(8403) сілы(8338) сіламі(2868) сілу(2228) сіла(1426) сілай(1207)	сіл=540 vs сыл=0; сілы=2357 vs сылы=0; сіламі=785 vs сыламі=0	Сіла→Сыла
бер	loan	e	Wikidata Q1033016	derived	бэр	refuted	26338	23	!беразе(7171) берагі(2068) берліне(2055) берагавой(1909) берага(1689) бераг(1606)	беразе=2751 vs бэразе=0; берагі=490 vs бэрагі=0; берагавой=324 vs бэрагавой=0	Беры→Бэры
вел	loan	e	Wikidata Q1508402	derived	вэл	refuted	24569	14	!вельмі(15716) !велічыні(2896) !велічыня(1233) !велічыню(896) !великой(569) !велізарны(460)	вельмі=5196 vs вэльмі=0; велічыні=1195 vs вэлічыні=0; велічыня=534 vs вэлічыня=0	Вела→Вэла
пес	loan	e	Wikidata Q199578	derived	пэс	refuted	20686	9	песні(8433) песня(4219) !песень(3532) песню(2174) песняй(1033) песнямі(375)	песні=199 vs пэсні=0; песня=109 vs пэсня=0; песень=1154 vs пэсень=0	песа→пэса
зала	loan	l	Wikidata Q47209,Q179191	derived	заля	refuted	15540	14	!залаты(4071) !залатая(2384) !зала(2233) !залатым(1232) !залатога(1063) !залатой(1041)	залаты=1348 vs заляты=0; залатая=553 vs залятая=0; залатым=433 vs залятым=0	зала→заля Зала→Заля Зала→Заля
мер	loan	e	Wikidata Q153149	derived	мэр	refuted	15184	16	меры(3954) меркаванне(1588) мерапрыемстваў(1149) мерапрыемствы(1032) мер(923) меркаванні(881)	мерапрыемстваў=376 vs мэрапрыемстваў=0; мерапрыемствы=251 vs мэрапрыемствы=0; мер=702 vs мэр=203	Меры→Мэры
лаўр	loan	l	Wikidata Q242711	derived	ляўр	refuted	13260	8	лаўрэаты(5492) лаўрэат(5432) лаўрэатам(638) !лаўры(414) лаўрэатаў(396) !лаўрэш(333)	лаўры=141 vs ляўры=0; лаўрэш=101 vs ляўрэш=0	лаўра→ляўра
герц	loan	e	Wikidata Q41257,Q39369	derived	гэрц	refuted	9739	10	!герцаг(2894) !герцага(1985) !герцагства(1709) !герцагавіны(786) !герцагам(690) !герцагі(464)	герцаг=323 vs гэрцаг=0; герцага=302 vs гэрцага=0; герцагства=341 vs гэрцагства=0	Герц→Гэрц герц→гэрц
волас	loan	l	Wikidata Q200036	derived	воляс	refuted	9247	2	воласці(7995) воласць(1252)	воласці=24 vs волясці=0	Волас→Воляс
генр	loan	e	Wikidata Q163354,Q436102	derived	гэнр	refuted	7058	6	!генрых(2786) !генрыха(1958) !генры(1273) !генрык(391) !генрыхам(366) !генрыка(284)	генрых=379 vs гэнрых=45; генрыха=241 vs гэнрыха=57; генрык=241 vs гэнрык=62	генры→Гэнры Генры→Гэнры Генры→Гэнры Генры→Гэнры
сен	loan	e	Wikidata Q10490	derived	сэн	refuted	6984	11	сентября(1534) сената(845) сенненскага(822) сенат(743) сенненскім(636) сена(599)	сентября=549 vs сэнтября=0	Сена→Сэна
лук	loan	l	Wikidata Q13373,Q87620	derived	люк	refuted	5825	8	лукашэнка(1538) лукашэнкі(1489) лука(899) лукі(779) лукаша(302) лукашенко(295)	лукашэнка=1194 vs люкашэнка=0; лукашэнкі=1396 vs люкашэнкі=0; лукі=293 vs люкі=35	Лука→Люка Лука→Люка
генрых	loan	e	Wikidata Q153455	derived	гэнрых	refuted	5110	3	!генрых(2786) !генрыха(1958) !генрыхам(366)	генрых=379 vs гэнрых=45; генрыха=241 vs гэнрыха=57; генрыхам=50 vs гэнрыхам=0	Генрых→Гэнрых
верн	loan	e	Wikidata Q33977	derived	вэрн	refuted	4257	7	вернікаў(1540) вернуты(775) вернасць(510) вернікі(465) вернута(454) вернер(273)	вернікаў=582 vs вэрнікаў=0; вернуты=163 vs вэрнуты=0; вернікі=203 vs вэрнікі=0	Верн→Вэрн
вільгельм	loan	e	Wikidata Q11027623,Q75814	derived	вільгэльм	refuted	2862	2	!вільгельм(1832) !вільгельма(1030)	вільгельм=447 vs вільгэльм=76; вільгельма=225 vs вільгэльма=45	Вільгельм→Вільгэльм Вільгельм→Вільгэльм Вільгельм→Вільгэльм
луг	loan	l	Wikidata Q11125	derived	люг	refuted	2653	6	лугах(712) лугі(691) луганскай(414) луг(304) лугавая(289) лугоў(243)	лугах=48 vs люгах=0; лугі=184 vs люгі=0; луганскай=197 vs люганскай=0	Луга→Люга
катла	loan	l	Wikidata Q201914	derived	катля	refuted	2568	2	!катлавіны(1540) !катлавіна(1028)	катлавіны=226 vs катлявіны=0; катлавіна=114 vs катлявіна=0	Катла→Катля
веры	loan	e	Wikidata Q1348189	derived	вэры	refuted	2451	3	веры(1877) верыць(330) верылі(244)	веры=952 vs вэры=0; верыць=133 vs вэрыць=0; верылі=49 vs вэрылі=0	Верыя→Вэрыя
лан	loan	l	Wikidata Q1274495	derived	лян	refuted	2243	7	!ланцуг(542) ландшафт(367) !ланцуга(283) ландшафту(278) ландшафты(263) ландшафтаў(258)	ланцуг=169 vs лянцуг=0; ланцуга=75 vs лянцуга=0	Лана→Ляна
бес	loan	e	Wikidata Q60695	derived	бэс	refuted	1882	5	беспаспяхова(566) !беспарадкі(367) бесперапынна(351) !беспарадкаў(337) !беспрацоўя(261)	беспарадкі=73 vs бэспарадкі=0; беспарадкаў=78 vs бэспарадкаў=0; беспрацоўя=136 vs бэспрацоўя=0	Беса→Бэса
альберт	loan	e,l	Wikidata Q1951,Q125888	derived	албэрт	refuted	1786	2	!альберта(902) !альберт(884)	альберт=48 vs албэрт=0	Альберта→Албэрта Альберт→Альбэрт Альберт→Альбэрт Альберт→Альбэрт
валу	loan	l	Wikidata Q182135,Q270438	derived	валю	refuted	1172	3	!валун(492) !валуа(422) !валуны(258)	валун=186 vs валюн=0; валуны=110 vs валюны=0	Валуа→Валюа Валуа→Валюа
бед	loan	e	Wikidata Q154938	derived	бэд	refuted	1143	3	!бедных(570) беднасці(301) !беднай(272)	бедных=167 vs бэдных=0; беднай=83 vs бэднай=0	Беда→Бэда
лар	loan	l	Wikidata Q30293	derived	ляр	refuted	1135	3	!ларыса(581) !ларэнца(302) !лары(252)	ларыса=211 vs лярыса=0; лары=182 vs ляры=0	Лара→Ляра
ледз	loan	e	Wikidata Q19848	derived	лэдз	refuted	1015	1	!ледзь(1015)	ледзь=400 vs лэдзь=0	Ледзі→Лэдзі
адмет	loan	e	Wikidata Q192109	derived	адмэт	refuted	916	3	!адметныя(345) !адметнай(321) !адметны(250)	адметныя=121 vs адмэтныя=0; адметнай=95 vs адмэтнай=0; адметны=94 vs адмэтны=0	Адмет→Адмэт
лодз	loan	l	Wikidata Q6244	derived	лёдз	refuted	744	2	!лодзі(479) !лодзьскага(265)	лодзі=163 vs лёдзі=0	Лодзі→Лёдзі
генрык	loan	e	Wikidata Q13030397,Q5289124	derived	гэнрык	refuted	675	2	!генрык(391) !генрыка(284)	генрык=241 vs гэнрык=62; генрыка=147 vs гэнрыка=35	Генрык→Гэнрык Генрык→Гэнрык Генрык→Гэнрык Генрык→Гэнрык
лож	loan	l	Wikidata Q108001218	derived	лёж	refuted	653	2	!ложы(407) !ложкаў(246)	ложы=87 vs лёжы=0; ложкаў=106 vs лёжкаў=0	ложа→Лёжа
берн	loan	e	Wikidata Q70,Q11911	derived	бэрн	refuted	627	2	!бернардзінцаў(336) !бернарда(291)	бернардзінцаў=26 vs бэрнардзінцаў=0	Берн→Бэрн Берн→Бэрн
бернард	loan	e	Wikidata Q822770,Q158370	derived	бэрнард	refuted	627	2	!бернардзінцаў(336) !бернарда(291)	бернардзінцаў=26 vs бэрнардзінцаў=0	Бернард→Бэрнард Бернард→Бэрнард Бернард→Бэрнард Бернард→Бэрнард
геркулес	loan	e	Wikidata Q10448	derived	гэркулес	refuted	598	1	!геркулес(598)	геркулес=24 vs гэркулес=0	Геркулес→Гэркулес
ларыс	loan	l	Wikidata Q178405	derived	лярыс	refuted	581	1	!ларыса(581)	ларыса=211 vs лярыса=0	Ларыса→Лярыса
ліней	loan	e	Wikidata Q1043	derived	лінэй	refuted	569	2	!лінейных(309) !лінейнай(260)	лінейных=71 vs лінэйных=0; лінейнай=60 vs лінэйнай=0	Ліней→Лінэй
алан	loan	l	Wikidata Q167211	derived	алян	refuted	556	1	!алан(556)	алан=177 vs алян=0	Алан→Алян
луган	loan	l	Wikidata Q7024,Q633521	derived	люган	refuted	414	1	луганскай(414)	луганскай=197 vs люганскай=0	Лугана→Люгана Лугана→Люгана
кавала	loan	l	Wikidata Q187352	derived	каваля	refuted	323	1	!кавалак(323)	кавалак=145 vs каваляк=0	Кавала→Каваля
валенс	loan	e	Wikidata Q468844,Q444	derived	валэнс	refuted	301	1	!валенсія(301)	валенсія=163 vs валэнсія=0	Валенса→Валэнса Валенса→Валэнса
белу	loan	e,l	Wikidata Q234001	derived	бэлю	refuted	280	1	!белую(280)	белую=137 vs бэлюю=0	Белу→Бэлю
